
/home/acid/Clones/pico/John-ACD-Code/build/John-ACD-Code.elf:     file format elf32-littlearm

Sections:
Idx Name          Size      VMA       LMA       File off  Algn
  0 .boot2        00000100  10000000  10000000  00001000  2**0
                  CONTENTS, ALLOC, LOAD, READONLY, CODE
  1 .text         00006920  10000100  10000100  00001100  2**3
                  CONTENTS, ALLOC, LOAD, READONLY, CODE
  2 .rodata       00001380  10006a20  10006a20  00007a20  2**3
                  CONTENTS, ALLOC, LOAD, READONLY, DATA
  3 .binary_info  00000034  10007da0  10007da0  00008da0  2**2
                  CONTENTS, ALLOC, LOAD, READONLY, DATA
  4 .ram_vector_table 000000c0  20000000  20000000  0000a000  2**2
                  ALLOC
  5 .uninitialized_data 00000000  200000c0  200000c0  00009ccc  2**0
                  CONTENTS
  6 .data         00000c0c  200000c0  10007dd4  000090c0  2**4
                  CONTENTS, ALLOC, LOAD, READONLY, CODE
  7 .tdata        00000000  20000ccc  20000ccc  00009ccc  2**0
                  CONTENTS, ALLOC, LOAD, DATA, THREAD_LOCAL
  8 .tbss         00000000  20000ccc  20000ccc  00000000  2**0
                  ALLOC, THREAD_LOCAL
  9 .bss          0000255c  20000cd0  100089e0  00009cd0  2**3
                  ALLOC
 10 .heap         00000800  2000322c  100089e0  0000a22c  2**2
                  ALLOC, READONLY
 11 .scratch_x    00000000  20040000  20040000  00009ccc  2**0
                  CONTENTS
 12 .scratch_y    00000000  20041000  20041000  00009ccc  2**0
                  CONTENTS
 13 .stack_dummy  00000800  20041000  20041000  0000a000  2**5
                  ALLOC, READONLY
 14 .ARM.attributes 00000028  00000000  00000000  00009ccc  2**0
                  CONTENTS, READONLY
 15 .comment      0000001e  00000000  00000000  00009cf4  2**0
                  CONTENTS, READONLY
 16 .debug_info   0002edaa  00000000  00000000  00009d12  2**0
                  CONTENTS, READONLY, DEBUGGING, OCTETS
 17 .debug_abbrev 0000915e  00000000  00000000  00038abc  2**0
                  CONTENTS, READONLY, DEBUGGING, OCTETS
 18 .debug_loclists 00012c6f  00000000  00000000  00041c1a  2**0
                  CONTENTS, READONLY, DEBUGGING, OCTETS
 19 .debug_aranges 00001a00  00000000  00000000  00054890  2**3
                  CONTENTS, READONLY, DEBUGGING, OCTETS
 20 .debug_rnglists 00001c6d  00000000  00000000  00056290  2**0
                  CONTENTS, READONLY, DEBUGGING, OCTETS
 21 .debug_line   0001c296  00000000  00000000  00057efd  2**0
                  CONTENTS, READONLY, DEBUGGING, OCTETS
 22 .debug_str    0000970c  00000000  00000000  00074193  2**0
                  CONTENTS, READONLY, DEBUGGING, OCTETS
 23 .debug_frame  0000370c  00000000  00000000  0007d8a0  2**2
                  CONTENTS, READONLY, DEBUGGING, OCTETS
 24 .debug_line_str 00000310  00000000  00000000  00080fac  2**0
                  CONTENTS, READONLY, DEBUGGING, OCTETS

/home/acid/Clones/pico/John-ACD-Code/build/John-ACD-Code.elf:     file format elf32-littlearm


Disassembly of section .boot2:

10000000 <__boot2_start__>:
10000000:	4b32b500 	.word	0x4b32b500
10000004:	60582021 	.word	0x60582021
10000008:	21026898 	.word	0x21026898
1000000c:	60984388 	.word	0x60984388
10000010:	611860d8 	.word	0x611860d8
10000014:	4b2e6158 	.word	0x4b2e6158
10000018:	60992100 	.word	0x60992100
1000001c:	61592102 	.word	0x61592102
10000020:	22f02101 	.word	0x22f02101
10000024:	492b5099 	.word	0x492b5099
10000028:	21016019 	.word	0x21016019
1000002c:	20356099 	.word	0x20356099
10000030:	f844f000 	.word	0xf844f000
10000034:	42902202 	.word	0x42902202
10000038:	2106d014 	.word	0x2106d014
1000003c:	f0006619 	.word	0xf0006619
10000040:	6e19f834 	.word	0x6e19f834
10000044:	66192101 	.word	0x66192101
10000048:	66182000 	.word	0x66182000
1000004c:	f000661a 	.word	0xf000661a
10000050:	6e19f82c 	.word	0x6e19f82c
10000054:	6e196e19 	.word	0x6e196e19
10000058:	f0002005 	.word	0xf0002005
1000005c:	2101f82f 	.word	0x2101f82f
10000060:	d1f94208 	.word	0xd1f94208
10000064:	60992100 	.word	0x60992100
10000068:	6019491b 	.word	0x6019491b
1000006c:	60592100 	.word	0x60592100
10000070:	481b491a 	.word	0x481b491a
10000074:	21016001 	.word	0x21016001
10000078:	21eb6099 	.word	0x21eb6099
1000007c:	21a06619 	.word	0x21a06619
10000080:	f0006619 	.word	0xf0006619
10000084:	2100f812 	.word	0x2100f812
10000088:	49166099 	.word	0x49166099
1000008c:	60014814 	.word	0x60014814
10000090:	60992101 	.word	0x60992101
10000094:	2800bc01 	.word	0x2800bc01
10000098:	4700d000 	.word	0x4700d000
1000009c:	49134812 	.word	0x49134812
100000a0:	c8036008 	.word	0xc8036008
100000a4:	8808f380 	.word	0x8808f380
100000a8:	b5034708 	.word	0xb5034708
100000ac:	20046a99 	.word	0x20046a99
100000b0:	d0fb4201 	.word	0xd0fb4201
100000b4:	42012001 	.word	0x42012001
100000b8:	bd03d1f8 	.word	0xbd03d1f8
100000bc:	6618b502 	.word	0x6618b502
100000c0:	f7ff6618 	.word	0xf7ff6618
100000c4:	6e18fff2 	.word	0x6e18fff2
100000c8:	bd026e18 	.word	0xbd026e18
100000cc:	40020000 	.word	0x40020000
100000d0:	18000000 	.word	0x18000000
100000d4:	00070000 	.word	0x00070000
100000d8:	005f0300 	.word	0x005f0300
100000dc:	00002221 	.word	0x00002221
100000e0:	180000f4 	.word	0x180000f4
100000e4:	a0002022 	.word	0xa0002022
100000e8:	10000100 	.word	0x10000100
100000ec:	e000ed08 	.word	0xe000ed08
	...
100000fc:	7a4eb274 	.word	0x7a4eb274

Disassembly of section .text:

10000100 <__VECTOR_TABLE>:
10000100:	20042000 	.word	0x20042000
10000104:	100001f7 	.word	0x100001f7
10000108:	100001cb 	.word	0x100001cb
1000010c:	100001cd 	.word	0x100001cd
10000110:	100001c9 	.word	0x100001c9
10000114:	100001c9 	.word	0x100001c9
10000118:	100001c9 	.word	0x100001c9
1000011c:	100001c9 	.word	0x100001c9
10000120:	100001c9 	.word	0x100001c9
10000124:	100001c9 	.word	0x100001c9
10000128:	100001c9 	.word	0x100001c9
1000012c:	100001cf 	.word	0x100001cf
10000130:	100001c9 	.word	0x100001c9
10000134:	100001c9 	.word	0x100001c9
10000138:	100001d1 	.word	0x100001d1
1000013c:	100001d3 	.word	0x100001d3
10000140:	100001c1 	.word	0x100001c1
10000144:	100001c1 	.word	0x100001c1
10000148:	100001c1 	.word	0x100001c1
1000014c:	100001c1 	.word	0x100001c1
10000150:	100001c1 	.word	0x100001c1
10000154:	100001c1 	.word	0x100001c1
10000158:	100001c1 	.word	0x100001c1
1000015c:	100001c1 	.word	0x100001c1
10000160:	100001c1 	.word	0x100001c1
10000164:	100001c1 	.word	0x100001c1
10000168:	100001c1 	.word	0x100001c1
1000016c:	100001c1 	.word	0x100001c1
10000170:	100001c1 	.word	0x100001c1
10000174:	100001c1 	.word	0x100001c1
10000178:	100001c1 	.word	0x100001c1
1000017c:	100001c1 	.word	0x100001c1
10000180:	100001c1 	.word	0x100001c1
10000184:	100001c1 	.word	0x100001c1
10000188:	100001c1 	.word	0x100001c1
1000018c:	100001c1 	.word	0x100001c1
10000190:	100001c1 	.word	0x100001c1
10000194:	100001c1 	.word	0x100001c1
10000198:	100001c1 	.word	0x100001c1
1000019c:	100001c1 	.word	0x100001c1
100001a0:	100001c1 	.word	0x100001c1
100001a4:	100001c1 	.word	0x100001c1
100001a8:	100001c1 	.word	0x100001c1
100001ac:	100001c1 	.word	0x100001c1
100001b0:	100001c1 	.word	0x100001c1
100001b4:	100001c1 	.word	0x100001c1
100001b8:	100001c1 	.word	0x100001c1
100001bc:	100001c1 	.word	0x100001c1

100001c0 <__unhandled_user_irq>:
100001c0:	f3ef 8005 	mrs	r0, IPSR
100001c4:	3810      	subs	r0, #16

100001c6 <unhandled_user_irq_num_in_r0>:
100001c6:	be00      	bkpt	0x0000

100001c8 <isr_invalid>:
100001c8:	be00      	bkpt	0x0000

100001ca <isr_nmi>:
100001ca:	be00      	bkpt	0x0000

100001cc <isr_hardfault>:
100001cc:	be00      	bkpt	0x0000

100001ce <isr_svcall>:
100001ce:	be00      	bkpt	0x0000

100001d0 <isr_pendsv>:
100001d0:	be00      	bkpt	0x0000

100001d2 <isr_systick>:
100001d2:	be00      	bkpt	0x0000

100001d4 <__default_isrs_end>:
100001d4:	7188ebf2 	.word	0x7188ebf2
100001d8:	10007da0 	.word	0x10007da0
100001dc:	10007dd4 	.word	0x10007dd4
100001e0:	10000238 	.word	0x10000238
100001e4:	e71aa390 	.word	0xe71aa390

100001e8 <_entry_point>:
100001e8:	481e      	ldr	r0, [pc, #120]	@ (10000264 <data_cpy_table+0x2c>)

100001ea <_enter_vtable_in_r0>:
100001ea:	491f      	ldr	r1, [pc, #124]	@ (10000268 <data_cpy_table+0x30>)
100001ec:	6008      	str	r0, [r1, #0]
100001ee:	c806      	ldmia	r0!, {r1, r2}
100001f0:	f381 8808 	msr	MSP, r1
100001f4:	4710      	bx	r2

100001f6 <_reset_handler>:
100001f6:	481d      	ldr	r0, [pc, #116]	@ (1000026c <data_cpy_table+0x34>)
100001f8:	6800      	ldr	r0, [r0, #0]
100001fa:	2800      	cmp	r0, #0
100001fc:	d001      	beq.n	10000202 <hold_non_core0_in_bootrom+0x4>

100001fe <hold_non_core0_in_bootrom>:
100001fe:	4819      	ldr	r0, [pc, #100]	@ (10000264 <data_cpy_table+0x2c>)
10000200:	e7f3      	b.n	100001ea <_enter_vtable_in_r0>
10000202:	a40d      	add	r4, pc, #52	@ (adr r4, 10000238 <data_cpy_table>)
10000204:	cc0e      	ldmia	r4!, {r1, r2, r3}
10000206:	2900      	cmp	r1, #0
10000208:	d002      	beq.n	10000210 <hold_non_core0_in_bootrom+0x12>
1000020a:	f000 f812 	bl	10000232 <data_cpy>
1000020e:	e7f9      	b.n	10000204 <hold_non_core0_in_bootrom+0x6>
10000210:	4917      	ldr	r1, [pc, #92]	@ (10000270 <data_cpy_table+0x38>)
10000212:	4a18      	ldr	r2, [pc, #96]	@ (10000274 <data_cpy_table+0x3c>)
10000214:	2000      	movs	r0, #0
10000216:	e000      	b.n	1000021a <bss_fill_test>

10000218 <bss_fill_loop>:
10000218:	c101      	stmia	r1!, {r0}

1000021a <bss_fill_test>:
1000021a:	4291      	cmp	r1, r2
1000021c:	d1fc      	bne.n	10000218 <bss_fill_loop>

1000021e <platform_entry>:
1000021e:	4916      	ldr	r1, [pc, #88]	@ (10000278 <data_cpy_table+0x40>)
10000220:	4788      	blx	r1
10000222:	4916      	ldr	r1, [pc, #88]	@ (1000027c <data_cpy_table+0x44>)
10000224:	4788      	blx	r1
10000226:	4916      	ldr	r1, [pc, #88]	@ (10000280 <data_cpy_table+0x48>)
10000228:	4788      	blx	r1
1000022a:	be00      	bkpt	0x0000
1000022c:	e7fd      	b.n	1000022a <platform_entry+0xc>

1000022e <data_cpy_loop>:
1000022e:	c901      	ldmia	r1!, {r0}
10000230:	c201      	stmia	r2!, {r0}

10000232 <data_cpy>:
10000232:	429a      	cmp	r2, r3
10000234:	d3fb      	bcc.n	1000022e <data_cpy_loop>
10000236:	4770      	bx	lr

10000238 <data_cpy_table>:
10000238:	10007dd4 	.word	0x10007dd4
1000023c:	200000c0 	.word	0x200000c0
10000240:	20000ccc 	.word	0x20000ccc
10000244:	100089e0 	.word	0x100089e0
10000248:	20040000 	.word	0x20040000
1000024c:	20040000 	.word	0x20040000
10000250:	100089e0 	.word	0x100089e0
10000254:	20041000 	.word	0x20041000
10000258:	20041000 	.word	0x20041000
1000025c:	00000000 	.word	0x00000000
10000260:	4770      	bx	lr
10000262:	0000      	.short	0x0000
10000264:	00000000 	.word	0x00000000
10000268:	e000ed08 	.word	0xe000ed08
1000026c:	d0000000 	.word	0xd0000000
10000270:	20000ccc 	.word	0x20000ccc
10000274:	2000322c 	.word	0x2000322c
10000278:	10003d69 	.word	0x10003d69
1000027c:	100004fd 	.word	0x100004fd
10000280:	10003d29 	.word	0x10003d29

10000284 <_init>:
10000284:	b5f8      	push	{r3, r4, r5, r6, r7, lr}
10000286:	46c0      	nop			@ (mov r8, r8)

10000288 <frame_dummy>:
10000288:	4b04      	ldr	r3, [pc, #16]	@ (1000029c <frame_dummy+0x14>)
1000028a:	b510      	push	{r4, lr}
1000028c:	2b00      	cmp	r3, #0
1000028e:	d003      	beq.n	10000298 <frame_dummy+0x10>
10000290:	4903      	ldr	r1, [pc, #12]	@ (100002a0 <frame_dummy+0x18>)
10000292:	4804      	ldr	r0, [pc, #16]	@ (100002a4 <frame_dummy+0x1c>)
10000294:	e000      	b.n	10000298 <frame_dummy+0x10>
10000296:	bf00      	nop
10000298:	bd10      	pop	{r4, pc}
1000029a:	46c0      	nop			@ (mov r8, r8)
1000029c:	00000000 	.word	0x00000000
100002a0:	20002fd0 	.word	0x20002fd0
100002a4:	10006a20 	.word	0x10006a20

100002a8 <channel_config_set_chain_to>:
100002a8:	b510      	push	{r4, lr}
100002aa:	290c      	cmp	r1, #12
100002ac:	d806      	bhi.n	100002bc <channel_config_set_chain_to+0x14>
100002ae:	6803      	ldr	r3, [r0, #0]
100002b0:	4a06      	ldr	r2, [pc, #24]	@ (100002cc <channel_config_set_chain_to+0x24>)
100002b2:	4013      	ands	r3, r2
100002b4:	02c9      	lsls	r1, r1, #11
100002b6:	430b      	orrs	r3, r1
100002b8:	6003      	str	r3, [r0, #0]
100002ba:	bd10      	pop	{r4, pc}
100002bc:	4b04      	ldr	r3, [pc, #16]	@ (100002d0 <channel_config_set_chain_to+0x28>)
100002be:	4a05      	ldr	r2, [pc, #20]	@ (100002d4 <channel_config_set_chain_to+0x2c>)
100002c0:	212a      	movs	r1, #42	@ 0x2a
100002c2:	4805      	ldr	r0, [pc, #20]	@ (100002d8 <channel_config_set_chain_to+0x30>)
100002c4:	31ff      	adds	r1, #255	@ 0xff
100002c6:	f003 fd33 	bl	10003d30 <__assert_func>
100002ca:	46c0      	nop			@ (mov r8, r8)
100002cc:	ffff87ff 	.word	0xffff87ff
100002d0:	10006a20 	.word	0x10006a20
100002d4:	100076c0 	.word	0x100076c0
100002d8:	10006a40 	.word	0x10006a40

100002dc <dma_channel_get_default_config>:
100002dc:	b500      	push	{lr}
100002de:	b083      	sub	sp, #12
100002e0:	0001      	movs	r1, r0
100002e2:	2300      	movs	r3, #0
100002e4:	9301      	str	r3, [sp, #4]
100002e6:	3310      	adds	r3, #16
100002e8:	9301      	str	r3, [sp, #4]
100002ea:	4b13      	ldr	r3, [pc, #76]	@ (10000338 <dma_channel_get_default_config+0x5c>)
100002ec:	9301      	str	r3, [sp, #4]
100002ee:	a801      	add	r0, sp, #4
100002f0:	f7ff ffda 	bl	100002a8 <channel_config_set_chain_to>
100002f4:	9b01      	ldr	r3, [sp, #4]
100002f6:	220c      	movs	r2, #12
100002f8:	0019      	movs	r1, r3
100002fa:	4391      	bics	r1, r2
100002fc:	000a      	movs	r2, r1
100002fe:	2108      	movs	r1, #8
10000300:	430a      	orrs	r2, r1
10000302:	9201      	str	r2, [sp, #4]
10000304:	4a0d      	ldr	r2, [pc, #52]	@ (1000033c <dma_channel_get_default_config+0x60>)
10000306:	401a      	ands	r2, r3
10000308:	430a      	orrs	r2, r1
1000030a:	9201      	str	r2, [sp, #4]
1000030c:	4a0c      	ldr	r2, [pc, #48]	@ (10000340 <dma_channel_get_default_config+0x64>)
1000030e:	401a      	ands	r2, r3
10000310:	430a      	orrs	r2, r1
10000312:	9201      	str	r2, [sp, #4]
10000314:	4a0b      	ldr	r2, [pc, #44]	@ (10000344 <dma_channel_get_default_config+0x68>)
10000316:	401a      	ands	r2, r3
10000318:	4311      	orrs	r1, r2
1000031a:	9101      	str	r1, [sp, #4]
1000031c:	2109      	movs	r1, #9
1000031e:	430a      	orrs	r2, r1
10000320:	9201      	str	r2, [sp, #4]
10000322:	4a09      	ldr	r2, [pc, #36]	@ (10000348 <dma_channel_get_default_config+0x6c>)
10000324:	401a      	ands	r2, r3
10000326:	430a      	orrs	r2, r1
10000328:	9201      	str	r2, [sp, #4]
1000032a:	4808      	ldr	r0, [pc, #32]	@ (1000034c <dma_channel_get_default_config+0x70>)
1000032c:	4018      	ands	r0, r3
1000032e:	4308      	orrs	r0, r1
10000330:	9001      	str	r0, [sp, #4]
10000332:	b003      	add	sp, #12
10000334:	bd00      	pop	{pc}
10000336:	46c0      	nop			@ (mov r8, r8)
10000338:	001f8010 	.word	0x001f8010
1000033c:	fffff833 	.word	0xfffff833
10000340:	ffbff833 	.word	0xffbff833
10000344:	ff9ff833 	.word	0xff9ff833
10000348:	ff1ff833 	.word	0xff1ff833
1000034c:	ff1ff831 	.word	0xff1ff831

10000350 <channel_config_set_dreq>:
10000350:	b510      	push	{r4, lr}
10000352:	293f      	cmp	r1, #63	@ 0x3f
10000354:	d806      	bhi.n	10000364 <channel_config_set_dreq+0x14>
10000356:	6803      	ldr	r3, [r0, #0]
10000358:	4a06      	ldr	r2, [pc, #24]	@ (10000374 <channel_config_set_dreq+0x24>)
1000035a:	4013      	ands	r3, r2
1000035c:	03c9      	lsls	r1, r1, #15
1000035e:	430b      	orrs	r3, r1
10000360:	6003      	str	r3, [r0, #0]
10000362:	bd10      	pop	{r4, pc}
10000364:	4b04      	ldr	r3, [pc, #16]	@ (10000378 <channel_config_set_dreq+0x28>)
10000366:	4a05      	ldr	r2, [pc, #20]	@ (1000037c <channel_config_set_dreq+0x2c>)
10000368:	211c      	movs	r1, #28
1000036a:	4805      	ldr	r0, [pc, #20]	@ (10000380 <channel_config_set_dreq+0x30>)
1000036c:	31ff      	adds	r1, #255	@ 0xff
1000036e:	f003 fcdf 	bl	10003d30 <__assert_func>
10000372:	46c0      	nop			@ (mov r8, r8)
10000374:	ffe07fff 	.word	0xffe07fff
10000378:	10006a94 	.word	0x10006a94
1000037c:	100076a8 	.word	0x100076a8
10000380:	10006a40 	.word	0x10006a40

10000384 <tud_mount_cb>:
10000384:	4770      	bx	lr

10000386 <tud_umount_cb>:
10000386:	4770      	bx	lr

10000388 <tud_suspend_cb>:
10000388:	4770      	bx	lr

1000038a <tud_resume_cb>:
1000038a:	4770      	bx	lr

1000038c <tud_descriptor_device_cb>:
1000038c:	4800      	ldr	r0, [pc, #0]	@ (10000390 <tud_descriptor_device_cb+0x4>)
1000038e:	4770      	bx	lr
10000390:	10007740 	.word	0x10007740

10000394 <tud_descriptor_configuration_cb>:
10000394:	4800      	ldr	r0, [pc, #0]	@ (10000398 <tud_descriptor_configuration_cb+0x4>)
10000396:	4770      	bx	lr
10000398:	100076f4 	.word	0x100076f4

1000039c <tud_descriptor_string_cb>:
1000039c:	b570      	push	{r4, r5, r6, lr}
1000039e:	2800      	cmp	r0, #0
100003a0:	d00b      	beq.n	100003ba <tud_descriptor_string_cb+0x1e>
100003a2:	4b12      	ldr	r3, [pc, #72]	@ (100003ec <tud_descriptor_string_cb+0x50>)
100003a4:	0080      	lsls	r0, r0, #2
100003a6:	58c4      	ldr	r4, [r0, r3]
100003a8:	0020      	movs	r0, r4
100003aa:	f006 fa25 	bl	100067f8 <strlen>
100003ae:	b2c0      	uxtb	r0, r0
100003b0:	281f      	cmp	r0, #31
100003b2:	d900      	bls.n	100003b6 <tud_descriptor_string_cb+0x1a>
100003b4:	201f      	movs	r0, #31
100003b6:	2300      	movs	r3, #0
100003b8:	e00c      	b.n	100003d4 <tud_descriptor_string_cb+0x38>
100003ba:	4b0d      	ldr	r3, [pc, #52]	@ (100003f0 <tud_descriptor_string_cb+0x54>)
100003bc:	4a0d      	ldr	r2, [pc, #52]	@ (100003f4 <tud_descriptor_string_cb+0x58>)
100003be:	805a      	strh	r2, [r3, #2]
100003c0:	3a06      	subs	r2, #6
100003c2:	3aff      	subs	r2, #255	@ 0xff
100003c4:	801a      	strh	r2, [r3, #0]
100003c6:	e00f      	b.n	100003e8 <tud_descriptor_string_cb+0x4c>
100003c8:	5ce5      	ldrb	r5, [r4, r3]
100003ca:	3301      	adds	r3, #1
100003cc:	4a08      	ldr	r2, [pc, #32]	@ (100003f0 <tud_descriptor_string_cb+0x54>)
100003ce:	0059      	lsls	r1, r3, #1
100003d0:	528d      	strh	r5, [r1, r2]
100003d2:	b2db      	uxtb	r3, r3
100003d4:	4298      	cmp	r0, r3
100003d6:	d8f7      	bhi.n	100003c8 <tud_descriptor_string_cb+0x2c>
100003d8:	3001      	adds	r0, #1
100003da:	0040      	lsls	r0, r0, #1
100003dc:	b280      	uxth	r0, r0
100003de:	4b04      	ldr	r3, [pc, #16]	@ (100003f0 <tud_descriptor_string_cb+0x54>)
100003e0:	22c0      	movs	r2, #192	@ 0xc0
100003e2:	0092      	lsls	r2, r2, #2
100003e4:	4302      	orrs	r2, r0
100003e6:	801a      	strh	r2, [r3, #0]
100003e8:	4801      	ldr	r0, [pc, #4]	@ (100003f0 <tud_descriptor_string_cb+0x54>)
100003ea:	bd70      	pop	{r4, r5, r6, pc}
100003ec:	100076dc 	.word	0x100076dc
100003f0:	20002b80 	.word	0x20002b80
100003f4:	00000409 	.word	0x00000409

100003f8 <read_adc_dma>:
100003f8:	b5f0      	push	{r4, r5, r6, r7, lr}
100003fa:	46d6      	mov	lr, sl
100003fc:	464f      	mov	r7, r9
100003fe:	4646      	mov	r6, r8
10000400:	b5c0      	push	{r6, r7, lr}
10000402:	b082      	sub	sp, #8
10000404:	2501      	movs	r5, #1
10000406:	002c      	movs	r4, r5
10000408:	4084      	lsls	r4, r0
1000040a:	23d0      	movs	r3, #208	@ 0xd0
1000040c:	061b      	lsls	r3, r3, #24
1000040e:	619c      	str	r4, [r3, #24]
10000410:	4e35      	ldr	r6, [pc, #212]	@ (100004e8 <read_adc_dma+0xf0>)
10000412:	6830      	ldr	r0, [r6, #0]
10000414:	f7ff ff62 	bl	100002dc <dma_channel_get_default_config>
10000418:	9001      	str	r0, [sp, #4]
1000041a:	2110      	movs	r1, #16
1000041c:	a801      	add	r0, sp, #4
1000041e:	f7ff ff97 	bl	10000350 <channel_config_set_dreq>
10000422:	9b01      	ldr	r3, [sp, #4]
10000424:	220c      	movs	r2, #12
10000426:	4692      	mov	sl, r2
10000428:	001a      	movs	r2, r3
1000042a:	4651      	mov	r1, sl
1000042c:	438a      	bics	r2, r1
1000042e:	9201      	str	r2, [sp, #4]
10000430:	3104      	adds	r1, #4
10000432:	430a      	orrs	r2, r1
10000434:	9201      	str	r2, [sp, #4]
10000436:	222c      	movs	r2, #44	@ 0x2c
10000438:	4393      	bics	r3, r2
1000043a:	430b      	orrs	r3, r1
1000043c:	9301      	str	r3, [sp, #4]
1000043e:	6833      	ldr	r3, [r6, #0]
10000440:	019b      	lsls	r3, r3, #6
10000442:	22a0      	movs	r2, #160	@ 0xa0
10000444:	05d2      	lsls	r2, r2, #23
10000446:	4694      	mov	ip, r2
10000448:	4463      	add	r3, ip
1000044a:	4a28      	ldr	r2, [pc, #160]	@ (100004ec <read_adc_dma+0xf4>)
1000044c:	601a      	str	r2, [r3, #0]
1000044e:	4a28      	ldr	r2, [pc, #160]	@ (100004f0 <read_adc_dma+0xf8>)
10000450:	4691      	mov	r9, r2
10000452:	605a      	str	r2, [r3, #4]
10000454:	2203      	movs	r2, #3
10000456:	4690      	mov	r8, r2
10000458:	609a      	str	r2, [r3, #8]
1000045a:	9a01      	ldr	r2, [sp, #4]
1000045c:	611a      	str	r2, [r3, #16]
1000045e:	4f25      	ldr	r7, [pc, #148]	@ (100004f4 <read_adc_dma+0xfc>)
10000460:	6838      	ldr	r0, [r7, #0]
10000462:	f7ff ff3b 	bl	100002dc <dma_channel_get_default_config>
10000466:	9000      	str	r0, [sp, #0]
10000468:	2111      	movs	r1, #17
1000046a:	4668      	mov	r0, sp
1000046c:	f7ff ff70 	bl	10000350 <channel_config_set_dreq>
10000470:	9b00      	ldr	r3, [sp, #0]
10000472:	001a      	movs	r2, r3
10000474:	4651      	mov	r1, sl
10000476:	438a      	bics	r2, r1
10000478:	9200      	str	r2, [sp, #0]
1000047a:	221c      	movs	r2, #28
1000047c:	4393      	bics	r3, r2
1000047e:	9300      	str	r3, [sp, #0]
10000480:	3204      	adds	r2, #4
10000482:	4313      	orrs	r3, r2
10000484:	9300      	str	r3, [sp, #0]
10000486:	683b      	ldr	r3, [r7, #0]
10000488:	019b      	lsls	r3, r3, #6
1000048a:	22a0      	movs	r2, #160	@ 0xa0
1000048c:	05d2      	lsls	r2, r2, #23
1000048e:	4694      	mov	ip, r2
10000490:	4463      	add	r3, ip
10000492:	464a      	mov	r2, r9
10000494:	601a      	str	r2, [r3, #0]
10000496:	4a18      	ldr	r2, [pc, #96]	@ (100004f8 <read_adc_dma+0x100>)
10000498:	605a      	str	r2, [r3, #4]
1000049a:	4642      	mov	r2, r8
1000049c:	609a      	str	r2, [r3, #8]
1000049e:	9a00      	ldr	r2, [sp, #0]
100004a0:	611a      	str	r2, [r3, #16]
100004a2:	683a      	ldr	r2, [r7, #0]
100004a4:	002b      	movs	r3, r5
100004a6:	4093      	lsls	r3, r2
100004a8:	6831      	ldr	r1, [r6, #0]
100004aa:	408d      	lsls	r5, r1
100004ac:	432b      	orrs	r3, r5
100004ae:	4660      	mov	r0, ip
100004b0:	2186      	movs	r1, #134	@ 0x86
100004b2:	00c9      	lsls	r1, r1, #3
100004b4:	5043      	str	r3, [r0, r1]
100004b6:	0193      	lsls	r3, r2, #6
100004b8:	21a0      	movs	r1, #160	@ 0xa0
100004ba:	05c9      	lsls	r1, r1, #23
100004bc:	468c      	mov	ip, r1
100004be:	4463      	add	r3, ip
100004c0:	691b      	ldr	r3, [r3, #16]
100004c2:	01db      	lsls	r3, r3, #7
100004c4:	d4f7      	bmi.n	100004b6 <read_adc_dma+0xbe>
100004c6:	23d0      	movs	r3, #208	@ 0xd0
100004c8:	061b      	lsls	r3, r3, #24
100004ca:	615c      	str	r4, [r3, #20]
100004cc:	4b0a      	ldr	r3, [pc, #40]	@ (100004f8 <read_adc_dma+0x100>)
100004ce:	7858      	ldrb	r0, [r3, #1]
100004d0:	0200      	lsls	r0, r0, #8
100004d2:	22c0      	movs	r2, #192	@ 0xc0
100004d4:	0092      	lsls	r2, r2, #2
100004d6:	4010      	ands	r0, r2
100004d8:	789b      	ldrb	r3, [r3, #2]
100004da:	4318      	orrs	r0, r3
100004dc:	b002      	add	sp, #8
100004de:	bce0      	pop	{r5, r6, r7}
100004e0:	46ba      	mov	sl, r7
100004e2:	46b1      	mov	r9, r6
100004e4:	46a8      	mov	r8, r5
100004e6:	bdf0      	pop	{r4, r5, r6, r7, pc}
100004e8:	20003218 	.word	0x20003218
100004ec:	20000be8 	.word	0x20000be8
100004f0:	4003c008 	.word	0x4003c008
100004f4:	20003004 	.word	0x20003004
100004f8:	20003000 	.word	0x20003000

100004fc <main>:
100004fc:	b570      	push	{r4, r5, r6, lr}
100004fe:	f003 fd53 	bl	10003fa8 <stdio_init_all>
10000502:	2100      	movs	r1, #0
10000504:	2000      	movs	r0, #0
10000506:	f005 fd19 	bl	10005f3c <tusb_rhport_init>
1000050a:	e004      	b.n	10000516 <main+0x1a>
1000050c:	2001      	movs	r0, #1
1000050e:	2100      	movs	r1, #0
10000510:	4240      	negs	r0, r0
10000512:	f004 ff17 	bl	10005344 <tud_task_ext>
10000516:	2000      	movs	r0, #0
10000518:	f005 f982 	bl	10005820 <tud_cdc_n_connected>
1000051c:	2800      	cmp	r0, #0
1000051e:	d0f5      	beq.n	1000050c <main+0x10>
10000520:	4935      	ldr	r1, [pc, #212]	@ (100005f8 <main+0xfc>)
10000522:	4836      	ldr	r0, [pc, #216]	@ (100005fc <main+0x100>)
10000524:	f006 f8fe 	bl	10006724 <spi_init>
10000528:	2101      	movs	r1, #1
1000052a:	2010      	movs	r0, #16
1000052c:	f000 f870 	bl	10000610 <gpio_set_function>
10000530:	2101      	movs	r1, #1
10000532:	2013      	movs	r0, #19
10000534:	f000 f86c 	bl	10000610 <gpio_set_function>
10000538:	2101      	movs	r1, #1
1000053a:	2012      	movs	r0, #18
1000053c:	f000 f868 	bl	10000610 <gpio_set_function>
10000540:	2011      	movs	r0, #17
10000542:	f000 f87f 	bl	10000644 <gpio_init>
10000546:	24d0      	movs	r4, #208	@ 0xd0
10000548:	0624      	lsls	r4, r4, #24
1000054a:	2380      	movs	r3, #128	@ 0x80
1000054c:	029b      	lsls	r3, r3, #10
1000054e:	6263      	str	r3, [r4, #36]	@ 0x24
10000550:	6163      	str	r3, [r4, #20]
10000552:	2014      	movs	r0, #20
10000554:	f000 f876 	bl	10000644 <gpio_init>
10000558:	2380      	movs	r3, #128	@ 0x80
1000055a:	035b      	lsls	r3, r3, #13
1000055c:	6263      	str	r3, [r4, #36]	@ 0x24
1000055e:	6163      	str	r3, [r4, #20]
10000560:	2001      	movs	r0, #1
10000562:	f006 f917 	bl	10006794 <dma_claim_unused_channel>
10000566:	4b26      	ldr	r3, [pc, #152]	@ (10000600 <main+0x104>)
10000568:	6018      	str	r0, [r3, #0]
1000056a:	2001      	movs	r0, #1
1000056c:	f006 f912 	bl	10006794 <dma_claim_unused_channel>
10000570:	4b24      	ldr	r3, [pc, #144]	@ (10000604 <main+0x108>)
10000572:	6018      	str	r0, [r3, #0]
10000574:	e022      	b.n	100005bc <main+0xc0>
10000576:	2001      	movs	r0, #1
10000578:	2100      	movs	r1, #0
1000057a:	4240      	negs	r0, r0
1000057c:	f004 fee2 	bl	10005344 <tud_task_ext>
10000580:	2000      	movs	r0, #0
10000582:	f005 fa21 	bl	100059c8 <tud_cdc_n_write_available>
10000586:	2800      	cmp	r0, #0
10000588:	d0f5      	beq.n	10000576 <main+0x7a>
1000058a:	2000      	movs	r0, #0
1000058c:	f005 fa1c 	bl	100059c8 <tud_cdc_n_write_available>
10000590:	2280      	movs	r2, #128	@ 0x80
10000592:	0152      	lsls	r2, r2, #5
10000594:	1b12      	subs	r2, r2, r4
10000596:	4282      	cmp	r2, r0
10000598:	d900      	bls.n	1000059c <main+0xa0>
1000059a:	0002      	movs	r2, r0
1000059c:	491a      	ldr	r1, [pc, #104]	@ (10000608 <main+0x10c>)
1000059e:	1861      	adds	r1, r4, r1
100005a0:	2000      	movs	r0, #0
100005a2:	f005 f9eb 	bl	1000597c <tud_cdc_n_write>
100005a6:	1824      	adds	r4, r4, r0
100005a8:	2000      	movs	r0, #0
100005aa:	f005 f983 	bl	100058b4 <tud_cdc_n_write_flush>
100005ae:	2380      	movs	r3, #128	@ 0x80
100005b0:	015b      	lsls	r3, r3, #5
100005b2:	429c      	cmp	r4, r3
100005b4:	d3e4      	bcc.n	10000580 <main+0x84>
100005b6:	4b15      	ldr	r3, [pc, #84]	@ (1000060c <main+0x110>)
100005b8:	2200      	movs	r2, #0
100005ba:	601a      	str	r2, [r3, #0]
100005bc:	2001      	movs	r0, #1
100005be:	2100      	movs	r1, #0
100005c0:	4240      	negs	r0, r0
100005c2:	f004 febf 	bl	10005344 <tud_task_ext>
100005c6:	2011      	movs	r0, #17
100005c8:	f7ff ff16 	bl	100003f8 <read_adc_dma>
100005cc:	0005      	movs	r5, r0
100005ce:	2014      	movs	r0, #20
100005d0:	f7ff ff12 	bl	100003f8 <read_adc_dma>
100005d4:	4c0d      	ldr	r4, [pc, #52]	@ (1000060c <main+0x110>)
100005d6:	6823      	ldr	r3, [r4, #0]
100005d8:	1c5a      	adds	r2, r3, #1
100005da:	6022      	str	r2, [r4, #0]
100005dc:	490a      	ldr	r1, [pc, #40]	@ (10000608 <main+0x10c>)
100005de:	005e      	lsls	r6, r3, #1
100005e0:	5275      	strh	r5, [r6, r1]
100005e2:	3302      	adds	r3, #2
100005e4:	6023      	str	r3, [r4, #0]
100005e6:	0052      	lsls	r2, r2, #1
100005e8:	5288      	strh	r0, [r1, r2]
100005ea:	2280      	movs	r2, #128	@ 0x80
100005ec:	0112      	lsls	r2, r2, #4
100005ee:	4293      	cmp	r3, r2
100005f0:	d3e4      	bcc.n	100005bc <main+0xc0>
100005f2:	2400      	movs	r4, #0
100005f4:	e7db      	b.n	100005ae <main+0xb2>
100005f6:	46c0      	nop			@ (mov r8, r8)
100005f8:	00989680 	.word	0x00989680
100005fc:	4003c000 	.word	0x4003c000
10000600:	20003218 	.word	0x20003218
10000604:	20003004 	.word	0x20003004
10000608:	20001b3c 	.word	0x20001b3c
1000060c:	20002b3c 	.word	0x20002b3c

10000610 <gpio_set_function>:
10000610:	b510      	push	{r4, lr}
10000612:	0083      	lsls	r3, r0, #2
10000614:	4a08      	ldr	r2, [pc, #32]	@ (10000638 <gpio_set_function+0x28>)
10000616:	189a      	adds	r2, r3, r2
10000618:	6814      	ldr	r4, [r2, #0]
1000061a:	2240      	movs	r2, #64	@ 0x40
1000061c:	4054      	eors	r4, r2
1000061e:	3280      	adds	r2, #128	@ 0x80
10000620:	4022      	ands	r2, r4
10000622:	4c06      	ldr	r4, [pc, #24]	@ (1000063c <gpio_set_function+0x2c>)
10000624:	46a4      	mov	ip, r4
10000626:	4463      	add	r3, ip
10000628:	601a      	str	r2, [r3, #0]
1000062a:	00c0      	lsls	r0, r0, #3
1000062c:	4b04      	ldr	r3, [pc, #16]	@ (10000640 <gpio_set_function+0x30>)
1000062e:	469c      	mov	ip, r3
10000630:	4460      	add	r0, ip
10000632:	6041      	str	r1, [r0, #4]
10000634:	bd10      	pop	{r4, pc}
10000636:	46c0      	nop			@ (mov r8, r8)
10000638:	4001c004 	.word	0x4001c004
1000063c:	4001d004 	.word	0x4001d004
10000640:	40014000 	.word	0x40014000

10000644 <gpio_init>:
10000644:	b510      	push	{r4, lr}
10000646:	2301      	movs	r3, #1
10000648:	4083      	lsls	r3, r0
1000064a:	22d0      	movs	r2, #208	@ 0xd0
1000064c:	0612      	lsls	r2, r2, #24
1000064e:	6293      	str	r3, [r2, #40]	@ 0x28
10000650:	6193      	str	r3, [r2, #24]
10000652:	2105      	movs	r1, #5
10000654:	f7ff ffdc 	bl	10000610 <gpio_set_function>
10000658:	bd10      	pop	{r4, pc}
	...

1000065c <rp2040_chip_version>:
1000065c:	b510      	push	{r4, lr}
1000065e:	2380      	movs	r3, #128	@ 0x80
10000660:	05db      	lsls	r3, r3, #23
10000662:	6818      	ldr	r0, [r3, #0]
10000664:	0503      	lsls	r3, r0, #20
10000666:	0d1b      	lsrs	r3, r3, #20
10000668:	4a0b      	ldr	r2, [pc, #44]	@ (10000698 <rp2040_chip_version+0x3c>)
1000066a:	4293      	cmp	r3, r2
1000066c:	d107      	bne.n	1000067e <rp2040_chip_version+0x22>
1000066e:	4b0b      	ldr	r3, [pc, #44]	@ (1000069c <rp2040_chip_version+0x40>)
10000670:	4003      	ands	r3, r0
10000672:	2280      	movs	r2, #128	@ 0x80
10000674:	0192      	lsls	r2, r2, #6
10000676:	4293      	cmp	r3, r2
10000678:	d107      	bne.n	1000068a <rp2040_chip_version+0x2e>
1000067a:	0f00      	lsrs	r0, r0, #28
1000067c:	bd10      	pop	{r4, pc}
1000067e:	4b08      	ldr	r3, [pc, #32]	@ (100006a0 <rp2040_chip_version+0x44>)
10000680:	4a08      	ldr	r2, [pc, #32]	@ (100006a4 <rp2040_chip_version+0x48>)
10000682:	4809      	ldr	r0, [pc, #36]	@ (100006a8 <rp2040_chip_version+0x4c>)
10000684:	2113      	movs	r1, #19
10000686:	f003 fb53 	bl	10003d30 <__assert_func>
1000068a:	4b08      	ldr	r3, [pc, #32]	@ (100006ac <rp2040_chip_version+0x50>)
1000068c:	4a05      	ldr	r2, [pc, #20]	@ (100006a4 <rp2040_chip_version+0x48>)
1000068e:	4806      	ldr	r0, [pc, #24]	@ (100006a8 <rp2040_chip_version+0x4c>)
10000690:	2114      	movs	r1, #20
10000692:	f003 fb4d 	bl	10003d30 <__assert_func>
10000696:	46c0      	nop			@ (mov r8, r8)
10000698:	00000927 	.word	0x00000927
1000069c:	0ffff000 	.word	0x0ffff000
100006a0:	10006aec 	.word	0x10006aec
100006a4:	10007754 	.word	0x10007754
100006a8:	10006b10 	.word	0x10006b10
100006ac:	10006b54 	.word	0x10006b54

100006b0 <panic>:
100006b0:	b40f      	push	{r0, r1, r2, r3}
100006b2:	b500      	push	{lr}
100006b4:	b083      	sub	sp, #12
100006b6:	4808      	ldr	r0, [pc, #32]	@ (100006d8 <panic+0x28>)
100006b8:	f003 fc7d 	bl	10003fb6 <__wrap_puts>
100006bc:	9b04      	ldr	r3, [sp, #16]
100006be:	2b00      	cmp	r3, #0
100006c0:	d007      	beq.n	100006d2 <panic+0x22>
100006c2:	a905      	add	r1, sp, #20
100006c4:	9101      	str	r1, [sp, #4]
100006c6:	0018      	movs	r0, r3
100006c8:	f003 fc84 	bl	10003fd4 <__wrap_vprintf>
100006cc:	4803      	ldr	r0, [pc, #12]	@ (100006dc <panic+0x2c>)
100006ce:	f003 fc72 	bl	10003fb6 <__wrap_puts>
100006d2:	2001      	movs	r0, #1
100006d4:	f003 fb26 	bl	10003d24 <_exit>
100006d8:	10006b68 	.word	0x10006b68
100006dc:	10006b78 	.word	0x10006b78

100006e0 <hw_claim_lock>:
100006e0:	f3ef 8010 	mrs	r0, PRIMASK
100006e4:	b672      	cpsid	i
100006e6:	4b03      	ldr	r3, [pc, #12]	@ (100006f4 <hw_claim_lock+0x14>)
100006e8:	681b      	ldr	r3, [r3, #0]
100006ea:	2b00      	cmp	r3, #0
100006ec:	d0fb      	beq.n	100006e6 <hw_claim_lock+0x6>
100006ee:	f3bf 8f5f 	dmb	sy
100006f2:	4770      	bx	lr
100006f4:	d000012c 	.word	0xd000012c

100006f8 <hw_claim_unlock>:
100006f8:	f3bf 8f5f 	dmb	sy
100006fc:	4b02      	ldr	r3, [pc, #8]	@ (10000708 <hw_claim_unlock+0x10>)
100006fe:	2200      	movs	r2, #0
10000700:	601a      	str	r2, [r3, #0]
10000702:	f380 8810 	msr	PRIMASK, r0
10000706:	4770      	bx	lr
10000708:	d000012c 	.word	0xd000012c

1000070c <hw_claim_or_assert>:
1000070c:	b5f8      	push	{r3, r4, r5, r6, r7, lr}
1000070e:	0006      	movs	r6, r0
10000710:	000c      	movs	r4, r1
10000712:	0015      	movs	r5, r2
10000714:	f7ff ffe4 	bl	100006e0 <hw_claim_lock>
10000718:	08e3      	lsrs	r3, r4, #3
1000071a:	18f7      	adds	r7, r6, r3
1000071c:	5cf1      	ldrb	r1, [r6, r3]
1000071e:	2207      	movs	r2, #7
10000720:	4022      	ands	r2, r4
10000722:	2301      	movs	r3, #1
10000724:	4093      	lsls	r3, r2
10000726:	420b      	tst	r3, r1
10000728:	d105      	bne.n	10000736 <hw_claim_or_assert+0x2a>
1000072a:	b2db      	uxtb	r3, r3
1000072c:	430b      	orrs	r3, r1
1000072e:	703b      	strb	r3, [r7, #0]
10000730:	f7ff ffe2 	bl	100006f8 <hw_claim_unlock>
10000734:	bdf8      	pop	{r3, r4, r5, r6, r7, pc}
10000736:	0021      	movs	r1, r4
10000738:	0028      	movs	r0, r5
1000073a:	f7ff ffb9 	bl	100006b0 <panic>

1000073e <hw_claim_unused_from_range>:
1000073e:	b5f0      	push	{r4, r5, r6, r7, lr}
10000740:	b083      	sub	sp, #12
10000742:	0006      	movs	r6, r0
10000744:	9101      	str	r1, [sp, #4]
10000746:	0014      	movs	r4, r2
10000748:	001f      	movs	r7, r3
1000074a:	f7ff ffc9 	bl	100006e0 <hw_claim_lock>
1000074e:	e000      	b.n	10000752 <hw_claim_unused_from_range+0x14>
10000750:	3401      	adds	r4, #1
10000752:	42bc      	cmp	r4, r7
10000754:	d80c      	bhi.n	10000770 <hw_claim_unused_from_range+0x32>
10000756:	08e3      	lsrs	r3, r4, #3
10000758:	18f5      	adds	r5, r6, r3
1000075a:	5cf3      	ldrb	r3, [r6, r3]
1000075c:	2107      	movs	r1, #7
1000075e:	4021      	ands	r1, r4
10000760:	2201      	movs	r2, #1
10000762:	408a      	lsls	r2, r1
10000764:	421a      	tst	r2, r3
10000766:	d1f3      	bne.n	10000750 <hw_claim_unused_from_range+0x12>
10000768:	b2d2      	uxtb	r2, r2
1000076a:	431a      	orrs	r2, r3
1000076c:	702a      	strb	r2, [r5, #0]
1000076e:	e001      	b.n	10000774 <hw_claim_unused_from_range+0x36>
10000770:	2401      	movs	r4, #1
10000772:	4264      	negs	r4, r4
10000774:	f7ff ffc0 	bl	100006f8 <hw_claim_unlock>
10000778:	2c00      	cmp	r4, #0
1000077a:	db02      	blt.n	10000782 <hw_claim_unused_from_range+0x44>
1000077c:	0020      	movs	r0, r4
1000077e:	b003      	add	sp, #12
10000780:	bdf0      	pop	{r4, r5, r6, r7, pc}
10000782:	9b01      	ldr	r3, [sp, #4]
10000784:	2b00      	cmp	r3, #0
10000786:	d0f9      	beq.n	1000077c <hw_claim_unused_from_range+0x3e>
10000788:	9808      	ldr	r0, [sp, #32]
1000078a:	f7ff ff91 	bl	100006b0 <panic>
	...

10000790 <next_striped_spin_lock_num>:
10000790:	4a05      	ldr	r2, [pc, #20]	@ (100007a8 <next_striped_spin_lock_num+0x18>)
10000792:	7810      	ldrb	r0, [r2, #0]
10000794:	1c43      	adds	r3, r0, #1
10000796:	b2db      	uxtb	r3, r3
10000798:	7013      	strb	r3, [r2, #0]
1000079a:	2b17      	cmp	r3, #23
1000079c:	d902      	bls.n	100007a4 <next_striped_spin_lock_num+0x14>
1000079e:	0013      	movs	r3, r2
100007a0:	2210      	movs	r2, #16
100007a2:	701a      	strb	r2, [r3, #0]
100007a4:	4770      	bx	lr
100007a6:	46c0      	nop			@ (mov r8, r8)
100007a8:	20000beb 	.word	0x20000beb

100007ac <spin_lock_claim_unused>:
100007ac:	b510      	push	{r4, lr}
100007ae:	b082      	sub	sp, #8
100007b0:	0001      	movs	r1, r0
100007b2:	4c05      	ldr	r4, [pc, #20]	@ (100007c8 <spin_lock_claim_unused+0x1c>)
100007b4:	4b05      	ldr	r3, [pc, #20]	@ (100007cc <spin_lock_claim_unused+0x20>)
100007b6:	9300      	str	r3, [sp, #0]
100007b8:	231f      	movs	r3, #31
100007ba:	2218      	movs	r2, #24
100007bc:	0020      	movs	r0, r4
100007be:	f7ff ffbe 	bl	1000073e <hw_claim_unused_from_range>
100007c2:	b002      	add	sp, #8
100007c4:	bd10      	pop	{r4, pc}
100007c6:	46c0      	nop			@ (mov r8, r8)
100007c8:	20002b50 	.word	0x20002b50
100007cc:	10006b7c 	.word	0x10006b7c

100007d0 <spin_locks_reset>:
100007d0:	2300      	movs	r3, #0
100007d2:	e007      	b.n	100007e4 <spin_locks_reset+0x14>
100007d4:	4a05      	ldr	r2, [pc, #20]	@ (100007ec <spin_locks_reset+0x1c>)
100007d6:	189a      	adds	r2, r3, r2
100007d8:	0092      	lsls	r2, r2, #2
100007da:	f3bf 8f5f 	dmb	sy
100007de:	2100      	movs	r1, #0
100007e0:	6011      	str	r1, [r2, #0]
100007e2:	3301      	adds	r3, #1
100007e4:	2b1f      	cmp	r3, #31
100007e6:	d9f5      	bls.n	100007d4 <spin_locks_reset+0x4>
100007e8:	4770      	bx	lr
100007ea:	46c0      	nop			@ (mov r8, r8)
100007ec:	34000040 	.word	0x34000040

100007f0 <set_raw_irq_handler_and_unlock>:
100007f0:	4b07      	ldr	r3, [pc, #28]	@ (10000810 <set_raw_irq_handler_and_unlock+0x20>)
100007f2:	689b      	ldr	r3, [r3, #8]
100007f4:	3010      	adds	r0, #16
100007f6:	0080      	lsls	r0, r0, #2
100007f8:	5019      	str	r1, [r3, r0]
100007fa:	f3bf 8f5f 	dmb	sy
100007fe:	f3bf 8f5f 	dmb	sy
10000802:	4b04      	ldr	r3, [pc, #16]	@ (10000814 <set_raw_irq_handler_and_unlock+0x24>)
10000804:	2100      	movs	r1, #0
10000806:	6019      	str	r1, [r3, #0]
10000808:	f382 8810 	msr	PRIMASK, r2
1000080c:	4770      	bx	lr
1000080e:	46c0      	nop			@ (mov r8, r8)
10000810:	e000ed00 	.word	0xe000ed00
10000814:	d0000124 	.word	0xd0000124

10000818 <nvic_ipr0>:
10000818:	4800      	ldr	r0, [pc, #0]	@ (1000081c <nvic_ipr0+0x4>)
1000081a:	4770      	bx	lr
1000081c:	e000e400 	.word	0xe000e400

10000820 <runtime_init_per_core_irq_priorities>:
10000820:	b510      	push	{r4, lr}
10000822:	f7ff fff9 	bl	10000818 <nvic_ipr0>
10000826:	2300      	movs	r3, #0
10000828:	e002      	b.n	10000830 <runtime_init_per_core_irq_priorities+0x10>
1000082a:	4a03      	ldr	r2, [pc, #12]	@ (10000838 <runtime_init_per_core_irq_priorities+0x18>)
1000082c:	c004      	stmia	r0!, {r2}
1000082e:	3301      	adds	r3, #1
10000830:	2b07      	cmp	r3, #7
10000832:	d9fa      	bls.n	1000082a <runtime_init_per_core_irq_priorities+0xa>
10000834:	bd10      	pop	{r4, pc}
10000836:	46c0      	nop			@ (mov r8, r8)
10000838:	80808080 	.word	0x80808080

1000083c <resolve_j_16>:
1000083c:	b510      	push	{r4, lr}
1000083e:	8803      	ldrh	r3, [r0, #0]
10000840:	0ada      	lsrs	r2, r3, #11
10000842:	2a1c      	cmp	r2, #28
10000844:	d105      	bne.n	10000852 <resolve_j_16+0x16>
10000846:	055b      	lsls	r3, r3, #21
10000848:	155b      	asrs	r3, r3, #21
1000084a:	3302      	adds	r3, #2
1000084c:	005b      	lsls	r3, r3, #1
1000084e:	18c0      	adds	r0, r0, r3
10000850:	bd10      	pop	{r4, pc}
10000852:	4b03      	ldr	r3, [pc, #12]	@ (10000860 <resolve_j_16+0x24>)
10000854:	4a03      	ldr	r2, [pc, #12]	@ (10000864 <resolve_j_16+0x28>)
10000856:	218e      	movs	r1, #142	@ 0x8e
10000858:	4803      	ldr	r0, [pc, #12]	@ (10000868 <resolve_j_16+0x2c>)
1000085a:	0049      	lsls	r1, r1, #1
1000085c:	f003 fa68 	bl	10003d30 <__assert_func>
10000860:	10006b98 	.word	0x10006b98
10000864:	100077b4 	.word	0x100077b4
10000868:	10006bb0 	.word	0x10006bb0

1000086c <make_j_16>:
1000086c:	b510      	push	{r4, lr}
1000086e:	1a09      	subs	r1, r1, r0
10000870:	1f0b      	subs	r3, r1, #4
10000872:	4a0a      	ldr	r2, [pc, #40]	@ (1000089c <make_j_16+0x30>)
10000874:	1888      	adds	r0, r1, r2
10000876:	4a0a      	ldr	r2, [pc, #40]	@ (100008a0 <make_j_16+0x34>)
10000878:	4290      	cmp	r0, r2
1000087a:	d808      	bhi.n	1000088e <make_j_16+0x22>
1000087c:	07c9      	lsls	r1, r1, #31
1000087e:	d406      	bmi.n	1000088e <make_j_16+0x22>
10000880:	105b      	asrs	r3, r3, #1
10000882:	055b      	lsls	r3, r3, #21
10000884:	0d5b      	lsrs	r3, r3, #21
10000886:	4807      	ldr	r0, [pc, #28]	@ (100008a4 <make_j_16+0x38>)
10000888:	4318      	orrs	r0, r3
1000088a:	b280      	uxth	r0, r0
1000088c:	bd10      	pop	{r4, pc}
1000088e:	4b06      	ldr	r3, [pc, #24]	@ (100008a8 <make_j_16+0x3c>)
10000890:	4a06      	ldr	r2, [pc, #24]	@ (100008ac <make_j_16+0x40>)
10000892:	2187      	movs	r1, #135	@ 0x87
10000894:	4806      	ldr	r0, [pc, #24]	@ (100008b0 <make_j_16+0x44>)
10000896:	0049      	lsls	r1, r1, #1
10000898:	f003 fa4a 	bl	10003d30 <__assert_func>
1000089c:	000007fc 	.word	0x000007fc
100008a0:	00000ffe 	.word	0x00000ffe
100008a4:	ffffe000 	.word	0xffffe000
100008a8:	10006bf4 	.word	0x10006bf4
100008ac:	100077a8 	.word	0x100077a8
100008b0:	10006bb0 	.word	0x10006bb0

100008b4 <insert_bl_32>:
100008b4:	b510      	push	{r4, lr}
100008b6:	1a09      	subs	r1, r1, r0
100008b8:	3904      	subs	r1, #4
100008ba:	084a      	lsrs	r2, r1, #1
100008bc:	0b09      	lsrs	r1, r1, #12
100008be:	d108      	bne.n	100008d2 <insert_bl_32+0x1e>
100008c0:	0549      	lsls	r1, r1, #21
100008c2:	0d49      	lsrs	r1, r1, #21
100008c4:	4b06      	ldr	r3, [pc, #24]	@ (100008e0 <insert_bl_32+0x2c>)
100008c6:	430b      	orrs	r3, r1
100008c8:	8003      	strh	r3, [r0, #0]
100008ca:	4b06      	ldr	r3, [pc, #24]	@ (100008e4 <insert_bl_32+0x30>)
100008cc:	4313      	orrs	r3, r2
100008ce:	8043      	strh	r3, [r0, #2]
100008d0:	bd10      	pop	{r4, pc}
100008d2:	4b05      	ldr	r3, [pc, #20]	@ (100008e8 <insert_bl_32+0x34>)
100008d4:	4a05      	ldr	r2, [pc, #20]	@ (100008ec <insert_bl_32+0x38>)
100008d6:	218b      	movs	r1, #139	@ 0x8b
100008d8:	4805      	ldr	r0, [pc, #20]	@ (100008f0 <insert_bl_32+0x3c>)
100008da:	0049      	lsls	r1, r1, #1
100008dc:	f003 fa28 	bl	10003d30 <__assert_func>
100008e0:	fffff000 	.word	0xfffff000
100008e4:	fffff800 	.word	0xfffff800
100008e8:	10006c24 	.word	0x10006c24
100008ec:	10007784 	.word	0x10007784
100008f0:	10006bb0 	.word	0x10006bb0

100008f4 <irq_is_enabled>:
100008f4:	2301      	movs	r3, #1
100008f6:	4083      	lsls	r3, r0
100008f8:	4a03      	ldr	r2, [pc, #12]	@ (10000908 <irq_is_enabled+0x14>)
100008fa:	6810      	ldr	r0, [r2, #0]
100008fc:	4018      	ands	r0, r3
100008fe:	1e43      	subs	r3, r0, #1
10000900:	4198      	sbcs	r0, r3
10000902:	b2c0      	uxtb	r0, r0
10000904:	4770      	bx	lr
10000906:	46c0      	nop			@ (mov r8, r8)
10000908:	e000e100 	.word	0xe000e100

1000090c <irq_set_mask_n_enabled>:
1000090c:	2a00      	cmp	r2, #0
1000090e:	d005      	beq.n	1000091c <irq_set_mask_n_enabled+0x10>
10000910:	4b04      	ldr	r3, [pc, #16]	@ (10000924 <irq_set_mask_n_enabled+0x18>)
10000912:	22c0      	movs	r2, #192	@ 0xc0
10000914:	0052      	lsls	r2, r2, #1
10000916:	5099      	str	r1, [r3, r2]
10000918:	6019      	str	r1, [r3, #0]
1000091a:	4770      	bx	lr
1000091c:	4a01      	ldr	r2, [pc, #4]	@ (10000924 <irq_set_mask_n_enabled+0x18>)
1000091e:	2380      	movs	r3, #128	@ 0x80
10000920:	50d1      	str	r1, [r2, r3]
10000922:	e7fa      	b.n	1000091a <irq_set_mask_n_enabled+0xe>
10000924:	e000e100 	.word	0xe000e100

10000928 <irq_set_enabled>:
10000928:	b510      	push	{r4, lr}
1000092a:	000a      	movs	r2, r1
1000092c:	231f      	movs	r3, #31
1000092e:	4003      	ands	r3, r0
10000930:	2101      	movs	r1, #1
10000932:	4099      	lsls	r1, r3
10000934:	0940      	lsrs	r0, r0, #5
10000936:	f7ff ffe9 	bl	1000090c <irq_set_mask_n_enabled>
1000093a:	bd10      	pop	{r4, pc}

1000093c <irq_get_vtable_handler>:
1000093c:	4b02      	ldr	r3, [pc, #8]	@ (10000948 <irq_get_vtable_handler+0xc>)
1000093e:	689b      	ldr	r3, [r3, #8]
10000940:	3010      	adds	r0, #16
10000942:	0080      	lsls	r0, r0, #2
10000944:	58c0      	ldr	r0, [r0, r3]
10000946:	4770      	bx	lr
10000948:	e000ed00 	.word	0xe000ed00

1000094c <irq_set_exclusive_handler>:
1000094c:	b570      	push	{r4, r5, r6, lr}
1000094e:	0004      	movs	r4, r0
10000950:	000d      	movs	r5, r1
10000952:	f3ef 8610 	mrs	r6, PRIMASK
10000956:	b672      	cpsid	i
10000958:	4b0c      	ldr	r3, [pc, #48]	@ (1000098c <irq_set_exclusive_handler+0x40>)
1000095a:	681b      	ldr	r3, [r3, #0]
1000095c:	2b00      	cmp	r3, #0
1000095e:	d0fb      	beq.n	10000958 <irq_set_exclusive_handler+0xc>
10000960:	f3bf 8f5f 	dmb	sy
10000964:	0020      	movs	r0, r4
10000966:	f7ff ffe9 	bl	1000093c <irq_get_vtable_handler>
1000096a:	4b09      	ldr	r3, [pc, #36]	@ (10000990 <irq_set_exclusive_handler+0x44>)
1000096c:	4298      	cmp	r0, r3
1000096e:	d001      	beq.n	10000974 <irq_set_exclusive_handler+0x28>
10000970:	42a8      	cmp	r0, r5
10000972:	d105      	bne.n	10000980 <irq_set_exclusive_handler+0x34>
10000974:	0032      	movs	r2, r6
10000976:	0029      	movs	r1, r5
10000978:	0020      	movs	r0, r4
1000097a:	f7ff ff39 	bl	100007f0 <set_raw_irq_handler_and_unlock>
1000097e:	bd70      	pop	{r4, r5, r6, pc}
10000980:	4b04      	ldr	r3, [pc, #16]	@ (10000994 <irq_set_exclusive_handler+0x48>)
10000982:	4a05      	ldr	r2, [pc, #20]	@ (10000998 <irq_set_exclusive_handler+0x4c>)
10000984:	4805      	ldr	r0, [pc, #20]	@ (1000099c <irq_set_exclusive_handler+0x50>)
10000986:	21ed      	movs	r1, #237	@ 0xed
10000988:	f003 f9d2 	bl	10003d30 <__assert_func>
1000098c:	d0000124 	.word	0xd0000124
10000990:	100001c1 	.word	0x100001c1
10000994:	10006c34 	.word	0x10006c34
10000998:	100077dc 	.word	0x100077dc
1000099c:	10006bb0 	.word	0x10006bb0

100009a0 <irq_add_shared_handler>:
100009a0:	b5f0      	push	{r4, r5, r6, r7, lr}
100009a2:	46de      	mov	lr, fp
100009a4:	4657      	mov	r7, sl
100009a6:	464e      	mov	r6, r9
100009a8:	4645      	mov	r5, r8
100009aa:	b5e0      	push	{r5, r6, r7, lr}
100009ac:	b089      	sub	sp, #36	@ 0x24
100009ae:	4681      	mov	r9, r0
100009b0:	9101      	str	r1, [sp, #4]
100009b2:	0015      	movs	r5, r2
100009b4:	f3ef 8b10 	mrs	fp, PRIMASK
100009b8:	b672      	cpsid	i
100009ba:	4b6f      	ldr	r3, [pc, #444]	@ (10000b78 <irq_add_shared_handler+0x1d8>)
100009bc:	681b      	ldr	r3, [r3, #0]
100009be:	2b00      	cmp	r3, #0
100009c0:	d0fb      	beq.n	100009ba <irq_add_shared_handler+0x1a>
100009c2:	f3bf 8f5f 	dmb	sy
100009c6:	4b6d      	ldr	r3, [pc, #436]	@ (10000b7c <irq_add_shared_handler+0x1dc>)
100009c8:	2600      	movs	r6, #0
100009ca:	579e      	ldrsb	r6, [r3, r6]
100009cc:	2e00      	cmp	r6, #0
100009ce:	db40      	blt.n	10000a52 <irq_add_shared_handler+0xb2>
100009d0:	0074      	lsls	r4, r6, #1
100009d2:	19a4      	adds	r4, r4, r6
100009d4:	00a4      	lsls	r4, r4, #2
100009d6:	486a      	ldr	r0, [pc, #424]	@ (10000b80 <irq_add_shared_handler+0x1e0>)
100009d8:	1824      	adds	r4, r4, r0
100009da:	2206      	movs	r2, #6
100009dc:	56a2      	ldrsb	r2, [r4, r2]
100009de:	4b67      	ldr	r3, [pc, #412]	@ (10000b7c <irq_add_shared_handler+0x1dc>)
100009e0:	701a      	strb	r2, [r3, #0]
100009e2:	4b68      	ldr	r3, [pc, #416]	@ (10000b84 <irq_add_shared_handler+0x1e4>)
100009e4:	689a      	ldr	r2, [r3, #8]
100009e6:	464b      	mov	r3, r9
100009e8:	3310      	adds	r3, #16
100009ea:	009b      	lsls	r3, r3, #2
100009ec:	58d3      	ldr	r3, [r2, r3]
100009ee:	4698      	mov	r8, r3
100009f0:	1a1b      	subs	r3, r3, r0
100009f2:	2b2f      	cmp	r3, #47	@ 0x2f
100009f4:	d93b      	bls.n	10000a6e <irq_add_shared_handler+0xce>
100009f6:	4b64      	ldr	r3, [pc, #400]	@ (10000b88 <irq_add_shared_handler+0x1e8>)
100009f8:	4598      	cmp	r8, r3
100009fa:	d131      	bne.n	10000a60 <irq_add_shared_handler+0xc0>
100009fc:	af05      	add	r7, sp, #20
100009fe:	4b63      	ldr	r3, [pc, #396]	@ (10000b8c <irq_add_shared_handler+0x1ec>)
10000a00:	803b      	strh	r3, [r7, #0]
10000a02:	4963      	ldr	r1, [pc, #396]	@ (10000b90 <irq_add_shared_handler+0x1f0>)
10000a04:	0073      	lsls	r3, r6, #1
10000a06:	469a      	mov	sl, r3
10000a08:	1998      	adds	r0, r3, r6
10000a0a:	0080      	lsls	r0, r0, #2
10000a0c:	4b5c      	ldr	r3, [pc, #368]	@ (10000b80 <irq_add_shared_handler+0x1e0>)
10000a0e:	4698      	mov	r8, r3
10000a10:	4440      	add	r0, r8
10000a12:	3002      	adds	r0, #2
10000a14:	f7ff ff2a 	bl	1000086c <make_j_16>
10000a18:	8078      	strh	r0, [r7, #2]
10000a1a:	4b5e      	ldr	r3, [pc, #376]	@ (10000b94 <irq_add_shared_handler+0x1f4>)
10000a1c:	80bb      	strh	r3, [r7, #4]
10000a1e:	23ff      	movs	r3, #255	@ 0xff
10000a20:	71bb      	strb	r3, [r7, #6]
10000a22:	71fd      	strb	r5, [r7, #7]
10000a24:	9b01      	ldr	r3, [sp, #4]
10000a26:	9307      	str	r3, [sp, #28]
10000a28:	0033      	movs	r3, r6
10000a2a:	4453      	add	r3, sl
10000a2c:	009b      	lsls	r3, r3, #2
10000a2e:	4443      	add	r3, r8
10000a30:	cf07      	ldmia	r7!, {r0, r1, r2}
10000a32:	c307      	stmia	r3!, {r0, r1, r2}
10000a34:	2301      	movs	r3, #1
10000a36:	431c      	orrs	r4, r3
10000a38:	46a0      	mov	r8, r4
10000a3a:	465a      	mov	r2, fp
10000a3c:	4641      	mov	r1, r8
10000a3e:	4648      	mov	r0, r9
10000a40:	f7ff fed6 	bl	100007f0 <set_raw_irq_handler_and_unlock>
10000a44:	b009      	add	sp, #36	@ 0x24
10000a46:	bcf0      	pop	{r4, r5, r6, r7}
10000a48:	46bb      	mov	fp, r7
10000a4a:	46b2      	mov	sl, r6
10000a4c:	46a9      	mov	r9, r5
10000a4e:	46a0      	mov	r8, r4
10000a50:	bdf0      	pop	{r4, r5, r6, r7, pc}
10000a52:	4b51      	ldr	r3, [pc, #324]	@ (10000b98 <irq_add_shared_handler+0x1f8>)
10000a54:	4a51      	ldr	r2, [pc, #324]	@ (10000b9c <irq_add_shared_handler+0x1fc>)
10000a56:	21be      	movs	r1, #190	@ 0xbe
10000a58:	4851      	ldr	r0, [pc, #324]	@ (10000ba0 <irq_add_shared_handler+0x200>)
10000a5a:	0049      	lsls	r1, r1, #1
10000a5c:	f003 f968 	bl	10003d30 <__assert_func>
10000a60:	4b50      	ldr	r3, [pc, #320]	@ (10000ba4 <irq_add_shared_handler+0x204>)
10000a62:	4a4e      	ldr	r2, [pc, #312]	@ (10000b9c <irq_add_shared_handler+0x1fc>)
10000a64:	2184      	movs	r1, #132	@ 0x84
10000a66:	484e      	ldr	r0, [pc, #312]	@ (10000ba0 <irq_add_shared_handler+0x200>)
10000a68:	31ff      	adds	r1, #255	@ 0xff
10000a6a:	f003 f961 	bl	10003d30 <__assert_func>
10000a6e:	2301      	movs	r3, #1
10000a70:	4642      	mov	r2, r8
10000a72:	439a      	bics	r2, r3
10000a74:	4692      	mov	sl, r2
10000a76:	1a10      	subs	r0, r2, r0
10000a78:	210c      	movs	r1, #12
10000a7a:	f001 f959 	bl	10001d30 <__wrap___aeabi_uidiv>
10000a7e:	2900      	cmp	r1, #0
10000a80:	d10f      	bne.n	10000aa2 <irq_add_shared_handler+0x102>
10000a82:	4653      	mov	r3, sl
10000a84:	2700      	movs	r7, #0
10000a86:	79da      	ldrb	r2, [r3, #7]
10000a88:	42aa      	cmp	r2, r5
10000a8a:	d912      	bls.n	10000ab2 <irq_add_shared_handler+0x112>
10000a8c:	2106      	movs	r1, #6
10000a8e:	5659      	ldrsb	r1, [r3, r1]
10000a90:	2900      	cmp	r1, #0
10000a92:	db0d      	blt.n	10000ab0 <irq_add_shared_handler+0x110>
10000a94:	004a      	lsls	r2, r1, #1
10000a96:	1852      	adds	r2, r2, r1
10000a98:	0092      	lsls	r2, r2, #2
10000a9a:	4939      	ldr	r1, [pc, #228]	@ (10000b80 <irq_add_shared_handler+0x1e0>)
10000a9c:	001f      	movs	r7, r3
10000a9e:	188b      	adds	r3, r1, r2
10000aa0:	e7f1      	b.n	10000a86 <irq_add_shared_handler+0xe6>
10000aa2:	4b41      	ldr	r3, [pc, #260]	@ (10000ba8 <irq_add_shared_handler+0x208>)
10000aa4:	4a3d      	ldr	r2, [pc, #244]	@ (10000b9c <irq_add_shared_handler+0x1fc>)
10000aa6:	21ca      	movs	r1, #202	@ 0xca
10000aa8:	483d      	ldr	r0, [pc, #244]	@ (10000ba0 <irq_add_shared_handler+0x200>)
10000aaa:	0049      	lsls	r1, r1, #1
10000aac:	f003 f940 	bl	10003d30 <__assert_func>
10000ab0:	001f      	movs	r7, r3
10000ab2:	2f00      	cmp	r7, #0
10000ab4:	d02e      	beq.n	10000b14 <irq_add_shared_handler+0x174>
10000ab6:	ab05      	add	r3, sp, #20
10000ab8:	4a3c      	ldr	r2, [pc, #240]	@ (10000bac <irq_add_shared_handler+0x20c>)
10000aba:	801a      	strh	r2, [r3, #0]
10000abc:	3a81      	subs	r2, #129	@ 0x81
10000abe:	805a      	strh	r2, [r3, #2]
10000ac0:	2306      	movs	r3, #6
10000ac2:	56fb      	ldrsb	r3, [r7, r3]
10000ac4:	9302      	str	r3, [sp, #8]
10000ac6:	2b00      	cmp	r3, #0
10000ac8:	da17      	bge.n	10000afa <irq_add_shared_handler+0x15a>
10000aca:	4839      	ldr	r0, [pc, #228]	@ (10000bb0 <irq_add_shared_handler+0x210>)
10000acc:	ab05      	add	r3, sp, #20
10000ace:	469a      	mov	sl, r3
10000ad0:	8098      	strh	r0, [r3, #4]
10000ad2:	9a02      	ldr	r2, [sp, #8]
10000ad4:	719a      	strb	r2, [r3, #6]
10000ad6:	71dd      	strb	r5, [r3, #7]
10000ad8:	9a01      	ldr	r2, [sp, #4]
10000ada:	9207      	str	r2, [sp, #28]
10000adc:	1d38      	adds	r0, r7, #4
10000ade:	0021      	movs	r1, r4
10000ae0:	f7ff fec4 	bl	1000086c <make_j_16>
10000ae4:	80b8      	strh	r0, [r7, #4]
10000ae6:	71be      	strb	r6, [r7, #6]
10000ae8:	4b25      	ldr	r3, [pc, #148]	@ (10000b80 <irq_add_shared_handler+0x1e0>)
10000aea:	0072      	lsls	r2, r6, #1
10000aec:	1992      	adds	r2, r2, r6
10000aee:	0092      	lsls	r2, r2, #2
10000af0:	189b      	adds	r3, r3, r2
10000af2:	4652      	mov	r2, sl
10000af4:	ca13      	ldmia	r2!, {r0, r1, r4}
10000af6:	c313      	stmia	r3!, {r0, r1, r4}
10000af8:	e79f      	b.n	10000a3a <irq_add_shared_handler+0x9a>
10000afa:	1d38      	adds	r0, r7, #4
10000afc:	f7ff fe9e 	bl	1000083c <resolve_j_16>
10000b00:	0001      	movs	r1, r0
10000b02:	0070      	lsls	r0, r6, #1
10000b04:	1980      	adds	r0, r0, r6
10000b06:	0080      	lsls	r0, r0, #2
10000b08:	4b1d      	ldr	r3, [pc, #116]	@ (10000b80 <irq_add_shared_handler+0x1e0>)
10000b0a:	18c0      	adds	r0, r0, r3
10000b0c:	3004      	adds	r0, #4
10000b0e:	f7ff fead 	bl	1000086c <make_j_16>
10000b12:	e7db      	b.n	10000acc <irq_add_shared_handler+0x12c>
10000b14:	af05      	add	r7, sp, #20
10000b16:	4b1d      	ldr	r3, [pc, #116]	@ (10000b8c <irq_add_shared_handler+0x1ec>)
10000b18:	803b      	strh	r3, [r7, #0]
10000b1a:	491d      	ldr	r1, [pc, #116]	@ (10000b90 <irq_add_shared_handler+0x1f0>)
10000b1c:	0073      	lsls	r3, r6, #1
10000b1e:	9302      	str	r3, [sp, #8]
10000b20:	199b      	adds	r3, r3, r6
10000b22:	009b      	lsls	r3, r3, #2
10000b24:	4a16      	ldr	r2, [pc, #88]	@ (10000b80 <irq_add_shared_handler+0x1e0>)
10000b26:	4690      	mov	r8, r2
10000b28:	001a      	movs	r2, r3
10000b2a:	4442      	add	r2, r8
10000b2c:	9203      	str	r2, [sp, #12]
10000b2e:	1c90      	adds	r0, r2, #2
10000b30:	f7ff fe9c 	bl	1000086c <make_j_16>
10000b34:	8078      	strh	r0, [r7, #2]
10000b36:	9a03      	ldr	r2, [sp, #12]
10000b38:	1d10      	adds	r0, r2, #4
10000b3a:	4651      	mov	r1, sl
10000b3c:	f7ff fe96 	bl	1000086c <make_j_16>
10000b40:	80b8      	strh	r0, [r7, #4]
10000b42:	4b1c      	ldr	r3, [pc, #112]	@ (10000bb4 <irq_add_shared_handler+0x214>)
10000b44:	4652      	mov	r2, sl
10000b46:	4641      	mov	r1, r8
10000b48:	1a52      	subs	r2, r2, r1
10000b4a:	4152      	adcs	r2, r2
10000b4c:	4353      	muls	r3, r2
10000b4e:	0d1b      	lsrs	r3, r3, #20
10000b50:	71bb      	strb	r3, [r7, #6]
10000b52:	71fd      	strb	r5, [r7, #7]
10000b54:	9a01      	ldr	r2, [sp, #4]
10000b56:	9207      	str	r2, [sp, #28]
10000b58:	9b02      	ldr	r3, [sp, #8]
10000b5a:	199b      	adds	r3, r3, r6
10000b5c:	009b      	lsls	r3, r3, #2
10000b5e:	4443      	add	r3, r8
10000b60:	cf07      	ldmia	r7!, {r0, r1, r2}
10000b62:	c307      	stmia	r3!, {r0, r1, r2}
10000b64:	4b11      	ldr	r3, [pc, #68]	@ (10000bac <irq_add_shared_handler+0x20c>)
10000b66:	4652      	mov	r2, sl
10000b68:	8013      	strh	r3, [r2, #0]
10000b6a:	3b81      	subs	r3, #129	@ 0x81
10000b6c:	8053      	strh	r3, [r2, #2]
10000b6e:	2301      	movs	r3, #1
10000b70:	431c      	orrs	r4, r3
10000b72:	46a0      	mov	r8, r4
10000b74:	e761      	b.n	10000a3a <irq_add_shared_handler+0x9a>
10000b76:	46c0      	nop			@ (mov r8, r8)
10000b78:	d0000124 	.word	0xd0000124
10000b7c:	2000322a 	.word	0x2000322a
10000b80:	20000bec 	.word	0x20000bec
10000b84:	e000ed00 	.word	0xe000ed00
10000b88:	100001c1 	.word	0x100001c1
10000b8c:	ffffa100 	.word	0xffffa100
10000b90:	20000c1c 	.word	0x20000c1c
10000b94:	ffffbd01 	.word	0xffffbd01
10000b98:	10006c6c 	.word	0x10006c6c
10000b9c:	100077c4 	.word	0x100077c4
10000ba0:	10006bb0 	.word	0x10006bb0
10000ba4:	10006c94 	.word	0x10006c94
10000ba8:	10006cbc 	.word	0x10006cbc
10000bac:	00004801 	.word	0x00004801
10000bb0:	0000bd01 	.word	0x0000bd01
10000bb4:	0000aaaa 	.word	0x0000aaaa

10000bb8 <irq_remove_handler>:
10000bb8:	b5f0      	push	{r4, r5, r6, r7, lr}
10000bba:	46ce      	mov	lr, r9
10000bbc:	4647      	mov	r7, r8
10000bbe:	b580      	push	{r7, lr}
10000bc0:	b083      	sub	sp, #12
10000bc2:	0006      	movs	r6, r0
10000bc4:	000d      	movs	r5, r1
10000bc6:	f3ef 8810 	mrs	r8, PRIMASK
10000bca:	b672      	cpsid	i
10000bcc:	4b4f      	ldr	r3, [pc, #316]	@ (10000d0c <irq_remove_handler+0x154>)
10000bce:	681b      	ldr	r3, [r3, #0]
10000bd0:	2b00      	cmp	r3, #0
10000bd2:	d0fb      	beq.n	10000bcc <irq_remove_handler+0x14>
10000bd4:	f3bf 8f5f 	dmb	sy
10000bd8:	4b4d      	ldr	r3, [pc, #308]	@ (10000d10 <irq_remove_handler+0x158>)
10000bda:	689a      	ldr	r2, [r3, #8]
10000bdc:	0034      	movs	r4, r6
10000bde:	3410      	adds	r4, #16
10000be0:	00a3      	lsls	r3, r4, #2
10000be2:	58d7      	ldr	r7, [r2, r3]
10000be4:	4b4b      	ldr	r3, [pc, #300]	@ (10000d14 <irq_remove_handler+0x15c>)
10000be6:	429f      	cmp	r7, r3
10000be8:	d007      	beq.n	10000bfa <irq_remove_handler+0x42>
10000bea:	42af      	cmp	r7, r5
10000bec:	d100      	bne.n	10000bf0 <irq_remove_handler+0x38>
10000bee:	e08a      	b.n	10000d06 <irq_remove_handler+0x14e>
10000bf0:	9701      	str	r7, [sp, #4]
10000bf2:	4b49      	ldr	r3, [pc, #292]	@ (10000d18 <irq_remove_handler+0x160>)
10000bf4:	1afb      	subs	r3, r7, r3
10000bf6:	2b2f      	cmp	r3, #47	@ 0x2f
10000bf8:	d909      	bls.n	10000c0e <irq_remove_handler+0x56>
10000bfa:	4642      	mov	r2, r8
10000bfc:	0039      	movs	r1, r7
10000bfe:	0030      	movs	r0, r6
10000c00:	f7ff fdf6 	bl	100007f0 <set_raw_irq_handler_and_unlock>
10000c04:	b003      	add	sp, #12
10000c06:	bcc0      	pop	{r6, r7}
10000c08:	46b9      	mov	r9, r7
10000c0a:	46b0      	mov	r8, r6
10000c0c:	bdf0      	pop	{r4, r5, r6, r7, pc}
10000c0e:	0030      	movs	r0, r6
10000c10:	f7ff fe70 	bl	100008f4 <irq_is_enabled>
10000c14:	4681      	mov	r9, r0
10000c16:	2100      	movs	r1, #0
10000c18:	0030      	movs	r0, r6
10000c1a:	f7ff fe85 	bl	10000928 <irq_set_enabled>
10000c1e:	f3bf 8f5f 	dmb	sy
10000c22:	f3ef 8105 	mrs	r1, IPSR
10000c26:	2900      	cmp	r1, #0
10000c28:	d001      	beq.n	10000c2e <irq_remove_handler+0x76>
10000c2a:	428c      	cmp	r4, r1
10000c2c:	d111      	bne.n	10000c52 <irq_remove_handler+0x9a>
10000c2e:	2301      	movs	r3, #1
10000c30:	9c01      	ldr	r4, [sp, #4]
10000c32:	439c      	bics	r4, r3
10000c34:	2000      	movs	r0, #0
10000c36:	68a3      	ldr	r3, [r4, #8]
10000c38:	429d      	cmp	r5, r3
10000c3a:	d011      	beq.n	10000c60 <irq_remove_handler+0xa8>
10000c3c:	2206      	movs	r2, #6
10000c3e:	56a2      	ldrsb	r2, [r4, r2]
10000c40:	2a00      	cmp	r2, #0
10000c42:	db0c      	blt.n	10000c5e <irq_remove_handler+0xa6>
10000c44:	0053      	lsls	r3, r2, #1
10000c46:	189b      	adds	r3, r3, r2
10000c48:	009b      	lsls	r3, r3, #2
10000c4a:	4a33      	ldr	r2, [pc, #204]	@ (10000d18 <irq_remove_handler+0x160>)
10000c4c:	0020      	movs	r0, r4
10000c4e:	18d4      	adds	r4, r2, r3
10000c50:	e7f1      	b.n	10000c36 <irq_remove_handler+0x7e>
10000c52:	4b32      	ldr	r3, [pc, #200]	@ (10000d1c <irq_remove_handler+0x164>)
10000c54:	4a32      	ldr	r2, [pc, #200]	@ (10000d20 <irq_remove_handler+0x168>)
10000c56:	4833      	ldr	r0, [pc, #204]	@ (10000d24 <irq_remove_handler+0x16c>)
10000c58:	4933      	ldr	r1, [pc, #204]	@ (10000d28 <irq_remove_handler+0x170>)
10000c5a:	f003 f869 	bl	10003d30 <__assert_func>
10000c5e:	0020      	movs	r0, r4
10000c60:	429d      	cmp	r5, r3
10000c62:	d149      	bne.n	10000cf8 <irq_remove_handler+0x140>
10000c64:	2506      	movs	r5, #6
10000c66:	5765      	ldrsb	r5, [r4, r5]
10000c68:	2d00      	cmp	r5, #0
10000c6a:	db2b      	blt.n	10000cc4 <irq_remove_handler+0x10c>
10000c6c:	4b2a      	ldr	r3, [pc, #168]	@ (10000d18 <irq_remove_handler+0x160>)
10000c6e:	006a      	lsls	r2, r5, #1
10000c70:	1952      	adds	r2, r2, r5
10000c72:	0092      	lsls	r2, r2, #2
10000c74:	189b      	adds	r3, r3, r2
10000c76:	689a      	ldr	r2, [r3, #8]
10000c78:	60a2      	str	r2, [r4, #8]
10000c7a:	79da      	ldrb	r2, [r3, #7]
10000c7c:	71e2      	strb	r2, [r4, #7]
10000c7e:	799b      	ldrb	r3, [r3, #6]
10000c80:	b25b      	sxtb	r3, r3
10000c82:	71a3      	strb	r3, [r4, #6]
10000c84:	2b00      	cmp	r3, #0
10000c86:	da0f      	bge.n	10000ca8 <irq_remove_handler+0xf0>
10000c88:	4828      	ldr	r0, [pc, #160]	@ (10000d2c <irq_remove_handler+0x174>)
10000c8a:	80a0      	strh	r0, [r4, #4]
10000c8c:	4b22      	ldr	r3, [pc, #136]	@ (10000d18 <irq_remove_handler+0x160>)
10000c8e:	006a      	lsls	r2, r5, #1
10000c90:	1952      	adds	r2, r2, r5
10000c92:	0092      	lsls	r2, r2, #2
10000c94:	189b      	adds	r3, r3, r2
10000c96:	4a26      	ldr	r2, [pc, #152]	@ (10000d30 <irq_remove_handler+0x178>)
10000c98:	7811      	ldrb	r1, [r2, #0]
10000c9a:	7199      	strb	r1, [r3, #6]
10000c9c:	7015      	strb	r5, [r2, #0]
10000c9e:	4649      	mov	r1, r9
10000ca0:	0030      	movs	r0, r6
10000ca2:	f7ff fe41 	bl	10000928 <irq_set_enabled>
10000ca6:	e7a8      	b.n	10000bfa <irq_remove_handler+0x42>
10000ca8:	0068      	lsls	r0, r5, #1
10000caa:	1940      	adds	r0, r0, r5
10000cac:	0080      	lsls	r0, r0, #2
10000cae:	4b1a      	ldr	r3, [pc, #104]	@ (10000d18 <irq_remove_handler+0x160>)
10000cb0:	18c0      	adds	r0, r0, r3
10000cb2:	3004      	adds	r0, #4
10000cb4:	f7ff fdc2 	bl	1000083c <resolve_j_16>
10000cb8:	0001      	movs	r1, r0
10000cba:	1d23      	adds	r3, r4, #4
10000cbc:	0018      	movs	r0, r3
10000cbe:	f7ff fdd5 	bl	1000086c <make_j_16>
10000cc2:	e7e2      	b.n	10000c8a <irq_remove_handler+0xd2>
10000cc4:	2900      	cmp	r1, #0
10000cc6:	d112      	bne.n	10000cee <irq_remove_handler+0x136>
10000cc8:	2800      	cmp	r0, #0
10000cca:	d00e      	beq.n	10000cea <irq_remove_handler+0x132>
10000ccc:	23ff      	movs	r3, #255	@ 0xff
10000cce:	7183      	strb	r3, [r0, #6]
10000cd0:	4b18      	ldr	r3, [pc, #96]	@ (10000d34 <irq_remove_handler+0x17c>)
10000cd2:	8083      	strh	r3, [r0, #4]
10000cd4:	4916      	ldr	r1, [pc, #88]	@ (10000d30 <irq_remove_handler+0x178>)
10000cd6:	780b      	ldrb	r3, [r1, #0]
10000cd8:	71a3      	strb	r3, [r4, #6]
10000cda:	4a0f      	ldr	r2, [pc, #60]	@ (10000d18 <irq_remove_handler+0x160>)
10000cdc:	4b16      	ldr	r3, [pc, #88]	@ (10000d38 <irq_remove_handler+0x180>)
10000cde:	1aa4      	subs	r4, r4, r2
10000ce0:	4164      	adcs	r4, r4
10000ce2:	4363      	muls	r3, r4
10000ce4:	0d1b      	lsrs	r3, r3, #20
10000ce6:	700b      	strb	r3, [r1, #0]
10000ce8:	e7d9      	b.n	10000c9e <irq_remove_handler+0xe6>
10000cea:	4f0a      	ldr	r7, [pc, #40]	@ (10000d14 <irq_remove_handler+0x15c>)
10000cec:	e7f2      	b.n	10000cd4 <irq_remove_handler+0x11c>
10000cee:	4913      	ldr	r1, [pc, #76]	@ (10000d3c <irq_remove_handler+0x184>)
10000cf0:	1d20      	adds	r0, r4, #4
10000cf2:	f7ff fddf 	bl	100008b4 <insert_bl_32>
10000cf6:	e7d2      	b.n	10000c9e <irq_remove_handler+0xe6>
10000cf8:	4b11      	ldr	r3, [pc, #68]	@ (10000d40 <irq_remove_handler+0x188>)
10000cfa:	4a09      	ldr	r2, [pc, #36]	@ (10000d20 <irq_remove_handler+0x168>)
10000cfc:	2191      	movs	r1, #145	@ 0x91
10000cfe:	4809      	ldr	r0, [pc, #36]	@ (10000d24 <irq_remove_handler+0x16c>)
10000d00:	0089      	lsls	r1, r1, #2
10000d02:	f003 f815 	bl	10003d30 <__assert_func>
10000d06:	4f03      	ldr	r7, [pc, #12]	@ (10000d14 <irq_remove_handler+0x15c>)
10000d08:	e777      	b.n	10000bfa <irq_remove_handler+0x42>
10000d0a:	46c0      	nop			@ (mov r8, r8)
10000d0c:	d0000124 	.word	0xd0000124
10000d10:	e000ed00 	.word	0xe000ed00
10000d14:	100001c1 	.word	0x100001c1
10000d18:	20000bec 	.word	0x20000bec
10000d1c:	10006d40 	.word	0x10006d40
10000d20:	10007794 	.word	0x10007794
10000d24:	10006bb0 	.word	0x10006bb0
10000d28:	00000202 	.word	0x00000202
10000d2c:	0000bd01 	.word	0x0000bd01
10000d30:	2000322a 	.word	0x2000322a
10000d34:	ffffbd01 	.word	0xffffbd01
10000d38:	0000aaaa 	.word	0x0000aaaa
10000d3c:	20000c26 	.word	0x20000c26
10000d40:	10006d74 	.word	0x10006d74

10000d44 <irq_add_tail_to_free_list>:
10000d44:	b5f8      	push	{r3, r4, r5, r6, r7, lr}
10000d46:	2201      	movs	r2, #1
10000d48:	4302      	orrs	r2, r0
10000d4a:	4b2c      	ldr	r3, [pc, #176]	@ (10000dfc <irq_add_tail_to_free_list+0xb8>)
10000d4c:	1ad3      	subs	r3, r2, r3
10000d4e:	2b2f      	cmp	r3, #47	@ 0x2f
10000d50:	d828      	bhi.n	10000da4 <irq_add_tail_to_free_list+0x60>
10000d52:	f3ef 8305 	mrs	r3, IPSR
10000d56:	2b00      	cmp	r3, #0
10000d58:	d02a      	beq.n	10000db0 <irq_add_tail_to_free_list+0x6c>
10000d5a:	f3ef 8410 	mrs	r4, PRIMASK
10000d5e:	b672      	cpsid	i
10000d60:	4927      	ldr	r1, [pc, #156]	@ (10000e00 <irq_add_tail_to_free_list+0xbc>)
10000d62:	6809      	ldr	r1, [r1, #0]
10000d64:	2900      	cmp	r1, #0
10000d66:	d0fb      	beq.n	10000d60 <irq_add_tail_to_free_list+0x1c>
10000d68:	f3bf 8f5f 	dmb	sy
10000d6c:	4d23      	ldr	r5, [pc, #140]	@ (10000dfc <irq_add_tail_to_free_list+0xb8>)
10000d6e:	4925      	ldr	r1, [pc, #148]	@ (10000e04 <irq_add_tail_to_free_list+0xc0>)
10000d70:	0006      	movs	r6, r0
10000d72:	1b76      	subs	r6, r6, r5
10000d74:	4176      	adcs	r6, r6
10000d76:	4371      	muls	r1, r6
10000d78:	0d09      	lsrs	r1, r1, #20
10000d7a:	b24d      	sxtb	r5, r1
10000d7c:	4922      	ldr	r1, [pc, #136]	@ (10000e08 <irq_add_tail_to_free_list+0xc4>)
10000d7e:	6889      	ldr	r1, [r1, #8]
10000d80:	009b      	lsls	r3, r3, #2
10000d82:	58c9      	ldr	r1, [r1, r3]
10000d84:	4291      	cmp	r1, r2
10000d86:	d019      	beq.n	10000dbc <irq_add_tail_to_free_list+0x78>
10000d88:	2100      	movs	r1, #0
10000d8a:	2903      	cmp	r1, #3
10000d8c:	d830      	bhi.n	10000df0 <irq_add_tail_to_free_list+0xac>
10000d8e:	4b1b      	ldr	r3, [pc, #108]	@ (10000dfc <irq_add_tail_to_free_list+0xb8>)
10000d90:	004a      	lsls	r2, r1, #1
10000d92:	1852      	adds	r2, r2, r1
10000d94:	0092      	lsls	r2, r2, #2
10000d96:	189b      	adds	r3, r3, r2
10000d98:	799b      	ldrb	r3, [r3, #6]
10000d9a:	b25b      	sxtb	r3, r3
10000d9c:	42ab      	cmp	r3, r5
10000d9e:	d01d      	beq.n	10000ddc <irq_add_tail_to_free_list+0x98>
10000da0:	3101      	adds	r1, #1
10000da2:	e7f2      	b.n	10000d8a <irq_add_tail_to_free_list+0x46>
10000da4:	4b19      	ldr	r3, [pc, #100]	@ (10000e0c <irq_add_tail_to_free_list+0xc8>)
10000da6:	4a1a      	ldr	r2, [pc, #104]	@ (10000e10 <irq_add_tail_to_free_list+0xcc>)
10000da8:	481a      	ldr	r0, [pc, #104]	@ (10000e14 <irq_add_tail_to_free_list+0xd0>)
10000daa:	491b      	ldr	r1, [pc, #108]	@ (10000e18 <irq_add_tail_to_free_list+0xd4>)
10000dac:	f002 ffc0 	bl	10003d30 <__assert_func>
10000db0:	4b1a      	ldr	r3, [pc, #104]	@ (10000e1c <irq_add_tail_to_free_list+0xd8>)
10000db2:	4a17      	ldr	r2, [pc, #92]	@ (10000e10 <irq_add_tail_to_free_list+0xcc>)
10000db4:	4817      	ldr	r0, [pc, #92]	@ (10000e14 <irq_add_tail_to_free_list+0xd0>)
10000db6:	491a      	ldr	r1, [pc, #104]	@ (10000e20 <irq_add_tail_to_free_list+0xdc>)
10000db8:	f002 ffba 	bl	10003d30 <__assert_func>
10000dbc:	4a12      	ldr	r2, [pc, #72]	@ (10000e08 <irq_add_tail_to_free_list+0xc4>)
10000dbe:	6892      	ldr	r2, [r2, #8]
10000dc0:	4918      	ldr	r1, [pc, #96]	@ (10000e24 <irq_add_tail_to_free_list+0xe0>)
10000dc2:	50d1      	str	r1, [r2, r3]
10000dc4:	4b18      	ldr	r3, [pc, #96]	@ (10000e28 <irq_add_tail_to_free_list+0xe4>)
10000dc6:	781a      	ldrb	r2, [r3, #0]
10000dc8:	7182      	strb	r2, [r0, #6]
10000dca:	701d      	strb	r5, [r3, #0]
10000dcc:	f3bf 8f5f 	dmb	sy
10000dd0:	4b0b      	ldr	r3, [pc, #44]	@ (10000e00 <irq_add_tail_to_free_list+0xbc>)
10000dd2:	2200      	movs	r2, #0
10000dd4:	601a      	str	r2, [r3, #0]
10000dd6:	f384 8810 	msr	PRIMASK, r4
10000dda:	bdf8      	pop	{r3, r4, r5, r6, r7, pc}
10000ddc:	4b07      	ldr	r3, [pc, #28]	@ (10000dfc <irq_add_tail_to_free_list+0xb8>)
10000dde:	004a      	lsls	r2, r1, #1
10000de0:	1856      	adds	r6, r2, r1
10000de2:	00b6      	lsls	r6, r6, #2
10000de4:	199e      	adds	r6, r3, r6
10000de6:	27ff      	movs	r7, #255	@ 0xff
10000de8:	71b7      	strb	r7, [r6, #6]
10000dea:	4a10      	ldr	r2, [pc, #64]	@ (10000e2c <irq_add_tail_to_free_list+0xe8>)
10000dec:	80b2      	strh	r2, [r6, #4]
10000dee:	e7e9      	b.n	10000dc4 <irq_add_tail_to_free_list+0x80>
10000df0:	4b0f      	ldr	r3, [pc, #60]	@ (10000e30 <irq_add_tail_to_free_list+0xec>)
10000df2:	4a07      	ldr	r2, [pc, #28]	@ (10000e10 <irq_add_tail_to_free_list+0xcc>)
10000df4:	4807      	ldr	r0, [pc, #28]	@ (10000e14 <irq_add_tail_to_free_list+0xd0>)
10000df6:	490f      	ldr	r1, [pc, #60]	@ (10000e34 <irq_add_tail_to_free_list+0xf0>)
10000df8:	f002 ff9a 	bl	10003d30 <__assert_func>
10000dfc:	20000bec 	.word	0x20000bec
10000e00:	d0000124 	.word	0xd0000124
10000e04:	0000aaaa 	.word	0x0000aaaa
10000e08:	e000ed00 	.word	0xe000ed00
10000e0c:	10006d7c 	.word	0x10006d7c
10000e10:	10007768 	.word	0x10007768
10000e14:	10006bb0 	.word	0x10006bb0
10000e18:	0000027f 	.word	0x0000027f
10000e1c:	10006da4 	.word	0x10006da4
10000e20:	00000282 	.word	0x00000282
10000e24:	100001c1 	.word	0x100001c1
10000e28:	2000322a 	.word	0x2000322a
10000e2c:	ffffbd01 	.word	0xffffbd01
10000e30:	10006db0 	.word	0x10006db0
10000e34:	00000293 	.word	0x00000293

10000e38 <lock_init>:
10000e38:	4b02      	ldr	r3, [pc, #8]	@ (10000e44 <lock_init+0xc>)
10000e3a:	469c      	mov	ip, r3
10000e3c:	4461      	add	r1, ip
10000e3e:	0089      	lsls	r1, r1, #2
10000e40:	6001      	str	r1, [r0, #0]
10000e42:	4770      	bx	lr
10000e44:	34000040 	.word	0x34000040

10000e48 <mutex_init>:
10000e48:	b510      	push	{r4, lr}
10000e4a:	0004      	movs	r4, r0
10000e4c:	f7ff fca0 	bl	10000790 <next_striped_spin_lock_num>
10000e50:	0001      	movs	r1, r0
10000e52:	0020      	movs	r0, r4
10000e54:	f7ff fff0 	bl	10000e38 <lock_init>
10000e58:	23ff      	movs	r3, #255	@ 0xff
10000e5a:	7123      	strb	r3, [r4, #4]
10000e5c:	f3bf 8f5f 	dmb	sy
10000e60:	bd10      	pop	{r4, pc}

10000e62 <recursive_mutex_init>:
10000e62:	b510      	push	{r4, lr}
10000e64:	0004      	movs	r4, r0
10000e66:	f7ff fc93 	bl	10000790 <next_striped_spin_lock_num>
10000e6a:	0001      	movs	r1, r0
10000e6c:	0020      	movs	r0, r4
10000e6e:	f7ff ffe3 	bl	10000e38 <lock_init>
10000e72:	23ff      	movs	r3, #255	@ 0xff
10000e74:	7123      	strb	r3, [r4, #4]
10000e76:	2300      	movs	r3, #0
10000e78:	7163      	strb	r3, [r4, #5]
10000e7a:	f3bf 8f5f 	dmb	sy
10000e7e:	bd10      	pop	{r4, pc}

10000e80 <runtime_init_mutex>:
10000e80:	b510      	push	{r4, lr}
10000e82:	4c0d      	ldr	r4, [pc, #52]	@ (10000eb8 <runtime_init_mutex+0x38>)
10000e84:	e009      	b.n	10000e9a <runtime_init_mutex+0x1a>
10000e86:	4b0d      	ldr	r3, [pc, #52]	@ (10000ebc <runtime_init_mutex+0x3c>)
10000e88:	4a0d      	ldr	r2, [pc, #52]	@ (10000ec0 <runtime_init_mutex+0x40>)
10000e8a:	480e      	ldr	r0, [pc, #56]	@ (10000ec4 <runtime_init_mutex+0x44>)
10000e8c:	211a      	movs	r1, #26
10000e8e:	f002 ff4f 	bl	10003d30 <__assert_func>
10000e92:	0020      	movs	r0, r4
10000e94:	f7ff ffd8 	bl	10000e48 <mutex_init>
10000e98:	3408      	adds	r4, #8
10000e9a:	4b0b      	ldr	r3, [pc, #44]	@ (10000ec8 <runtime_init_mutex+0x48>)
10000e9c:	429c      	cmp	r4, r3
10000e9e:	d209      	bcs.n	10000eb4 <runtime_init_mutex+0x34>
10000ea0:	6823      	ldr	r3, [r4, #0]
10000ea2:	2b00      	cmp	r3, #0
10000ea4:	d0f5      	beq.n	10000e92 <runtime_init_mutex+0x12>
10000ea6:	2b01      	cmp	r3, #1
10000ea8:	d1ed      	bne.n	10000e86 <runtime_init_mutex+0x6>
10000eaa:	0020      	movs	r0, r4
10000eac:	f7ff ffd9 	bl	10000e62 <recursive_mutex_init>
10000eb0:	3408      	adds	r4, #8
10000eb2:	e7f2      	b.n	10000e9a <runtime_init_mutex+0x1a>
10000eb4:	bd10      	pop	{r4, pc}
10000eb6:	46c0      	nop			@ (mov r8, r8)
10000eb8:	20000cc4 	.word	0x20000cc4
10000ebc:	10006db8 	.word	0x10006db8
10000ec0:	1000781c 	.word	0x1000781c
10000ec4:	10006dd8 	.word	0x10006dd8
10000ec8:	20000ccc 	.word	0x20000ccc

10000ecc <critical_section_init_with_lock_num>:
10000ecc:	4b03      	ldr	r3, [pc, #12]	@ (10000edc <critical_section_init_with_lock_num+0x10>)
10000ece:	469c      	mov	ip, r3
10000ed0:	4461      	add	r1, ip
10000ed2:	0089      	lsls	r1, r1, #2
10000ed4:	6001      	str	r1, [r0, #0]
10000ed6:	f3bf 8f5f 	dmb	sy
10000eda:	4770      	bx	lr
10000edc:	34000040 	.word	0x34000040

10000ee0 <critical_section_init>:
10000ee0:	b510      	push	{r4, lr}
10000ee2:	0004      	movs	r4, r0
10000ee4:	2001      	movs	r0, #1
10000ee6:	f7ff fc61 	bl	100007ac <spin_lock_claim_unused>
10000eea:	0001      	movs	r1, r0
10000eec:	0020      	movs	r0, r4
10000eee:	f7ff ffed 	bl	10000ecc <critical_section_init_with_lock_num>
10000ef2:	bd10      	pop	{r4, pc}

10000ef4 <ta_set_timeout>:
10000ef4:	b530      	push	{r4, r5, lr}
10000ef6:	6a84      	ldr	r4, [r0, #40]	@ 0x28
10000ef8:	1b15      	subs	r5, r2, r4
10000efa:	1d0b      	adds	r3, r1, #4
10000efc:	009b      	lsls	r3, r3, #2
10000efe:	581b      	ldr	r3, [r3, r0]
10000f00:	1b1b      	subs	r3, r3, r4
10000f02:	429d      	cmp	r5, r3
10000f04:	d304      	bcc.n	10000f10 <ta_set_timeout+0x1c>
10000f06:	6a04      	ldr	r4, [r0, #32]
10000f08:	2301      	movs	r3, #1
10000f0a:	408b      	lsls	r3, r1
10000f0c:	4223      	tst	r3, r4
10000f0e:	d102      	bne.n	10000f16 <ta_set_timeout+0x22>
10000f10:	3104      	adds	r1, #4
10000f12:	0089      	lsls	r1, r1, #2
10000f14:	500a      	str	r2, [r1, r0]
10000f16:	bd30      	pop	{r4, r5, pc}

10000f18 <make_alarm_id>:
10000f18:	0400      	lsls	r0, r0, #16
10000f1a:	4308      	orrs	r0, r1
10000f1c:	4770      	bx	lr
	...

10000f20 <sleep_until_callback>:
10000f20:	4b0a      	ldr	r3, [pc, #40]	@ (10000f4c <sleep_until_callback+0x2c>)
10000f22:	6819      	ldr	r1, [r3, #0]
10000f24:	f3ef 8310 	mrs	r3, PRIMASK
10000f28:	b672      	cpsid	i
10000f2a:	680a      	ldr	r2, [r1, #0]
10000f2c:	2a00      	cmp	r2, #0
10000f2e:	d0fc      	beq.n	10000f2a <sleep_until_callback+0xa>
10000f30:	f3bf 8f5f 	dmb	sy
10000f34:	4a05      	ldr	r2, [pc, #20]	@ (10000f4c <sleep_until_callback+0x2c>)
10000f36:	6812      	ldr	r2, [r2, #0]
10000f38:	f3bf 8f5f 	dmb	sy
10000f3c:	2100      	movs	r1, #0
10000f3e:	6011      	str	r1, [r2, #0]
10000f40:	f383 8810 	msr	PRIMASK, r3
10000f44:	bf40      	sev
10000f46:	2000      	movs	r0, #0
10000f48:	2100      	movs	r1, #0
10000f4a:	4770      	bx	lr
10000f4c:	2000320c 	.word	0x2000320c

10000f50 <alarm_pool_irq_handler>:
10000f50:	b5f0      	push	{r4, r5, r6, r7, lr}
10000f52:	46de      	mov	lr, fp
10000f54:	4657      	mov	r7, sl
10000f56:	464e      	mov	r6, r9
10000f58:	4645      	mov	r5, r8
10000f5a:	b5e0      	push	{r5, r6, r7, lr}
10000f5c:	b087      	sub	sp, #28
10000f5e:	f3ef 8305 	mrs	r3, IPSR
10000f62:	2203      	movs	r2, #3
10000f64:	401a      	ands	r2, r3
10000f66:	4692      	mov	sl, r2
10000f68:	4bae      	ldr	r3, [pc, #696]	@ (10001224 <alarm_pool_irq_handler+0x2d4>)
10000f6a:	0092      	lsls	r2, r2, #2
10000f6c:	58d7      	ldr	r7, [r2, r3]
10000f6e:	783b      	ldrb	r3, [r7, #0]
10000f70:	4553      	cmp	r3, sl
10000f72:	d107      	bne.n	10000f84 <alarm_pool_irq_handler+0x34>
10000f74:	2301      	movs	r3, #1
10000f76:	4652      	mov	r2, sl
10000f78:	4093      	lsls	r3, r2
10000f7a:	4699      	mov	r9, r3
10000f7c:	4baa      	ldr	r3, [pc, #680]	@ (10001228 <alarm_pool_irq_handler+0x2d8>)
10000f7e:	464a      	mov	r2, r9
10000f80:	601a      	str	r2, [r3, #0]
10000f82:	e125      	b.n	100011d0 <alarm_pool_irq_handler+0x280>
10000f84:	4ba9      	ldr	r3, [pc, #676]	@ (1000122c <alarm_pool_irq_handler+0x2dc>)
10000f86:	4aaa      	ldr	r2, [pc, #680]	@ (10001230 <alarm_pool_irq_handler+0x2e0>)
10000f88:	48aa      	ldr	r0, [pc, #680]	@ (10001234 <alarm_pool_irq_handler+0x2e4>)
10000f8a:	2192      	movs	r1, #146	@ 0x92
10000f8c:	f002 fed0 	bl	10003d30 <__assert_func>
10000f90:	697a      	ldr	r2, [r7, #20]
10000f92:	0073      	lsls	r3, r6, #1
10000f94:	199b      	adds	r3, r3, r6
10000f96:	00db      	lsls	r3, r3, #3
10000f98:	4690      	mov	r8, r2
10000f9a:	4498      	add	r8, r3
10000f9c:	4643      	mov	r3, r8
10000f9e:	689c      	ldr	r4, [r3, #8]
10000fa0:	68dd      	ldr	r5, [r3, #12]
10000fa2:	48a5      	ldr	r0, [pc, #660]	@ (10001238 <alarm_pool_irq_handler+0x2e8>)
10000fa4:	f000 fb3a 	bl	1000161c <timer_time_us_64>
10000fa8:	1b00      	subs	r0, r0, r4
10000faa:	41a9      	sbcs	r1, r5
10000fac:	2900      	cmp	r1, #0
10000fae:	da00      	bge.n	10000fb2 <alarm_pool_irq_handler+0x62>
10000fb0:	e116      	b.n	100011e0 <alarm_pool_irq_handler+0x290>
10000fb2:	2d00      	cmp	r5, #0
10000fb4:	db74      	blt.n	100010a0 <alarm_pool_irq_handler+0x150>
10000fb6:	4643      	mov	r3, r8
10000fb8:	691b      	ldr	r3, [r3, #16]
10000fba:	469b      	mov	fp, r3
10000fbc:	4b9f      	ldr	r3, [pc, #636]	@ (1000123c <alarm_pool_irq_handler+0x2ec>)
10000fbe:	459b      	cmp	fp, r3
10000fc0:	d04f      	beq.n	10001062 <alarm_pool_irq_handler+0x112>
10000fc2:	2308      	movs	r3, #8
10000fc4:	5ef8      	ldrsh	r0, [r7, r3]
10000fc6:	4643      	mov	r3, r8
10000fc8:	8859      	ldrh	r1, [r3, #2]
10000fca:	b289      	uxth	r1, r1
10000fcc:	f7ff ffa4 	bl	10000f18 <make_alarm_id>
10000fd0:	4643      	mov	r3, r8
10000fd2:	6959      	ldr	r1, [r3, #20]
10000fd4:	47d8      	blx	fp
10000fd6:	9002      	str	r0, [sp, #8]
10000fd8:	9103      	str	r1, [sp, #12]
10000fda:	9902      	ldr	r1, [sp, #8]
10000fdc:	9a03      	ldr	r2, [sp, #12]
10000fde:	000b      	movs	r3, r1
10000fe0:	0010      	movs	r0, r2
10000fe2:	4313      	orrs	r3, r2
10000fe4:	d05c      	beq.n	100010a0 <alarm_pool_irq_handler+0x150>
10000fe6:	0013      	movs	r3, r2
10000fe8:	000a      	movs	r2, r1
10000fea:	2800      	cmp	r0, #0
10000fec:	da47      	bge.n	1000107e <alarm_pool_irq_handler+0x12e>
10000fee:	1aa4      	subs	r4, r4, r2
10000ff0:	419d      	sbcs	r5, r3
10000ff2:	9400      	str	r4, [sp, #0]
10000ff4:	9501      	str	r5, [sp, #4]
10000ff6:	4643      	mov	r3, r8
10000ff8:	9c00      	ldr	r4, [sp, #0]
10000ffa:	9d01      	ldr	r5, [sp, #4]
10000ffc:	609c      	str	r4, [r3, #8]
10000ffe:	60dd      	str	r5, [r3, #12]
10001000:	2100      	movs	r1, #0
10001002:	5e59      	ldrsh	r1, [r3, r1]
10001004:	2900      	cmp	r1, #0
10001006:	da00      	bge.n	1000100a <alarm_pool_irq_handler+0xba>
10001008:	e0ea      	b.n	100011e0 <alarm_pool_irq_handler+0x290>
1000100a:	6978      	ldr	r0, [r7, #20]
1000100c:	004b      	lsls	r3, r1, #1
1000100e:	185b      	adds	r3, r3, r1
10001010:	00db      	lsls	r3, r3, #3
10001012:	18c3      	adds	r3, r0, r3
10001014:	689a      	ldr	r2, [r3, #8]
10001016:	68db      	ldr	r3, [r3, #12]
10001018:	1aa4      	subs	r4, r4, r2
1000101a:	419d      	sbcs	r5, r3
1000101c:	2d00      	cmp	r5, #0
1000101e:	da00      	bge.n	10001022 <alarm_pool_irq_handler+0xd2>
10001020:	e0de      	b.n	100011e0 <alarm_pool_irq_handler+0x290>
10001022:	8139      	strh	r1, [r7, #8]
10001024:	003d      	movs	r5, r7
10001026:	3508      	adds	r5, #8
10001028:	4684      	mov	ip, r0
1000102a:	9104      	str	r1, [sp, #16]
1000102c:	002a      	movs	r2, r5
1000102e:	9705      	str	r7, [sp, #20]
10001030:	46b3      	mov	fp, r6
10001032:	9e00      	ldr	r6, [sp, #0]
10001034:	9f01      	ldr	r7, [sp, #4]
10001036:	9b04      	ldr	r3, [sp, #16]
10001038:	2b00      	cmp	r3, #0
1000103a:	db2a      	blt.n	10001092 <alarm_pool_irq_handler+0x142>
1000103c:	2300      	movs	r3, #0
1000103e:	5ed4      	ldrsh	r4, [r2, r3]
10001040:	0063      	lsls	r3, r4, #1
10001042:	191b      	adds	r3, r3, r4
10001044:	00db      	lsls	r3, r3, #3
10001046:	4463      	add	r3, ip
10001048:	689c      	ldr	r4, [r3, #8]
1000104a:	68dd      	ldr	r5, [r3, #12]
1000104c:	0030      	movs	r0, r6
1000104e:	0039      	movs	r1, r7
10001050:	1b00      	subs	r0, r0, r4
10001052:	41a9      	sbcs	r1, r5
10001054:	2900      	cmp	r1, #0
10001056:	db1c      	blt.n	10001092 <alarm_pool_irq_handler+0x142>
10001058:	001a      	movs	r2, r3
1000105a:	2100      	movs	r1, #0
1000105c:	5e59      	ldrsh	r1, [r3, r1]
1000105e:	9104      	str	r1, [sp, #16]
10001060:	e7e9      	b.n	10001036 <alarm_pool_irq_handler+0xe6>
10001062:	4643      	mov	r3, r8
10001064:	695b      	ldr	r3, [r3, #20]
10001066:	469b      	mov	fp, r3
10001068:	691b      	ldr	r3, [r3, #16]
1000106a:	4658      	mov	r0, fp
1000106c:	4798      	blx	r3
1000106e:	2800      	cmp	r0, #0
10001070:	d016      	beq.n	100010a0 <alarm_pool_irq_handler+0x150>
10001072:	465b      	mov	r3, fp
10001074:	681a      	ldr	r2, [r3, #0]
10001076:	685b      	ldr	r3, [r3, #4]
10001078:	9202      	str	r2, [sp, #8]
1000107a:	9303      	str	r3, [sp, #12]
1000107c:	e7ad      	b.n	10000fda <alarm_pool_irq_handler+0x8a>
1000107e:	486e      	ldr	r0, [pc, #440]	@ (10001238 <alarm_pool_irq_handler+0x2e8>)
10001080:	f000 facc 	bl	1000161c <timer_time_us_64>
10001084:	9b02      	ldr	r3, [sp, #8]
10001086:	9c03      	ldr	r4, [sp, #12]
10001088:	181b      	adds	r3, r3, r0
1000108a:	414c      	adcs	r4, r1
1000108c:	9300      	str	r3, [sp, #0]
1000108e:	9401      	str	r4, [sp, #4]
10001090:	e7b1      	b.n	10000ff6 <alarm_pool_irq_handler+0xa6>
10001092:	9904      	ldr	r1, [sp, #16]
10001094:	9f05      	ldr	r7, [sp, #20]
10001096:	465e      	mov	r6, fp
10001098:	4643      	mov	r3, r8
1000109a:	8019      	strh	r1, [r3, #0]
1000109c:	8016      	strh	r6, [r2, #0]
1000109e:	e09f      	b.n	100011e0 <alarm_pool_irq_handler+0x290>
100010a0:	4643      	mov	r3, r8
100010a2:	2200      	movs	r2, #0
100010a4:	5e9b      	ldrsh	r3, [r3, r2]
100010a6:	813b      	strh	r3, [r7, #8]
100010a8:	693a      	ldr	r2, [r7, #16]
100010aa:	f3ef 8310 	mrs	r3, PRIMASK
100010ae:	b672      	cpsid	i
100010b0:	6811      	ldr	r1, [r2, #0]
100010b2:	2900      	cmp	r1, #0
100010b4:	d0fc      	beq.n	100010b0 <alarm_pool_irq_handler+0x160>
100010b6:	f3bf 8f5f 	dmb	sy
100010ba:	2102      	movs	r1, #2
100010bc:	5e7a      	ldrsh	r2, [r7, r1]
100010be:	4641      	mov	r1, r8
100010c0:	800a      	strh	r2, [r1, #0]
100010c2:	807e      	strh	r6, [r7, #2]
100010c4:	693a      	ldr	r2, [r7, #16]
100010c6:	f3bf 8f5f 	dmb	sy
100010ca:	2100      	movs	r1, #0
100010cc:	6011      	str	r1, [r2, #0]
100010ce:	f383 8810 	msr	PRIMASK, r3
100010d2:	e085      	b.n	100011e0 <alarm_pool_irq_handler+0x290>
100010d4:	6939      	ldr	r1, [r7, #16]
100010d6:	f3ef 8310 	mrs	r3, PRIMASK
100010da:	b672      	cpsid	i
100010dc:	680a      	ldr	r2, [r1, #0]
100010de:	2a00      	cmp	r2, #0
100010e0:	d0fc      	beq.n	100010dc <alarm_pool_irq_handler+0x18c>
100010e2:	f3bf 8f5f 	dmb	sy
100010e6:	88b8      	ldrh	r0, [r7, #4]
100010e8:	b200      	sxth	r0, r0
100010ea:	2201      	movs	r2, #1
100010ec:	4252      	negs	r2, r2
100010ee:	80ba      	strh	r2, [r7, #4]
100010f0:	693a      	ldr	r2, [r7, #16]
100010f2:	f3bf 8f5f 	dmb	sy
100010f6:	2100      	movs	r1, #0
100010f8:	6011      	str	r1, [r2, #0]
100010fa:	f383 8810 	msr	PRIMASK, r3
100010fe:	0005      	movs	r5, r0
10001100:	46bc      	mov	ip, r7
10001102:	e01c      	b.n	1000113e <alarm_pool_irq_handler+0x1ee>
10001104:	9304      	str	r3, [sp, #16]
10001106:	2200      	movs	r2, #0
10001108:	5e9a      	ldrsh	r2, [r3, r2]
1000110a:	2a00      	cmp	r2, #0
1000110c:	db0e      	blt.n	1000112c <alarm_pool_irq_handler+0x1dc>
1000110e:	9b04      	ldr	r3, [sp, #16]
10001110:	2100      	movs	r1, #0
10001112:	5e59      	ldrsh	r1, [r3, r1]
10001114:	004b      	lsls	r3, r1, #1
10001116:	185b      	adds	r3, r3, r1
10001118:	00db      	lsls	r3, r3, #3
1000111a:	4463      	add	r3, ip
1000111c:	6898      	ldr	r0, [r3, #8]
1000111e:	68d9      	ldr	r1, [r3, #12]
10001120:	0034      	movs	r4, r6
10001122:	003d      	movs	r5, r7
10001124:	1a24      	subs	r4, r4, r0
10001126:	418d      	sbcs	r5, r1
10001128:	2d00      	cmp	r5, #0
1000112a:	daeb      	bge.n	10001104 <alarm_pool_irq_handler+0x1b4>
1000112c:	9904      	ldr	r1, [sp, #16]
1000112e:	465d      	mov	r5, fp
10001130:	9b00      	ldr	r3, [sp, #0]
10001132:	469c      	mov	ip, r3
10001134:	4644      	mov	r4, r8
10001136:	800d      	strh	r5, [r1, #0]
10001138:	2300      	movs	r3, #0
1000113a:	5ee5      	ldrsh	r5, [r4, r3]
1000113c:	8022      	strh	r2, [r4, #0]
1000113e:	2d00      	cmp	r5, #0
10001140:	db12      	blt.n	10001168 <alarm_pool_irq_handler+0x218>
10001142:	4663      	mov	r3, ip
10001144:	6958      	ldr	r0, [r3, #20]
10001146:	006c      	lsls	r4, r5, #1
10001148:	1964      	adds	r4, r4, r5
1000114a:	00e4      	lsls	r4, r4, #3
1000114c:	1904      	adds	r4, r0, r4
1000114e:	68a6      	ldr	r6, [r4, #8]
10001150:	68e7      	ldr	r7, [r4, #12]
10001152:	4661      	mov	r1, ip
10001154:	3108      	adds	r1, #8
10001156:	2208      	movs	r2, #8
10001158:	5e9a      	ldrsh	r2, [r3, r2]
1000115a:	46ab      	mov	fp, r5
1000115c:	9104      	str	r1, [sp, #16]
1000115e:	4663      	mov	r3, ip
10001160:	9300      	str	r3, [sp, #0]
10001162:	46a0      	mov	r8, r4
10001164:	4684      	mov	ip, r0
10001166:	e7d0      	b.n	1000110a <alarm_pool_irq_handler+0x1ba>
10001168:	4667      	mov	r7, ip
1000116a:	e03e      	b.n	100011ea <alarm_pool_irq_handler+0x29a>
1000116c:	2300      	movs	r3, #0
1000116e:	71bb      	strb	r3, [r7, #6]
10001170:	0039      	movs	r1, r7
10001172:	3108      	adds	r1, #8
10001174:	2308      	movs	r3, #8
10001176:	5ef8      	ldrsh	r0, [r7, r3]
10001178:	e00e      	b.n	10001198 <alarm_pool_irq_handler+0x248>
1000117a:	2401      	movs	r4, #1
1000117c:	4264      	negs	r4, r4
1000117e:	17e5      	asrs	r5, r4, #31
10001180:	6094      	str	r4, [r2, #8]
10001182:	60d5      	str	r5, [r2, #12]
10001184:	2408      	movs	r4, #8
10001186:	5f3b      	ldrsh	r3, [r7, r4]
10001188:	4283      	cmp	r3, r0
1000118a:	d004      	beq.n	10001196 <alarm_pool_irq_handler+0x246>
1000118c:	800e      	strh	r6, [r1, #0]
1000118e:	2408      	movs	r4, #8
10001190:	5f3b      	ldrsh	r3, [r7, r4]
10001192:	8013      	strh	r3, [r2, #0]
10001194:	8138      	strh	r0, [r7, #8]
10001196:	0030      	movs	r0, r6
10001198:	1c43      	adds	r3, r0, #1
1000119a:	d029      	beq.n	100011f0 <alarm_pool_irq_handler+0x2a0>
1000119c:	697c      	ldr	r4, [r7, #20]
1000119e:	0043      	lsls	r3, r0, #1
100011a0:	181b      	adds	r3, r3, r0
100011a2:	00db      	lsls	r3, r3, #3
100011a4:	18e2      	adds	r2, r4, r3
100011a6:	5ee6      	ldrsh	r6, [r4, r3]
100011a8:	8853      	ldrh	r3, [r2, #2]
100011aa:	b21b      	sxth	r3, r3
100011ac:	2b00      	cmp	r3, #0
100011ae:	dbe4      	blt.n	1000117a <alarm_pool_irq_handler+0x22a>
100011b0:	0011      	movs	r1, r2
100011b2:	e7f0      	b.n	10001196 <alarm_pool_irq_handler+0x246>
100011b4:	0022      	movs	r2, r4
100011b6:	002b      	movs	r3, r5
100011b8:	4651      	mov	r1, sl
100011ba:	481f      	ldr	r0, [pc, #124]	@ (10001238 <alarm_pool_irq_handler+0x2e8>)
100011bc:	f7ff fe9a 	bl	10000ef4 <ta_set_timeout>
100011c0:	481d      	ldr	r0, [pc, #116]	@ (10001238 <alarm_pool_irq_handler+0x2e8>)
100011c2:	f000 fa2b 	bl	1000161c <timer_time_us_64>
100011c6:	1a24      	subs	r4, r4, r0
100011c8:	418d      	sbcs	r5, r1
100011ca:	2d00      	cmp	r5, #0
100011cc:	dc22      	bgt.n	10001214 <alarm_pool_irq_handler+0x2c4>
100011ce:	d01f      	beq.n	10001210 <alarm_pool_irq_handler+0x2c0>
100011d0:	4b19      	ldr	r3, [pc, #100]	@ (10001238 <alarm_pool_irq_handler+0x2e8>)
100011d2:	464a      	mov	r2, r9
100011d4:	635a      	str	r2, [r3, #52]	@ 0x34
100011d6:	2308      	movs	r3, #8
100011d8:	5efe      	ldrsh	r6, [r7, r3]
100011da:	2e00      	cmp	r6, #0
100011dc:	db00      	blt.n	100011e0 <alarm_pool_irq_handler+0x290>
100011de:	e6d7      	b.n	10000f90 <alarm_pool_irq_handler+0x40>
100011e0:	88bb      	ldrh	r3, [r7, #4]
100011e2:	b21b      	sxth	r3, r3
100011e4:	2b00      	cmp	r3, #0
100011e6:	db00      	blt.n	100011ea <alarm_pool_irq_handler+0x29a>
100011e8:	e774      	b.n	100010d4 <alarm_pool_irq_handler+0x184>
100011ea:	79bb      	ldrb	r3, [r7, #6]
100011ec:	2b00      	cmp	r3, #0
100011ee:	d1bd      	bne.n	1000116c <alarm_pool_irq_handler+0x21c>
100011f0:	2308      	movs	r3, #8
100011f2:	5efa      	ldrsh	r2, [r7, r3]
100011f4:	2a00      	cmp	r2, #0
100011f6:	db0d      	blt.n	10001214 <alarm_pool_irq_handler+0x2c4>
100011f8:	6979      	ldr	r1, [r7, #20]
100011fa:	0053      	lsls	r3, r2, #1
100011fc:	189b      	adds	r3, r3, r2
100011fe:	00db      	lsls	r3, r3, #3
10001200:	18cb      	adds	r3, r1, r3
10001202:	689c      	ldr	r4, [r3, #8]
10001204:	68dd      	ldr	r5, [r3, #12]
10001206:	1c63      	adds	r3, r4, #1
10001208:	d1d4      	bne.n	100011b4 <alarm_pool_irq_handler+0x264>
1000120a:	1c6b      	adds	r3, r5, #1
1000120c:	d0d8      	beq.n	100011c0 <alarm_pool_irq_handler+0x270>
1000120e:	e7d1      	b.n	100011b4 <alarm_pool_irq_handler+0x264>
10001210:	2c00      	cmp	r4, #0
10001212:	d0dd      	beq.n	100011d0 <alarm_pool_irq_handler+0x280>
10001214:	bf40      	sev
10001216:	b007      	add	sp, #28
10001218:	bcf0      	pop	{r4, r5, r6, r7}
1000121a:	46bb      	mov	fp, r7
1000121c:	46b2      	mov	sl, r6
1000121e:	46a9      	mov	r9, r5
10001220:	46a0      	mov	r8, r4
10001222:	bdf0      	pop	{r4, r5, r6, r7, pc}
10001224:	20002fe8 	.word	0x20002fe8
10001228:	4005703c 	.word	0x4005703c
1000122c:	10006e6c 	.word	0x10006e6c
10001230:	10007848 	.word	0x10007848
10001234:	10006e98 	.word	0x10006e98
10001238:	40054000 	.word	0x40054000
1000123c:	10000f51 	.word	0x10000f51

10001240 <ta_enable_irq_handler>:
10001240:	b570      	push	{r4, r5, r6, lr}
10001242:	0004      	movs	r4, r0
10001244:	000d      	movs	r5, r1
10001246:	0011      	movs	r1, r2
10001248:	2601      	movs	r6, #1
1000124a:	40ae      	lsls	r6, r5
1000124c:	6206      	str	r6, [r0, #32]
1000124e:	0028      	movs	r0, r5
10001250:	f7ff fb7c 	bl	1000094c <irq_set_exclusive_handler>
10001254:	2101      	movs	r1, #1
10001256:	0028      	movs	r0, r5
10001258:	f7ff fb66 	bl	10000928 <irq_set_enabled>
1000125c:	4b02      	ldr	r3, [pc, #8]	@ (10001268 <ta_enable_irq_handler+0x28>)
1000125e:	469c      	mov	ip, r3
10001260:	4464      	add	r4, ip
10001262:	6026      	str	r6, [r4, #0]
10001264:	bd70      	pop	{r4, r5, r6, pc}
10001266:	46c0      	nop			@ (mov r8, r8)
10001268:	00002038 	.word	0x00002038

1000126c <alarm_pool_post_alloc_init>:
1000126c:	b5f8      	push	{r3, r4, r5, r6, r7, lr}
1000126e:	46ce      	mov	lr, r9
10001270:	4647      	mov	r7, r8
10001272:	b580      	push	{r7, lr}
10001274:	0006      	movs	r6, r0
10001276:	4689      	mov	r9, r1
10001278:	4690      	mov	r8, r2
1000127a:	001f      	movs	r7, r3
1000127c:	60c1      	str	r1, [r0, #12]
1000127e:	f7ff fa87 	bl	10000790 <next_striped_spin_lock_num>
10001282:	4b15      	ldr	r3, [pc, #84]	@ (100012d8 <alarm_pool_post_alloc_init+0x6c>)
10001284:	469c      	mov	ip, r3
10001286:	4460      	add	r0, ip
10001288:	0080      	lsls	r0, r0, #2
1000128a:	6130      	str	r0, [r6, #16]
1000128c:	4643      	mov	r3, r8
1000128e:	7033      	strb	r3, [r6, #0]
10001290:	b2bb      	uxth	r3, r7
10001292:	8173      	strh	r3, [r6, #10]
10001294:	22d0      	movs	r2, #208	@ 0xd0
10001296:	0612      	lsls	r2, r2, #24
10001298:	7812      	ldrb	r2, [r2, #0]
1000129a:	7072      	strb	r2, [r6, #1]
1000129c:	2201      	movs	r2, #1
1000129e:	4252      	negs	r2, r2
100012a0:	8132      	strh	r2, [r6, #8]
100012a2:	80b2      	strh	r2, [r6, #4]
100012a4:	189b      	adds	r3, r3, r2
100012a6:	8073      	strh	r3, [r6, #2]
100012a8:	2400      	movs	r4, #0
100012aa:	e006      	b.n	100012ba <alarm_pool_post_alloc_init+0x4e>
100012ac:	1e62      	subs	r2, r4, #1
100012ae:	6973      	ldr	r3, [r6, #20]
100012b0:	0065      	lsls	r5, r4, #1
100012b2:	192d      	adds	r5, r5, r4
100012b4:	00ed      	lsls	r5, r5, #3
100012b6:	535a      	strh	r2, [r3, r5]
100012b8:	3401      	adds	r4, #1
100012ba:	42bc      	cmp	r4, r7
100012bc:	d3f6      	bcc.n	100012ac <alarm_pool_post_alloc_init+0x40>
100012be:	4b07      	ldr	r3, [pc, #28]	@ (100012dc <alarm_pool_post_alloc_init+0x70>)
100012c0:	4642      	mov	r2, r8
100012c2:	0092      	lsls	r2, r2, #2
100012c4:	50d6      	str	r6, [r2, r3]
100012c6:	4a06      	ldr	r2, [pc, #24]	@ (100012e0 <alarm_pool_post_alloc_init+0x74>)
100012c8:	4641      	mov	r1, r8
100012ca:	4648      	mov	r0, r9
100012cc:	f7ff ffb8 	bl	10001240 <ta_enable_irq_handler>
100012d0:	bcc0      	pop	{r6, r7}
100012d2:	46b9      	mov	r9, r7
100012d4:	46b0      	mov	r8, r6
100012d6:	bdf8      	pop	{r3, r4, r5, r6, r7, pc}
100012d8:	34000040 	.word	0x34000040
100012dc:	20002fe8 	.word	0x20002fe8
100012e0:	10000f51 	.word	0x10000f51

100012e4 <alarm_pool_get_default>:
100012e4:	b510      	push	{r4, lr}
100012e6:	4b06      	ldr	r3, [pc, #24]	@ (10001300 <alarm_pool_get_default+0x1c>)
100012e8:	691b      	ldr	r3, [r3, #16]
100012ea:	2b00      	cmp	r3, #0
100012ec:	d001      	beq.n	100012f2 <alarm_pool_get_default+0xe>
100012ee:	4804      	ldr	r0, [pc, #16]	@ (10001300 <alarm_pool_get_default+0x1c>)
100012f0:	bd10      	pop	{r4, pc}
100012f2:	4b04      	ldr	r3, [pc, #16]	@ (10001304 <alarm_pool_get_default+0x20>)
100012f4:	4a04      	ldr	r2, [pc, #16]	@ (10001308 <alarm_pool_get_default+0x24>)
100012f6:	4805      	ldr	r0, [pc, #20]	@ (1000130c <alarm_pool_get_default+0x28>)
100012f8:	2165      	movs	r1, #101	@ 0x65
100012fa:	f002 fd19 	bl	10003d30 <__assert_func>
100012fe:	46c0      	nop			@ (mov r8, r8)
10001300:	20000c34 	.word	0x20000c34
10001304:	10006ed4 	.word	0x10006ed4
10001308:	10007830 	.word	0x10007830
1000130c:	10006e98 	.word	0x10006e98

10001310 <alarm_pool_add_alarm_at_force_in_context>:
10001310:	b5f8      	push	{r3, r4, r5, r6, r7, lr}
10001312:	0004      	movs	r4, r0
10001314:	6905      	ldr	r5, [r0, #16]
10001316:	f3ef 8010 	mrs	r0, PRIMASK
1000131a:	b672      	cpsid	i
1000131c:	6829      	ldr	r1, [r5, #0]
1000131e:	2900      	cmp	r1, #0
10001320:	d0fc      	beq.n	1000131c <alarm_pool_add_alarm_at_force_in_context+0xc>
10001322:	f3bf 8f5f 	dmb	sy
10001326:	2102      	movs	r1, #2
10001328:	5e66      	ldrsh	r6, [r4, r1]
1000132a:	6965      	ldr	r5, [r4, #20]
1000132c:	0071      	lsls	r1, r6, #1
1000132e:	1989      	adds	r1, r1, r6
10001330:	00c9      	lsls	r1, r1, #3
10001332:	186d      	adds	r5, r5, r1
10001334:	2e00      	cmp	r6, #0
10001336:	db02      	blt.n	1000133e <alarm_pool_add_alarm_at_force_in_context+0x2e>
10001338:	2700      	movs	r7, #0
1000133a:	5fe9      	ldrsh	r1, [r5, r7]
1000133c:	8061      	strh	r1, [r4, #2]
1000133e:	6921      	ldr	r1, [r4, #16]
10001340:	f3bf 8f5f 	dmb	sy
10001344:	2700      	movs	r7, #0
10001346:	600f      	str	r7, [r1, #0]
10001348:	f380 8810 	msr	PRIMASK, r0
1000134c:	2e00      	cmp	r6, #0
1000134e:	db2c      	blt.n	100013aa <alarm_pool_add_alarm_at_force_in_context+0x9a>
10001350:	9906      	ldr	r1, [sp, #24]
10001352:	6129      	str	r1, [r5, #16]
10001354:	9907      	ldr	r1, [sp, #28]
10001356:	6169      	str	r1, [r5, #20]
10001358:	60aa      	str	r2, [r5, #8]
1000135a:	60eb      	str	r3, [r5, #12]
1000135c:	886b      	ldrh	r3, [r5, #2]
1000135e:	3301      	adds	r3, #1
10001360:	045b      	lsls	r3, r3, #17
10001362:	0c59      	lsrs	r1, r3, #17
10001364:	2b00      	cmp	r3, #0
10001366:	d100      	bne.n	1000136a <alarm_pool_add_alarm_at_force_in_context+0x5a>
10001368:	2101      	movs	r1, #1
1000136a:	8069      	strh	r1, [r5, #2]
1000136c:	0030      	movs	r0, r6
1000136e:	f7ff fdd3 	bl	10000f18 <make_alarm_id>
10001372:	6921      	ldr	r1, [r4, #16]
10001374:	f3ef 8310 	mrs	r3, PRIMASK
10001378:	b672      	cpsid	i
1000137a:	680a      	ldr	r2, [r1, #0]
1000137c:	2a00      	cmp	r2, #0
1000137e:	d0fc      	beq.n	1000137a <alarm_pool_add_alarm_at_force_in_context+0x6a>
10001380:	f3bf 8f5f 	dmb	sy
10001384:	88a2      	ldrh	r2, [r4, #4]
10001386:	802a      	strh	r2, [r5, #0]
10001388:	80a6      	strh	r6, [r4, #4]
1000138a:	6922      	ldr	r2, [r4, #16]
1000138c:	f3bf 8f5f 	dmb	sy
10001390:	2100      	movs	r1, #0
10001392:	6011      	str	r1, [r2, #0]
10001394:	f383 8810 	msr	PRIMASK, r3
10001398:	68e3      	ldr	r3, [r4, #12]
1000139a:	7821      	ldrb	r1, [r4, #0]
1000139c:	2201      	movs	r2, #1
1000139e:	408a      	lsls	r2, r1
100013a0:	4903      	ldr	r1, [pc, #12]	@ (100013b0 <alarm_pool_add_alarm_at_force_in_context+0xa0>)
100013a2:	468c      	mov	ip, r1
100013a4:	4463      	add	r3, ip
100013a6:	601a      	str	r2, [r3, #0]
100013a8:	bdf8      	pop	{r3, r4, r5, r6, r7, pc}
100013aa:	2001      	movs	r0, #1
100013ac:	4240      	negs	r0, r0
100013ae:	e7fb      	b.n	100013a8 <alarm_pool_add_alarm_at_force_in_context+0x98>
100013b0:	0000203c 	.word	0x0000203c

100013b4 <alarm_pool_add_alarm_at>:
100013b4:	b570      	push	{r4, r5, r6, lr}
100013b6:	b082      	sub	sp, #8
100013b8:	0006      	movs	r6, r0
100013ba:	0014      	movs	r4, r2
100013bc:	001d      	movs	r5, r3
100013be:	ab08      	add	r3, sp, #32
100013c0:	781b      	ldrb	r3, [r3, #0]
100013c2:	2b00      	cmp	r3, #0
100013c4:	d107      	bne.n	100013d6 <alarm_pool_add_alarm_at+0x22>
100013c6:	f000 f95b 	bl	10001680 <time_us_64>
100013ca:	0022      	movs	r2, r4
100013cc:	002b      	movs	r3, r5
100013ce:	1a12      	subs	r2, r2, r0
100013d0:	418b      	sbcs	r3, r1
100013d2:	2b00      	cmp	r3, #0
100013d4:	db0a      	blt.n	100013ec <alarm_pool_add_alarm_at+0x38>
100013d6:	9b07      	ldr	r3, [sp, #28]
100013d8:	9301      	str	r3, [sp, #4]
100013da:	9b06      	ldr	r3, [sp, #24]
100013dc:	9300      	str	r3, [sp, #0]
100013de:	0022      	movs	r2, r4
100013e0:	002b      	movs	r3, r5
100013e2:	0030      	movs	r0, r6
100013e4:	f7ff ff94 	bl	10001310 <alarm_pool_add_alarm_at_force_in_context>
100013e8:	b002      	add	sp, #8
100013ea:	bd70      	pop	{r4, r5, r6, pc}
100013ec:	2000      	movs	r0, #0
100013ee:	e7fb      	b.n	100013e8 <alarm_pool_add_alarm_at+0x34>

100013f0 <add_alarm_at>:
100013f0:	b5f0      	push	{r4, r5, r6, r7, lr}
100013f2:	46c6      	mov	lr, r8
100013f4:	b500      	push	{lr}
100013f6:	b084      	sub	sp, #16
100013f8:	0005      	movs	r5, r0
100013fa:	4688      	mov	r8, r1
100013fc:	0016      	movs	r6, r2
100013fe:	001f      	movs	r7, r3
10001400:	ab0a      	add	r3, sp, #40	@ 0x28
10001402:	781c      	ldrb	r4, [r3, #0]
10001404:	f7ff ff6e 	bl	100012e4 <alarm_pool_get_default>
10001408:	9402      	str	r4, [sp, #8]
1000140a:	9701      	str	r7, [sp, #4]
1000140c:	9600      	str	r6, [sp, #0]
1000140e:	002a      	movs	r2, r5
10001410:	4643      	mov	r3, r8
10001412:	f7ff ffcf 	bl	100013b4 <alarm_pool_add_alarm_at>
10001416:	b004      	add	sp, #16
10001418:	bc80      	pop	{r7}
1000141a:	46b8      	mov	r8, r7
1000141c:	bdf0      	pop	{r4, r5, r6, r7, pc}
	...

10001420 <alarm_pool_cancel_alarm>:
10001420:	b530      	push	{r4, r5, lr}
10001422:	0004      	movs	r4, r0
10001424:	140a      	asrs	r2, r1, #16
10001426:	8943      	ldrh	r3, [r0, #10]
10001428:	429a      	cmp	r2, r3
1000142a:	da2e      	bge.n	1000148a <alarm_pool_cancel_alarm+0x6a>
1000142c:	6940      	ldr	r0, [r0, #20]
1000142e:	0053      	lsls	r3, r2, #1
10001430:	189b      	adds	r3, r3, r2
10001432:	00db      	lsls	r3, r3, #3
10001434:	18c3      	adds	r3, r0, r3
10001436:	6925      	ldr	r5, [r4, #16]
10001438:	f3ef 8210 	mrs	r2, PRIMASK
1000143c:	b672      	cpsid	i
1000143e:	6828      	ldr	r0, [r5, #0]
10001440:	2800      	cmp	r0, #0
10001442:	d0fc      	beq.n	1000143e <alarm_pool_cancel_alarm+0x1e>
10001444:	f3bf 8f5f 	dmb	sy
10001448:	8858      	ldrh	r0, [r3, #2]
1000144a:	b285      	uxth	r5, r0
1000144c:	0409      	lsls	r1, r1, #16
1000144e:	0c09      	lsrs	r1, r1, #16
10001450:	4288      	cmp	r0, r1
10001452:	d012      	beq.n	1000147a <alarm_pool_cancel_alarm+0x5a>
10001454:	2000      	movs	r0, #0
10001456:	6923      	ldr	r3, [r4, #16]
10001458:	f3bf 8f5f 	dmb	sy
1000145c:	2100      	movs	r1, #0
1000145e:	6019      	str	r1, [r3, #0]
10001460:	f382 8810 	msr	PRIMASK, r2
10001464:	2800      	cmp	r0, #0
10001466:	d011      	beq.n	1000148c <alarm_pool_cancel_alarm+0x6c>
10001468:	68e3      	ldr	r3, [r4, #12]
1000146a:	7821      	ldrb	r1, [r4, #0]
1000146c:	2201      	movs	r2, #1
1000146e:	408a      	lsls	r2, r1
10001470:	4907      	ldr	r1, [pc, #28]	@ (10001490 <alarm_pool_cancel_alarm+0x70>)
10001472:	468c      	mov	ip, r1
10001474:	4463      	add	r3, ip
10001476:	601a      	str	r2, [r3, #0]
10001478:	e008      	b.n	1000148c <alarm_pool_cancel_alarm+0x6c>
1000147a:	4906      	ldr	r1, [pc, #24]	@ (10001494 <alarm_pool_cancel_alarm+0x74>)
1000147c:	4329      	orrs	r1, r5
1000147e:	b289      	uxth	r1, r1
10001480:	8059      	strh	r1, [r3, #2]
10001482:	2301      	movs	r3, #1
10001484:	71a3      	strb	r3, [r4, #6]
10001486:	2001      	movs	r0, #1
10001488:	e7e5      	b.n	10001456 <alarm_pool_cancel_alarm+0x36>
1000148a:	2000      	movs	r0, #0
1000148c:	bd30      	pop	{r4, r5, pc}
1000148e:	46c0      	nop			@ (mov r8, r8)
10001490:	0000203c 	.word	0x0000203c
10001494:	ffff8000 	.word	0xffff8000

10001498 <cancel_alarm>:
10001498:	b510      	push	{r4, lr}
1000149a:	0004      	movs	r4, r0
1000149c:	f7ff ff22 	bl	100012e4 <alarm_pool_get_default>
100014a0:	0021      	movs	r1, r4
100014a2:	f7ff ffbd 	bl	10001420 <alarm_pool_cancel_alarm>
100014a6:	bd10      	pop	{r4, pc}

100014a8 <alarm_pool_core_num>:
100014a8:	7840      	ldrb	r0, [r0, #1]
100014aa:	4770      	bx	lr

100014ac <best_effort_wfe_or_timeout>:
100014ac:	b5f0      	push	{r4, r5, r6, r7, lr}
100014ae:	46ce      	mov	lr, r9
100014b0:	4647      	mov	r7, r8
100014b2:	b580      	push	{r7, lr}
100014b4:	b083      	sub	sp, #12
100014b6:	0005      	movs	r5, r0
100014b8:	000c      	movs	r4, r1
100014ba:	f3ef 8305 	mrs	r3, IPSR
100014be:	2b00      	cmp	r3, #0
100014c0:	d015      	beq.n	100014ee <best_effort_wfe_or_timeout+0x42>
100014c2:	4b3f      	ldr	r3, [pc, #252]	@ (100015c0 <best_effort_wfe_or_timeout+0x114>)
100014c4:	6a5b      	ldr	r3, [r3, #36]	@ 0x24
100014c6:	428b      	cmp	r3, r1
100014c8:	d309      	bcc.n	100014de <best_effort_wfe_or_timeout+0x32>
100014ca:	4a3d      	ldr	r2, [pc, #244]	@ (100015c0 <best_effort_wfe_or_timeout+0x114>)
100014cc:	6a92      	ldr	r2, [r2, #40]	@ 0x28
100014ce:	4282      	cmp	r2, r0
100014d0:	d20b      	bcs.n	100014ea <best_effort_wfe_or_timeout+0x3e>
100014d2:	428b      	cmp	r3, r1
100014d4:	d001      	beq.n	100014da <best_effort_wfe_or_timeout+0x2e>
100014d6:	2001      	movs	r0, #1
100014d8:	e002      	b.n	100014e0 <best_effort_wfe_or_timeout+0x34>
100014da:	2000      	movs	r0, #0
100014dc:	e000      	b.n	100014e0 <best_effort_wfe_or_timeout+0x34>
100014de:	2000      	movs	r0, #0
100014e0:	b003      	add	sp, #12
100014e2:	bcc0      	pop	{r6, r7}
100014e4:	46b9      	mov	r9, r7
100014e6:	46b0      	mov	r8, r6
100014e8:	bdf0      	pop	{r4, r5, r6, r7, pc}
100014ea:	2001      	movs	r0, #1
100014ec:	e7f8      	b.n	100014e0 <best_effort_wfe_or_timeout+0x34>
100014ee:	f7ff fef9 	bl	100012e4 <alarm_pool_get_default>
100014f2:	68c3      	ldr	r3, [r0, #12]
100014f4:	4699      	mov	r9, r3
100014f6:	7803      	ldrb	r3, [r0, #0]
100014f8:	4698      	mov	r8, r3
100014fa:	002e      	movs	r6, r5
100014fc:	0027      	movs	r7, r4
100014fe:	4648      	mov	r0, r9
10001500:	f000 f88c 	bl	1000161c <timer_time_us_64>
10001504:	0002      	movs	r2, r0
10001506:	000b      	movs	r3, r1
10001508:	1ab6      	subs	r6, r6, r2
1000150a:	419f      	sbcs	r7, r3
1000150c:	4643      	mov	r3, r8
1000150e:	3304      	adds	r3, #4
10001510:	009b      	lsls	r3, r3, #2
10001512:	464a      	mov	r2, r9
10001514:	589b      	ldr	r3, [r3, r2]
10001516:	1a1b      	subs	r3, r3, r0
10001518:	2200      	movs	r2, #0
1000151a:	42ba      	cmp	r2, r7
1000151c:	dc0f      	bgt.n	1000153e <best_effort_wfe_or_timeout+0x92>
1000151e:	d00c      	beq.n	1000153a <best_effort_wfe_or_timeout+0x8e>
10001520:	bf20      	wfe
10001522:	4b27      	ldr	r3, [pc, #156]	@ (100015c0 <best_effort_wfe_or_timeout+0x114>)
10001524:	6a5b      	ldr	r3, [r3, #36]	@ 0x24
10001526:	429c      	cmp	r4, r3
10001528:	d82d      	bhi.n	10001586 <best_effort_wfe_or_timeout+0xda>
1000152a:	4a25      	ldr	r2, [pc, #148]	@ (100015c0 <best_effort_wfe_or_timeout+0x114>)
1000152c:	6a92      	ldr	r2, [r2, #40]	@ 0x28
1000152e:	42aa      	cmp	r2, r5
10001530:	d22b      	bcs.n	1000158a <best_effort_wfe_or_timeout+0xde>
10001532:	429c      	cmp	r4, r3
10001534:	d025      	beq.n	10001582 <best_effort_wfe_or_timeout+0xd6>
10001536:	2001      	movs	r0, #1
10001538:	e7d2      	b.n	100014e0 <best_effort_wfe_or_timeout+0x34>
1000153a:	42b3      	cmp	r3, r6
1000153c:	d9f0      	bls.n	10001520 <best_effort_wfe_or_timeout+0x74>
1000153e:	4a21      	ldr	r2, [pc, #132]	@ (100015c4 <best_effort_wfe_or_timeout+0x118>)
10001540:	2300      	movs	r3, #0
10001542:	9300      	str	r3, [sp, #0]
10001544:	0028      	movs	r0, r5
10001546:	0021      	movs	r1, r4
10001548:	f7ff ff52 	bl	100013f0 <add_alarm_at>
1000154c:	2800      	cmp	r0, #0
1000154e:	dd1e      	ble.n	1000158e <best_effort_wfe_or_timeout+0xe2>
10001550:	4b1b      	ldr	r3, [pc, #108]	@ (100015c0 <best_effort_wfe_or_timeout+0x114>)
10001552:	6a5b      	ldr	r3, [r3, #36]	@ 0x24
10001554:	429c      	cmp	r4, r3
10001556:	d805      	bhi.n	10001564 <best_effort_wfe_or_timeout+0xb8>
10001558:	4a19      	ldr	r2, [pc, #100]	@ (100015c0 <best_effort_wfe_or_timeout+0x114>)
1000155a:	6a92      	ldr	r2, [r2, #40]	@ 0x28
1000155c:	42aa      	cmp	r2, r5
1000155e:	d202      	bcs.n	10001566 <best_effort_wfe_or_timeout+0xba>
10001560:	429c      	cmp	r4, r3
10001562:	d100      	bne.n	10001566 <best_effort_wfe_or_timeout+0xba>
10001564:	bf20      	wfe
10001566:	f7ff ff97 	bl	10001498 <cancel_alarm>
1000156a:	4b15      	ldr	r3, [pc, #84]	@ (100015c0 <best_effort_wfe_or_timeout+0x114>)
1000156c:	6a5b      	ldr	r3, [r3, #36]	@ 0x24
1000156e:	429c      	cmp	r4, r3
10001570:	d821      	bhi.n	100015b6 <best_effort_wfe_or_timeout+0x10a>
10001572:	4a13      	ldr	r2, [pc, #76]	@ (100015c0 <best_effort_wfe_or_timeout+0x114>)
10001574:	6a92      	ldr	r2, [r2, #40]	@ 0x28
10001576:	42aa      	cmp	r2, r5
10001578:	d21f      	bcs.n	100015ba <best_effort_wfe_or_timeout+0x10e>
1000157a:	429c      	cmp	r4, r3
1000157c:	d019      	beq.n	100015b2 <best_effort_wfe_or_timeout+0x106>
1000157e:	2001      	movs	r0, #1
10001580:	e7ae      	b.n	100014e0 <best_effort_wfe_or_timeout+0x34>
10001582:	2000      	movs	r0, #0
10001584:	e7ac      	b.n	100014e0 <best_effort_wfe_or_timeout+0x34>
10001586:	2000      	movs	r0, #0
10001588:	e7aa      	b.n	100014e0 <best_effort_wfe_or_timeout+0x34>
1000158a:	2001      	movs	r0, #1
1000158c:	e7a8      	b.n	100014e0 <best_effort_wfe_or_timeout+0x34>
1000158e:	4b0c      	ldr	r3, [pc, #48]	@ (100015c0 <best_effort_wfe_or_timeout+0x114>)
10001590:	6a5b      	ldr	r3, [r3, #36]	@ 0x24
10001592:	429c      	cmp	r4, r3
10001594:	d809      	bhi.n	100015aa <best_effort_wfe_or_timeout+0xfe>
10001596:	4a0a      	ldr	r2, [pc, #40]	@ (100015c0 <best_effort_wfe_or_timeout+0x114>)
10001598:	6a92      	ldr	r2, [r2, #40]	@ 0x28
1000159a:	42aa      	cmp	r2, r5
1000159c:	d207      	bcs.n	100015ae <best_effort_wfe_or_timeout+0x102>
1000159e:	429c      	cmp	r4, r3
100015a0:	d001      	beq.n	100015a6 <best_effort_wfe_or_timeout+0xfa>
100015a2:	2001      	movs	r0, #1
100015a4:	e79c      	b.n	100014e0 <best_effort_wfe_or_timeout+0x34>
100015a6:	2000      	movs	r0, #0
100015a8:	e79a      	b.n	100014e0 <best_effort_wfe_or_timeout+0x34>
100015aa:	2000      	movs	r0, #0
100015ac:	e798      	b.n	100014e0 <best_effort_wfe_or_timeout+0x34>
100015ae:	2001      	movs	r0, #1
100015b0:	e796      	b.n	100014e0 <best_effort_wfe_or_timeout+0x34>
100015b2:	2000      	movs	r0, #0
100015b4:	e794      	b.n	100014e0 <best_effort_wfe_or_timeout+0x34>
100015b6:	2000      	movs	r0, #0
100015b8:	e792      	b.n	100014e0 <best_effort_wfe_or_timeout+0x34>
100015ba:	2001      	movs	r0, #1
100015bc:	e790      	b.n	100014e0 <best_effort_wfe_or_timeout+0x34>
100015be:	46c0      	nop			@ (mov r8, r8)
100015c0:	40054000 	.word	0x40054000
100015c4:	10000f21 	.word	0x10000f21

100015c8 <alarm_pool_get_default_timer>:
100015c8:	4800      	ldr	r0, [pc, #0]	@ (100015cc <alarm_pool_get_default_timer+0x4>)
100015ca:	4770      	bx	lr
100015cc:	40054000 	.word	0x40054000

100015d0 <runtime_init_default_alarm_pool>:
100015d0:	b510      	push	{r4, lr}
100015d2:	4b0b      	ldr	r3, [pc, #44]	@ (10001600 <runtime_init_default_alarm_pool+0x30>)
100015d4:	691b      	ldr	r3, [r3, #16]
100015d6:	2b00      	cmp	r3, #0
100015d8:	d004      	beq.n	100015e4 <runtime_init_default_alarm_pool+0x14>
100015da:	480a      	ldr	r0, [pc, #40]	@ (10001604 <runtime_init_default_alarm_pool+0x34>)
100015dc:	210a      	movs	r1, #10
100015de:	f7ff fc2b 	bl	10000e38 <lock_init>
100015e2:	bd10      	pop	{r4, pc}
100015e4:	f7ff fff0 	bl	100015c8 <alarm_pool_get_default_timer>
100015e8:	0004      	movs	r4, r0
100015ea:	2103      	movs	r1, #3
100015ec:	f000 f80c 	bl	10001608 <timer_hardware_alarm_claim>
100015f0:	4803      	ldr	r0, [pc, #12]	@ (10001600 <runtime_init_default_alarm_pool+0x30>)
100015f2:	2310      	movs	r3, #16
100015f4:	2203      	movs	r2, #3
100015f6:	0021      	movs	r1, r4
100015f8:	f7ff fe38 	bl	1000126c <alarm_pool_post_alloc_init>
100015fc:	e7ed      	b.n	100015da <runtime_init_default_alarm_pool+0xa>
100015fe:	46c0      	nop			@ (mov r8, r8)
10001600:	20000c34 	.word	0x20000c34
10001604:	2000320c 	.word	0x2000320c

10001608 <timer_hardware_alarm_claim>:
10001608:	b510      	push	{r4, lr}
1000160a:	4a02      	ldr	r2, [pc, #8]	@ (10001614 <timer_hardware_alarm_claim+0xc>)
1000160c:	4802      	ldr	r0, [pc, #8]	@ (10001618 <timer_hardware_alarm_claim+0x10>)
1000160e:	f7ff f87d 	bl	1000070c <hw_claim_or_assert>
10001612:	bd10      	pop	{r4, pc}
10001614:	10006ef8 	.word	0x10006ef8
10001618:	20002b54 	.word	0x20002b54

1000161c <timer_time_us_64>:
1000161c:	0002      	movs	r2, r0
1000161e:	6a43      	ldr	r3, [r0, #36]	@ 0x24
10001620:	6a90      	ldr	r0, [r2, #40]	@ 0x28
10001622:	0019      	movs	r1, r3
10001624:	6a53      	ldr	r3, [r2, #36]	@ 0x24
10001626:	4299      	cmp	r1, r3
10001628:	d1fa      	bne.n	10001620 <timer_time_us_64+0x4>
1000162a:	4770      	bx	lr

1000162c <timer_busy_wait_until>:
1000162c:	6a41      	ldr	r1, [r0, #36]	@ 0x24
1000162e:	e000      	b.n	10001632 <timer_busy_wait_until+0x6>
10001630:	6a41      	ldr	r1, [r0, #36]	@ 0x24
10001632:	4299      	cmp	r1, r3
10001634:	d3fc      	bcc.n	10001630 <timer_busy_wait_until+0x4>
10001636:	e000      	b.n	1000163a <timer_busy_wait_until+0xe>
10001638:	6a41      	ldr	r1, [r0, #36]	@ 0x24
1000163a:	4299      	cmp	r1, r3
1000163c:	d102      	bne.n	10001644 <timer_busy_wait_until+0x18>
1000163e:	6a81      	ldr	r1, [r0, #40]	@ 0x28
10001640:	4291      	cmp	r1, r2
10001642:	d3f9      	bcc.n	10001638 <timer_busy_wait_until+0xc>
10001644:	4770      	bx	lr

10001646 <timer_busy_wait_us>:
10001646:	b5f0      	push	{r4, r5, r6, r7, lr}
10001648:	46c6      	mov	lr, r8
1000164a:	b500      	push	{lr}
1000164c:	4680      	mov	r8, r0
1000164e:	0014      	movs	r4, r2
10001650:	001d      	movs	r5, r3
10001652:	f7ff ffe3 	bl	1000161c <timer_time_us_64>
10001656:	0006      	movs	r6, r0
10001658:	000f      	movs	r7, r1
1000165a:	0022      	movs	r2, r4
1000165c:	002b      	movs	r3, r5
1000165e:	1992      	adds	r2, r2, r6
10001660:	417b      	adcs	r3, r7
10001662:	4299      	cmp	r1, r3
10001664:	d802      	bhi.n	1000166c <timer_busy_wait_us+0x26>
10001666:	d104      	bne.n	10001672 <timer_busy_wait_us+0x2c>
10001668:	4290      	cmp	r0, r2
1000166a:	d902      	bls.n	10001672 <timer_busy_wait_us+0x2c>
1000166c:	2201      	movs	r2, #1
1000166e:	4252      	negs	r2, r2
10001670:	17d3      	asrs	r3, r2, #31
10001672:	4640      	mov	r0, r8
10001674:	f7ff ffda 	bl	1000162c <timer_busy_wait_until>
10001678:	bc80      	pop	{r7}
1000167a:	46b8      	mov	r8, r7
1000167c:	bdf0      	pop	{r4, r5, r6, r7, pc}
	...

10001680 <time_us_64>:
10001680:	b510      	push	{r4, lr}
10001682:	4802      	ldr	r0, [pc, #8]	@ (1000168c <time_us_64+0xc>)
10001684:	f7ff ffca 	bl	1000161c <timer_time_us_64>
10001688:	bd10      	pop	{r4, pc}
1000168a:	46c0      	nop			@ (mov r8, r8)
1000168c:	40054000 	.word	0x40054000

10001690 <busy_wait_us>:
10001690:	b510      	push	{r4, lr}
10001692:	0002      	movs	r2, r0
10001694:	000b      	movs	r3, r1
10001696:	4802      	ldr	r0, [pc, #8]	@ (100016a0 <busy_wait_us+0x10>)
10001698:	f7ff ffd5 	bl	10001646 <timer_busy_wait_us>
1000169c:	bd10      	pop	{r4, pc}
1000169e:	46c0      	nop			@ (mov r8, r8)
100016a0:	40054000 	.word	0x40054000

100016a4 <uart_unreset>:
100016a4:	4b07      	ldr	r3, [pc, #28]	@ (100016c4 <uart_unreset+0x20>)
100016a6:	4298      	cmp	r0, r3
100016a8:	d00a      	beq.n	100016c0 <uart_unreset+0x1c>
100016aa:	2316      	movs	r3, #22
100016ac:	2201      	movs	r2, #1
100016ae:	409a      	lsls	r2, r3
100016b0:	4b05      	ldr	r3, [pc, #20]	@ (100016c8 <uart_unreset+0x24>)
100016b2:	601a      	str	r2, [r3, #0]
100016b4:	4b05      	ldr	r3, [pc, #20]	@ (100016cc <uart_unreset+0x28>)
100016b6:	681b      	ldr	r3, [r3, #0]
100016b8:	0011      	movs	r1, r2
100016ba:	4399      	bics	r1, r3
100016bc:	d1fa      	bne.n	100016b4 <uart_unreset+0x10>
100016be:	4770      	bx	lr
100016c0:	2317      	movs	r3, #23
100016c2:	e7f3      	b.n	100016ac <uart_unreset+0x8>
100016c4:	40038000 	.word	0x40038000
100016c8:	4000f000 	.word	0x4000f000
100016cc:	4000c008 	.word	0x4000c008

100016d0 <uart_disable_before_lcr_write>:
100016d0:	b570      	push	{r4, r5, r6, lr}
100016d2:	6b04      	ldr	r4, [r0, #48]	@ 0x30
100016d4:	07e3      	lsls	r3, r4, #31
100016d6:	d401      	bmi.n	100016dc <uart_disable_before_lcr_write+0xc>
100016d8:	0020      	movs	r0, r4
100016da:	bd70      	pop	{r4, r5, r6, pc}
100016dc:	4b0b      	ldr	r3, [pc, #44]	@ (1000170c <uart_disable_before_lcr_write+0x3c>)
100016de:	18c3      	adds	r3, r0, r3
100016e0:	4a0b      	ldr	r2, [pc, #44]	@ (10001710 <uart_disable_before_lcr_write+0x40>)
100016e2:	601a      	str	r2, [r3, #0]
100016e4:	6a45      	ldr	r5, [r0, #36]	@ 0x24
100016e6:	6a83      	ldr	r3, [r0, #40]	@ 0x28
100016e8:	01ad      	lsls	r5, r5, #6
100016ea:	18ed      	adds	r5, r5, r3
100016ec:	02ad      	lsls	r5, r5, #10
100016ee:	2006      	movs	r0, #6
100016f0:	f000 f916 	bl	10001920 <clock_get_hz>
100016f4:	4907      	ldr	r1, [pc, #28]	@ (10001714 <uart_disable_before_lcr_write+0x44>)
100016f6:	f000 fb1b 	bl	10001d30 <__wrap___aeabi_uidiv>
100016fa:	0001      	movs	r1, r0
100016fc:	0028      	movs	r0, r5
100016fe:	f000 fb17 	bl	10001d30 <__wrap___aeabi_uidiv>
10001702:	2100      	movs	r1, #0
10001704:	f7ff ffc4 	bl	10001690 <busy_wait_us>
10001708:	e7e6      	b.n	100016d8 <uart_disable_before_lcr_write+0x8>
1000170a:	46c0      	nop			@ (mov r8, r8)
1000170c:	00003030 	.word	0x00003030
10001710:	00000301 	.word	0x00000301
10001714:	00000e4e 	.word	0x00000e4e

10001718 <uart_write_lcr_bits_masked>:
10001718:	b570      	push	{r4, r5, r6, lr}
1000171a:	0004      	movs	r4, r0
1000171c:	000e      	movs	r6, r1
1000171e:	0015      	movs	r5, r2
10001720:	f7ff ffd6 	bl	100016d0 <uart_disable_before_lcr_write>
10001724:	6ae3      	ldr	r3, [r4, #44]	@ 0x2c
10001726:	405e      	eors	r6, r3
10001728:	4035      	ands	r5, r6
1000172a:	4b02      	ldr	r3, [pc, #8]	@ (10001734 <uart_write_lcr_bits_masked+0x1c>)
1000172c:	18e3      	adds	r3, r4, r3
1000172e:	601d      	str	r5, [r3, #0]
10001730:	6320      	str	r0, [r4, #48]	@ 0x30
10001732:	bd70      	pop	{r4, r5, r6, pc}
10001734:	0000102c 	.word	0x0000102c

10001738 <uart_set_baudrate>:
10001738:	b570      	push	{r4, r5, r6, lr}
1000173a:	0005      	movs	r5, r0
1000173c:	000c      	movs	r4, r1
1000173e:	2006      	movs	r0, #6
10001740:	f000 f8ee 	bl	10001920 <clock_get_hz>
10001744:	00c0      	lsls	r0, r0, #3
10001746:	0021      	movs	r1, r4
10001748:	f000 faf2 	bl	10001d30 <__wrap___aeabi_uidiv>
1000174c:	3001      	adds	r0, #1
1000174e:	09c6      	lsrs	r6, r0, #7
10001750:	d007      	beq.n	10001762 <uart_set_baudrate+0x2a>
10001752:	4b0e      	ldr	r3, [pc, #56]	@ (1000178c <uart_set_baudrate+0x54>)
10001754:	429e      	cmp	r6, r3
10001756:	d815      	bhi.n	10001784 <uart_set_baudrate+0x4c>
10001758:	0840      	lsrs	r0, r0, #1
1000175a:	0034      	movs	r4, r6
1000175c:	263f      	movs	r6, #63	@ 0x3f
1000175e:	4006      	ands	r6, r0
10001760:	e000      	b.n	10001764 <uart_set_baudrate+0x2c>
10001762:	2401      	movs	r4, #1
10001764:	626c      	str	r4, [r5, #36]	@ 0x24
10001766:	62ae      	str	r6, [r5, #40]	@ 0x28
10001768:	2200      	movs	r2, #0
1000176a:	2100      	movs	r1, #0
1000176c:	0028      	movs	r0, r5
1000176e:	f7ff ffd3 	bl	10001718 <uart_write_lcr_bits_masked>
10001772:	2006      	movs	r0, #6
10001774:	f000 f8d4 	bl	10001920 <clock_get_hz>
10001778:	0080      	lsls	r0, r0, #2
1000177a:	01a1      	lsls	r1, r4, #6
1000177c:	1989      	adds	r1, r1, r6
1000177e:	f000 fad7 	bl	10001d30 <__wrap___aeabi_uidiv>
10001782:	bd70      	pop	{r4, r5, r6, pc}
10001784:	2600      	movs	r6, #0
10001786:	4c02      	ldr	r4, [pc, #8]	@ (10001790 <uart_set_baudrate+0x58>)
10001788:	e7ec      	b.n	10001764 <uart_set_baudrate+0x2c>
1000178a:	46c0      	nop			@ (mov r8, r8)
1000178c:	0000fffe 	.word	0x0000fffe
10001790:	0000ffff 	.word	0x0000ffff

10001794 <uart_set_translate_crlf>:
10001794:	2900      	cmp	r1, #0
10001796:	d009      	beq.n	100017ac <uart_set_translate_crlf+0x18>
10001798:	220a      	movs	r2, #10
1000179a:	4b06      	ldr	r3, [pc, #24]	@ (100017b4 <uart_set_translate_crlf+0x20>)
1000179c:	469c      	mov	ip, r3
1000179e:	4460      	add	r0, ip
100017a0:	4243      	negs	r3, r0
100017a2:	4158      	adcs	r0, r3
100017a4:	4b04      	ldr	r3, [pc, #16]	@ (100017b8 <uart_set_translate_crlf+0x24>)
100017a6:	0040      	lsls	r0, r0, #1
100017a8:	52c2      	strh	r2, [r0, r3]
100017aa:	4770      	bx	lr
100017ac:	2280      	movs	r2, #128	@ 0x80
100017ae:	0052      	lsls	r2, r2, #1
100017b0:	e7f3      	b.n	1000179a <uart_set_translate_crlf+0x6>
100017b2:	46c0      	nop			@ (mov r8, r8)
100017b4:	bffc8000 	.word	0xbffc8000
100017b8:	2000321c 	.word	0x2000321c

100017bc <uart_init>:
100017bc:	b570      	push	{r4, r5, r6, lr}
100017be:	0004      	movs	r4, r0
100017c0:	000d      	movs	r5, r1
100017c2:	2006      	movs	r0, #6
100017c4:	f000 f8ac 	bl	10001920 <clock_get_hz>
100017c8:	2800      	cmp	r0, #0
100017ca:	d01e      	beq.n	1000180a <uart_init+0x4e>
100017cc:	4b10      	ldr	r3, [pc, #64]	@ (10001810 <uart_init+0x54>)
100017ce:	429c      	cmp	r4, r3
100017d0:	d01c      	beq.n	1000180c <uart_init+0x50>
100017d2:	2216      	movs	r2, #22
100017d4:	2301      	movs	r3, #1
100017d6:	4093      	lsls	r3, r2
100017d8:	4a0e      	ldr	r2, [pc, #56]	@ (10001814 <uart_init+0x58>)
100017da:	6013      	str	r3, [r2, #0]
100017dc:	0020      	movs	r0, r4
100017de:	f7ff ff61 	bl	100016a4 <uart_unreset>
100017e2:	2100      	movs	r1, #0
100017e4:	0020      	movs	r0, r4
100017e6:	f7ff ffd5 	bl	10001794 <uart_set_translate_crlf>
100017ea:	0029      	movs	r1, r5
100017ec:	0020      	movs	r0, r4
100017ee:	f7ff ffa3 	bl	10001738 <uart_set_baudrate>
100017f2:	6ae2      	ldr	r2, [r4, #44]	@ 0x2c
100017f4:	2370      	movs	r3, #112	@ 0x70
100017f6:	405a      	eors	r2, r3
100017f8:	330e      	adds	r3, #14
100017fa:	4013      	ands	r3, r2
100017fc:	4a06      	ldr	r2, [pc, #24]	@ (10001818 <uart_init+0x5c>)
100017fe:	18a2      	adds	r2, r4, r2
10001800:	6013      	str	r3, [r2, #0]
10001802:	4b06      	ldr	r3, [pc, #24]	@ (1000181c <uart_init+0x60>)
10001804:	6323      	str	r3, [r4, #48]	@ 0x30
10001806:	2303      	movs	r3, #3
10001808:	64a3      	str	r3, [r4, #72]	@ 0x48
1000180a:	bd70      	pop	{r4, r5, r6, pc}
1000180c:	2217      	movs	r2, #23
1000180e:	e7e1      	b.n	100017d4 <uart_init+0x18>
10001810:	40038000 	.word	0x40038000
10001814:	4000e000 	.word	0x4000e000
10001818:	0000102c 	.word	0x0000102c
1000181c:	00000301 	.word	0x00000301

10001820 <clock_configure_internal>:
10001820:	b5f8      	push	{r3, r4, r5, r6, r7, lr}
10001822:	46d6      	mov	lr, sl
10001824:	4647      	mov	r7, r8
10001826:	b580      	push	{r7, lr}
10001828:	0006      	movs	r6, r0
1000182a:	000d      	movs	r5, r1
1000182c:	0017      	movs	r7, r2
1000182e:	4698      	mov	r8, r3
10001830:	0044      	lsls	r4, r0, #1
10001832:	1824      	adds	r4, r4, r0
10001834:	00a4      	lsls	r4, r4, #2
10001836:	4b29      	ldr	r3, [pc, #164]	@ (100018dc <clock_configure_internal+0xbc>)
10001838:	469c      	mov	ip, r3
1000183a:	4464      	add	r4, ip
1000183c:	6863      	ldr	r3, [r4, #4]
1000183e:	9a08      	ldr	r2, [sp, #32]
10001840:	4293      	cmp	r3, r2
10001842:	d200      	bcs.n	10001846 <clock_configure_internal+0x26>
10001844:	6062      	str	r2, [r4, #4]
10001846:	1f33      	subs	r3, r6, #4
10001848:	b2db      	uxtb	r3, r3
1000184a:	469a      	mov	sl, r3
1000184c:	2b01      	cmp	r3, #1
1000184e:	d92e      	bls.n	100018ae <clock_configure_internal+0x8e>
10001850:	2280      	movs	r2, #128	@ 0x80
10001852:	0112      	lsls	r2, r2, #4
10001854:	23c0      	movs	r3, #192	@ 0xc0
10001856:	019b      	lsls	r3, r3, #6
10001858:	18e3      	adds	r3, r4, r3
1000185a:	601a      	str	r2, [r3, #0]
1000185c:	4b20      	ldr	r3, [pc, #128]	@ (100018e0 <clock_configure_internal+0xc0>)
1000185e:	00b2      	lsls	r2, r6, #2
10001860:	58d1      	ldr	r1, [r2, r3]
10001862:	2900      	cmp	r1, #0
10001864:	d007      	beq.n	10001876 <clock_configure_internal+0x56>
10001866:	6958      	ldr	r0, [r3, #20]
10001868:	f000 fa62 	bl	10001d30 <__wrap___aeabi_uidiv>
1000186c:	3001      	adds	r0, #1
1000186e:	0043      	lsls	r3, r0, #1
10001870:	181b      	adds	r3, r3, r0
10001872:	3b03      	subs	r3, #3
10001874:	d2fd      	bcs.n	10001872 <clock_configure_internal+0x52>
10001876:	017f      	lsls	r7, r7, #5
10001878:	6823      	ldr	r3, [r4, #0]
1000187a:	405f      	eors	r7, r3
1000187c:	23e0      	movs	r3, #224	@ 0xe0
1000187e:	403b      	ands	r3, r7
10001880:	2280      	movs	r2, #128	@ 0x80
10001882:	0152      	lsls	r2, r2, #5
10001884:	18a2      	adds	r2, r4, r2
10001886:	6013      	str	r3, [r2, #0]
10001888:	4653      	mov	r3, sl
1000188a:	2b01      	cmp	r3, #1
1000188c:	d91a      	bls.n	100018c4 <clock_configure_internal+0xa4>
1000188e:	2380      	movs	r3, #128	@ 0x80
10001890:	019b      	lsls	r3, r3, #6
10001892:	18e3      	adds	r3, r4, r3
10001894:	2280      	movs	r2, #128	@ 0x80
10001896:	0112      	lsls	r2, r2, #4
10001898:	601a      	str	r2, [r3, #0]
1000189a:	9b08      	ldr	r3, [sp, #32]
1000189c:	6063      	str	r3, [r4, #4]
1000189e:	4b10      	ldr	r3, [pc, #64]	@ (100018e0 <clock_configure_internal+0xc0>)
100018a0:	00b6      	lsls	r6, r6, #2
100018a2:	4642      	mov	r2, r8
100018a4:	50f2      	str	r2, [r6, r3]
100018a6:	bcc0      	pop	{r6, r7}
100018a8:	46ba      	mov	sl, r7
100018aa:	46b0      	mov	r8, r6
100018ac:	bdf8      	pop	{r3, r4, r5, r6, r7, pc}
100018ae:	2d01      	cmp	r5, #1
100018b0:	d1ce      	bne.n	10001850 <clock_configure_internal+0x30>
100018b2:	2203      	movs	r2, #3
100018b4:	23c0      	movs	r3, #192	@ 0xc0
100018b6:	019b      	lsls	r3, r3, #6
100018b8:	18e3      	adds	r3, r4, r3
100018ba:	601a      	str	r2, [r3, #0]
100018bc:	68a3      	ldr	r3, [r4, #8]
100018be:	07db      	lsls	r3, r3, #31
100018c0:	d5fc      	bpl.n	100018bc <clock_configure_internal+0x9c>
100018c2:	e7d8      	b.n	10001876 <clock_configure_internal+0x56>
100018c4:	6821      	ldr	r1, [r4, #0]
100018c6:	4069      	eors	r1, r5
100018c8:	2303      	movs	r3, #3
100018ca:	400b      	ands	r3, r1
100018cc:	6013      	str	r3, [r2, #0]
100018ce:	68a3      	ldr	r3, [r4, #8]
100018d0:	2201      	movs	r2, #1
100018d2:	40aa      	lsls	r2, r5
100018d4:	421a      	tst	r2, r3
100018d6:	d0fa      	beq.n	100018ce <clock_configure_internal+0xae>
100018d8:	e7d9      	b.n	1000188e <clock_configure_internal+0x6e>
100018da:	46c0      	nop			@ (mov r8, r8)
100018dc:	40008000 	.word	0x40008000
100018e0:	20002b58 	.word	0x20002b58

100018e4 <clock_configure_int_divider>:
100018e4:	b5f0      	push	{r4, r5, r6, r7, lr}
100018e6:	b083      	sub	sp, #12
100018e8:	0005      	movs	r5, r0
100018ea:	000e      	movs	r6, r1
100018ec:	0017      	movs	r7, r2
100018ee:	0018      	movs	r0, r3
100018f0:	9908      	ldr	r1, [sp, #32]
100018f2:	f000 fa1d 	bl	10001d30 <__wrap___aeabi_uidiv>
100018f6:	0003      	movs	r3, r0
100018f8:	9a08      	ldr	r2, [sp, #32]
100018fa:	0214      	lsls	r4, r2, #8
100018fc:	9400      	str	r4, [sp, #0]
100018fe:	003a      	movs	r2, r7
10001900:	0031      	movs	r1, r6
10001902:	0028      	movs	r0, r5
10001904:	f7ff ff8c 	bl	10001820 <clock_configure_internal>
10001908:	b003      	add	sp, #12
1000190a:	bdf0      	pop	{r4, r5, r6, r7, pc}

1000190c <clock_configure_undivided>:
1000190c:	b510      	push	{r4, lr}
1000190e:	b082      	sub	sp, #8
10001910:	2480      	movs	r4, #128	@ 0x80
10001912:	0064      	lsls	r4, r4, #1
10001914:	9400      	str	r4, [sp, #0]
10001916:	f7ff ff83 	bl	10001820 <clock_configure_internal>
1000191a:	b002      	add	sp, #8
1000191c:	bd10      	pop	{r4, pc}
	...

10001920 <clock_get_hz>:
10001920:	4b01      	ldr	r3, [pc, #4]	@ (10001928 <clock_get_hz+0x8>)
10001922:	0080      	lsls	r0, r0, #2
10001924:	58c0      	ldr	r0, [r0, r3]
10001926:	4770      	bx	lr
10001928:	20002b58 	.word	0x20002b58

1000192c <pll_init>:
1000192c:	b5f0      	push	{r4, r5, r6, r7, lr}
1000192e:	46c6      	mov	lr, r8
10001930:	b500      	push	{lr}
10001932:	0004      	movs	r4, r0
10001934:	000e      	movs	r6, r1
10001936:	0017      	movs	r7, r2
10001938:	001d      	movs	r5, r3
1000193a:	4837      	ldr	r0, [pc, #220]	@ (10001a18 <pll_init+0xec>)
1000193c:	f000 f9f8 	bl	10001d30 <__wrap___aeabi_uidiv>
10001940:	4680      	mov	r8, r0
10001942:	4b36      	ldr	r3, [pc, #216]	@ (10001a1c <pll_init+0xf0>)
10001944:	18fa      	adds	r2, r7, r3
10001946:	4b36      	ldr	r3, [pc, #216]	@ (10001a20 <pll_init+0xf4>)
10001948:	429a      	cmp	r2, r3
1000194a:	d839      	bhi.n	100019c0 <pll_init+0x94>
1000194c:	0001      	movs	r1, r0
1000194e:	0038      	movs	r0, r7
10001950:	f000 f9ee 	bl	10001d30 <__wrap___aeabi_uidiv>
10001954:	0002      	movs	r2, r0
10001956:	3a10      	subs	r2, #16
10001958:	2398      	movs	r3, #152	@ 0x98
1000195a:	005b      	lsls	r3, r3, #1
1000195c:	429a      	cmp	r2, r3
1000195e:	d835      	bhi.n	100019cc <pll_init+0xa0>
10001960:	1e6b      	subs	r3, r5, #1
10001962:	2b06      	cmp	r3, #6
10001964:	d838      	bhi.n	100019d8 <pll_init+0xac>
10001966:	9b06      	ldr	r3, [sp, #24]
10001968:	3b01      	subs	r3, #1
1000196a:	2b06      	cmp	r3, #6
1000196c:	d834      	bhi.n	100019d8 <pll_init+0xac>
1000196e:	093f      	lsrs	r7, r7, #4
10001970:	4547      	cmp	r7, r8
10001972:	d337      	bcc.n	100019e4 <pll_init+0xb8>
10001974:	042d      	lsls	r5, r5, #16
10001976:	9b06      	ldr	r3, [sp, #24]
10001978:	031b      	lsls	r3, r3, #12
1000197a:	431d      	orrs	r5, r3
1000197c:	6823      	ldr	r3, [r4, #0]
1000197e:	2b00      	cmp	r3, #0
10001980:	db36      	blt.n	100019f0 <pll_init+0xc4>
10001982:	4b28      	ldr	r3, [pc, #160]	@ (10001a24 <pll_init+0xf8>)
10001984:	429c      	cmp	r4, r3
10001986:	d044      	beq.n	10001a12 <pll_init+0xe6>
10001988:	220c      	movs	r2, #12
1000198a:	2301      	movs	r3, #1
1000198c:	4093      	lsls	r3, r2
1000198e:	4a26      	ldr	r2, [pc, #152]	@ (10001a28 <pll_init+0xfc>)
10001990:	6013      	str	r3, [r2, #0]
10001992:	4a26      	ldr	r2, [pc, #152]	@ (10001a2c <pll_init+0x100>)
10001994:	6013      	str	r3, [r2, #0]
10001996:	4a26      	ldr	r2, [pc, #152]	@ (10001a30 <pll_init+0x104>)
10001998:	6812      	ldr	r2, [r2, #0]
1000199a:	0019      	movs	r1, r3
1000199c:	4391      	bics	r1, r2
1000199e:	1e0a      	subs	r2, r1, #0
100019a0:	d1f9      	bne.n	10001996 <pll_init+0x6a>
100019a2:	6026      	str	r6, [r4, #0]
100019a4:	60a0      	str	r0, [r4, #8]
100019a6:	4b23      	ldr	r3, [pc, #140]	@ (10001a34 <pll_init+0x108>)
100019a8:	18e3      	adds	r3, r4, r3
100019aa:	3221      	adds	r2, #33	@ 0x21
100019ac:	601a      	str	r2, [r3, #0]
100019ae:	6822      	ldr	r2, [r4, #0]
100019b0:	2a00      	cmp	r2, #0
100019b2:	dafc      	bge.n	100019ae <pll_init+0x82>
100019b4:	60e5      	str	r5, [r4, #12]
100019b6:	2208      	movs	r2, #8
100019b8:	601a      	str	r2, [r3, #0]
100019ba:	bc80      	pop	{r7}
100019bc:	46b8      	mov	r8, r7
100019be:	bdf0      	pop	{r4, r5, r6, r7, pc}
100019c0:	4b1d      	ldr	r3, [pc, #116]	@ (10001a38 <pll_init+0x10c>)
100019c2:	4a1e      	ldr	r2, [pc, #120]	@ (10001a3c <pll_init+0x110>)
100019c4:	481e      	ldr	r0, [pc, #120]	@ (10001a40 <pll_init+0x114>)
100019c6:	2111      	movs	r1, #17
100019c8:	f002 f9b2 	bl	10003d30 <__assert_func>
100019cc:	4b1d      	ldr	r3, [pc, #116]	@ (10001a44 <pll_init+0x118>)
100019ce:	4a1b      	ldr	r2, [pc, #108]	@ (10001a3c <pll_init+0x110>)
100019d0:	481b      	ldr	r0, [pc, #108]	@ (10001a40 <pll_init+0x114>)
100019d2:	2119      	movs	r1, #25
100019d4:	f002 f9ac 	bl	10003d30 <__assert_func>
100019d8:	4b1b      	ldr	r3, [pc, #108]	@ (10001a48 <pll_init+0x11c>)
100019da:	4a18      	ldr	r2, [pc, #96]	@ (10001a3c <pll_init+0x110>)
100019dc:	4818      	ldr	r0, [pc, #96]	@ (10001a40 <pll_init+0x114>)
100019de:	211c      	movs	r1, #28
100019e0:	f002 f9a6 	bl	10003d30 <__assert_func>
100019e4:	4b19      	ldr	r3, [pc, #100]	@ (10001a4c <pll_init+0x120>)
100019e6:	4a15      	ldr	r2, [pc, #84]	@ (10001a3c <pll_init+0x110>)
100019e8:	4815      	ldr	r0, [pc, #84]	@ (10001a40 <pll_init+0x114>)
100019ea:	2123      	movs	r1, #35	@ 0x23
100019ec:	f002 f9a0 	bl	10003d30 <__assert_func>
100019f0:	6822      	ldr	r2, [r4, #0]
100019f2:	233f      	movs	r3, #63	@ 0x3f
100019f4:	4013      	ands	r3, r2
100019f6:	42b3      	cmp	r3, r6
100019f8:	d1c3      	bne.n	10001982 <pll_init+0x56>
100019fa:	68a3      	ldr	r3, [r4, #8]
100019fc:	051b      	lsls	r3, r3, #20
100019fe:	0d1b      	lsrs	r3, r3, #20
10001a00:	4283      	cmp	r3, r0
10001a02:	d1be      	bne.n	10001982 <pll_init+0x56>
10001a04:	68e3      	ldr	r3, [r4, #12]
10001a06:	22ee      	movs	r2, #238	@ 0xee
10001a08:	02d2      	lsls	r2, r2, #11
10001a0a:	4013      	ands	r3, r2
10001a0c:	42ab      	cmp	r3, r5
10001a0e:	d1b8      	bne.n	10001982 <pll_init+0x56>
10001a10:	e7d3      	b.n	100019ba <pll_init+0x8e>
10001a12:	220d      	movs	r2, #13
10001a14:	e7b9      	b.n	1000198a <pll_init+0x5e>
10001a16:	46c0      	nop			@ (mov r8, r8)
10001a18:	00b71b00 	.word	0x00b71b00
10001a1c:	d34be880 	.word	0xd34be880
10001a20:	32a9f880 	.word	0x32a9f880
10001a24:	4002c000 	.word	0x4002c000
10001a28:	4000e000 	.word	0x4000e000
10001a2c:	4000f000 	.word	0x4000f000
10001a30:	4000c008 	.word	0x4000c008
10001a34:	00003004 	.word	0x00003004
10001a38:	10006f1c 	.word	0x10006f1c
10001a3c:	10007860 	.word	0x10007860
10001a40:	10006f6c 	.word	0x10006f6c
10001a44:	10006fb0 	.word	0x10006fb0
10001a48:	10006fcc 	.word	0x10006fcc
10001a4c:	10007018 	.word	0x10007018

10001a50 <tick_start>:
10001a50:	2380      	movs	r3, #128	@ 0x80
10001a52:	009b      	lsls	r3, r3, #2
10001a54:	430b      	orrs	r3, r1
10001a56:	4a01      	ldr	r2, [pc, #4]	@ (10001a5c <tick_start+0xc>)
10001a58:	62d3      	str	r3, [r2, #44]	@ 0x2c
10001a5a:	4770      	bx	lr
10001a5c:	40058000 	.word	0x40058000

10001a60 <rom_func_lookup>:
10001a60:	b510      	push	{r4, lr}
10001a62:	0001      	movs	r1, r0
10001a64:	2318      	movs	r3, #24
10001a66:	881b      	ldrh	r3, [r3, #0]
10001a68:	2214      	movs	r2, #20
10001a6a:	8810      	ldrh	r0, [r2, #0]
10001a6c:	4798      	blx	r3
10001a6e:	bd10      	pop	{r4, pc}

10001a70 <rom_data_lookup>:
10001a70:	b510      	push	{r4, lr}
10001a72:	0001      	movs	r1, r0
10001a74:	2318      	movs	r3, #24
10001a76:	881b      	ldrh	r3, [r3, #0]
10001a78:	2216      	movs	r2, #22
10001a7a:	8810      	ldrh	r0, [r2, #0]
10001a7c:	4798      	blx	r3
10001a7e:	bd10      	pop	{r4, pc}

10001a80 <rom_funcs_lookup>:
10001a80:	b5f0      	push	{r4, r5, r6, r7, lr}
10001a82:	46c6      	mov	lr, r8
10001a84:	b500      	push	{lr}
10001a86:	0007      	movs	r7, r0
10001a88:	000e      	movs	r6, r1
10001a8a:	2500      	movs	r5, #0
10001a8c:	2301      	movs	r3, #1
10001a8e:	4698      	mov	r8, r3
10001a90:	e000      	b.n	10001a94 <rom_funcs_lookup+0x14>
10001a92:	3501      	adds	r5, #1
10001a94:	42b5      	cmp	r5, r6
10001a96:	d20a      	bcs.n	10001aae <rom_funcs_lookup+0x2e>
10001a98:	00ac      	lsls	r4, r5, #2
10001a9a:	193c      	adds	r4, r7, r4
10001a9c:	6820      	ldr	r0, [r4, #0]
10001a9e:	f7ff ffdf 	bl	10001a60 <rom_func_lookup>
10001aa2:	6020      	str	r0, [r4, #0]
10001aa4:	2800      	cmp	r0, #0
10001aa6:	d1f4      	bne.n	10001a92 <rom_funcs_lookup+0x12>
10001aa8:	2300      	movs	r3, #0
10001aaa:	4698      	mov	r8, r3
10001aac:	e7f1      	b.n	10001a92 <rom_funcs_lookup+0x12>
10001aae:	4640      	mov	r0, r8
10001ab0:	bc80      	pop	{r7}
10001ab2:	46b8      	mov	r8, r7
10001ab4:	bdf0      	pop	{r4, r5, r6, r7, pc}
	...

10001ab8 <xosc_init>:
10001ab8:	4b07      	ldr	r3, [pc, #28]	@ (10001ad8 <xosc_init+0x20>)
10001aba:	22aa      	movs	r2, #170	@ 0xaa
10001abc:	0112      	lsls	r2, r2, #4
10001abe:	601a      	str	r2, [r3, #0]
10001ac0:	228d      	movs	r2, #141	@ 0x8d
10001ac2:	0052      	lsls	r2, r2, #1
10001ac4:	60da      	str	r2, [r3, #12]
10001ac6:	4b05      	ldr	r3, [pc, #20]	@ (10001adc <xosc_init+0x24>)
10001ac8:	4a05      	ldr	r2, [pc, #20]	@ (10001ae0 <xosc_init+0x28>)
10001aca:	601a      	str	r2, [r3, #0]
10001acc:	4b02      	ldr	r3, [pc, #8]	@ (10001ad8 <xosc_init+0x20>)
10001ace:	685b      	ldr	r3, [r3, #4]
10001ad0:	2b00      	cmp	r3, #0
10001ad2:	dafb      	bge.n	10001acc <xosc_init+0x14>
10001ad4:	4770      	bx	lr
10001ad6:	46c0      	nop			@ (mov r8, r8)
10001ad8:	40024000 	.word	0x40024000
10001adc:	40026000 	.word	0x40026000
10001ae0:	00fab000 	.word	0x00fab000

10001ae4 <runtime_run_initializers_from>:
10001ae4:	b510      	push	{r4, lr}
10001ae6:	0004      	movs	r4, r0
10001ae8:	e001      	b.n	10001aee <runtime_run_initializers_from+0xa>
10001aea:	cc08      	ldmia	r4!, {r3}
10001aec:	4798      	blx	r3
10001aee:	4b02      	ldr	r3, [pc, #8]	@ (10001af8 <runtime_run_initializers_from+0x14>)
10001af0:	429c      	cmp	r4, r3
10001af2:	d3fa      	bcc.n	10001aea <runtime_run_initializers_from+0x6>
10001af4:	bd10      	pop	{r4, pc}
10001af6:	46c0      	nop			@ (mov r8, r8)
10001af8:	10006a14 	.word	0x10006a14

10001afc <first_per_core_initializer>:
10001afc:	4770      	bx	lr
	...

10001b00 <runtime_run_initializers>:
10001b00:	b510      	push	{r4, lr}
10001b02:	4802      	ldr	r0, [pc, #8]	@ (10001b0c <runtime_run_initializers+0xc>)
10001b04:	f7ff ffee 	bl	10001ae4 <runtime_run_initializers_from>
10001b08:	bd10      	pop	{r4, pc}
10001b0a:	46c0      	nop			@ (mov r8, r8)
10001b0c:	100069d8 	.word	0x100069d8

10001b10 <runtime_init_early_resets>:
10001b10:	4b05      	ldr	r3, [pc, #20]	@ (10001b28 <runtime_init_early_resets+0x18>)
10001b12:	4a06      	ldr	r2, [pc, #24]	@ (10001b2c <runtime_init_early_resets+0x1c>)
10001b14:	601a      	str	r2, [r3, #0]
10001b16:	4b06      	ldr	r3, [pc, #24]	@ (10001b30 <runtime_init_early_resets+0x20>)
10001b18:	4a06      	ldr	r2, [pc, #24]	@ (10001b34 <runtime_init_early_resets+0x24>)
10001b1a:	601a      	str	r2, [r3, #0]
10001b1c:	4b06      	ldr	r3, [pc, #24]	@ (10001b38 <runtime_init_early_resets+0x28>)
10001b1e:	681a      	ldr	r2, [r3, #0]
10001b20:	4b04      	ldr	r3, [pc, #16]	@ (10001b34 <runtime_init_early_resets+0x24>)
10001b22:	4393      	bics	r3, r2
10001b24:	d1fa      	bne.n	10001b1c <runtime_init_early_resets+0xc>
10001b26:	4770      	bx	lr
10001b28:	4000e000 	.word	0x4000e000
10001b2c:	fefbcdbf 	.word	0xfefbcdbf
10001b30:	4000f000 	.word	0x4000f000
10001b34:	003c7ffe 	.word	0x003c7ffe
10001b38:	4000c008 	.word	0x4000c008

10001b3c <runtime_init_usb_power_down>:
10001b3c:	4b04      	ldr	r3, [pc, #16]	@ (10001b50 <runtime_init_usb_power_down+0x14>)
10001b3e:	6cdb      	ldr	r3, [r3, #76]	@ 0x4c
10001b40:	2b00      	cmp	r3, #0
10001b42:	d103      	bne.n	10001b4c <runtime_init_usb_power_down+0x10>
10001b44:	4b03      	ldr	r3, [pc, #12]	@ (10001b54 <runtime_init_usb_power_down+0x18>)
10001b46:	2280      	movs	r2, #128	@ 0x80
10001b48:	02d2      	lsls	r2, r2, #11
10001b4a:	601a      	str	r2, [r3, #0]
10001b4c:	4770      	bx	lr
10001b4e:	46c0      	nop			@ (mov r8, r8)
10001b50:	50110000 	.word	0x50110000
10001b54:	5011204c 	.word	0x5011204c

10001b58 <runtime_init_post_clock_resets>:
10001b58:	4b04      	ldr	r3, [pc, #16]	@ (10001b6c <runtime_init_post_clock_resets+0x14>)
10001b5a:	4a05      	ldr	r2, [pc, #20]	@ (10001b70 <runtime_init_post_clock_resets+0x18>)
10001b5c:	601a      	str	r2, [r3, #0]
10001b5e:	4b05      	ldr	r3, [pc, #20]	@ (10001b74 <runtime_init_post_clock_resets+0x1c>)
10001b60:	681b      	ldr	r3, [r3, #0]
10001b62:	43db      	mvns	r3, r3
10001b64:	01db      	lsls	r3, r3, #7
10001b66:	d1fa      	bne.n	10001b5e <runtime_init_post_clock_resets+0x6>
10001b68:	4770      	bx	lr
10001b6a:	46c0      	nop			@ (mov r8, r8)
10001b6c:	4000f000 	.word	0x4000f000
10001b70:	01ffffff 	.word	0x01ffffff
10001b74:	4000c008 	.word	0x4000c008

10001b78 <runtime_init_rp2040_gpio_ie_disable>:
10001b78:	4b03      	ldr	r3, [pc, #12]	@ (10001b88 <runtime_init_rp2040_gpio_ie_disable+0x10>)
10001b7a:	2240      	movs	r2, #64	@ 0x40
10001b7c:	679a      	str	r2, [r3, #120]	@ 0x78
10001b7e:	675a      	str	r2, [r3, #116]	@ 0x74
10001b80:	671a      	str	r2, [r3, #112]	@ 0x70
10001b82:	66da      	str	r2, [r3, #108]	@ 0x6c
10001b84:	4770      	bx	lr
10001b86:	46c0      	nop			@ (mov r8, r8)
10001b88:	4001f000 	.word	0x4001f000

10001b8c <runtime_init_spin_locks_reset>:
10001b8c:	b510      	push	{r4, lr}
10001b8e:	f7fe fe1f 	bl	100007d0 <spin_locks_reset>
10001b92:	bd10      	pop	{r4, pc}

10001b94 <runtime_init_install_ram_vector_table>:
10001b94:	b510      	push	{r4, lr}
10001b96:	4a0c      	ldr	r2, [pc, #48]	@ (10001bc8 <runtime_init_install_ram_vector_table+0x34>)
10001b98:	4b0c      	ldr	r3, [pc, #48]	@ (10001bcc <runtime_init_install_ram_vector_table+0x38>)
10001b9a:	1ad2      	subs	r2, r2, r3
10001b9c:	1092      	asrs	r2, r2, #2
10001b9e:	0014      	movs	r4, r2
10001ba0:	2a30      	cmp	r2, #48	@ 0x30
10001ba2:	d900      	bls.n	10001ba6 <runtime_init_install_ram_vector_table+0x12>
10001ba4:	2230      	movs	r2, #48	@ 0x30
10001ba6:	0092      	lsls	r2, r2, #2
10001ba8:	4809      	ldr	r0, [pc, #36]	@ (10001bd0 <runtime_init_install_ram_vector_table+0x3c>)
10001baa:	4908      	ldr	r1, [pc, #32]	@ (10001bcc <runtime_init_install_ram_vector_table+0x38>)
10001bac:	f000 ffbc 	bl	10002b28 <__wrap___aeabi_memcpy>
10001bb0:	e004      	b.n	10001bbc <runtime_init_install_ram_vector_table+0x28>
10001bb2:	4a08      	ldr	r2, [pc, #32]	@ (10001bd4 <runtime_init_install_ram_vector_table+0x40>)
10001bb4:	4b06      	ldr	r3, [pc, #24]	@ (10001bd0 <runtime_init_install_ram_vector_table+0x3c>)
10001bb6:	00a1      	lsls	r1, r4, #2
10001bb8:	50ca      	str	r2, [r1, r3]
10001bba:	3401      	adds	r4, #1
10001bbc:	2c2f      	cmp	r4, #47	@ 0x2f
10001bbe:	d9f8      	bls.n	10001bb2 <runtime_init_install_ram_vector_table+0x1e>
10001bc0:	4b03      	ldr	r3, [pc, #12]	@ (10001bd0 <runtime_init_install_ram_vector_table+0x3c>)
10001bc2:	4a05      	ldr	r2, [pc, #20]	@ (10001bd8 <runtime_init_install_ram_vector_table+0x44>)
10001bc4:	6093      	str	r3, [r2, #8]
10001bc6:	bd10      	pop	{r4, pc}
10001bc8:	100001c0 	.word	0x100001c0
10001bcc:	10000100 	.word	0x10000100
10001bd0:	20000000 	.word	0x20000000
10001bd4:	100001c1 	.word	0x100001c1
10001bd8:	e000ed00 	.word	0xe000ed00

10001bdc <start_all_ticks>:
10001bdc:	b570      	push	{r4, r5, r6, lr}
10001bde:	2004      	movs	r0, #4
10001be0:	f7ff fe9e 	bl	10001920 <clock_get_hz>
10001be4:	4906      	ldr	r1, [pc, #24]	@ (10001c00 <start_all_ticks+0x24>)
10001be6:	f000 f8a3 	bl	10001d30 <__wrap___aeabi_uidiv>
10001bea:	0005      	movs	r5, r0
10001bec:	2400      	movs	r4, #0
10001bee:	2c00      	cmp	r4, #0
10001bf0:	dd00      	ble.n	10001bf4 <start_all_ticks+0x18>
10001bf2:	bd70      	pop	{r4, r5, r6, pc}
10001bf4:	b2e0      	uxtb	r0, r4
10001bf6:	0029      	movs	r1, r5
10001bf8:	f7ff ff2a 	bl	10001a50 <tick_start>
10001bfc:	3401      	adds	r4, #1
10001bfe:	e7f6      	b.n	10001bee <start_all_ticks+0x12>
10001c00:	000f4240 	.word	0x000f4240

10001c04 <runtime_init_clocks>:
10001c04:	b530      	push	{r4, r5, lr}
10001c06:	b083      	sub	sp, #12
10001c08:	4b27      	ldr	r3, [pc, #156]	@ (10001ca8 <runtime_init_clocks+0xa4>)
10001c0a:	2200      	movs	r2, #0
10001c0c:	679a      	str	r2, [r3, #120]	@ 0x78
10001c0e:	f7ff ff53 	bl	10001ab8 <xosc_init>
10001c12:	4b26      	ldr	r3, [pc, #152]	@ (10001cac <runtime_init_clocks+0xa8>)
10001c14:	2201      	movs	r2, #1
10001c16:	601a      	str	r2, [r3, #0]
10001c18:	4b23      	ldr	r3, [pc, #140]	@ (10001ca8 <runtime_init_clocks+0xa4>)
10001c1a:	6c5b      	ldr	r3, [r3, #68]	@ 0x44
10001c1c:	2b01      	cmp	r3, #1
10001c1e:	d1fb      	bne.n	10001c18 <runtime_init_clocks+0x14>
10001c20:	4b23      	ldr	r3, [pc, #140]	@ (10001cb0 <runtime_init_clocks+0xac>)
10001c22:	2203      	movs	r2, #3
10001c24:	601a      	str	r2, [r3, #0]
10001c26:	4b20      	ldr	r3, [pc, #128]	@ (10001ca8 <runtime_init_clocks+0xa4>)
10001c28:	6b9b      	ldr	r3, [r3, #56]	@ 0x38
10001c2a:	2b01      	cmp	r3, #1
10001c2c:	d1fb      	bne.n	10001c26 <runtime_init_clocks+0x22>
10001c2e:	3301      	adds	r3, #1
10001c30:	9300      	str	r3, [sp, #0]
10001c32:	3304      	adds	r3, #4
10001c34:	4a1f      	ldr	r2, [pc, #124]	@ (10001cb4 <runtime_init_clocks+0xb0>)
10001c36:	2101      	movs	r1, #1
10001c38:	481f      	ldr	r0, [pc, #124]	@ (10001cb8 <runtime_init_clocks+0xb4>)
10001c3a:	f7ff fe77 	bl	1000192c <pll_init>
10001c3e:	2305      	movs	r3, #5
10001c40:	9300      	str	r3, [sp, #0]
10001c42:	4a1e      	ldr	r2, [pc, #120]	@ (10001cbc <runtime_init_clocks+0xb8>)
10001c44:	2101      	movs	r1, #1
10001c46:	481e      	ldr	r0, [pc, #120]	@ (10001cc0 <runtime_init_clocks+0xbc>)
10001c48:	f7ff fe70 	bl	1000192c <pll_init>
10001c4c:	4b1d      	ldr	r3, [pc, #116]	@ (10001cc4 <runtime_init_clocks+0xc0>)
10001c4e:	2200      	movs	r2, #0
10001c50:	2102      	movs	r1, #2
10001c52:	2004      	movs	r0, #4
10001c54:	f7ff fe5a 	bl	1000190c <clock_configure_undivided>
10001c58:	4d1b      	ldr	r5, [pc, #108]	@ (10001cc8 <runtime_init_clocks+0xc4>)
10001c5a:	002b      	movs	r3, r5
10001c5c:	2200      	movs	r2, #0
10001c5e:	2101      	movs	r1, #1
10001c60:	2005      	movs	r0, #5
10001c62:	f7ff fe53 	bl	1000190c <clock_configure_undivided>
10001c66:	4c19      	ldr	r4, [pc, #100]	@ (10001ccc <runtime_init_clocks+0xc8>)
10001c68:	0023      	movs	r3, r4
10001c6a:	2200      	movs	r2, #0
10001c6c:	2100      	movs	r1, #0
10001c6e:	2007      	movs	r0, #7
10001c70:	f7ff fe4c 	bl	1000190c <clock_configure_undivided>
10001c74:	0023      	movs	r3, r4
10001c76:	2200      	movs	r2, #0
10001c78:	2100      	movs	r1, #0
10001c7a:	2008      	movs	r0, #8
10001c7c:	f7ff fe46 	bl	1000190c <clock_configure_undivided>
10001c80:	2380      	movs	r3, #128	@ 0x80
10001c82:	00db      	lsls	r3, r3, #3
10001c84:	9300      	str	r3, [sp, #0]
10001c86:	0023      	movs	r3, r4
10001c88:	2200      	movs	r2, #0
10001c8a:	2100      	movs	r1, #0
10001c8c:	2009      	movs	r0, #9
10001c8e:	f7ff fe29 	bl	100018e4 <clock_configure_int_divider>
10001c92:	002b      	movs	r3, r5
10001c94:	2200      	movs	r2, #0
10001c96:	2100      	movs	r1, #0
10001c98:	2006      	movs	r0, #6
10001c9a:	f7ff fe37 	bl	1000190c <clock_configure_undivided>
10001c9e:	f7ff ff9d 	bl	10001bdc <start_all_ticks>
10001ca2:	b003      	add	sp, #12
10001ca4:	bd30      	pop	{r4, r5, pc}
10001ca6:	46c0      	nop			@ (mov r8, r8)
10001ca8:	40008000 	.word	0x40008000
10001cac:	4000b03c 	.word	0x4000b03c
10001cb0:	4000b030 	.word	0x4000b030
10001cb4:	59682f00 	.word	0x59682f00
10001cb8:	40028000 	.word	0x40028000
10001cbc:	47868c00 	.word	0x47868c00
10001cc0:	4002c000 	.word	0x4002c000
10001cc4:	00b71b00 	.word	0x00b71b00
10001cc8:	07735940 	.word	0x07735940
10001ccc:	02dc6c00 	.word	0x02dc6c00

10001cd0 <__aeabi_bits_init>:
10001cd0:	4801      	ldr	r0, [pc, #4]	@ (10001cd8 <__aeabi_bits_init+0x8>)
10001cd2:	2104      	movs	r1, #4
10001cd4:	4b01      	ldr	r3, [pc, #4]	@ (10001cdc <__aeabi_bits_init+0xc>)
10001cd6:	4718      	bx	r3
10001cd8:	20000c50 	.word	0x20000c50
10001cdc:	10001a81 	.word	0x10001a81

10001ce0 <__wrap___aeabi_idiv>:
10001ce0:	4a12      	ldr	r2, [pc, #72]	@ (10001d2c <divmod_s32s32_savestate+0x18>)
10001ce2:	6f93      	ldr	r3, [r2, #120]	@ 0x78
10001ce4:	089b      	lsrs	r3, r3, #2
10001ce6:	d215      	bcs.n	10001d14 <divmod_s32s32_savestate>

10001ce8 <divmod_s32s32_unsafe>:
10001ce8:	6690      	str	r0, [r2, #104]	@ 0x68
10001cea:	66d1      	str	r1, [r2, #108]	@ 0x6c
10001cec:	2900      	cmp	r1, #0
10001cee:	d005      	beq.n	10001cfc <divmod_s32s32_unsafe+0x14>
10001cf0:	e7ff      	b.n	10001cf2 <divmod_s32s32_unsafe+0xa>
10001cf2:	e7ff      	b.n	10001cf4 <divmod_s32s32_unsafe+0xc>
10001cf4:	e7ff      	b.n	10001cf6 <divmod_s32s32_unsafe+0xe>
10001cf6:	6f51      	ldr	r1, [r2, #116]	@ 0x74
10001cf8:	6f10      	ldr	r0, [r2, #112]	@ 0x70
10001cfa:	4770      	bx	lr
10001cfc:	b504      	push	{r2, lr}
10001cfe:	2180      	movs	r1, #128	@ 0x80
10001d00:	0609      	lsls	r1, r1, #24
10001d02:	17c2      	asrs	r2, r0, #31
10001d04:	4051      	eors	r1, r2
10001d06:	2800      	cmp	r0, #0
10001d08:	d000      	beq.n	10001d0c <divmod_s32s32_unsafe+0x24>
10001d0a:	43c8      	mvns	r0, r1
10001d0c:	f004 fe24 	bl	10006958 <____aeabi_idiv0_veneer>
10001d10:	2100      	movs	r1, #0
10001d12:	bd04      	pop	{r2, pc}

10001d14 <divmod_s32s32_savestate>:
10001d14:	b5f0      	push	{r4, r5, r6, r7, lr}
10001d16:	6e14      	ldr	r4, [r2, #96]	@ 0x60
10001d18:	6e55      	ldr	r5, [r2, #100]	@ 0x64
10001d1a:	6f57      	ldr	r7, [r2, #116]	@ 0x74
10001d1c:	6f16      	ldr	r6, [r2, #112]	@ 0x70
10001d1e:	f7ff ffe3 	bl	10001ce8 <divmod_s32s32_unsafe>
10001d22:	6614      	str	r4, [r2, #96]	@ 0x60
10001d24:	6655      	str	r5, [r2, #100]	@ 0x64
10001d26:	6757      	str	r7, [r2, #116]	@ 0x74
10001d28:	6716      	str	r6, [r2, #112]	@ 0x70
10001d2a:	bdf0      	pop	{r4, r5, r6, r7, pc}
10001d2c:	d0000000 	.word	0xd0000000

10001d30 <__wrap___aeabi_uidiv>:
10001d30:	4a11      	ldr	r2, [pc, #68]	@ (10001d78 <divmod_u32u32_savestate+0x18>)
10001d32:	6f93      	ldr	r3, [r2, #120]	@ 0x78
10001d34:	089b      	lsrs	r3, r3, #2
10001d36:	d213      	bcs.n	10001d60 <divmod_u32u32_savestate>

10001d38 <divmod_u32u32_unsafe>:
10001d38:	6610      	str	r0, [r2, #96]	@ 0x60
10001d3a:	6651      	str	r1, [r2, #100]	@ 0x64
10001d3c:	2900      	cmp	r1, #0
10001d3e:	d005      	beq.n	10001d4c <divmod_u32u32_unsafe+0x14>
10001d40:	e7ff      	b.n	10001d42 <divmod_u32u32_unsafe+0xa>
10001d42:	e7ff      	b.n	10001d44 <divmod_u32u32_unsafe+0xc>
10001d44:	e7ff      	b.n	10001d46 <divmod_u32u32_unsafe+0xe>
10001d46:	6f51      	ldr	r1, [r2, #116]	@ 0x74
10001d48:	6f10      	ldr	r0, [r2, #112]	@ 0x70
10001d4a:	4770      	bx	lr
10001d4c:	b504      	push	{r2, lr}
10001d4e:	2800      	cmp	r0, #0
10001d50:	d001      	beq.n	10001d56 <divmod_u32u32_unsafe+0x1e>
10001d52:	2000      	movs	r0, #0
10001d54:	43c0      	mvns	r0, r0
10001d56:	f004 fdff 	bl	10006958 <____aeabi_idiv0_veneer>
10001d5a:	2100      	movs	r1, #0
10001d5c:	bd04      	pop	{r2, pc}
10001d5e:	46c0      	nop			@ (mov r8, r8)

10001d60 <divmod_u32u32_savestate>:
10001d60:	b5f0      	push	{r4, r5, r6, r7, lr}
10001d62:	6e14      	ldr	r4, [r2, #96]	@ 0x60
10001d64:	6e55      	ldr	r5, [r2, #100]	@ 0x64
10001d66:	6f57      	ldr	r7, [r2, #116]	@ 0x74
10001d68:	6f16      	ldr	r6, [r2, #112]	@ 0x70
10001d6a:	f7ff ffe5 	bl	10001d38 <divmod_u32u32_unsafe>
10001d6e:	6614      	str	r4, [r2, #96]	@ 0x60
10001d70:	6655      	str	r5, [r2, #100]	@ 0x64
10001d72:	6757      	str	r7, [r2, #116]	@ 0x74
10001d74:	6716      	str	r6, [r2, #112]	@ 0x70
10001d76:	bdf0      	pop	{r4, r5, r6, r7, pc}
10001d78:	d0000000 	.word	0xd0000000

10001d7c <__wrap___aeabi_ldivmod>:
10001d7c:	4694      	mov	ip, r2
10001d7e:	4a4a      	ldr	r2, [pc, #296]	@ (10001ea8 <udiv0+0x1a>)
10001d80:	6f92      	ldr	r2, [r2, #120]	@ 0x78
10001d82:	0892      	lsrs	r2, r2, #2
10001d84:	4662      	mov	r2, ip
10001d86:	d201      	bcs.n	10001d8c <divmod_s64s64_savestate>
10001d88:	e028      	b.n	10001ddc <divmod_s64s64_unsafe>
10001d8a:	46c0      	nop			@ (mov r8, r8)

10001d8c <divmod_s64s64_savestate>:
10001d8c:	b5f0      	push	{r4, r5, r6, r7, lr}
10001d8e:	4e46      	ldr	r6, [pc, #280]	@ (10001ea8 <udiv0+0x1a>)
10001d90:	6e34      	ldr	r4, [r6, #96]	@ 0x60
10001d92:	6e75      	ldr	r5, [r6, #100]	@ 0x64
10001d94:	6f77      	ldr	r7, [r6, #116]	@ 0x74
10001d96:	6f36      	ldr	r6, [r6, #112]	@ 0x70
10001d98:	f000 f820 	bl	10001ddc <divmod_s64s64_unsafe>
10001d9c:	4694      	mov	ip, r2
10001d9e:	4a42      	ldr	r2, [pc, #264]	@ (10001ea8 <udiv0+0x1a>)
10001da0:	6614      	str	r4, [r2, #96]	@ 0x60
10001da2:	6655      	str	r5, [r2, #100]	@ 0x64
10001da4:	6757      	str	r7, [r2, #116]	@ 0x74
10001da6:	6716      	str	r6, [r2, #112]	@ 0x70
10001da8:	4662      	mov	r2, ip
10001daa:	bdf0      	pop	{r4, r5, r6, r7, pc}

10001dac <__wrap___aeabi_uldivmod>:
10001dac:	4694      	mov	ip, r2
10001dae:	4a3e      	ldr	r2, [pc, #248]	@ (10001ea8 <udiv0+0x1a>)
10001db0:	6f92      	ldr	r2, [r2, #120]	@ 0x78
10001db2:	0892      	lsrs	r2, r2, #2
10001db4:	4662      	mov	r2, ip
10001db6:	d201      	bcs.n	10001dbc <divmod_u64u64_savestate>
10001db8:	e054      	b.n	10001e64 <divmod_u64u64_unsafe>
10001dba:	46c0      	nop			@ (mov r8, r8)

10001dbc <divmod_u64u64_savestate>:
10001dbc:	b5f0      	push	{r4, r5, r6, r7, lr}
10001dbe:	4e3a      	ldr	r6, [pc, #232]	@ (10001ea8 <udiv0+0x1a>)
10001dc0:	6e34      	ldr	r4, [r6, #96]	@ 0x60
10001dc2:	6e75      	ldr	r5, [r6, #100]	@ 0x64
10001dc4:	6f77      	ldr	r7, [r6, #116]	@ 0x74
10001dc6:	6f36      	ldr	r6, [r6, #112]	@ 0x70
10001dc8:	f000 f84c 	bl	10001e64 <divmod_u64u64_unsafe>
10001dcc:	4694      	mov	ip, r2
10001dce:	4a36      	ldr	r2, [pc, #216]	@ (10001ea8 <udiv0+0x1a>)
10001dd0:	6614      	str	r4, [r2, #96]	@ 0x60
10001dd2:	6655      	str	r5, [r2, #100]	@ 0x64
10001dd4:	6757      	str	r7, [r2, #116]	@ 0x74
10001dd6:	6716      	str	r6, [r2, #112]	@ 0x70
10001dd8:	4662      	mov	r2, ip
10001dda:	bdf0      	pop	{r4, r5, r6, r7, pc}

10001ddc <divmod_s64s64_unsafe>:
10001ddc:	2b00      	cmp	r3, #0
10001dde:	db24      	blt.n	10001e2a <l42_1+0x26>
10001de0:	d011      	beq.n	10001e06 <l42_1+0x2>
10001de2:	2900      	cmp	r1, #0
10001de4:	da3e      	bge.n	10001e64 <divmod_u64u64_unsafe>
10001de6:	b500      	push	{lr}
10001de8:	43c9      	mvns	r1, r1
10001dea:	4240      	negs	r0, r0
10001dec:	d100      	bne.n	10001df0 <l40_1>
10001dee:	3101      	adds	r1, #1

10001df0 <l40_1>:
10001df0:	f000 f838 	bl	10001e64 <divmod_u64u64_unsafe>
10001df4:	43c9      	mvns	r1, r1
10001df6:	4240      	negs	r0, r0
10001df8:	d100      	bne.n	10001dfc <l41_1>
10001dfa:	3101      	adds	r1, #1

10001dfc <l41_1>:
10001dfc:	43db      	mvns	r3, r3
10001dfe:	4252      	negs	r2, r2
10001e00:	d100      	bne.n	10001e04 <l42_1>
10001e02:	3301      	adds	r3, #1

10001e04 <l42_1>:
10001e04:	bd00      	pop	{pc}
10001e06:	2a00      	cmp	r2, #0
10001e08:	d1eb      	bne.n	10001de2 <divmod_s64s64_unsafe+0x6>
10001e0a:	2800      	cmp	r0, #0
10001e0c:	d101      	bne.n	10001e12 <l42_1+0xe>
10001e0e:	2900      	cmp	r1, #0
10001e10:	d005      	beq.n	10001e1e <l42_1+0x1a>
10001e12:	2000      	movs	r0, #0
10001e14:	0fc9      	lsrs	r1, r1, #31
10001e16:	07c9      	lsls	r1, r1, #31
10001e18:	d101      	bne.n	10001e1e <l42_1+0x1a>
10001e1a:	43c0      	mvns	r0, r0
10001e1c:	0841      	lsrs	r1, r0, #1
10001e1e:	b500      	push	{lr}
10001e20:	f004 fd8a 	bl	10006938 <____aeabi_ldiv0_veneer>
10001e24:	2200      	movs	r2, #0
10001e26:	2300      	movs	r3, #0
10001e28:	bd00      	pop	{pc}
10001e2a:	b500      	push	{lr}
10001e2c:	2900      	cmp	r1, #0
10001e2e:	db0a      	blt.n	10001e46 <l44_1+0x2>
10001e30:	43db      	mvns	r3, r3
10001e32:	4252      	negs	r2, r2
10001e34:	d100      	bne.n	10001e38 <l43_1>
10001e36:	3301      	adds	r3, #1

10001e38 <l43_1>:
10001e38:	f000 f814 	bl	10001e64 <divmod_u64u64_unsafe>
10001e3c:	43c9      	mvns	r1, r1
10001e3e:	4240      	negs	r0, r0
10001e40:	d100      	bne.n	10001e44 <l44_1>
10001e42:	3101      	adds	r1, #1

10001e44 <l44_1>:
10001e44:	bd00      	pop	{pc}
10001e46:	43c9      	mvns	r1, r1
10001e48:	4240      	negs	r0, r0
10001e4a:	d100      	bne.n	10001e4e <l45_1>
10001e4c:	3101      	adds	r1, #1

10001e4e <l45_1>:
10001e4e:	43db      	mvns	r3, r3
10001e50:	4252      	negs	r2, r2
10001e52:	d100      	bne.n	10001e56 <l46_1>
10001e54:	3301      	adds	r3, #1

10001e56 <l46_1>:
10001e56:	f000 f805 	bl	10001e64 <divmod_u64u64_unsafe>
10001e5a:	43db      	mvns	r3, r3
10001e5c:	4252      	negs	r2, r2
10001e5e:	d100      	bne.n	10001e62 <l47_1>
10001e60:	3301      	adds	r3, #1

10001e62 <l47_1>:
10001e62:	bd00      	pop	{pc}

10001e64 <divmod_u64u64_unsafe>:
10001e64:	2900      	cmp	r1, #0
10001e66:	d123      	bne.n	10001eb0 <y64>
10001e68:	2b00      	cmp	r3, #0
10001e6a:	d118      	bne.n	10001e9e <udiv0+0x10>
10001e6c:	2a00      	cmp	r2, #0
10001e6e:	d00c      	beq.n	10001e8a <divmod_u64u64_unsafe+0x26>
10001e70:	46bc      	mov	ip, r7
10001e72:	4f0d      	ldr	r7, [pc, #52]	@ (10001ea8 <udiv0+0x1a>)
10001e74:	6638      	str	r0, [r7, #96]	@ 0x60
10001e76:	667a      	str	r2, [r7, #100]	@ 0x64
10001e78:	2100      	movs	r1, #0
10001e7a:	2300      	movs	r3, #0
10001e7c:	e7ff      	b.n	10001e7e <divmod_u64u64_unsafe+0x1a>
10001e7e:	e7ff      	b.n	10001e80 <divmod_u64u64_unsafe+0x1c>
10001e80:	e7ff      	b.n	10001e82 <divmod_u64u64_unsafe+0x1e>
10001e82:	6f7a      	ldr	r2, [r7, #116]	@ 0x74
10001e84:	6f38      	ldr	r0, [r7, #112]	@ 0x70
10001e86:	4667      	mov	r7, ip
10001e88:	4770      	bx	lr
10001e8a:	2800      	cmp	r0, #0
10001e8c:	d001      	beq.n	10001e92 <udiv0+0x4>

10001e8e <udiv0>:
10001e8e:	4807      	ldr	r0, [pc, #28]	@ (10001eac <udiv0+0x1e>)
10001e90:	0001      	movs	r1, r0
10001e92:	b500      	push	{lr}
10001e94:	f004 fd50 	bl	10006938 <____aeabi_ldiv0_veneer>
10001e98:	2200      	movs	r2, #0
10001e9a:	2300      	movs	r3, #0
10001e9c:	bd00      	pop	{pc}
10001e9e:	0002      	movs	r2, r0
10001ea0:	000b      	movs	r3, r1
10001ea2:	2000      	movs	r0, #0
10001ea4:	2100      	movs	r1, #0
10001ea6:	4770      	bx	lr
10001ea8:	d0000000 	.word	0xd0000000
10001eac:	ffffffff 	.word	0xffffffff

10001eb0 <y64>:
10001eb0:	2b00      	cmp	r3, #0
10001eb2:	d000      	beq.n	10001eb6 <y64+0x6>
10001eb4:	e0bf      	b.n	10002036 <y64_x48>
10001eb6:	0c13      	lsrs	r3, r2, #16
10001eb8:	d128      	bne.n	10001f0c <y64_x32>
10001eba:	2a00      	cmp	r2, #0
10001ebc:	d0e7      	beq.n	10001e8e <udiv0>
10001ebe:	b480      	push	{r7}
10001ec0:	4f11      	ldr	r7, [pc, #68]	@ (10001f08 <y64+0x58>)
10001ec2:	6639      	str	r1, [r7, #96]	@ 0x60
10001ec4:	667a      	str	r2, [r7, #100]	@ 0x64
10001ec6:	e7ff      	b.n	10001ec8 <y64+0x18>
10001ec8:	e7ff      	b.n	10001eca <y64+0x1a>
10001eca:	b430      	push	{r4, r5}
10001ecc:	0c04      	lsrs	r4, r0, #16
10001ece:	6f7b      	ldr	r3, [r7, #116]	@ 0x74
10001ed0:	6f39      	ldr	r1, [r7, #112]	@ 0x70
10001ed2:	041b      	lsls	r3, r3, #16
10001ed4:	4323      	orrs	r3, r4
10001ed6:	663b      	str	r3, [r7, #96]	@ 0x60
10001ed8:	667a      	str	r2, [r7, #100]	@ 0x64
10001eda:	e7ff      	b.n	10001edc <y64+0x2c>
10001edc:	e7ff      	b.n	10001ede <y64+0x2e>
10001ede:	e7ff      	b.n	10001ee0 <y64+0x30>
10001ee0:	46c0      	nop			@ (mov r8, r8)
10001ee2:	b284      	uxth	r4, r0
10001ee4:	6f7b      	ldr	r3, [r7, #116]	@ 0x74
10001ee6:	6f3d      	ldr	r5, [r7, #112]	@ 0x70
10001ee8:	041b      	lsls	r3, r3, #16
10001eea:	4323      	orrs	r3, r4
10001eec:	663b      	str	r3, [r7, #96]	@ 0x60
10001eee:	667a      	str	r2, [r7, #100]	@ 0x64
10001ef0:	e7ff      	b.n	10001ef2 <y64+0x42>
10001ef2:	e7ff      	b.n	10001ef4 <y64+0x44>
10001ef4:	46c0      	nop			@ (mov r8, r8)
10001ef6:	2300      	movs	r3, #0
10001ef8:	042c      	lsls	r4, r5, #16
10001efa:	0c2d      	lsrs	r5, r5, #16
10001efc:	6f7a      	ldr	r2, [r7, #116]	@ 0x74
10001efe:	6f38      	ldr	r0, [r7, #112]	@ 0x70
10001f00:	1900      	adds	r0, r0, r4
10001f02:	4169      	adcs	r1, r5
10001f04:	bcb0      	pop	{r4, r5, r7}
10001f06:	4770      	bx	lr
10001f08:	d0000000 	.word	0xd0000000

10001f0c <y64_x32>:
10001f0c:	b5f0      	push	{r4, r5, r6, r7, lr}
10001f0e:	4694      	mov	ip, r2
10001f10:	2500      	movs	r5, #0
10001f12:	0e14      	lsrs	r4, r2, #24
10001f14:	d101      	bne.n	10001f1a <y64_x32+0xe>
10001f16:	0212      	lsls	r2, r2, #8
10001f18:	3508      	adds	r5, #8
10001f1a:	0f14      	lsrs	r4, r2, #28
10001f1c:	d101      	bne.n	10001f22 <y64_x32+0x16>
10001f1e:	0112      	lsls	r2, r2, #4
10001f20:	3504      	adds	r5, #4
10001f22:	0f94      	lsrs	r4, r2, #30
10001f24:	d101      	bne.n	10001f2a <y64_x32+0x1e>
10001f26:	0092      	lsls	r2, r2, #2
10001f28:	3502      	adds	r5, #2
10001f2a:	0fd4      	lsrs	r4, r2, #31
10001f2c:	d101      	bne.n	10001f32 <y64_x32+0x26>
10001f2e:	0052      	lsls	r2, r2, #1
10001f30:	3501      	adds	r5, #1
10001f32:	0bd4      	lsrs	r4, r2, #15
10001f34:	3401      	adds	r4, #1
10001f36:	4f25      	ldr	r7, [pc, #148]	@ (10001fcc <y64_x32+0xc0>)
10001f38:	667c      	str	r4, [r7, #100]	@ 0x64
10001f3a:	4c25      	ldr	r4, [pc, #148]	@ (10001fd0 <y64_x32+0xc4>)
10001f3c:	663c      	str	r4, [r7, #96]	@ 0x60
10001f3e:	0c0e      	lsrs	r6, r1, #16
10001f40:	b293      	uxth	r3, r2
10001f42:	e7ff      	b.n	10001f44 <y64_x32+0x38>
10001f44:	e7ff      	b.n	10001f46 <y64_x32+0x3a>
10001f46:	e7ff      	b.n	10001f48 <y64_x32+0x3c>
10001f48:	6f3c      	ldr	r4, [r7, #112]	@ 0x70
10001f4a:	4366      	muls	r6, r4
10001f4c:	0c36      	lsrs	r6, r6, #16
10001f4e:	0377      	lsls	r7, r6, #13
10001f50:	46be      	mov	lr, r7
10001f52:	4373      	muls	r3, r6
10001f54:	0bdf      	lsrs	r7, r3, #15
10001f56:	045b      	lsls	r3, r3, #17
10001f58:	1ac0      	subs	r0, r0, r3
10001f5a:	41b9      	sbcs	r1, r7
10001f5c:	0c13      	lsrs	r3, r2, #16
10001f5e:	4373      	muls	r3, r6
10001f60:	18db      	adds	r3, r3, r3
10001f62:	1ac9      	subs	r1, r1, r3
10001f64:	08ce      	lsrs	r6, r1, #3
10001f66:	4366      	muls	r6, r4
10001f68:	0c36      	lsrs	r6, r6, #16
10001f6a:	44b6      	add	lr, r6
10001f6c:	b293      	uxth	r3, r2
10001f6e:	4373      	muls	r3, r6
10001f70:	0f1f      	lsrs	r7, r3, #28
10001f72:	011b      	lsls	r3, r3, #4
10001f74:	1ac0      	subs	r0, r0, r3
10001f76:	41b9      	sbcs	r1, r7
10001f78:	0c13      	lsrs	r3, r2, #16
10001f7a:	4373      	muls	r3, r6
10001f7c:	0b1f      	lsrs	r7, r3, #12
10001f7e:	051b      	lsls	r3, r3, #20
10001f80:	1ac0      	subs	r0, r0, r3
10001f82:	41b9      	sbcs	r1, r7
10001f84:	0d86      	lsrs	r6, r0, #22
10001f86:	028f      	lsls	r7, r1, #10
10001f88:	433e      	orrs	r6, r7
10001f8a:	4366      	muls	r6, r4
10001f8c:	0c36      	lsrs	r6, r6, #16
10001f8e:	2d09      	cmp	r5, #9
10001f90:	db24      	blt.n	10001fdc <last0>
10001f92:	0a52      	lsrs	r2, r2, #9
10001f94:	4372      	muls	r2, r6
10001f96:	1a80      	subs	r0, r0, r2
10001f98:	0377      	lsls	r7, r6, #13
10001f9a:	0a46      	lsrs	r6, r0, #9
10001f9c:	4366      	muls	r6, r4
10001f9e:	0c36      	lsrs	r6, r6, #16
10001fa0:	2316      	movs	r3, #22
10001fa2:	1b5b      	subs	r3, r3, r5
10001fa4:	40de      	lsrs	r6, r3
10001fa6:	40df      	lsrs	r7, r3
10001fa8:	19bf      	adds	r7, r7, r6
10001faa:	4664      	mov	r4, ip
10001fac:	4366      	muls	r6, r4
10001fae:	1b82      	subs	r2, r0, r6
10001fb0:	4670      	mov	r0, lr
10001fb2:	3504      	adds	r5, #4
10001fb4:	3306      	adds	r3, #6
10001fb6:	0001      	movs	r1, r0
10001fb8:	40d9      	lsrs	r1, r3
10001fba:	40a8      	lsls	r0, r5
10001fbc:	19c0      	adds	r0, r0, r7
10001fbe:	d300      	bcc.n	10001fc2 <y64_x32+0xb6>
10001fc0:	3101      	adds	r1, #1
10001fc2:	42a2      	cmp	r2, r4
10001fc4:	d206      	bcs.n	10001fd4 <y64_x32+0xc8>
10001fc6:	2300      	movs	r3, #0
10001fc8:	bdf0      	pop	{r4, r5, r6, r7, pc}
10001fca:	0000      	.short	0x0000
10001fcc:	d0000000 	.word	0xd0000000
10001fd0:	ffffffff 	.word	0xffffffff
10001fd4:	1b12      	subs	r2, r2, r4
10001fd6:	3001      	adds	r0, #1
10001fd8:	d3f3      	bcc.n	10001fc2 <y64_x32+0xb6>
10001fda:	e7f1      	b.n	10001fc0 <y64_x32+0xb4>

10001fdc <last0>:
10001fdc:	2709      	movs	r7, #9
10001fde:	1b7f      	subs	r7, r7, r5
10001fe0:	40fe      	lsrs	r6, r7
10001fe2:	4664      	mov	r4, ip
10001fe4:	b2a2      	uxth	r2, r4
10001fe6:	4372      	muls	r2, r6
10001fe8:	1a80      	subs	r0, r0, r2
10001fea:	d200      	bcs.n	10001fee <last0+0x12>
10001fec:	3901      	subs	r1, #1
10001fee:	0c22      	lsrs	r2, r4, #16
10001ff0:	4372      	muls	r2, r6
10001ff2:	0c13      	lsrs	r3, r2, #16
10001ff4:	0412      	lsls	r2, r2, #16
10001ff6:	1a82      	subs	r2, r0, r2
10001ff8:	4199      	sbcs	r1, r3
10001ffa:	000b      	movs	r3, r1
10001ffc:	4670      	mov	r0, lr
10001ffe:	3504      	adds	r5, #4
10002000:	3713      	adds	r7, #19
10002002:	0001      	movs	r1, r0
10002004:	40f9      	lsrs	r1, r7
10002006:	40a8      	lsls	r0, r5
10002008:	1980      	adds	r0, r0, r6
1000200a:	d300      	bcc.n	1000200e <last0+0x32>
1000200c:	3101      	adds	r1, #1
1000200e:	2b00      	cmp	r3, #0
10002010:	d102      	bne.n	10002018 <last0+0x3c>
10002012:	42a2      	cmp	r2, r4
10002014:	d20a      	bcs.n	1000202c <last0+0x50>
10002016:	bdf0      	pop	{r4, r5, r6, r7, pc}
10002018:	3001      	adds	r0, #1
1000201a:	d300      	bcc.n	1000201e <last0+0x42>
1000201c:	3101      	adds	r1, #1
1000201e:	1b12      	subs	r2, r2, r4
10002020:	d2fa      	bcs.n	10002018 <last0+0x3c>
10002022:	3b01      	subs	r3, #1
10002024:	d1f8      	bne.n	10002018 <last0+0x3c>
10002026:	42a2      	cmp	r2, r4
10002028:	d200      	bcs.n	1000202c <last0+0x50>
1000202a:	bdf0      	pop	{r4, r5, r6, r7, pc}
1000202c:	3001      	adds	r0, #1
1000202e:	d300      	bcc.n	10002032 <last0+0x56>
10002030:	3101      	adds	r1, #1
10002032:	1b12      	subs	r2, r2, r4
10002034:	e7f7      	b.n	10002026 <last0+0x4a>

10002036 <y64_x48>:
10002036:	b5f0      	push	{r4, r5, r6, r7, lr}
10002038:	0c1c      	lsrs	r4, r3, #16
1000203a:	d000      	beq.n	1000203e <y64_x48+0x8>
1000203c:	e080      	b.n	10002140 <y64_x64>
1000203e:	b40c      	push	{r2, r3}
10002040:	2500      	movs	r5, #0
10002042:	0a1c      	lsrs	r4, r3, #8
10002044:	d104      	bne.n	10002050 <y64_x48+0x1a>
10002046:	021b      	lsls	r3, r3, #8
10002048:	0e16      	lsrs	r6, r2, #24
1000204a:	4333      	orrs	r3, r6
1000204c:	0212      	lsls	r2, r2, #8
1000204e:	3508      	adds	r5, #8
10002050:	0b1c      	lsrs	r4, r3, #12
10002052:	d104      	bne.n	1000205e <y64_x48+0x28>
10002054:	011b      	lsls	r3, r3, #4
10002056:	0f16      	lsrs	r6, r2, #28
10002058:	4333      	orrs	r3, r6
1000205a:	0112      	lsls	r2, r2, #4
1000205c:	3504      	adds	r5, #4
1000205e:	0b9c      	lsrs	r4, r3, #14
10002060:	d104      	bne.n	1000206c <y64_x48+0x36>
10002062:	009b      	lsls	r3, r3, #2
10002064:	0f96      	lsrs	r6, r2, #30
10002066:	4333      	orrs	r3, r6
10002068:	0092      	lsls	r2, r2, #2
1000206a:	3502      	adds	r5, #2
1000206c:	0bdc      	lsrs	r4, r3, #15
1000206e:	d102      	bne.n	10002076 <y64_x48+0x40>
10002070:	1892      	adds	r2, r2, r2
10002072:	415b      	adcs	r3, r3
10002074:	3501      	adds	r5, #1
10002076:	001c      	movs	r4, r3
10002078:	1897      	adds	r7, r2, r2
1000207a:	4164      	adcs	r4, r4
1000207c:	3401      	adds	r4, #1
1000207e:	4f46      	ldr	r7, [pc, #280]	@ (10002198 <y64_x64+0x58>)
10002080:	667c      	str	r4, [r7, #100]	@ 0x64
10002082:	4c46      	ldr	r4, [pc, #280]	@ (1000219c <y64_x64+0x5c>)
10002084:	663c      	str	r4, [r7, #96]	@ 0x60
10002086:	0c0e      	lsrs	r6, r1, #16
10002088:	e7ff      	b.n	1000208a <y64_x48+0x54>
1000208a:	e7ff      	b.n	1000208c <y64_x48+0x56>
1000208c:	e7ff      	b.n	1000208e <y64_x48+0x58>
1000208e:	46c0      	nop			@ (mov r8, r8)
10002090:	6f3c      	ldr	r4, [r7, #112]	@ 0x70
10002092:	4366      	muls	r6, r4
10002094:	0c36      	lsrs	r6, r6, #16
10002096:	0377      	lsls	r7, r6, #13
10002098:	46be      	mov	lr, r7
1000209a:	b297      	uxth	r7, r2
1000209c:	4377      	muls	r7, r6
1000209e:	1bc0      	subs	r0, r0, r7
100020a0:	d200      	bcs.n	100020a4 <y64_x48+0x6e>
100020a2:	3901      	subs	r1, #1
100020a4:	1bc0      	subs	r0, r0, r7
100020a6:	d200      	bcs.n	100020aa <y64_x48+0x74>
100020a8:	3901      	subs	r1, #1
100020aa:	b29f      	uxth	r7, r3
100020ac:	4377      	muls	r7, r6
100020ae:	1bc9      	subs	r1, r1, r7
100020b0:	1bc9      	subs	r1, r1, r7
100020b2:	0c17      	lsrs	r7, r2, #16
100020b4:	4377      	muls	r7, r6
100020b6:	047e      	lsls	r6, r7, #17
100020b8:	0bff      	lsrs	r7, r7, #15
100020ba:	1b80      	subs	r0, r0, r6
100020bc:	41b9      	sbcs	r1, r7
100020be:	08ce      	lsrs	r6, r1, #3
100020c0:	4366      	muls	r6, r4
100020c2:	0c36      	lsrs	r6, r6, #16
100020c4:	2d0c      	cmp	r5, #12
100020c6:	db33      	blt.n	10002130 <last1>
100020c8:	44b6      	add	lr, r6
100020ca:	0b12      	lsrs	r2, r2, #12
100020cc:	051f      	lsls	r7, r3, #20
100020ce:	433a      	orrs	r2, r7
100020d0:	0b1b      	lsrs	r3, r3, #12
100020d2:	b297      	uxth	r7, r2
100020d4:	4377      	muls	r7, r6
100020d6:	1bc0      	subs	r0, r0, r7
100020d8:	d200      	bcs.n	100020dc <y64_x48+0xa6>
100020da:	3901      	subs	r1, #1
100020dc:	b29f      	uxth	r7, r3
100020de:	4377      	muls	r7, r6
100020e0:	1bc9      	subs	r1, r1, r7
100020e2:	0c17      	lsrs	r7, r2, #16
100020e4:	4377      	muls	r7, r6
100020e6:	043e      	lsls	r6, r7, #16
100020e8:	0c3f      	lsrs	r7, r7, #16
100020ea:	1b80      	subs	r0, r0, r6
100020ec:	41b9      	sbcs	r1, r7
100020ee:	0d86      	lsrs	r6, r0, #22
100020f0:	028f      	lsls	r7, r1, #10
100020f2:	433e      	orrs	r6, r7
100020f4:	4366      	muls	r6, r4
100020f6:	2729      	movs	r7, #41	@ 0x29
100020f8:	1b7f      	subs	r7, r7, r5
100020fa:	40fe      	lsrs	r6, r7
100020fc:	3d0c      	subs	r5, #12
100020fe:	4677      	mov	r7, lr
10002100:	40af      	lsls	r7, r5
10002102:	19bf      	adds	r7, r7, r6
10002104:	bc30      	pop	{r4, r5}
10002106:	b2a2      	uxth	r2, r4
10002108:	b2ab      	uxth	r3, r5
1000210a:	4372      	muls	r2, r6
1000210c:	4373      	muls	r3, r6
1000210e:	1a80      	subs	r0, r0, r2
10002110:	4199      	sbcs	r1, r3
10002112:	0c22      	lsrs	r2, r4, #16
10002114:	4372      	muls	r2, r6
10002116:	0c13      	lsrs	r3, r2, #16
10002118:	0412      	lsls	r2, r2, #16
1000211a:	1a80      	subs	r0, r0, r2
1000211c:	4199      	sbcs	r1, r3
1000211e:	0002      	movs	r2, r0
10002120:	000b      	movs	r3, r1
10002122:	3701      	adds	r7, #1
10002124:	1b00      	subs	r0, r0, r4
10002126:	41a9      	sbcs	r1, r5
10002128:	d2f9      	bcs.n	1000211e <y64_x48+0xe8>
1000212a:	1e78      	subs	r0, r7, #1
1000212c:	2100      	movs	r1, #0
1000212e:	bdf0      	pop	{r4, r5, r6, r7, pc}

10002130 <last1>:
10002130:	270c      	movs	r7, #12
10002132:	1b7f      	subs	r7, r7, r5
10002134:	40fe      	lsrs	r6, r7
10002136:	4677      	mov	r7, lr
10002138:	0b7f      	lsrs	r7, r7, #13
1000213a:	40af      	lsls	r7, r5
1000213c:	19ff      	adds	r7, r7, r7
1000213e:	e7e0      	b.n	10002102 <y64_x48+0xcc>

10002140 <y64_x64>:
10002140:	2400      	movs	r4, #0
10002142:	1c5d      	adds	r5, r3, #1
10002144:	d007      	beq.n	10002156 <y64_x64+0x16>
10002146:	4f14      	ldr	r7, [pc, #80]	@ (10002198 <y64_x64+0x58>)
10002148:	667d      	str	r5, [r7, #100]	@ 0x64
1000214a:	6639      	str	r1, [r7, #96]	@ 0x60
1000214c:	e7ff      	b.n	1000214e <y64_x64+0xe>
1000214e:	e7ff      	b.n	10002150 <y64_x64+0x10>
10002150:	e7ff      	b.n	10002152 <y64_x64+0x12>
10002152:	e7ff      	b.n	10002154 <y64_x64+0x14>
10002154:	6f3c      	ldr	r4, [r7, #112]	@ 0x70
10002156:	b295      	uxth	r5, r2
10002158:	b29e      	uxth	r6, r3
1000215a:	4365      	muls	r5, r4
1000215c:	4366      	muls	r6, r4
1000215e:	1b40      	subs	r0, r0, r5
10002160:	41b1      	sbcs	r1, r6
10002162:	0c15      	lsrs	r5, r2, #16
10002164:	0c1e      	lsrs	r6, r3, #16
10002166:	4365      	muls	r5, r4
10002168:	4366      	muls	r6, r4
1000216a:	0436      	lsls	r6, r6, #16
1000216c:	0c2f      	lsrs	r7, r5, #16
1000216e:	433e      	orrs	r6, r7
10002170:	042d      	lsls	r5, r5, #16
10002172:	1b40      	subs	r0, r0, r5
10002174:	41b1      	sbcs	r1, r6
10002176:	4299      	cmp	r1, r3
10002178:	d204      	bcs.n	10002184 <y64_x64+0x44>
1000217a:	0002      	movs	r2, r0
1000217c:	000b      	movs	r3, r1
1000217e:	0020      	movs	r0, r4
10002180:	2100      	movs	r1, #0
10002182:	bdf0      	pop	{r4, r5, r6, r7, pc}
10002184:	d101      	bne.n	1000218a <y64_x64+0x4a>
10002186:	4290      	cmp	r0, r2
10002188:	d3f7      	bcc.n	1000217a <y64_x64+0x3a>
1000218a:	1a80      	subs	r0, r0, r2
1000218c:	4199      	sbcs	r1, r3
1000218e:	3401      	adds	r4, #1
10002190:	4299      	cmp	r1, r3
10002192:	d3f2      	bcc.n	1000217a <y64_x64+0x3a>
10002194:	e7f6      	b.n	10002184 <y64_x64+0x44>
10002196:	0000      	.short	0x0000
10002198:	d0000000 	.word	0xd0000000
1000219c:	ffffffff 	.word	0xffffffff

100021a0 <__wrap___aeabi_drsub>:
100021a0:	4048      	eors	r0, r1
100021a2:	4041      	eors	r1, r0
100021a4:	4048      	eors	r0, r1

100021a6 <__wrap___aeabi_dsub>:
100021a6:	b418      	push	{r3, r4}
100021a8:	4b1b      	ldr	r3, [pc, #108]	@ (10002218 <__wrap___aeabi_dmul+0x12>)
100021aa:	685b      	ldr	r3, [r3, #4]
100021ac:	46fc      	mov	ip, pc
100021ae:	9301      	str	r3, [sp, #4]
100021b0:	bd08      	pop	{r3, pc}
100021b2:	df04      	.short	0xdf04
100021b4:	1000247b 	.word	0x1000247b

100021b8 <__wrap___aeabi_dadd>:
100021b8:	b418      	push	{r3, r4}
100021ba:	4b17      	ldr	r3, [pc, #92]	@ (10002218 <__wrap___aeabi_dmul+0x12>)
100021bc:	681b      	ldr	r3, [r3, #0]
100021be:	46fc      	mov	ip, pc
100021c0:	9301      	str	r3, [sp, #4]
100021c2:	bd08      	pop	{r3, pc}
100021c4:	2485df00 	.word	0x2485df00
100021c8:	1000      	.short	0x1000

100021ca <__wrap___aeabi_ddiv>:
100021ca:	4694      	mov	ip, r2
100021cc:	4a13      	ldr	r2, [pc, #76]	@ (1000221c <__wrap___aeabi_dmul+0x16>)
100021ce:	6f92      	ldr	r2, [r2, #120]	@ 0x78
100021d0:	0892      	lsrs	r2, r2, #2
100021d2:	d209      	bcs.n	100021e8 <ddiv_save_state>
100021d4:	4662      	mov	r2, ip

100021d6 <ddiv_shim_call>:
100021d6:	b418      	push	{r3, r4}
100021d8:	4b0f      	ldr	r3, [pc, #60]	@ (10002218 <__wrap___aeabi_dmul+0x12>)
100021da:	68db      	ldr	r3, [r3, #12]
100021dc:	46fc      	mov	ip, pc
100021de:	9301      	str	r3, [sp, #4]
100021e0:	bd08      	pop	{r3, pc}
100021e2:	df0c      	.short	0xdf0c
100021e4:	1000273d 	.word	0x1000273d

100021e8 <ddiv_save_state>:
100021e8:	4a0c      	ldr	r2, [pc, #48]	@ (1000221c <__wrap___aeabi_dmul+0x16>)
100021ea:	b5f0      	push	{r4, r5, r6, r7, lr}
100021ec:	6e14      	ldr	r4, [r2, #96]	@ 0x60
100021ee:	6e55      	ldr	r5, [r2, #100]	@ 0x64
100021f0:	6f57      	ldr	r7, [r2, #116]	@ 0x74
100021f2:	6f16      	ldr	r6, [r2, #112]	@ 0x70
100021f4:	4662      	mov	r2, ip
100021f6:	f7ff ffee 	bl	100021d6 <ddiv_shim_call>
100021fa:	4a08      	ldr	r2, [pc, #32]	@ (1000221c <__wrap___aeabi_dmul+0x16>)
100021fc:	6614      	str	r4, [r2, #96]	@ 0x60
100021fe:	6655      	str	r5, [r2, #100]	@ 0x64
10002200:	6757      	str	r7, [r2, #116]	@ 0x74
10002202:	6716      	str	r6, [r2, #112]	@ 0x70
10002204:	bdf0      	pop	{r4, r5, r6, r7, pc}

10002206 <__wrap___aeabi_dmul>:
10002206:	b418      	push	{r3, r4}
10002208:	4b03      	ldr	r3, [pc, #12]	@ (10002218 <__wrap___aeabi_dmul+0x12>)
1000220a:	689b      	ldr	r3, [r3, #8]
1000220c:	46fc      	mov	ip, pc
1000220e:	9301      	str	r3, [sp, #4]
10002210:	bd08      	pop	{r3, pc}
10002212:	df08      	.short	0xdf08
10002214:	100025e1 	.word	0x100025e1
10002218:	20003008 	.word	0x20003008
1000221c:	d0000000 	.word	0xd0000000

10002220 <__wrap___aeabi_cdrcmple>:
10002220:	b5ff      	push	{r0, r1, r2, r3, r4, r5, r6, r7, lr}
10002222:	4050      	eors	r0, r2
10002224:	4042      	eors	r2, r0
10002226:	4050      	eors	r0, r2
10002228:	4059      	eors	r1, r3
1000222a:	404b      	eors	r3, r1
1000222c:	4059      	eors	r1, r3
1000222e:	e000      	b.n	10002232 <__aeabi_dfcmple_guts>

10002230 <__wrap___aeabi_cdcmpeq>:
10002230:	b5ff      	push	{r0, r1, r2, r3, r4, r5, r6, r7, lr}

10002232 <__aeabi_dfcmple_guts>:
10002232:	4f15      	ldr	r7, [pc, #84]	@ (10002288 <__aeabi_dfcmple_guts+0x56>)
10002234:	004c      	lsls	r4, r1, #1
10002236:	0d64      	lsrs	r4, r4, #21
10002238:	d003      	beq.n	10002242 <__aeabi_dfcmple_guts+0x10>
1000223a:	42bc      	cmp	r4, r7
1000223c:	d104      	bne.n	10002248 <__aeabi_dfcmple_guts+0x16>
1000223e:	030c      	lsls	r4, r1, #12
10002240:	d814      	bhi.n	1000226c <__aeabi_dfcmple_guts+0x3a>
10002242:	2000      	movs	r0, #0
10002244:	0d09      	lsrs	r1, r1, #20
10002246:	0509      	lsls	r1, r1, #20
10002248:	005c      	lsls	r4, r3, #1
1000224a:	0d64      	lsrs	r4, r4, #21
1000224c:	d003      	beq.n	10002256 <__aeabi_dfcmple_guts+0x24>
1000224e:	42bc      	cmp	r4, r7
10002250:	d104      	bne.n	1000225c <__aeabi_dfcmple_guts+0x2a>
10002252:	031c      	lsls	r4, r3, #12
10002254:	d80a      	bhi.n	1000226c <__aeabi_dfcmple_guts+0x3a>
10002256:	2200      	movs	r2, #0
10002258:	0d1b      	lsrs	r3, r3, #20
1000225a:	051b      	lsls	r3, r3, #20
1000225c:	2601      	movs	r6, #1
1000225e:	404b      	eors	r3, r1
10002260:	d409      	bmi.n	10002276 <__aeabi_dfcmple_guts+0x44>
10002262:	404b      	eors	r3, r1
10002264:	d503      	bpl.n	1000226e <__aeabi_dfcmple_guts+0x3c>
10002266:	428b      	cmp	r3, r1
10002268:	d100      	bne.n	1000226c <__aeabi_dfcmple_guts+0x3a>
1000226a:	4282      	cmp	r2, r0
1000226c:	bdff      	pop	{r0, r1, r2, r3, r4, r5, r6, r7, pc}
1000226e:	4299      	cmp	r1, r3
10002270:	d1fc      	bne.n	1000226c <__aeabi_dfcmple_guts+0x3a>
10002272:	4290      	cmp	r0, r2
10002274:	bdff      	pop	{r0, r1, r2, r3, r4, r5, r6, r7, pc}
10002276:	430b      	orrs	r3, r1
10002278:	18db      	adds	r3, r3, r3
1000227a:	4303      	orrs	r3, r0
1000227c:	4313      	orrs	r3, r2
1000227e:	d0f5      	beq.n	1000226c <__aeabi_dfcmple_guts+0x3a>
10002280:	43c9      	mvns	r1, r1
10002282:	1849      	adds	r1, r1, r1
10002284:	bdff      	pop	{r0, r1, r2, r3, r4, r5, r6, r7, pc}
10002286:	0000      	.short	0x0000
10002288:	000007ff 	.word	0x000007ff

1000228c <__wrap___aeabi_dcmplt>:
1000228c:	b500      	push	{lr}
1000228e:	f7ff ffcf 	bl	10002230 <__wrap___aeabi_cdcmpeq>
10002292:	4180      	sbcs	r0, r0
10002294:	bd00      	pop	{pc}
10002296:	46c0      	nop			@ (mov r8, r8)

10002298 <__wrap___aeabi_dcmple>:
10002298:	b500      	push	{lr}
1000229a:	f7ff ffc9 	bl	10002230 <__wrap___aeabi_cdcmpeq>
1000229e:	d901      	bls.n	100022a4 <__wrap___aeabi_dcmple+0xc>
100022a0:	2000      	movs	r0, #0
100022a2:	bd00      	pop	{pc}
100022a4:	2001      	movs	r0, #1
100022a6:	bd00      	pop	{pc}

100022a8 <__wrap___aeabi_dcmpge>:
100022a8:	b500      	push	{lr}
100022aa:	f7ff ffb9 	bl	10002220 <__wrap___aeabi_cdrcmple>
100022ae:	d901      	bls.n	100022b4 <__wrap___aeabi_dcmpge+0xc>
100022b0:	2000      	movs	r0, #0
100022b2:	bd00      	pop	{pc}
100022b4:	2001      	movs	r0, #1
100022b6:	bd00      	pop	{pc}

100022b8 <__wrap___aeabi_dcmpgt>:
100022b8:	b500      	push	{lr}
100022ba:	f7ff ffb1 	bl	10002220 <__wrap___aeabi_cdrcmple>
100022be:	4180      	sbcs	r0, r0
100022c0:	bd00      	pop	{pc}

100022c2 <__wrap___aeabi_dcmpun>:
100022c2:	2001      	movs	r0, #1
100022c4:	0540      	lsls	r0, r0, #21
100022c6:	004a      	lsls	r2, r1, #1
100022c8:	1812      	adds	r2, r2, r0
100022ca:	d804      	bhi.n	100022d6 <__wrap___aeabi_dcmpun+0x14>
100022cc:	005a      	lsls	r2, r3, #1
100022ce:	1812      	adds	r2, r2, r0
100022d0:	d801      	bhi.n	100022d6 <__wrap___aeabi_dcmpun+0x14>
100022d2:	2000      	movs	r0, #0
100022d4:	4770      	bx	lr
100022d6:	2001      	movs	r0, #1
100022d8:	4770      	bx	lr
	...

100022dc <__wrap___aeabi_ui2d>:
100022dc:	2100      	movs	r1, #0
100022de:	2800      	cmp	r0, #0
100022e0:	d105      	bne.n	100022ee <__wrap___aeabi_i2d+0xa>
100022e2:	4770      	bx	lr

100022e4 <__wrap___aeabi_i2d>:
100022e4:	17c1      	asrs	r1, r0, #31
100022e6:	4048      	eors	r0, r1
100022e8:	1a40      	subs	r0, r0, r1
100022ea:	d0fa      	beq.n	100022e2 <__wrap___aeabi_ui2d+0x6>
100022ec:	07c9      	lsls	r1, r1, #31
100022ee:	b513      	push	{r0, r1, r4, lr}
100022f0:	4b06      	ldr	r3, [pc, #24]	@ (1000230c <__wrap___aeabi_i2d+0x28>)
100022f2:	681b      	ldr	r3, [r3, #0]
100022f4:	4798      	blx	r3
100022f6:	bc0c      	pop	{r2, r3}
100022f8:	1c44      	adds	r4, r0, #1
100022fa:	40a2      	lsls	r2, r4
100022fc:	0510      	lsls	r0, r2, #20
100022fe:	0b12      	lsrs	r2, r2, #12
10002300:	4903      	ldr	r1, [pc, #12]	@ (10002310 <__wrap___aeabi_i2d+0x2c>)
10002302:	1b09      	subs	r1, r1, r4
10002304:	0509      	lsls	r1, r1, #20
10002306:	4319      	orrs	r1, r3
10002308:	4311      	orrs	r1, r2
1000230a:	bd10      	pop	{r4, pc}
1000230c:	20003108 	.word	0x20003108
10002310:	0000041f 	.word	0x0000041f

10002314 <__wrap___aeabi_d2iz>:
10002314:	b510      	push	{r4, lr}
10002316:	004c      	lsls	r4, r1, #1
10002318:	0d62      	lsrs	r2, r4, #21
1000231a:	2380      	movs	r3, #128	@ 0x80
1000231c:	18d2      	adds	r2, r2, r3
1000231e:	00db      	lsls	r3, r3, #3
10002320:	1ad2      	subs	r2, r2, r3
10002322:	055b      	lsls	r3, r3, #21
10002324:	2a7e      	cmp	r2, #126	@ 0x7e
10002326:	dd10      	ble.n	1000234a <__wrap___aeabi_d2iz+0x36>
10002328:	3a9e      	subs	r2, #158	@ 0x9e
1000232a:	da13      	bge.n	10002354 <__wrap___aeabi_d2iz+0x40>
1000232c:	17cc      	asrs	r4, r1, #31
1000232e:	0309      	lsls	r1, r1, #12
10002330:	0849      	lsrs	r1, r1, #1
10002332:	4319      	orrs	r1, r3
10002334:	4252      	negs	r2, r2
10002336:	40d1      	lsrs	r1, r2
10002338:	0064      	lsls	r4, r4, #1
1000233a:	3401      	adds	r4, #1
1000233c:	3215      	adds	r2, #21
1000233e:	2a20      	cmp	r2, #32
10002340:	da05      	bge.n	1000234e <__wrap___aeabi_d2iz+0x3a>
10002342:	40d0      	lsrs	r0, r2
10002344:	4308      	orrs	r0, r1
10002346:	4360      	muls	r0, r4
10002348:	bd10      	pop	{r4, pc}
1000234a:	2000      	movs	r0, #0
1000234c:	bd10      	pop	{r4, pc}
1000234e:	4608      	mov	r0, r1
10002350:	4360      	muls	r0, r4
10002352:	bd10      	pop	{r4, pc}
10002354:	0fc8      	lsrs	r0, r1, #31
10002356:	18c0      	adds	r0, r0, r3
10002358:	3801      	subs	r0, #1
1000235a:	bd10      	pop	{r4, pc}

1000235c <__wrap___aeabi_d2uiz>:
1000235c:	b418      	push	{r3, r4}
1000235e:	4b04      	ldr	r3, [pc, #16]	@ (10002370 <__wrap___aeabi_d2uiz+0x14>)
10002360:	6a5b      	ldr	r3, [r3, #36]	@ 0x24
10002362:	46fc      	mov	ip, pc
10002364:	9301      	str	r3, [sp, #4]
10002366:	bd08      	pop	{r3, pc}
10002368:	28eddf24 	.word	0x28eddf24
1000236c:	00001000 	.word	0x00001000
10002370:	20003008 	.word	0x20003008

10002374 <__aeabi_double_init>:
10002374:	b570      	push	{r4, r5, r6, lr}
10002376:	2313      	movs	r3, #19
10002378:	781c      	ldrb	r4, [r3, #0]
1000237a:	2c01      	cmp	r4, #1
1000237c:	d012      	beq.n	100023a4 <__aeabi_double_init+0x30>
1000237e:	2c01      	cmp	r4, #1
10002380:	dc12      	bgt.n	100023a8 <__aeabi_double_init+0x34>
10002382:	4b21      	ldr	r3, [pc, #132]	@ (10002408 <__aeabi_double_init+0x94>)
10002384:	4a21      	ldr	r2, [pc, #132]	@ (1000240c <__aeabi_double_init+0x98>)
10002386:	6493      	str	r3, [r2, #72]	@ 0x48
10002388:	4821      	ldr	r0, [pc, #132]	@ (10002410 <__aeabi_double_init+0x9c>)
1000238a:	f7ff fb69 	bl	10001a60 <rom_func_lookup>
1000238e:	4b21      	ldr	r3, [pc, #132]	@ (10002414 <__aeabi_double_init+0xa0>)
10002390:	6018      	str	r0, [r3, #0]
10002392:	bd70      	pop	{r4, r5, r6, pc}
10002394:	491c      	ldr	r1, [pc, #112]	@ (10002408 <__aeabi_double_init+0x94>)
10002396:	4a1d      	ldr	r2, [pc, #116]	@ (1000240c <__aeabi_double_init+0x98>)
10002398:	0098      	lsls	r0, r3, #2
1000239a:	5081      	str	r1, [r0, r2]
1000239c:	3301      	adds	r3, #1
1000239e:	2b1f      	cmp	r3, #31
100023a0:	d9f8      	bls.n	10002394 <__aeabi_double_init+0x20>
100023a2:	e7ec      	b.n	1000237e <__aeabi_double_init+0xa>
100023a4:	2300      	movs	r3, #0
100023a6:	e7fa      	b.n	1000239e <__aeabi_double_init+0x2a>
100023a8:	481b      	ldr	r0, [pc, #108]	@ (10002418 <__aeabi_double_init+0xa4>)
100023aa:	f7ff fb61 	bl	10001a70 <rom_data_lookup>
100023ae:	0005      	movs	r5, r0
100023b0:	481a      	ldr	r0, [pc, #104]	@ (1000241c <__aeabi_double_init+0xa8>)
100023b2:	f7ff fb5d 	bl	10001a70 <rom_data_lookup>
100023b6:	3802      	subs	r0, #2
100023b8:	7803      	ldrb	r3, [r0, #0]
100023ba:	009b      	lsls	r3, r3, #2
100023bc:	2b7f      	cmp	r3, #127	@ 0x7f
100023be:	dd09      	ble.n	100023d4 <__aeabi_double_init+0x60>
100023c0:	4812      	ldr	r0, [pc, #72]	@ (1000240c <__aeabi_double_init+0x98>)
100023c2:	2280      	movs	r2, #128	@ 0x80
100023c4:	0029      	movs	r1, r5
100023c6:	f000 fbaf 	bl	10002b28 <__wrap___aeabi_memcpy>
100023ca:	2c02      	cmp	r4, #2
100023cc:	d008      	beq.n	100023e0 <__aeabi_double_init+0x6c>
100023ce:	2c02      	cmp	r4, #2
100023d0:	dcda      	bgt.n	10002388 <__aeabi_double_init+0x14>
100023d2:	e7d6      	b.n	10002382 <__aeabi_double_init+0xe>
100023d4:	4b12      	ldr	r3, [pc, #72]	@ (10002420 <__aeabi_double_init+0xac>)
100023d6:	4a13      	ldr	r2, [pc, #76]	@ (10002424 <__aeabi_double_init+0xb0>)
100023d8:	4813      	ldr	r0, [pc, #76]	@ (10002428 <__aeabi_double_init+0xb4>)
100023da:	2133      	movs	r1, #51	@ 0x33
100023dc:	f001 fca8 	bl	10003d30 <__assert_func>
100023e0:	4b12      	ldr	r3, [pc, #72]	@ (1000242c <__aeabi_double_init+0xb8>)
100023e2:	881a      	ldrh	r2, [r3, #0]
100023e4:	23b5      	movs	r3, #181	@ 0xb5
100023e6:	021b      	lsls	r3, r3, #8
100023e8:	429a      	cmp	r2, r3
100023ea:	d109      	bne.n	10002400 <__aeabi_double_init+0x8c>
100023ec:	4b10      	ldr	r3, [pc, #64]	@ (10002430 <__aeabi_double_init+0xbc>)
100023ee:	881a      	ldrh	r2, [r3, #0]
100023f0:	4b10      	ldr	r3, [pc, #64]	@ (10002434 <__aeabi_double_init+0xc0>)
100023f2:	429a      	cmp	r2, r3
100023f4:	d104      	bne.n	10002400 <__aeabi_double_init+0x8c>
100023f6:	4b10      	ldr	r3, [pc, #64]	@ (10002438 <__aeabi_double_init+0xc4>)
100023f8:	881a      	ldrh	r2, [r3, #0]
100023fa:	4b10      	ldr	r3, [pc, #64]	@ (1000243c <__aeabi_double_init+0xc8>)
100023fc:	429a      	cmp	r2, r3
100023fe:	d0e6      	beq.n	100023ce <__aeabi_double_init+0x5a>
10002400:	2000      	movs	r0, #0
10002402:	f7fe f955 	bl	100006b0 <panic>
10002406:	46c0      	nop			@ (mov r8, r8)
10002408:	10002441 	.word	0x10002441
1000240c:	20003008 	.word	0x20003008
10002410:	0000334c 	.word	0x0000334c
10002414:	20003108 	.word	0x20003108
10002418:	00004453 	.word	0x00004453
1000241c:	00004653 	.word	0x00004653
10002420:	10007034 	.word	0x10007034
10002424:	1000786c 	.word	0x1000786c
10002428:	10007078 	.word	0x10007078
1000242c:	00003854 	.word	0x00003854
10002430:	000038d8 	.word	0x000038d8
10002434:	00004649 	.word	0x00004649
10002438:	0000389c 	.word	0x0000389c
1000243c:	00004659 	.word	0x00004659

10002440 <double_table_shim_on_use_helper>:
10002440:	b507      	push	{r0, r1, r2, lr}
10002442:	4660      	mov	r0, ip
10002444:	2800      	cmp	r0, #0
10002446:	d100      	bne.n	1000244a <double_table_shim_on_use_helper+0xa>
10002448:	be00      	bkpt	0x0000
1000244a:	8801      	ldrh	r1, [r0, #0]
1000244c:	0a0a      	lsrs	r2, r1, #8
1000244e:	3002      	adds	r0, #2
10002450:	2adf      	cmp	r2, #223	@ 0xdf
10002452:	d1fa      	bne.n	1000244a <double_table_shim_on_use_helper+0xa>
10002454:	b2c9      	uxtb	r1, r1
10002456:	0882      	lsrs	r2, r0, #2
10002458:	d304      	bcc.n	10002464 <double_table_shim_on_use_helper+0x24>
1000245a:	8802      	ldrh	r2, [r0, #0]
1000245c:	8840      	ldrh	r0, [r0, #2]
1000245e:	0400      	lsls	r0, r0, #16
10002460:	4310      	orrs	r0, r2
10002462:	e000      	b.n	10002466 <double_table_shim_on_use_helper+0x26>
10002464:	6800      	ldr	r0, [r0, #0]
10002466:	4a02      	ldr	r2, [pc, #8]	@ (10002470 <double_table_shim_on_use_helper+0x30>)
10002468:	5050      	str	r0, [r2, r1]
1000246a:	9003      	str	r0, [sp, #12]
1000246c:	bd07      	pop	{r0, r1, r2, pc}
1000246e:	0000      	.short	0x0000
10002470:	20003008 	.word	0x20003008

10002474 <drsub_shim>:
10002474:	b40f      	push	{r0, r1, r2, r3}
10002476:	bc03      	pop	{r0, r1}
10002478:	bc0c      	pop	{r2, r3}

1000247a <dsub_shim>:
1000247a:	b5f0      	push	{r4, r5, r6, r7, lr}
1000247c:	2401      	movs	r4, #1
1000247e:	07e4      	lsls	r4, r4, #31
10002480:	4063      	eors	r3, r4
10002482:	e000      	b.n	10002486 <da_entry>

10002484 <dadd_shim>:
10002484:	b5f0      	push	{r4, r5, r6, r7, lr}

10002486 <da_entry>:
10002486:	0d0c      	lsrs	r4, r1, #20
10002488:	0fcf      	lsrs	r7, r1, #31
1000248a:	1e66      	subs	r6, r4, #1
1000248c:	0536      	lsls	r6, r6, #20
1000248e:	1b89      	subs	r1, r1, r6
10002490:	0564      	lsls	r4, r4, #21
10002492:	d303      	bcc.n	1000249c <l8_1>
10002494:	43c9      	mvns	r1, r1
10002496:	4240      	negs	r0, r0
10002498:	d300      	bcc.n	1000249c <l8_1>
1000249a:	3101      	adds	r1, #1

1000249c <l8_1>:
1000249c:	0d64      	lsrs	r4, r4, #21
1000249e:	d003      	beq.n	100024a8 <l8_2>
100024a0:	1c66      	adds	r6, r4, #1
100024a2:	0af6      	lsrs	r6, r6, #11
100024a4:	d007      	beq.n	100024b6 <l8_3>
100024a6:	1be4      	subs	r4, r4, r7

100024a8 <l8_2>:
100024a8:	2000      	movs	r0, #0
100024aa:	007f      	lsls	r7, r7, #1
100024ac:	1c79      	adds	r1, r7, #1
100024ae:	0789      	lsls	r1, r1, #30
100024b0:	1289      	asrs	r1, r1, #10
100024b2:	3c80      	subs	r4, #128	@ 0x80
100024b4:	0324      	lsls	r4, r4, #12

100024b6 <l8_3>:
100024b6:	0d1d      	lsrs	r5, r3, #20
100024b8:	0fdf      	lsrs	r7, r3, #31
100024ba:	1e6e      	subs	r6, r5, #1
100024bc:	0536      	lsls	r6, r6, #20
100024be:	1b9b      	subs	r3, r3, r6
100024c0:	056d      	lsls	r5, r5, #21
100024c2:	d303      	bcc.n	100024cc <l9_1>
100024c4:	43db      	mvns	r3, r3
100024c6:	4252      	negs	r2, r2
100024c8:	d300      	bcc.n	100024cc <l9_1>
100024ca:	3301      	adds	r3, #1

100024cc <l9_1>:
100024cc:	0d6d      	lsrs	r5, r5, #21
100024ce:	d003      	beq.n	100024d8 <l9_2>
100024d0:	1c6e      	adds	r6, r5, #1
100024d2:	0af6      	lsrs	r6, r6, #11
100024d4:	d007      	beq.n	100024e6 <l9_3>
100024d6:	1bed      	subs	r5, r5, r7

100024d8 <l9_2>:
100024d8:	2200      	movs	r2, #0
100024da:	007f      	lsls	r7, r7, #1
100024dc:	1c7b      	adds	r3, r7, #1
100024de:	079b      	lsls	r3, r3, #30
100024e0:	129b      	asrs	r3, r3, #10
100024e2:	3d80      	subs	r5, #128	@ 0x80
100024e4:	032d      	lsls	r5, r5, #12

100024e6 <l9_3>:
100024e6:	1b2f      	subs	r7, r5, r4
100024e8:	1b66      	subs	r6, r4, r5
100024ea:	d458      	bmi.n	1000259e <da_ygtx>
100024ec:	46a4      	mov	ip, r4
100024ee:	2e20      	cmp	r6, #32
100024f0:	da46      	bge.n	10002580 <da_xrgty>
100024f2:	3720      	adds	r7, #32
100024f4:	0014      	movs	r4, r2
100024f6:	40bc      	lsls	r4, r7

100024f8 <da_xgty0>:
100024f8:	001d      	movs	r5, r3
100024fa:	40bd      	lsls	r5, r7
100024fc:	40f2      	lsrs	r2, r6
100024fe:	4133      	asrs	r3, r6
10002500:	432a      	orrs	r2, r5

10002502 <da_add>:
10002502:	1880      	adds	r0, r0, r2
10002504:	4159      	adcs	r1, r3

10002506 <da_pack>:
10002506:	0fcb      	lsrs	r3, r1, #31
10002508:	d005      	beq.n	10002516 <da_pack+0x10>
1000250a:	43c9      	mvns	r1, r1
1000250c:	43c0      	mvns	r0, r0
1000250e:	2200      	movs	r2, #0
10002510:	4264      	negs	r4, r4
10002512:	4150      	adcs	r0, r2
10002514:	4151      	adcs	r1, r2
10002516:	4662      	mov	r2, ip
10002518:	0d4d      	lsrs	r5, r1, #21
1000251a:	d128      	bne.n	1000256e <da_0>
1000251c:	0d0d      	lsrs	r5, r1, #20
1000251e:	d107      	bne.n	10002530 <da_1>
10002520:	2800      	cmp	r0, #0
10002522:	d01f      	beq.n	10002564 <da_5>

10002524 <da_2>:
10002524:	1924      	adds	r4, r4, r4
10002526:	4140      	adcs	r0, r0
10002528:	4149      	adcs	r1, r1
1000252a:	3a01      	subs	r2, #1
1000252c:	0d0d      	lsrs	r5, r1, #20
1000252e:	d0f9      	beq.n	10002524 <da_2>

10002530 <da_1>:
10002530:	0064      	lsls	r4, r4, #1
10002532:	d306      	bcc.n	10002542 <da_3>

10002534 <da_4>:
10002534:	3001      	adds	r0, #1
10002536:	d300      	bcc.n	1000253a <da_4+0x6>
10002538:	3101      	adds	r1, #1
1000253a:	2c00      	cmp	r4, #0
1000253c:	d101      	bne.n	10002542 <da_3>
1000253e:	0840      	lsrs	r0, r0, #1
10002540:	0040      	lsls	r0, r0, #1

10002542 <da_3>:
10002542:	3a01      	subs	r2, #1
10002544:	d40b      	bmi.n	1000255e <da_6>
10002546:	1c94      	adds	r4, r2, #2
10002548:	0ae4      	lsrs	r4, r4, #11
1000254a:	d104      	bne.n	10002556 <da_7>
1000254c:	0512      	lsls	r2, r2, #20
1000254e:	4411      	add	r1, r2
10002550:	07db      	lsls	r3, r3, #31
10002552:	4419      	add	r1, r3
10002554:	bdf0      	pop	{r4, r5, r6, r7, pc}

10002556 <da_7>:
10002556:	07d9      	lsls	r1, r3, #31
10002558:	4b20      	ldr	r3, [pc, #128]	@ (100025dc <da_xmgty+0x4>)
1000255a:	4319      	orrs	r1, r3
1000255c:	e000      	b.n	10002560 <da_6+0x2>

1000255e <da_6>:
1000255e:	07d9      	lsls	r1, r3, #31
10002560:	2000      	movs	r0, #0
10002562:	bdf0      	pop	{r4, r5, r6, r7, pc}

10002564 <da_5>:
10002564:	2900      	cmp	r1, #0
10002566:	d1dd      	bne.n	10002524 <da_2>
10002568:	2c00      	cmp	r4, #0
1000256a:	d1db      	bne.n	10002524 <da_2>
1000256c:	bdf0      	pop	{r4, r5, r6, r7, pc}

1000256e <da_0>:
1000256e:	3201      	adds	r2, #1
10002570:	07c6      	lsls	r6, r0, #31
10002572:	0840      	lsrs	r0, r0, #1
10002574:	07cd      	lsls	r5, r1, #31
10002576:	4328      	orrs	r0, r5
10002578:	0849      	lsrs	r1, r1, #1
1000257a:	2e00      	cmp	r6, #0
1000257c:	d0e1      	beq.n	10002542 <da_3>
1000257e:	e7d9      	b.n	10002534 <da_4>

10002580 <da_xrgty>:
10002580:	2e3c      	cmp	r6, #60	@ 0x3c
10002582:	da29      	bge.n	100025d8 <da_xmgty>
10002584:	3e20      	subs	r6, #32
10002586:	3740      	adds	r7, #64	@ 0x40
10002588:	0014      	movs	r4, r2
1000258a:	40bc      	lsls	r4, r7
1000258c:	d000      	beq.n	10002590 <da_xrgty+0x10>
1000258e:	2401      	movs	r4, #1
10002590:	40f2      	lsrs	r2, r6
10002592:	4314      	orrs	r4, r2
10002594:	001a      	movs	r2, r3
10002596:	40bb      	lsls	r3, r7
10002598:	431c      	orrs	r4, r3
1000259a:	17d3      	asrs	r3, r2, #31
1000259c:	e7ac      	b.n	100024f8 <da_xgty0>

1000259e <da_ygtx>:
1000259e:	46ac      	mov	ip, r5
100025a0:	2f20      	cmp	r7, #32
100025a2:	da08      	bge.n	100025b6 <da_yrgtx>
100025a4:	3620      	adds	r6, #32
100025a6:	0004      	movs	r4, r0
100025a8:	40b4      	lsls	r4, r6

100025aa <da_ygtx0>:
100025aa:	000d      	movs	r5, r1
100025ac:	40b5      	lsls	r5, r6
100025ae:	40f8      	lsrs	r0, r7
100025b0:	4139      	asrs	r1, r7
100025b2:	4328      	orrs	r0, r5
100025b4:	e7a5      	b.n	10002502 <da_add>

100025b6 <da_yrgtx>:
100025b6:	2f3c      	cmp	r7, #60	@ 0x3c
100025b8:	da0c      	bge.n	100025d4 <da_ymgtx>
100025ba:	3f20      	subs	r7, #32
100025bc:	3640      	adds	r6, #64	@ 0x40
100025be:	0004      	movs	r4, r0
100025c0:	40b4      	lsls	r4, r6
100025c2:	d000      	beq.n	100025c6 <da_yrgtx+0x10>
100025c4:	2401      	movs	r4, #1
100025c6:	40f8      	lsrs	r0, r7
100025c8:	4304      	orrs	r4, r0
100025ca:	0008      	movs	r0, r1
100025cc:	40b1      	lsls	r1, r6
100025ce:	430c      	orrs	r4, r1
100025d0:	17c1      	asrs	r1, r0, #31
100025d2:	e7ea      	b.n	100025aa <da_ygtx0>

100025d4 <da_ymgtx>:
100025d4:	0010      	movs	r0, r2
100025d6:	0019      	movs	r1, r3

100025d8 <da_xmgty>:
100025d8:	2400      	movs	r4, #0
100025da:	e794      	b.n	10002506 <da_pack>
100025dc:	7ff00000 	.word	0x7ff00000

100025e0 <dmul_shim>:
100025e0:	b5f0      	push	{r4, r5, r6, r7, lr}
100025e2:	0d0c      	lsrs	r4, r1, #20
100025e4:	1e66      	subs	r6, r4, #1
100025e6:	0536      	lsls	r6, r6, #20
100025e8:	1b89      	subs	r1, r1, r6
100025ea:	0ae6      	lsrs	r6, r4, #11
100025ec:	0564      	lsls	r4, r4, #21
100025ee:	0d64      	lsrs	r4, r4, #21
100025f0:	d002      	beq.n	100025f8 <l12_1>
100025f2:	1c65      	adds	r5, r4, #1
100025f4:	0aed      	lsrs	r5, r5, #11
100025f6:	d004      	beq.n	10002602 <l12_2>

100025f8 <l12_1>:
100025f8:	2000      	movs	r0, #0
100025fa:	2101      	movs	r1, #1
100025fc:	0509      	lsls	r1, r1, #20
100025fe:	3c80      	subs	r4, #128	@ 0x80
10002600:	0324      	lsls	r4, r4, #12

10002602 <l12_2>:
10002602:	46a4      	mov	ip, r4
10002604:	0d1c      	lsrs	r4, r3, #20
10002606:	1e67      	subs	r7, r4, #1
10002608:	053f      	lsls	r7, r7, #20
1000260a:	1bdb      	subs	r3, r3, r7
1000260c:	0ae7      	lsrs	r7, r4, #11
1000260e:	0564      	lsls	r4, r4, #21
10002610:	0d64      	lsrs	r4, r4, #21
10002612:	d002      	beq.n	1000261a <l13_1>
10002614:	1c65      	adds	r5, r4, #1
10002616:	0aed      	lsrs	r5, r5, #11
10002618:	d004      	beq.n	10002624 <l13_2>

1000261a <l13_1>:
1000261a:	2200      	movs	r2, #0
1000261c:	2301      	movs	r3, #1
1000261e:	051b      	lsls	r3, r3, #20
10002620:	3c80      	subs	r4, #128	@ 0x80
10002622:	0324      	lsls	r4, r4, #12

10002624 <l13_2>:
10002624:	4077      	eors	r7, r6
10002626:	4464      	add	r4, ip
10002628:	b497      	push	{r0, r1, r2, r4, r7}
1000262a:	b284      	uxth	r4, r0
1000262c:	b296      	uxth	r6, r2
1000262e:	4374      	muls	r4, r6
10002630:	0c07      	lsrs	r7, r0, #16
10002632:	437e      	muls	r6, r7
10002634:	0c15      	lsrs	r5, r2, #16
10002636:	436f      	muls	r7, r5
10002638:	b280      	uxth	r0, r0
1000263a:	4368      	muls	r0, r5
1000263c:	1836      	adds	r6, r6, r0
1000263e:	d302      	bcc.n	10002646 <l14_1>
10002640:	2001      	movs	r0, #1
10002642:	0400      	lsls	r0, r0, #16
10002644:	183f      	adds	r7, r7, r0

10002646 <l14_1>:
10002646:	0430      	lsls	r0, r6, #16
10002648:	0c35      	lsrs	r5, r6, #16
1000264a:	1900      	adds	r0, r0, r4
1000264c:	417d      	adcs	r5, r7
1000264e:	4684      	mov	ip, r0
10002650:	b288      	uxth	r0, r1
10002652:	b29a      	uxth	r2, r3
10002654:	4350      	muls	r0, r2
10002656:	0c0c      	lsrs	r4, r1, #16
10002658:	4362      	muls	r2, r4
1000265a:	0c1f      	lsrs	r7, r3, #16
1000265c:	437c      	muls	r4, r7
1000265e:	b28e      	uxth	r6, r1
10002660:	437e      	muls	r6, r7
10002662:	1992      	adds	r2, r2, r6
10002664:	d302      	bcc.n	1000266c <l15_1>
10002666:	2601      	movs	r6, #1
10002668:	0436      	lsls	r6, r6, #16
1000266a:	19a4      	adds	r4, r4, r6

1000266c <l15_1>:
1000266c:	0416      	lsls	r6, r2, #16
1000266e:	0c17      	lsrs	r7, r2, #16
10002670:	1836      	adds	r6, r6, r0
10002672:	4167      	adcs	r7, r4
10002674:	bc01      	pop	{r0}
10002676:	b281      	uxth	r1, r0
10002678:	b29a      	uxth	r2, r3
1000267a:	4351      	muls	r1, r2
1000267c:	0c04      	lsrs	r4, r0, #16
1000267e:	4362      	muls	r2, r4
10002680:	0c1b      	lsrs	r3, r3, #16
10002682:	435c      	muls	r4, r3
10002684:	b280      	uxth	r0, r0
10002686:	4358      	muls	r0, r3
10002688:	1812      	adds	r2, r2, r0
1000268a:	d302      	bcc.n	10002692 <l16_1>
1000268c:	2001      	movs	r0, #1
1000268e:	0400      	lsls	r0, r0, #16
10002690:	1824      	adds	r4, r4, r0

10002692 <l16_1>:
10002692:	0410      	lsls	r0, r2, #16
10002694:	0c13      	lsrs	r3, r2, #16
10002696:	1840      	adds	r0, r0, r1
10002698:	4163      	adcs	r3, r4
1000269a:	182d      	adds	r5, r5, r0
1000269c:	415e      	adcs	r6, r3
1000269e:	2000      	movs	r0, #0
100026a0:	4147      	adcs	r7, r0
100026a2:	bc06      	pop	{r1, r2}
100026a4:	b288      	uxth	r0, r1
100026a6:	b293      	uxth	r3, r2
100026a8:	4358      	muls	r0, r3
100026aa:	0c0c      	lsrs	r4, r1, #16
100026ac:	4363      	muls	r3, r4
100026ae:	0c12      	lsrs	r2, r2, #16
100026b0:	4354      	muls	r4, r2
100026b2:	b289      	uxth	r1, r1
100026b4:	4351      	muls	r1, r2
100026b6:	185b      	adds	r3, r3, r1
100026b8:	d302      	bcc.n	100026c0 <l17_1>
100026ba:	2101      	movs	r1, #1
100026bc:	0409      	lsls	r1, r1, #16
100026be:	1864      	adds	r4, r4, r1

100026c0 <l17_1>:
100026c0:	0419      	lsls	r1, r3, #16
100026c2:	0c1a      	lsrs	r2, r3, #16
100026c4:	1809      	adds	r1, r1, r0
100026c6:	4162      	adcs	r2, r4
100026c8:	186d      	adds	r5, r5, r1
100026ca:	4156      	adcs	r6, r2
100026cc:	2000      	movs	r0, #0
100026ce:	4147      	adcs	r7, r0
100026d0:	bc18      	pop	{r3, r4}
100026d2:	02f9      	lsls	r1, r7, #11
100026d4:	0d72      	lsrs	r2, r6, #21
100026d6:	4311      	orrs	r1, r2
100026d8:	02f0      	lsls	r0, r6, #11
100026da:	0d6a      	lsrs	r2, r5, #21
100026dc:	4310      	orrs	r0, r2
100026de:	02ed      	lsls	r5, r5, #11
100026e0:	0d0a      	lsrs	r2, r1, #20
100026e2:	d103      	bne.n	100026ec <l17_1+0x2c>
100026e4:	196d      	adds	r5, r5, r5
100026e6:	4140      	adcs	r0, r0
100026e8:	4149      	adcs	r1, r1
100026ea:	3b01      	subs	r3, #1
100026ec:	4e12      	ldr	r6, [pc, #72]	@ (10002738 <dm_1+0xa>)
100026ee:	1b9b      	subs	r3, r3, r6
100026f0:	0076      	lsls	r6, r6, #1
100026f2:	42b3      	cmp	r3, r6
100026f4:	d20e      	bcs.n	10002714 <dm_0>
100026f6:	006d      	lsls	r5, r5, #1
100026f8:	d307      	bcc.n	1000270a <l17_1+0x4a>
100026fa:	3001      	adds	r0, #1
100026fc:	2600      	movs	r6, #0
100026fe:	4171      	adcs	r1, r6
10002700:	4666      	mov	r6, ip
10002702:	4335      	orrs	r5, r6
10002704:	d101      	bne.n	1000270a <l17_1+0x4a>
10002706:	0840      	lsrs	r0, r0, #1
10002708:	0040      	lsls	r0, r0, #1
1000270a:	051b      	lsls	r3, r3, #20
1000270c:	18c9      	adds	r1, r1, r3

1000270e <dm_2>:
1000270e:	07e4      	lsls	r4, r4, #31
10002710:	4421      	add	r1, r4
10002712:	bdf0      	pop	{r4, r5, r6, r7, pc}

10002714 <dm_0>:
10002714:	da0b      	bge.n	1000272e <dm_1>
10002716:	3301      	adds	r3, #1
10002718:	d106      	bne.n	10002728 <dm_0+0x14>
1000271a:	3001      	adds	r0, #1
1000271c:	d104      	bne.n	10002728 <dm_0+0x14>
1000271e:	3101      	adds	r1, #1
10002720:	0d4f      	lsrs	r7, r1, #21
10002722:	d001      	beq.n	10002728 <dm_0+0x14>
10002724:	0849      	lsrs	r1, r1, #1
10002726:	e7f2      	b.n	1000270e <dm_2>
10002728:	07e1      	lsls	r1, r4, #31
1000272a:	2000      	movs	r0, #0
1000272c:	bdf0      	pop	{r4, r5, r6, r7, pc}

1000272e <dm_1>:
1000272e:	3601      	adds	r6, #1
10002730:	0531      	lsls	r1, r6, #20
10002732:	2000      	movs	r0, #0
10002734:	e7eb      	b.n	1000270e <dm_2>
10002736:	0000      	.short	0x0000
10002738:	000003ff 	.word	0x000003ff

1000273c <ddiv_shim>:
1000273c:	b5f0      	push	{r4, r5, r6, r7, lr}

1000273e <ddiv0>:
1000273e:	0d1c      	lsrs	r4, r3, #20
10002740:	1e67      	subs	r7, r4, #1
10002742:	053f      	lsls	r7, r7, #20
10002744:	1bdb      	subs	r3, r3, r7
10002746:	0ae7      	lsrs	r7, r4, #11
10002748:	0564      	lsls	r4, r4, #21
1000274a:	0d64      	lsrs	r4, r4, #21
1000274c:	d002      	beq.n	10002754 <l20_1>
1000274e:	1c66      	adds	r6, r4, #1
10002750:	0af6      	lsrs	r6, r6, #11
10002752:	d004      	beq.n	1000275e <l20_2>

10002754 <l20_1>:
10002754:	2200      	movs	r2, #0
10002756:	2301      	movs	r3, #1
10002758:	051b      	lsls	r3, r3, #20
1000275a:	3c80      	subs	r4, #128	@ 0x80
1000275c:	0324      	lsls	r4, r4, #12

1000275e <l20_2>:
1000275e:	25d0      	movs	r5, #208	@ 0xd0
10002760:	062d      	lsls	r5, r5, #24
10002762:	2600      	movs	r6, #0
10002764:	43f6      	mvns	r6, r6
10002766:	662e      	str	r6, [r5, #96]	@ 0x60
10002768:	091e      	lsrs	r6, r3, #4
1000276a:	666e      	str	r6, [r5, #100]	@ 0x64
1000276c:	0fce      	lsrs	r6, r1, #31
1000276e:	19f6      	adds	r6, r6, r7
10002770:	46b4      	mov	ip, r6
10002772:	0049      	lsls	r1, r1, #1
10002774:	0d4f      	lsrs	r7, r1, #21
10002776:	d002      	beq.n	1000277e <l20_2+0x20>
10002778:	1c7e      	adds	r6, r7, #1
1000277a:	0af6      	lsrs	r6, r6, #11
1000277c:	d003      	beq.n	10002786 <l20_2+0x28>
1000277e:	2000      	movs	r0, #0
10002780:	2100      	movs	r1, #0
10002782:	3f40      	subs	r7, #64	@ 0x40
10002784:	033f      	lsls	r7, r7, #12
10002786:	1b3e      	subs	r6, r7, r4
10002788:	00b6      	lsls	r6, r6, #2
1000278a:	44b4      	add	ip, r6
1000278c:	3f01      	subs	r7, #1
1000278e:	057f      	lsls	r7, r7, #21
10002790:	1bc9      	subs	r1, r1, r7
10002792:	0849      	lsrs	r1, r1, #1
10002794:	6f2e      	ldr	r6, [r5, #112]	@ 0x70
10002796:	3601      	adds	r6, #1
10002798:	0876      	lsrs	r6, r6, #1
1000279a:	029c      	lsls	r4, r3, #10
1000279c:	0d95      	lsrs	r5, r2, #22
1000279e:	4325      	orrs	r5, r4
100027a0:	4375      	muls	r5, r6
100027a2:	13ed      	asrs	r5, r5, #15
100027a4:	4375      	muls	r5, r6
100027a6:	13ad      	asrs	r5, r5, #14
100027a8:	3501      	adds	r5, #1
100027aa:	106d      	asrs	r5, r5, #1
100027ac:	03f6      	lsls	r6, r6, #15
100027ae:	1b76      	subs	r6, r6, r5
100027b0:	b40c      	push	{r2, r3}
100027b2:	02cc      	lsls	r4, r1, #11
100027b4:	0d45      	lsrs	r5, r0, #21
100027b6:	432c      	orrs	r4, r5
100027b8:	b2a2      	uxth	r2, r4
100027ba:	b2b3      	uxth	r3, r6
100027bc:	435a      	muls	r2, r3
100027be:	0c27      	lsrs	r7, r4, #16
100027c0:	437b      	muls	r3, r7
100027c2:	0c35      	lsrs	r5, r6, #16
100027c4:	436f      	muls	r7, r5
100027c6:	b2a4      	uxth	r4, r4
100027c8:	436c      	muls	r4, r5
100027ca:	191b      	adds	r3, r3, r4
100027cc:	d302      	bcc.n	100027d4 <l21_1>
100027ce:	2401      	movs	r4, #1
100027d0:	0424      	lsls	r4, r4, #16
100027d2:	193f      	adds	r7, r7, r4

100027d4 <l21_1>:
100027d4:	041c      	lsls	r4, r3, #16
100027d6:	0c1d      	lsrs	r5, r3, #16
100027d8:	18a4      	adds	r4, r4, r2
100027da:	417d      	adcs	r5, r7
100027dc:	1924      	adds	r4, r4, r4
100027de:	416d      	adcs	r5, r5
100027e0:	9a00      	ldr	r2, [sp, #0]
100027e2:	b291      	uxth	r1, r2
100027e4:	b2ac      	uxth	r4, r5
100027e6:	4361      	muls	r1, r4
100027e8:	0c17      	lsrs	r7, r2, #16
100027ea:	437c      	muls	r4, r7
100027ec:	0c2b      	lsrs	r3, r5, #16
100027ee:	435f      	muls	r7, r3
100027f0:	b292      	uxth	r2, r2
100027f2:	435a      	muls	r2, r3
100027f4:	18a4      	adds	r4, r4, r2
100027f6:	d302      	bcc.n	100027fe <l22_1>
100027f8:	2201      	movs	r2, #1
100027fa:	0412      	lsls	r2, r2, #16
100027fc:	18bf      	adds	r7, r7, r2

100027fe <l22_1>:
100027fe:	0422      	lsls	r2, r4, #16
10002800:	0c23      	lsrs	r3, r4, #16
10002802:	1852      	adds	r2, r2, r1
10002804:	417b      	adcs	r3, r7
10002806:	9c01      	ldr	r4, [sp, #4]
10002808:	436c      	muls	r4, r5
1000280a:	191b      	adds	r3, r3, r4
1000280c:	0e52      	lsrs	r2, r2, #25
1000280e:	01d9      	lsls	r1, r3, #7
10002810:	430a      	orrs	r2, r1
10002812:	0144      	lsls	r4, r0, #5
10002814:	1aa0      	subs	r0, r4, r2
10002816:	b281      	uxth	r1, r0
10002818:	b2b2      	uxth	r2, r6
1000281a:	4351      	muls	r1, r2
1000281c:	1403      	asrs	r3, r0, #16
1000281e:	435a      	muls	r2, r3
10002820:	0c36      	lsrs	r6, r6, #16
10002822:	4373      	muls	r3, r6
10002824:	b287      	uxth	r7, r0
10002826:	4377      	muls	r7, r6
10002828:	17d6      	asrs	r6, r2, #31
1000282a:	19d2      	adds	r2, r2, r7
1000282c:	2700      	movs	r7, #0
1000282e:	417e      	adcs	r6, r7
10002830:	0436      	lsls	r6, r6, #16
10002832:	199b      	adds	r3, r3, r6
10002834:	0417      	lsls	r7, r2, #16
10002836:	0c16      	lsrs	r6, r2, #16
10002838:	187f      	adds	r7, r7, r1
1000283a:	415e      	adcs	r6, r3
1000283c:	1673      	asrs	r3, r6, #25
1000283e:	18ed      	adds	r5, r5, r3
10002840:	01f3      	lsls	r3, r6, #7
10002842:	2600      	movs	r6, #0
10002844:	3380      	adds	r3, #128	@ 0x80
10002846:	4175      	adcs	r5, r6
10002848:	0fa9      	lsrs	r1, r5, #30
1000284a:	d106      	bne.n	1000285a <dd_0>
1000284c:	0064      	lsls	r4, r4, #1
1000284e:	0a69      	lsrs	r1, r5, #9
10002850:	05e8      	lsls	r0, r5, #23
10002852:	0a5b      	lsrs	r3, r3, #9
10002854:	4318      	orrs	r0, r3
10002856:	d209      	bcs.n	1000286c <dd_1>
10002858:	e02f      	b.n	100028ba <dd_2>

1000285a <dd_0>:
1000285a:	2204      	movs	r2, #4
1000285c:	4494      	add	ip, r2
1000285e:	3380      	adds	r3, #128	@ 0x80
10002860:	4175      	adcs	r5, r6
10002862:	0aa9      	lsrs	r1, r5, #10
10002864:	05a8      	lsls	r0, r5, #22
10002866:	0a9b      	lsrs	r3, r3, #10
10002868:	4318      	orrs	r0, r3
1000286a:	d326      	bcc.n	100028ba <dd_2>

1000286c <dd_1>:
1000286c:	4140      	adcs	r0, r0
1000286e:	4149      	adcs	r1, r1
10002870:	0424      	lsls	r4, r4, #16
10002872:	9a00      	ldr	r2, [sp, #0]
10002874:	9b01      	ldr	r3, [sp, #4]
10002876:	000d      	movs	r5, r1
10002878:	4355      	muls	r5, r2
1000287a:	1b64      	subs	r4, r4, r5
1000287c:	4343      	muls	r3, r0
1000287e:	1ae4      	subs	r4, r4, r3
10002880:	b295      	uxth	r5, r2
10002882:	b286      	uxth	r6, r0
10002884:	4375      	muls	r5, r6
10002886:	0c17      	lsrs	r7, r2, #16
10002888:	437e      	muls	r6, r7
1000288a:	0c03      	lsrs	r3, r0, #16
1000288c:	435f      	muls	r7, r3
1000288e:	b292      	uxth	r2, r2
10002890:	435a      	muls	r2, r3
10002892:	18b6      	adds	r6, r6, r2
10002894:	d302      	bcc.n	1000289c <l24_1>
10002896:	2201      	movs	r2, #1
10002898:	0412      	lsls	r2, r2, #16
1000289a:	18bf      	adds	r7, r7, r2

1000289c <l24_1>:
1000289c:	0432      	lsls	r2, r6, #16
1000289e:	0c33      	lsrs	r3, r6, #16
100028a0:	1952      	adds	r2, r2, r5
100028a2:	417b      	adcs	r3, r7
100028a4:	4252      	negs	r2, r2
100028a6:	419c      	sbcs	r4, r3
100028a8:	2c00      	cmp	r4, #0
100028aa:	d402      	bmi.n	100028b2 <l24_1+0x16>
100028ac:	2200      	movs	r2, #0
100028ae:	3001      	adds	r0, #1
100028b0:	4151      	adcs	r1, r2
100028b2:	0840      	lsrs	r0, r0, #1
100028b4:	07ca      	lsls	r2, r1, #31
100028b6:	4310      	orrs	r0, r2
100028b8:	0849      	lsrs	r1, r1, #1

100028ba <dd_2>:
100028ba:	b002      	add	sp, #8
100028bc:	4662      	mov	r2, ip
100028be:	07d7      	lsls	r7, r2, #31
100028c0:	1092      	asrs	r2, r2, #2
100028c2:	4b08      	ldr	r3, [pc, #32]	@ (100028e4 <dd_4+0x6>)
100028c4:	18d2      	adds	r2, r2, r3
100028c6:	4b08      	ldr	r3, [pc, #32]	@ (100028e8 <dd_4+0xa>)
100028c8:	429a      	cmp	r2, r3
100028ca:	d203      	bcs.n	100028d4 <dd_3>
100028cc:	0512      	lsls	r2, r2, #20
100028ce:	1889      	adds	r1, r1, r2

100028d0 <dd_5>:
100028d0:	19c9      	adds	r1, r1, r7
100028d2:	bdf0      	pop	{r4, r5, r6, r7, pc}

100028d4 <dd_3>:
100028d4:	2000      	movs	r0, #0
100028d6:	2a00      	cmp	r2, #0
100028d8:	dc01      	bgt.n	100028de <dd_4>
100028da:	0039      	movs	r1, r7
100028dc:	bdf0      	pop	{r4, r5, r6, r7, pc}

100028de <dd_4>:
100028de:	3301      	adds	r3, #1
100028e0:	0519      	lsls	r1, r3, #20
100028e2:	e7f5      	b.n	100028d0 <dd_5>
100028e4:	000003fd 	.word	0x000003fd
100028e8:	000007fe 	.word	0x000007fe

100028ec <double2uint_shim>:
100028ec:	2200      	movs	r2, #0

100028ee <double2ufix_shim>:
100028ee:	b500      	push	{lr}
100028f0:	3220      	adds	r2, #32
100028f2:	f000 f804 	bl	100028fe <double2ufix64_shim>
100028f6:	0008      	movs	r0, r1
100028f8:	bd00      	pop	{pc}
	...

100028fc <double2uint64_shim>:
100028fc:	2200      	movs	r2, #0

100028fe <double2ufix64_shim>:
100028fe:	150b      	asrs	r3, r1, #20
10002900:	d40a      	bmi.n	10002918 <ret_dzero>

10002902 <d2fix>:
10002902:	b510      	push	{r4, lr}
10002904:	4694      	mov	ip, r2
10002906:	f000 f831 	bl	1000296c <dunpacks>
1000290a:	1414      	asrs	r4, r2, #16
1000290c:	3401      	adds	r4, #1
1000290e:	da00      	bge.n	10002912 <d2fix+0x10>
10002910:	2100      	movs	r1, #0
10002912:	17cb      	asrs	r3, r1, #31
10002914:	4c14      	ldr	r4, [pc, #80]	@ (10002968 <d2fix_a+0x4a>)
10002916:	4720      	bx	r4

10002918 <ret_dzero>:
10002918:	2000      	movs	r0, #0
1000291a:	2100      	movs	r1, #0
1000291c:	4770      	bx	lr

1000291e <d2fix_a>:
1000291e:	4462      	add	r2, ip
10002920:	3a34      	subs	r2, #52	@ 0x34
10002922:	d40c      	bmi.n	1000293e <d2fix_a+0x20>
10002924:	2a0c      	cmp	r2, #12
10002926:	da07      	bge.n	10002938 <d2fix_a+0x1a>
10002928:	0004      	movs	r4, r0
1000292a:	4091      	lsls	r1, r2
1000292c:	4090      	lsls	r0, r2
1000292e:	4252      	negs	r2, r2
10002930:	3220      	adds	r2, #32
10002932:	40d4      	lsrs	r4, r2
10002934:	4321      	orrs	r1, r4
10002936:	bd10      	pop	{r4, pc}
10002938:	43d8      	mvns	r0, r3
1000293a:	43d9      	mvns	r1, r3
1000293c:	bd10      	pop	{r4, pc}
1000293e:	3220      	adds	r2, #32
10002940:	d407      	bmi.n	10002952 <d2fix_a+0x34>
10002942:	460c      	mov	r4, r1
10002944:	4094      	lsls	r4, r2
10002946:	4252      	negs	r2, r2
10002948:	3220      	adds	r2, #32
1000294a:	4111      	asrs	r1, r2
1000294c:	40d0      	lsrs	r0, r2
1000294e:	4320      	orrs	r0, r4
10002950:	bd10      	pop	{r4, pc}
10002952:	0008      	movs	r0, r1
10002954:	17c9      	asrs	r1, r1, #31
10002956:	3220      	adds	r2, #32
10002958:	d403      	bmi.n	10002962 <d2fix_a+0x44>
1000295a:	4252      	negs	r2, r2
1000295c:	3220      	adds	r2, #32
1000295e:	4110      	asrs	r0, r2
10002960:	bd10      	pop	{r4, pc}
10002962:	0018      	movs	r0, r3
10002964:	0019      	movs	r1, r3
10002966:	bd10      	pop	{r4, pc}
10002968:	1000291f 	.word	0x1000291f

1000296c <dunpacks>:
1000296c:	0d0a      	lsrs	r2, r1, #20
1000296e:	0fcc      	lsrs	r4, r1, #31
10002970:	1e53      	subs	r3, r2, #1
10002972:	051b      	lsls	r3, r3, #20
10002974:	1ac9      	subs	r1, r1, r3
10002976:	0552      	lsls	r2, r2, #21
10002978:	d303      	bcc.n	10002982 <l60_1>
1000297a:	43c9      	mvns	r1, r1
1000297c:	4240      	negs	r0, r0
1000297e:	d300      	bcc.n	10002982 <l60_1>
10002980:	3101      	adds	r1, #1

10002982 <l60_1>:
10002982:	0d52      	lsrs	r2, r2, #21
10002984:	d003      	beq.n	1000298e <l60_2>
10002986:	1c53      	adds	r3, r2, #1
10002988:	0adb      	lsrs	r3, r3, #11
1000298a:	d007      	beq.n	1000299c <l60_3>
1000298c:	1b12      	subs	r2, r2, r4

1000298e <l60_2>:
1000298e:	2000      	movs	r0, #0
10002990:	0064      	lsls	r4, r4, #1
10002992:	1c61      	adds	r1, r4, #1
10002994:	0789      	lsls	r1, r1, #30
10002996:	1289      	asrs	r1, r1, #10
10002998:	3a80      	subs	r2, #128	@ 0x80
1000299a:	0312      	lsls	r2, r2, #12

1000299c <l60_3>:
1000299c:	4b01      	ldr	r3, [pc, #4]	@ (100029a4 <l60_3+0x8>)
1000299e:	1ad2      	subs	r2, r2, r3
100029a0:	4770      	bx	lr
100029a2:	0000      	.short	0x0000
100029a4:	000003ff 	.word	0x000003ff

100029a8 <__wrap___aeabi_lmul>:
100029a8:	4351      	muls	r1, r2
100029aa:	4343      	muls	r3, r0
100029ac:	18c9      	adds	r1, r1, r3
100029ae:	468c      	mov	ip, r1
100029b0:	0c11      	lsrs	r1, r2, #16
100029b2:	b283      	uxth	r3, r0
100029b4:	434b      	muls	r3, r1
100029b6:	b410      	push	{r4}
100029b8:	0c04      	lsrs	r4, r0, #16
100029ba:	4361      	muls	r1, r4
100029bc:	b292      	uxth	r2, r2
100029be:	b280      	uxth	r0, r0
100029c0:	4350      	muls	r0, r2
100029c2:	4362      	muls	r2, r4
100029c4:	041c      	lsls	r4, r3, #16
100029c6:	0c1b      	lsrs	r3, r3, #16
100029c8:	1900      	adds	r0, r0, r4
100029ca:	bc10      	pop	{r4}
100029cc:	4159      	adcs	r1, r3
100029ce:	0413      	lsls	r3, r2, #16
100029d0:	0c12      	lsrs	r2, r2, #16
100029d2:	18c0      	adds	r0, r0, r3
100029d4:	4151      	adcs	r1, r2
100029d6:	4461      	add	r1, ip
100029d8:	4770      	bx	lr
	...

100029dc <__aeabi_float_init>:
100029dc:	b570      	push	{r4, r5, r6, lr}
100029de:	2313      	movs	r3, #19
100029e0:	781e      	ldrb	r6, [r3, #0]
100029e2:	482a      	ldr	r0, [pc, #168]	@ (10002a8c <__aeabi_float_init+0xb0>)
100029e4:	f7ff f844 	bl	10001a70 <rom_data_lookup>
100029e8:	0005      	movs	r5, r0
100029ea:	2e01      	cmp	r6, #1
100029ec:	d011      	beq.n	10002a12 <__aeabi_float_init+0x36>
100029ee:	2e01      	cmp	r6, #1
100029f0:	dd09      	ble.n	10002a06 <__aeabi_float_init+0x2a>
100029f2:	1eab      	subs	r3, r5, #2
100029f4:	781b      	ldrb	r3, [r3, #0]
100029f6:	009b      	lsls	r3, r3, #2
100029f8:	2b7f      	cmp	r3, #127	@ 0x7f
100029fa:	dd40      	ble.n	10002a7e <__aeabi_float_init+0xa2>
100029fc:	4824      	ldr	r0, [pc, #144]	@ (10002a90 <__aeabi_float_init+0xb4>)
100029fe:	2280      	movs	r2, #128	@ 0x80
10002a00:	0029      	movs	r1, r5
10002a02:	f000 f891 	bl	10002b28 <__wrap___aeabi_memcpy>
10002a06:	4823      	ldr	r0, [pc, #140]	@ (10002a94 <__aeabi_float_init+0xb8>)
10002a08:	f7ff f82a 	bl	10001a60 <rom_func_lookup>
10002a0c:	4b22      	ldr	r3, [pc, #136]	@ (10002a98 <__aeabi_float_init+0xbc>)
10002a0e:	6018      	str	r0, [r3, #0]
10002a10:	bd70      	pop	{r4, r5, r6, pc}
10002a12:	481f      	ldr	r0, [pc, #124]	@ (10002a90 <__aeabi_float_init+0xb4>)
10002a14:	2254      	movs	r2, #84	@ 0x54
10002a16:	0029      	movs	r1, r5
10002a18:	f000 f886 	bl	10002b28 <__wrap___aeabi_memcpy>
10002a1c:	4b1f      	ldr	r3, [pc, #124]	@ (10002a9c <__aeabi_float_init+0xc0>)
10002a1e:	881a      	ldrh	r2, [r3, #0]
10002a20:	4b1f      	ldr	r3, [pc, #124]	@ (10002aa0 <__aeabi_float_init+0xc4>)
10002a22:	429a      	cmp	r2, r3
10002a24:	d11c      	bne.n	10002a60 <__aeabi_float_init+0x84>
10002a26:	23a7      	movs	r3, #167	@ 0xa7
10002a28:	019b      	lsls	r3, r3, #6
10002a2a:	881a      	ldrh	r2, [r3, #0]
10002a2c:	4b1d      	ldr	r3, [pc, #116]	@ (10002aa4 <__aeabi_float_init+0xc8>)
10002a2e:	429a      	cmp	r2, r3
10002a30:	d116      	bne.n	10002a60 <__aeabi_float_init+0x84>
10002a32:	4b1d      	ldr	r3, [pc, #116]	@ (10002aa8 <__aeabi_float_init+0xcc>)
10002a34:	881a      	ldrh	r2, [r3, #0]
10002a36:	4b1d      	ldr	r3, [pc, #116]	@ (10002aac <__aeabi_float_init+0xd0>)
10002a38:	429a      	cmp	r2, r3
10002a3a:	d111      	bne.n	10002a60 <__aeabi_float_init+0x84>
10002a3c:	4b1c      	ldr	r3, [pc, #112]	@ (10002ab0 <__aeabi_float_init+0xd4>)
10002a3e:	881a      	ldrh	r2, [r3, #0]
10002a40:	2394      	movs	r3, #148	@ 0x94
10002a42:	019b      	lsls	r3, r3, #6
10002a44:	429a      	cmp	r2, r3
10002a46:	d10b      	bne.n	10002a60 <__aeabi_float_init+0x84>
10002a48:	4b1a      	ldr	r3, [pc, #104]	@ (10002ab4 <__aeabi_float_init+0xd8>)
10002a4a:	881a      	ldrh	r2, [r3, #0]
10002a4c:	4b1a      	ldr	r3, [pc, #104]	@ (10002ab8 <__aeabi_float_init+0xdc>)
10002a4e:	429a      	cmp	r2, r3
10002a50:	d106      	bne.n	10002a60 <__aeabi_float_init+0x84>
10002a52:	4b1a      	ldr	r3, [pc, #104]	@ (10002abc <__aeabi_float_init+0xe0>)
10002a54:	681a      	ldr	r2, [r3, #0]
10002a56:	4b1a      	ldr	r3, [pc, #104]	@ (10002ac0 <__aeabi_float_init+0xe4>)
10002a58:	429a      	cmp	r2, r3
10002a5a:	d101      	bne.n	10002a60 <__aeabi_float_init+0x84>
10002a5c:	2315      	movs	r3, #21
10002a5e:	e007      	b.n	10002a70 <__aeabi_float_init+0x94>
10002a60:	4818      	ldr	r0, [pc, #96]	@ (10002ac4 <__aeabi_float_init+0xe8>)
10002a62:	f7fd fe25 	bl	100006b0 <panic>
10002a66:	4c18      	ldr	r4, [pc, #96]	@ (10002ac8 <__aeabi_float_init+0xec>)
10002a68:	4a09      	ldr	r2, [pc, #36]	@ (10002a90 <__aeabi_float_init+0xb4>)
10002a6a:	0099      	lsls	r1, r3, #2
10002a6c:	508c      	str	r4, [r1, r2]
10002a6e:	3301      	adds	r3, #1
10002a70:	2b1f      	cmp	r3, #31
10002a72:	d9f8      	bls.n	10002a66 <__aeabi_float_init+0x8a>
10002a74:	4b14      	ldr	r3, [pc, #80]	@ (10002ac8 <__aeabi_float_init+0xec>)
10002a76:	4a06      	ldr	r2, [pc, #24]	@ (10002a90 <__aeabi_float_init+0xb4>)
10002a78:	6213      	str	r3, [r2, #32]
10002a7a:	61d3      	str	r3, [r2, #28]
10002a7c:	e7b7      	b.n	100029ee <__aeabi_float_init+0x12>
10002a7e:	4b13      	ldr	r3, [pc, #76]	@ (10002acc <__aeabi_float_init+0xf0>)
10002a80:	4a13      	ldr	r2, [pc, #76]	@ (10002ad0 <__aeabi_float_init+0xf4>)
10002a82:	4814      	ldr	r0, [pc, #80]	@ (10002ad4 <__aeabi_float_init+0xf8>)
10002a84:	2142      	movs	r1, #66	@ 0x42
10002a86:	f001 f953 	bl	10003d30 <__assert_func>
10002a8a:	46c0      	nop			@ (mov r8, r8)
10002a8c:	00004653 	.word	0x00004653
10002a90:	2000310c 	.word	0x2000310c
10002a94:	0000334c 	.word	0x0000334c
10002a98:	20003108 	.word	0x20003108
10002a9c:	000029ee 	.word	0x000029ee
10002aa0:	00000fc4 	.word	0x00000fc4
10002aa4:	00000dc2 	.word	0x00000dc2
10002aa8:	00002b96 	.word	0x00002b96
10002aac:	0000b5c0 	.word	0x0000b5c0
10002ab0:	00002b18 	.word	0x00002b18
10002ab4:	00002acc 	.word	0x00002acc
10002ab8:	0000b510 	.word	0x0000b510
10002abc:	00002cfc 	.word	0x00002cfc
10002ac0:	6487ed51 	.word	0x6487ed51
10002ac4:	100071bc 	.word	0x100071bc
10002ac8:	10002ad9 	.word	0x10002ad9
10002acc:	100070cc 	.word	0x100070cc
10002ad0:	10007880 	.word	0x10007880
10002ad4:	10007100 	.word	0x10007100

10002ad8 <float_table_shim_on_use_helper>:
10002ad8:	b507      	push	{r0, r1, r2, lr}
10002ada:	4660      	mov	r0, ip
10002adc:	2800      	cmp	r0, #0
10002ade:	d100      	bne.n	10002ae2 <float_table_shim_on_use_helper+0xa>
10002ae0:	be00      	bkpt	0x0000
10002ae2:	8801      	ldrh	r1, [r0, #0]
10002ae4:	0a0a      	lsrs	r2, r1, #8
10002ae6:	3002      	adds	r0, #2
10002ae8:	2adf      	cmp	r2, #223	@ 0xdf
10002aea:	d1fa      	bne.n	10002ae2 <float_table_shim_on_use_helper+0xa>
10002aec:	b2c9      	uxtb	r1, r1
10002aee:	0882      	lsrs	r2, r0, #2
10002af0:	d304      	bcc.n	10002afc <float_table_shim_on_use_helper+0x24>
10002af2:	8802      	ldrh	r2, [r0, #0]
10002af4:	8840      	ldrh	r0, [r0, #2]
10002af6:	0400      	lsls	r0, r0, #16
10002af8:	4310      	orrs	r0, r2
10002afa:	e000      	b.n	10002afe <float_table_shim_on_use_helper+0x26>
10002afc:	6800      	ldr	r0, [r0, #0]
10002afe:	4a02      	ldr	r2, [pc, #8]	@ (10002b08 <float_table_shim_on_use_helper+0x30>)
10002b00:	5050      	str	r0, [r2, r1]
10002b02:	9003      	str	r0, [sp, #12]
10002b04:	bd07      	pop	{r0, r1, r2, pc}
10002b06:	0000      	.short	0x0000
10002b08:	2000310c 	.word	0x2000310c

10002b0c <__aeabi_mem_init>:
10002b0c:	4801      	ldr	r0, [pc, #4]	@ (10002b14 <__aeabi_mem_init+0x8>)
10002b0e:	2104      	movs	r1, #4
10002b10:	4b01      	ldr	r3, [pc, #4]	@ (10002b18 <__aeabi_mem_init+0xc>)
10002b12:	4718      	bx	r3
10002b14:	20000c60 	.word	0x20000c60
10002b18:	10001a81 	.word	0x10001a81

10002b1c <__wrap_memset>:
10002b1c:	4b01      	ldr	r3, [pc, #4]	@ (10002b24 <__wrap_memset+0x8>)
10002b1e:	681b      	ldr	r3, [r3, #0]
10002b20:	4718      	bx	r3
10002b22:	0000      	.short	0x0000
10002b24:	20000c60 	.word	0x20000c60

10002b28 <__wrap___aeabi_memcpy>:
10002b28:	4b01      	ldr	r3, [pc, #4]	@ (10002b30 <__wrap___aeabi_memcpy+0x8>)
10002b2a:	685b      	ldr	r3, [r3, #4]
10002b2c:	4718      	bx	r3
10002b2e:	0000      	.short	0x0000
10002b30:	20000c60 	.word	0x20000c60

10002b34 <_out_null>:
10002b34:	4770      	bx	lr

10002b36 <_out_fct>:
10002b36:	b510      	push	{r4, lr}
10002b38:	2800      	cmp	r0, #0
10002b3a:	d002      	beq.n	10002b42 <_out_fct+0xc>
10002b3c:	680b      	ldr	r3, [r1, #0]
10002b3e:	6849      	ldr	r1, [r1, #4]
10002b40:	4798      	blx	r3
10002b42:	bd10      	pop	{r4, pc}

10002b44 <_atoi>:
10002b44:	0001      	movs	r1, r0
10002b46:	2000      	movs	r0, #0
10002b48:	e007      	b.n	10002b5a <_atoi+0x16>
10002b4a:	0083      	lsls	r3, r0, #2
10002b4c:	181b      	adds	r3, r3, r0
10002b4e:	005b      	lsls	r3, r3, #1
10002b50:	1c50      	adds	r0, r2, #1
10002b52:	6008      	str	r0, [r1, #0]
10002b54:	7810      	ldrb	r0, [r2, #0]
10002b56:	18c0      	adds	r0, r0, r3
10002b58:	3830      	subs	r0, #48	@ 0x30
10002b5a:	680a      	ldr	r2, [r1, #0]
10002b5c:	7813      	ldrb	r3, [r2, #0]
10002b5e:	3b30      	subs	r3, #48	@ 0x30
10002b60:	b2db      	uxtb	r3, r3
10002b62:	2b09      	cmp	r3, #9
10002b64:	d9f1      	bls.n	10002b4a <_atoi+0x6>
10002b66:	4770      	bx	lr

10002b68 <_out_rev>:
10002b68:	b5f0      	push	{r4, r5, r6, r7, lr}
10002b6a:	46de      	mov	lr, fp
10002b6c:	4657      	mov	r7, sl
10002b6e:	464e      	mov	r6, r9
10002b70:	4645      	mov	r5, r8
10002b72:	b5e0      	push	{r5, r6, r7, lr}
10002b74:	b083      	sub	sp, #12
10002b76:	4693      	mov	fp, r2
10002b78:	001f      	movs	r7, r3
10002b7a:	9b0c      	ldr	r3, [sp, #48]	@ 0x30
10002b7c:	469a      	mov	sl, r3
10002b7e:	9c0d      	ldr	r4, [sp, #52]	@ 0x34
10002b80:	9b0e      	ldr	r3, [sp, #56]	@ 0x38
10002b82:	4699      	mov	r9, r3
10002b84:	9b0f      	ldr	r3, [sp, #60]	@ 0x3c
10002b86:	079b      	lsls	r3, r3, #30
10002b88:	d017      	beq.n	10002bba <_out_rev+0x52>
10002b8a:	46b8      	mov	r8, r7
10002b8c:	000f      	movs	r7, r1
10002b8e:	0006      	movs	r6, r0
10002b90:	e022      	b.n	10002bd8 <_out_rev+0x70>
10002b92:	1c55      	adds	r5, r2, #1
10002b94:	464b      	mov	r3, r9
10002b96:	4641      	mov	r1, r8
10002b98:	2020      	movs	r0, #32
10002b9a:	47b8      	blx	r7
10002b9c:	3401      	adds	r4, #1
10002b9e:	002a      	movs	r2, r5
10002ba0:	42b4      	cmp	r4, r6
10002ba2:	d3f6      	bcc.n	10002b92 <_out_rev+0x2a>
10002ba4:	003d      	movs	r5, r7
10002ba6:	464f      	mov	r7, r9
10002ba8:	465c      	mov	r4, fp
10002baa:	9b01      	ldr	r3, [sp, #4]
10002bac:	469b      	mov	fp, r3
10002bae:	46b1      	mov	r9, r6
10002bb0:	4646      	mov	r6, r8
10002bb2:	46b8      	mov	r8, r7
10002bb4:	0037      	movs	r7, r6
10002bb6:	002e      	movs	r6, r5
10002bb8:	e00e      	b.n	10002bd8 <_out_rev+0x70>
10002bba:	9201      	str	r2, [sp, #4]
10002bbc:	46a3      	mov	fp, r4
10002bbe:	4688      	mov	r8, r1
10002bc0:	464e      	mov	r6, r9
10002bc2:	46b9      	mov	r9, r7
10002bc4:	0007      	movs	r7, r0
10002bc6:	e7eb      	b.n	10002ba0 <_out_rev+0x38>
10002bc8:	3c01      	subs	r4, #1
10002bca:	1c55      	adds	r5, r2, #1
10002bcc:	4653      	mov	r3, sl
10002bce:	5d18      	ldrb	r0, [r3, r4]
10002bd0:	4643      	mov	r3, r8
10002bd2:	0039      	movs	r1, r7
10002bd4:	47b0      	blx	r6
10002bd6:	002a      	movs	r2, r5
10002bd8:	2c00      	cmp	r4, #0
10002bda:	d1f5      	bne.n	10002bc8 <_out_rev+0x60>
10002bdc:	0035      	movs	r5, r6
10002bde:	003e      	movs	r6, r7
10002be0:	4647      	mov	r7, r8
10002be2:	9b0f      	ldr	r3, [sp, #60]	@ 0x3c
10002be4:	079b      	lsls	r3, r3, #30
10002be6:	d411      	bmi.n	10002c0c <_out_rev+0xa4>
10002be8:	0010      	movs	r0, r2
10002bea:	b003      	add	sp, #12
10002bec:	bcf0      	pop	{r4, r5, r6, r7}
10002bee:	46bb      	mov	fp, r7
10002bf0:	46b2      	mov	sl, r6
10002bf2:	46a9      	mov	r9, r5
10002bf4:	46a0      	mov	r8, r4
10002bf6:	bdf0      	pop	{r4, r5, r6, r7, pc}
10002bf8:	1c54      	adds	r4, r2, #1
10002bfa:	464b      	mov	r3, r9
10002bfc:	4641      	mov	r1, r8
10002bfe:	2020      	movs	r0, #32
10002c00:	47b8      	blx	r7
10002c02:	0022      	movs	r2, r4
10002c04:	1b53      	subs	r3, r2, r5
10002c06:	42b3      	cmp	r3, r6
10002c08:	d3f6      	bcc.n	10002bf8 <_out_rev+0x90>
10002c0a:	e7ed      	b.n	10002be8 <_out_rev+0x80>
10002c0c:	46b0      	mov	r8, r6
10002c0e:	464e      	mov	r6, r9
10002c10:	46b9      	mov	r9, r7
10002c12:	002f      	movs	r7, r5
10002c14:	465d      	mov	r5, fp
10002c16:	e7f5      	b.n	10002c04 <_out_rev+0x9c>

10002c18 <_ntoa_format>:
10002c18:	b5f0      	push	{r4, r5, r6, r7, lr}
10002c1a:	46ce      	mov	lr, r9
10002c1c:	4647      	mov	r7, r8
10002c1e:	b580      	push	{r7, lr}
10002c20:	b085      	sub	sp, #20
10002c22:	4694      	mov	ip, r2
10002c24:	4698      	mov	r8, r3
10002c26:	9d0c      	ldr	r5, [sp, #48]	@ 0x30
10002c28:	9c0d      	ldr	r4, [sp, #52]	@ 0x34
10002c2a:	ab0e      	add	r3, sp, #56	@ 0x38
10002c2c:	781b      	ldrb	r3, [r3, #0]
10002c2e:	4699      	mov	r9, r3
10002c30:	9a10      	ldr	r2, [sp, #64]	@ 0x40
10002c32:	9b11      	ldr	r3, [sp, #68]	@ 0x44
10002c34:	9e12      	ldr	r6, [sp, #72]	@ 0x48
10002c36:	07b7      	lsls	r7, r6, #30
10002c38:	d41c      	bmi.n	10002c74 <_ntoa_format+0x5c>
10002c3a:	2b00      	cmp	r3, #0
10002c3c:	d00c      	beq.n	10002c58 <_ntoa_format+0x40>
10002c3e:	07f7      	lsls	r7, r6, #31
10002c40:	d50a      	bpl.n	10002c58 <_ntoa_format+0x40>
10002c42:	464f      	mov	r7, r9
10002c44:	2f00      	cmp	r7, #0
10002c46:	d102      	bne.n	10002c4e <_ntoa_format+0x36>
10002c48:	370c      	adds	r7, #12
10002c4a:	4237      	tst	r7, r6
10002c4c:	d004      	beq.n	10002c58 <_ntoa_format+0x40>
10002c4e:	3b01      	subs	r3, #1
10002c50:	e002      	b.n	10002c58 <_ntoa_format+0x40>
10002c52:	2730      	movs	r7, #48	@ 0x30
10002c54:	552f      	strb	r7, [r5, r4]
10002c56:	3401      	adds	r4, #1
10002c58:	4294      	cmp	r4, r2
10002c5a:	d201      	bcs.n	10002c60 <_ntoa_format+0x48>
10002c5c:	2c1f      	cmp	r4, #31
10002c5e:	d9f8      	bls.n	10002c52 <_ntoa_format+0x3a>
10002c60:	07f7      	lsls	r7, r6, #31
10002c62:	d507      	bpl.n	10002c74 <_ntoa_format+0x5c>
10002c64:	429c      	cmp	r4, r3
10002c66:	d205      	bcs.n	10002c74 <_ntoa_format+0x5c>
10002c68:	2c1f      	cmp	r4, #31
10002c6a:	d803      	bhi.n	10002c74 <_ntoa_format+0x5c>
10002c6c:	2730      	movs	r7, #48	@ 0x30
10002c6e:	552f      	strb	r7, [r5, r4]
10002c70:	3401      	adds	r4, #1
10002c72:	e7f5      	b.n	10002c60 <_ntoa_format+0x48>
10002c74:	06f7      	lsls	r7, r6, #27
10002c76:	d512      	bpl.n	10002c9e <_ntoa_format+0x86>
10002c78:	0577      	lsls	r7, r6, #21
10002c7a:	d405      	bmi.n	10002c88 <_ntoa_format+0x70>
10002c7c:	2c00      	cmp	r4, #0
10002c7e:	d003      	beq.n	10002c88 <_ntoa_format+0x70>
10002c80:	4294      	cmp	r4, r2
10002c82:	d021      	beq.n	10002cc8 <_ntoa_format+0xb0>
10002c84:	429c      	cmp	r4, r3
10002c86:	d01f      	beq.n	10002cc8 <_ntoa_format+0xb0>
10002c88:	9a0f      	ldr	r2, [sp, #60]	@ 0x3c
10002c8a:	2a10      	cmp	r2, #16
10002c8c:	d02f      	beq.n	10002cee <_ntoa_format+0xd6>
10002c8e:	9a0f      	ldr	r2, [sp, #60]	@ 0x3c
10002c90:	2a02      	cmp	r2, #2
10002c92:	d036      	beq.n	10002d02 <_ntoa_format+0xea>
10002c94:	2c1f      	cmp	r4, #31
10002c96:	d80a      	bhi.n	10002cae <_ntoa_format+0x96>
10002c98:	2230      	movs	r2, #48	@ 0x30
10002c9a:	552a      	strb	r2, [r5, r4]
10002c9c:	3401      	adds	r4, #1
10002c9e:	2c1f      	cmp	r4, #31
10002ca0:	d805      	bhi.n	10002cae <_ntoa_format+0x96>
10002ca2:	464a      	mov	r2, r9
10002ca4:	2a00      	cmp	r2, #0
10002ca6:	d032      	beq.n	10002d0e <_ntoa_format+0xf6>
10002ca8:	222d      	movs	r2, #45	@ 0x2d
10002caa:	552a      	strb	r2, [r5, r4]
10002cac:	3401      	adds	r4, #1
10002cae:	9603      	str	r6, [sp, #12]
10002cb0:	9302      	str	r3, [sp, #8]
10002cb2:	9401      	str	r4, [sp, #4]
10002cb4:	9500      	str	r5, [sp, #0]
10002cb6:	4643      	mov	r3, r8
10002cb8:	4662      	mov	r2, ip
10002cba:	f7ff ff55 	bl	10002b68 <_out_rev>
10002cbe:	b005      	add	sp, #20
10002cc0:	bcc0      	pop	{r6, r7}
10002cc2:	46b9      	mov	r9, r7
10002cc4:	46b0      	mov	r8, r6
10002cc6:	bdf0      	pop	{r4, r5, r6, r7, pc}
10002cc8:	1e62      	subs	r2, r4, #1
10002cca:	2c01      	cmp	r4, #1
10002ccc:	d017      	beq.n	10002cfe <_ntoa_format+0xe6>
10002cce:	9f0f      	ldr	r7, [sp, #60]	@ 0x3c
10002cd0:	2f10      	cmp	r7, #16
10002cd2:	d00b      	beq.n	10002cec <_ntoa_format+0xd4>
10002cd4:	0014      	movs	r4, r2
10002cd6:	9a0f      	ldr	r2, [sp, #60]	@ 0x3c
10002cd8:	2a10      	cmp	r2, #16
10002cda:	d1d8      	bne.n	10002c8e <_ntoa_format+0x76>
10002cdc:	06b2      	lsls	r2, r6, #26
10002cde:	d5d6      	bpl.n	10002c8e <_ntoa_format+0x76>
10002ce0:	2c1f      	cmp	r4, #31
10002ce2:	d8d4      	bhi.n	10002c8e <_ntoa_format+0x76>
10002ce4:	2258      	movs	r2, #88	@ 0x58
10002ce6:	552a      	strb	r2, [r5, r4]
10002ce8:	3401      	adds	r4, #1
10002cea:	e7d3      	b.n	10002c94 <_ntoa_format+0x7c>
10002cec:	3c02      	subs	r4, #2
10002cee:	06b2      	lsls	r2, r6, #26
10002cf0:	d4f1      	bmi.n	10002cd6 <_ntoa_format+0xbe>
10002cf2:	2c1f      	cmp	r4, #31
10002cf4:	d8ef      	bhi.n	10002cd6 <_ntoa_format+0xbe>
10002cf6:	2278      	movs	r2, #120	@ 0x78
10002cf8:	552a      	strb	r2, [r5, r4]
10002cfa:	3401      	adds	r4, #1
10002cfc:	e7ca      	b.n	10002c94 <_ntoa_format+0x7c>
10002cfe:	0014      	movs	r4, r2
10002d00:	e7c2      	b.n	10002c88 <_ntoa_format+0x70>
10002d02:	2c1f      	cmp	r4, #31
10002d04:	d8d3      	bhi.n	10002cae <_ntoa_format+0x96>
10002d06:	3260      	adds	r2, #96	@ 0x60
10002d08:	552a      	strb	r2, [r5, r4]
10002d0a:	3401      	adds	r4, #1
10002d0c:	e7c2      	b.n	10002c94 <_ntoa_format+0x7c>
10002d0e:	0772      	lsls	r2, r6, #29
10002d10:	d503      	bpl.n	10002d1a <_ntoa_format+0x102>
10002d12:	222b      	movs	r2, #43	@ 0x2b
10002d14:	552a      	strb	r2, [r5, r4]
10002d16:	3401      	adds	r4, #1
10002d18:	e7c9      	b.n	10002cae <_ntoa_format+0x96>
10002d1a:	0732      	lsls	r2, r6, #28
10002d1c:	d5c7      	bpl.n	10002cae <_ntoa_format+0x96>
10002d1e:	2220      	movs	r2, #32
10002d20:	552a      	strb	r2, [r5, r4]
10002d22:	3401      	adds	r4, #1
10002d24:	e7c3      	b.n	10002cae <_ntoa_format+0x96>

10002d26 <_ntoa_long>:
10002d26:	b5f0      	push	{r4, r5, r6, r7, lr}
10002d28:	46de      	mov	lr, fp
10002d2a:	4657      	mov	r7, sl
10002d2c:	464e      	mov	r6, r9
10002d2e:	4645      	mov	r5, r8
10002d30:	b5e0      	push	{r5, r6, r7, lr}
10002d32:	b093      	sub	sp, #76	@ 0x4c
10002d34:	4681      	mov	r9, r0
10002d36:	468a      	mov	sl, r1
10002d38:	9208      	str	r2, [sp, #32]
10002d3a:	9309      	str	r3, [sp, #36]	@ 0x24
10002d3c:	ab1c      	add	r3, sp, #112	@ 0x70
10002d3e:	cb10      	ldmia	r3!, {r4}
10002d40:	781b      	ldrb	r3, [r3, #0]
10002d42:	469b      	mov	fp, r3
10002d44:	9d1e      	ldr	r5, [sp, #120]	@ 0x78
10002d46:	9b21      	ldr	r3, [sp, #132]	@ 0x84
10002d48:	4698      	mov	r8, r3
10002d4a:	2c00      	cmp	r4, #0
10002d4c:	d103      	bne.n	10002d56 <_ntoa_long+0x30>
10002d4e:	2310      	movs	r3, #16
10002d50:	4642      	mov	r2, r8
10002d52:	439a      	bics	r2, r3
10002d54:	4690      	mov	r8, r2
10002d56:	2380      	movs	r3, #128	@ 0x80
10002d58:	00db      	lsls	r3, r3, #3
10002d5a:	4646      	mov	r6, r8
10002d5c:	401e      	ands	r6, r3
10002d5e:	4642      	mov	r2, r8
10002d60:	421a      	tst	r2, r3
10002d62:	d018      	beq.n	10002d96 <_ntoa_long+0x70>
10002d64:	2c00      	cmp	r4, #0
10002d66:	d022      	beq.n	10002dae <_ntoa_long+0x88>
10002d68:	2600      	movs	r6, #0
10002d6a:	e014      	b.n	10002d96 <_ntoa_long+0x70>
10002d6c:	4642      	mov	r2, r8
10002d6e:	0692      	lsls	r2, r2, #26
10002d70:	d51b      	bpl.n	10002daa <_ntoa_long+0x84>
10002d72:	2141      	movs	r1, #65	@ 0x41
10002d74:	18c9      	adds	r1, r1, r3
10002d76:	b2c9      	uxtb	r1, r1
10002d78:	390a      	subs	r1, #10
10002d7a:	b2c9      	uxtb	r1, r1
10002d7c:	1c77      	adds	r7, r6, #1
10002d7e:	ab0a      	add	r3, sp, #40	@ 0x28
10002d80:	5599      	strb	r1, [r3, r6]
10002d82:	0029      	movs	r1, r5
10002d84:	0020      	movs	r0, r4
10002d86:	f7fe ffd3 	bl	10001d30 <__wrap___aeabi_uidiv>
10002d8a:	42ac      	cmp	r4, r5
10002d8c:	d310      	bcc.n	10002db0 <_ntoa_long+0x8a>
10002d8e:	2f1f      	cmp	r7, #31
10002d90:	d80e      	bhi.n	10002db0 <_ntoa_long+0x8a>
10002d92:	003e      	movs	r6, r7
10002d94:	0004      	movs	r4, r0
10002d96:	0029      	movs	r1, r5
10002d98:	0020      	movs	r0, r4
10002d9a:	f7fe ffc9 	bl	10001d30 <__wrap___aeabi_uidiv>
10002d9e:	b2cb      	uxtb	r3, r1
10002da0:	2b09      	cmp	r3, #9
10002da2:	d8e3      	bhi.n	10002d6c <_ntoa_long+0x46>
10002da4:	3330      	adds	r3, #48	@ 0x30
10002da6:	b2d9      	uxtb	r1, r3
10002da8:	e7e8      	b.n	10002d7c <_ntoa_long+0x56>
10002daa:	2161      	movs	r1, #97	@ 0x61
10002dac:	e7e2      	b.n	10002d74 <_ntoa_long+0x4e>
10002dae:	0027      	movs	r7, r4
10002db0:	4643      	mov	r3, r8
10002db2:	9306      	str	r3, [sp, #24]
10002db4:	9b20      	ldr	r3, [sp, #128]	@ 0x80
10002db6:	9305      	str	r3, [sp, #20]
10002db8:	9b1f      	ldr	r3, [sp, #124]	@ 0x7c
10002dba:	9304      	str	r3, [sp, #16]
10002dbc:	9503      	str	r5, [sp, #12]
10002dbe:	465b      	mov	r3, fp
10002dc0:	9302      	str	r3, [sp, #8]
10002dc2:	9701      	str	r7, [sp, #4]
10002dc4:	ab0a      	add	r3, sp, #40	@ 0x28
10002dc6:	9300      	str	r3, [sp, #0]
10002dc8:	9b09      	ldr	r3, [sp, #36]	@ 0x24
10002dca:	9a08      	ldr	r2, [sp, #32]
10002dcc:	4651      	mov	r1, sl
10002dce:	4648      	mov	r0, r9
10002dd0:	f7ff ff22 	bl	10002c18 <_ntoa_format>
10002dd4:	b013      	add	sp, #76	@ 0x4c
10002dd6:	bcf0      	pop	{r4, r5, r6, r7}
10002dd8:	46bb      	mov	fp, r7
10002dda:	46b2      	mov	sl, r6
10002ddc:	46a9      	mov	r9, r5
10002dde:	46a0      	mov	r8, r4
10002de0:	bdf0      	pop	{r4, r5, r6, r7, pc}

10002de2 <_ntoa_long_long>:
10002de2:	b5f0      	push	{r4, r5, r6, r7, lr}
10002de4:	46de      	mov	lr, fp
10002de6:	4657      	mov	r7, sl
10002de8:	464e      	mov	r6, r9
10002dea:	4645      	mov	r5, r8
10002dec:	b5e0      	push	{r5, r6, r7, lr}
10002dee:	b097      	sub	sp, #92	@ 0x5c
10002df0:	900a      	str	r0, [sp, #40]	@ 0x28
10002df2:	910b      	str	r1, [sp, #44]	@ 0x2c
10002df4:	920c      	str	r2, [sp, #48]	@ 0x30
10002df6:	469a      	mov	sl, r3
10002df8:	9b20      	ldr	r3, [sp, #128]	@ 0x80
10002dfa:	4699      	mov	r9, r3
10002dfc:	9f21      	ldr	r7, [sp, #132]	@ 0x84
10002dfe:	aa22      	add	r2, sp, #136	@ 0x88
10002e00:	7813      	ldrb	r3, [r2, #0]
10002e02:	469b      	mov	fp, r3
10002e04:	9b24      	ldr	r3, [sp, #144]	@ 0x90
10002e06:	9309      	str	r3, [sp, #36]	@ 0x24
10002e08:	9c25      	ldr	r4, [sp, #148]	@ 0x94
10002e0a:	9b28      	ldr	r3, [sp, #160]	@ 0xa0
10002e0c:	4698      	mov	r8, r3
10002e0e:	464a      	mov	r2, r9
10002e10:	433a      	orrs	r2, r7
10002e12:	d102      	bne.n	10002e1a <_ntoa_long_long+0x38>
10002e14:	3210      	adds	r2, #16
10002e16:	4393      	bics	r3, r2
10002e18:	4698      	mov	r8, r3
10002e1a:	2280      	movs	r2, #128	@ 0x80
10002e1c:	00d2      	lsls	r2, r2, #3
10002e1e:	4645      	mov	r5, r8
10002e20:	4015      	ands	r5, r2
10002e22:	4643      	mov	r3, r8
10002e24:	4213      	tst	r3, r2
10002e26:	d00a      	beq.n	10002e3e <_ntoa_long_long+0x5c>
10002e28:	464a      	mov	r2, r9
10002e2a:	433a      	orrs	r2, r7
10002e2c:	d041      	beq.n	10002eb2 <_ntoa_long_long+0xd0>
10002e2e:	2500      	movs	r5, #0
10002e30:	002e      	movs	r6, r5
10002e32:	4653      	mov	r3, sl
10002e34:	930d      	str	r3, [sp, #52]	@ 0x34
10002e36:	464d      	mov	r5, r9
10002e38:	9b09      	ldr	r3, [sp, #36]	@ 0x24
10002e3a:	469a      	mov	sl, r3
10002e3c:	e021      	b.n	10002e82 <_ntoa_long_long+0xa0>
10002e3e:	002e      	movs	r6, r5
10002e40:	4653      	mov	r3, sl
10002e42:	930d      	str	r3, [sp, #52]	@ 0x34
10002e44:	464d      	mov	r5, r9
10002e46:	9b09      	ldr	r3, [sp, #36]	@ 0x24
10002e48:	469a      	mov	sl, r3
10002e4a:	e01a      	b.n	10002e82 <_ntoa_long_long+0xa0>
10002e4c:	4642      	mov	r2, r8
10002e4e:	0692      	lsls	r2, r2, #26
10002e50:	d523      	bpl.n	10002e9a <_ntoa_long_long+0xb8>
10002e52:	2241      	movs	r2, #65	@ 0x41
10002e54:	18d2      	adds	r2, r2, r3
10002e56:	b2d2      	uxtb	r2, r2
10002e58:	3a0a      	subs	r2, #10
10002e5a:	b2d2      	uxtb	r2, r2
10002e5c:	1c73      	adds	r3, r6, #1
10002e5e:	4699      	mov	r9, r3
10002e60:	ab0e      	add	r3, sp, #56	@ 0x38
10002e62:	559a      	strb	r2, [r3, r6]
10002e64:	4652      	mov	r2, sl
10002e66:	0023      	movs	r3, r4
10002e68:	0028      	movs	r0, r5
10002e6a:	0039      	movs	r1, r7
10002e6c:	f7fe ff9e 	bl	10001dac <__wrap___aeabi_uldivmod>
10002e70:	42bc      	cmp	r4, r7
10002e72:	d820      	bhi.n	10002eb6 <_ntoa_long_long+0xd4>
10002e74:	d013      	beq.n	10002e9e <_ntoa_long_long+0xbc>
10002e76:	464b      	mov	r3, r9
10002e78:	2b1f      	cmp	r3, #31
10002e7a:	d816      	bhi.n	10002eaa <_ntoa_long_long+0xc8>
10002e7c:	464e      	mov	r6, r9
10002e7e:	0005      	movs	r5, r0
10002e80:	000f      	movs	r7, r1
10002e82:	4652      	mov	r2, sl
10002e84:	0023      	movs	r3, r4
10002e86:	0028      	movs	r0, r5
10002e88:	0039      	movs	r1, r7
10002e8a:	f7fe ff8f 	bl	10001dac <__wrap___aeabi_uldivmod>
10002e8e:	b2d3      	uxtb	r3, r2
10002e90:	2b09      	cmp	r3, #9
10002e92:	d8db      	bhi.n	10002e4c <_ntoa_long_long+0x6a>
10002e94:	3330      	adds	r3, #48	@ 0x30
10002e96:	b2da      	uxtb	r2, r3
10002e98:	e7e0      	b.n	10002e5c <_ntoa_long_long+0x7a>
10002e9a:	2261      	movs	r2, #97	@ 0x61
10002e9c:	e7da      	b.n	10002e54 <_ntoa_long_long+0x72>
10002e9e:	45aa      	cmp	sl, r5
10002ea0:	d9e9      	bls.n	10002e76 <_ntoa_long_long+0x94>
10002ea2:	464e      	mov	r6, r9
10002ea4:	9b0d      	ldr	r3, [sp, #52]	@ 0x34
10002ea6:	469a      	mov	sl, r3
10002ea8:	e008      	b.n	10002ebc <_ntoa_long_long+0xda>
10002eaa:	464e      	mov	r6, r9
10002eac:	9b0d      	ldr	r3, [sp, #52]	@ 0x34
10002eae:	469a      	mov	sl, r3
10002eb0:	e004      	b.n	10002ebc <_ntoa_long_long+0xda>
10002eb2:	2600      	movs	r6, #0
10002eb4:	e002      	b.n	10002ebc <_ntoa_long_long+0xda>
10002eb6:	464e      	mov	r6, r9
10002eb8:	9b0d      	ldr	r3, [sp, #52]	@ 0x34
10002eba:	469a      	mov	sl, r3
10002ebc:	4643      	mov	r3, r8
10002ebe:	9306      	str	r3, [sp, #24]
10002ec0:	9b27      	ldr	r3, [sp, #156]	@ 0x9c
10002ec2:	9305      	str	r3, [sp, #20]
10002ec4:	9b26      	ldr	r3, [sp, #152]	@ 0x98
10002ec6:	9304      	str	r3, [sp, #16]
10002ec8:	9b09      	ldr	r3, [sp, #36]	@ 0x24
10002eca:	9303      	str	r3, [sp, #12]
10002ecc:	465b      	mov	r3, fp
10002ece:	9302      	str	r3, [sp, #8]
10002ed0:	9601      	str	r6, [sp, #4]
10002ed2:	ab0e      	add	r3, sp, #56	@ 0x38
10002ed4:	9300      	str	r3, [sp, #0]
10002ed6:	4653      	mov	r3, sl
10002ed8:	9a0c      	ldr	r2, [sp, #48]	@ 0x30
10002eda:	990b      	ldr	r1, [sp, #44]	@ 0x2c
10002edc:	980a      	ldr	r0, [sp, #40]	@ 0x28
10002ede:	f7ff fe9b 	bl	10002c18 <_ntoa_format>
10002ee2:	b017      	add	sp, #92	@ 0x5c
10002ee4:	bcf0      	pop	{r4, r5, r6, r7}
10002ee6:	46bb      	mov	fp, r7
10002ee8:	46b2      	mov	sl, r6
10002eea:	46a9      	mov	r9, r5
10002eec:	46a0      	mov	r8, r4
10002eee:	bdf0      	pop	{r4, r5, r6, r7, pc}

10002ef0 <_etoa>:
10002ef0:	b5f0      	push	{r4, r5, r6, r7, lr}
10002ef2:	46de      	mov	lr, fp
10002ef4:	4657      	mov	r7, sl
10002ef6:	464e      	mov	r6, r9
10002ef8:	4645      	mov	r5, r8
10002efa:	b5e0      	push	{r5, r6, r7, lr}
10002efc:	b091      	sub	sp, #68	@ 0x44
10002efe:	4680      	mov	r8, r0
10002f00:	4689      	mov	r9, r1
10002f02:	920c      	str	r2, [sp, #48]	@ 0x30
10002f04:	469a      	mov	sl, r3
10002f06:	9c1a      	ldr	r4, [sp, #104]	@ 0x68
10002f08:	9d1b      	ldr	r5, [sp, #108]	@ 0x6c
10002f0a:	0022      	movs	r2, r4
10002f0c:	002b      	movs	r3, r5
10002f0e:	0020      	movs	r0, r4
10002f10:	0029      	movs	r1, r5
10002f12:	f7ff f9d6 	bl	100022c2 <__wrap___aeabi_dcmpun>
10002f16:	2800      	cmp	r0, #0
10002f18:	d000      	beq.n	10002f1c <_etoa+0x2c>
10002f1a:	e0f2      	b.n	10003102 <_etoa+0x212>
10002f1c:	2201      	movs	r2, #1
10002f1e:	4252      	negs	r2, r2
10002f20:	4bd5      	ldr	r3, [pc, #852]	@ (10003278 <_etoa+0x388>)
10002f22:	0020      	movs	r0, r4
10002f24:	0029      	movs	r1, r5
10002f26:	f7ff f9c7 	bl	100022b8 <__wrap___aeabi_dcmpgt>
10002f2a:	2800      	cmp	r0, #0
10002f2c:	d000      	beq.n	10002f30 <_etoa+0x40>
10002f2e:	e0e8      	b.n	10003102 <_etoa+0x212>
10002f30:	2201      	movs	r2, #1
10002f32:	4252      	negs	r2, r2
10002f34:	4bd1      	ldr	r3, [pc, #836]	@ (1000327c <_etoa+0x38c>)
10002f36:	0020      	movs	r0, r4
10002f38:	0029      	movs	r1, r5
10002f3a:	f7ff f9a7 	bl	1000228c <__wrap___aeabi_dcmplt>
10002f3e:	2800      	cmp	r0, #0
10002f40:	d000      	beq.n	10002f44 <_etoa+0x54>
10002f42:	e0de      	b.n	10003102 <_etoa+0x212>
10002f44:	2200      	movs	r2, #0
10002f46:	2300      	movs	r3, #0
10002f48:	0020      	movs	r0, r4
10002f4a:	0029      	movs	r1, r5
10002f4c:	f7ff f99e 	bl	1000228c <__wrap___aeabi_dcmplt>
10002f50:	2800      	cmp	r0, #0
10002f52:	d000      	beq.n	10002f56 <_etoa+0x66>
10002f54:	e0ea      	b.n	1000312c <_etoa+0x23c>
10002f56:	9406      	str	r4, [sp, #24]
10002f58:	9507      	str	r5, [sp, #28]
10002f5a:	2380      	movs	r3, #128	@ 0x80
10002f5c:	00db      	lsls	r3, r3, #3
10002f5e:	9a1e      	ldr	r2, [sp, #120]	@ 0x78
10002f60:	401a      	ands	r2, r3
10002f62:	920d      	str	r2, [sp, #52]	@ 0x34
10002f64:	9a1e      	ldr	r2, [sp, #120]	@ 0x78
10002f66:	421a      	tst	r2, r3
10002f68:	d101      	bne.n	10002f6e <_etoa+0x7e>
10002f6a:	2306      	movs	r3, #6
10002f6c:	931c      	str	r3, [sp, #112]	@ 0x70
10002f6e:	9806      	ldr	r0, [sp, #24]
10002f70:	9907      	ldr	r1, [sp, #28]
10002f72:	0002      	movs	r2, r0
10002f74:	000b      	movs	r3, r1
10002f76:	9208      	str	r2, [sp, #32]
10002f78:	9309      	str	r3, [sp, #36]	@ 0x24
10002f7a:	0003      	movs	r3, r0
10002f7c:	000a      	movs	r2, r1
10002f7e:	4302      	orrs	r2, r0
10002f80:	d100      	bne.n	10002f84 <_etoa+0x94>
10002f82:	e0df      	b.n	10003144 <_etoa+0x254>
10002f84:	0d08      	lsrs	r0, r1, #20
10002f86:	0540      	lsls	r0, r0, #21
10002f88:	0d40      	lsrs	r0, r0, #21
10002f8a:	4ebd      	ldr	r6, [pc, #756]	@ (10003280 <_etoa+0x390>)
10002f8c:	46b4      	mov	ip, r6
10002f8e:	4460      	add	r0, ip
10002f90:	9e07      	ldr	r6, [sp, #28]
10002f92:	0332      	lsls	r2, r6, #12
10002f94:	0b12      	lsrs	r2, r2, #12
10002f96:	001e      	movs	r6, r3
10002f98:	4bba      	ldr	r3, [pc, #744]	@ (10003284 <_etoa+0x394>)
10002f9a:	4313      	orrs	r3, r2
10002f9c:	001f      	movs	r7, r3
10002f9e:	f7ff f9a1 	bl	100022e4 <__wrap___aeabi_i2d>
10002fa2:	4ab9      	ldr	r2, [pc, #740]	@ (10003288 <_etoa+0x398>)
10002fa4:	4bb9      	ldr	r3, [pc, #740]	@ (1000328c <_etoa+0x39c>)
10002fa6:	f7ff f92e 	bl	10002206 <__wrap___aeabi_dmul>
10002faa:	4ab9      	ldr	r2, [pc, #740]	@ (10003290 <_etoa+0x3a0>)
10002fac:	4bb9      	ldr	r3, [pc, #740]	@ (10003294 <_etoa+0x3a4>)
10002fae:	f7ff f903 	bl	100021b8 <__wrap___aeabi_dadd>
10002fb2:	9008      	str	r0, [sp, #32]
10002fb4:	9109      	str	r1, [sp, #36]	@ 0x24
10002fb6:	2200      	movs	r2, #0
10002fb8:	4bb7      	ldr	r3, [pc, #732]	@ (10003298 <_etoa+0x3a8>)
10002fba:	0030      	movs	r0, r6
10002fbc:	0039      	movs	r1, r7
10002fbe:	f7ff f8f2 	bl	100021a6 <__wrap___aeabi_dsub>
10002fc2:	4ab6      	ldr	r2, [pc, #728]	@ (1000329c <_etoa+0x3ac>)
10002fc4:	4bb6      	ldr	r3, [pc, #728]	@ (100032a0 <_etoa+0x3b0>)
10002fc6:	f7ff f91e 	bl	10002206 <__wrap___aeabi_dmul>
10002fca:	0002      	movs	r2, r0
10002fcc:	000b      	movs	r3, r1
10002fce:	9808      	ldr	r0, [sp, #32]
10002fd0:	9909      	ldr	r1, [sp, #36]	@ 0x24
10002fd2:	f7ff f8f1 	bl	100021b8 <__wrap___aeabi_dadd>
10002fd6:	f7ff f99d 	bl	10002314 <__wrap___aeabi_d2iz>
10002fda:	4683      	mov	fp, r0
10002fdc:	f7ff f982 	bl	100022e4 <__wrap___aeabi_i2d>
10002fe0:	0006      	movs	r6, r0
10002fe2:	000f      	movs	r7, r1
10002fe4:	4aaf      	ldr	r2, [pc, #700]	@ (100032a4 <_etoa+0x3b4>)
10002fe6:	4bb0      	ldr	r3, [pc, #704]	@ (100032a8 <_etoa+0x3b8>)
10002fe8:	f7ff f90d 	bl	10002206 <__wrap___aeabi_dmul>
10002fec:	2200      	movs	r2, #0
10002fee:	4baf      	ldr	r3, [pc, #700]	@ (100032ac <_etoa+0x3bc>)
10002ff0:	f7ff f8e2 	bl	100021b8 <__wrap___aeabi_dadd>
10002ff4:	f7ff f98e 	bl	10002314 <__wrap___aeabi_d2iz>
10002ff8:	9008      	str	r0, [sp, #32]
10002ffa:	4aad      	ldr	r2, [pc, #692]	@ (100032b0 <_etoa+0x3c0>)
10002ffc:	4bad      	ldr	r3, [pc, #692]	@ (100032b4 <_etoa+0x3c4>)
10002ffe:	0030      	movs	r0, r6
10003000:	0039      	movs	r1, r7
10003002:	f7ff f900 	bl	10002206 <__wrap___aeabi_dmul>
10003006:	0006      	movs	r6, r0
10003008:	000f      	movs	r7, r1
1000300a:	9808      	ldr	r0, [sp, #32]
1000300c:	f7ff f96a 	bl	100022e4 <__wrap___aeabi_i2d>
10003010:	4aa9      	ldr	r2, [pc, #676]	@ (100032b8 <_etoa+0x3c8>)
10003012:	4baa      	ldr	r3, [pc, #680]	@ (100032bc <_etoa+0x3cc>)
10003014:	f7ff f8f7 	bl	10002206 <__wrap___aeabi_dmul>
10003018:	0002      	movs	r2, r0
1000301a:	000b      	movs	r3, r1
1000301c:	0030      	movs	r0, r6
1000301e:	0039      	movs	r1, r7
10003020:	f7ff f8c1 	bl	100021a6 <__wrap___aeabi_dsub>
10003024:	0006      	movs	r6, r0
10003026:	000f      	movs	r7, r1
10003028:	0002      	movs	r2, r0
1000302a:	000b      	movs	r3, r1
1000302c:	f7ff f8eb 	bl	10002206 <__wrap___aeabi_dmul>
10003030:	900a      	str	r0, [sp, #40]	@ 0x28
10003032:	910b      	str	r1, [sp, #44]	@ 0x2c
10003034:	9b08      	ldr	r3, [sp, #32]
10003036:	4aa2      	ldr	r2, [pc, #648]	@ (100032c0 <_etoa+0x3d0>)
10003038:	4694      	mov	ip, r2
1000303a:	4463      	add	r3, ip
1000303c:	2100      	movs	r1, #0
1000303e:	2200      	movs	r2, #0
10003040:	9108      	str	r1, [sp, #32]
10003042:	9209      	str	r2, [sp, #36]	@ 0x24
10003044:	051b      	lsls	r3, r3, #20
10003046:	9309      	str	r3, [sp, #36]	@ 0x24
10003048:	2300      	movs	r3, #0
1000304a:	9308      	str	r3, [sp, #32]
1000304c:	0032      	movs	r2, r6
1000304e:	003b      	movs	r3, r7
10003050:	0030      	movs	r0, r6
10003052:	0039      	movs	r1, r7
10003054:	f7ff f8b0 	bl	100021b8 <__wrap___aeabi_dadd>
10003058:	900e      	str	r0, [sp, #56]	@ 0x38
1000305a:	910f      	str	r1, [sp, #60]	@ 0x3c
1000305c:	0032      	movs	r2, r6
1000305e:	003b      	movs	r3, r7
10003060:	2000      	movs	r0, #0
10003062:	2180      	movs	r1, #128	@ 0x80
10003064:	05c9      	lsls	r1, r1, #23
10003066:	f7ff f89e 	bl	100021a6 <__wrap___aeabi_dsub>
1000306a:	0006      	movs	r6, r0
1000306c:	000f      	movs	r7, r1
1000306e:	2200      	movs	r2, #0
10003070:	4b94      	ldr	r3, [pc, #592]	@ (100032c4 <_etoa+0x3d4>)
10003072:	980a      	ldr	r0, [sp, #40]	@ 0x28
10003074:	990b      	ldr	r1, [sp, #44]	@ 0x2c
10003076:	f7ff f8a8 	bl	100021ca <__wrap___aeabi_ddiv>
1000307a:	2200      	movs	r2, #0
1000307c:	4b92      	ldr	r3, [pc, #584]	@ (100032c8 <_etoa+0x3d8>)
1000307e:	f7ff f89b 	bl	100021b8 <__wrap___aeabi_dadd>
10003082:	0002      	movs	r2, r0
10003084:	000b      	movs	r3, r1
10003086:	980a      	ldr	r0, [sp, #40]	@ 0x28
10003088:	990b      	ldr	r1, [sp, #44]	@ 0x2c
1000308a:	f7ff f89e 	bl	100021ca <__wrap___aeabi_ddiv>
1000308e:	2200      	movs	r2, #0
10003090:	4b8e      	ldr	r3, [pc, #568]	@ (100032cc <_etoa+0x3dc>)
10003092:	f7ff f891 	bl	100021b8 <__wrap___aeabi_dadd>
10003096:	0002      	movs	r2, r0
10003098:	000b      	movs	r3, r1
1000309a:	980a      	ldr	r0, [sp, #40]	@ 0x28
1000309c:	990b      	ldr	r1, [sp, #44]	@ 0x2c
1000309e:	f7ff f894 	bl	100021ca <__wrap___aeabi_ddiv>
100030a2:	0002      	movs	r2, r0
100030a4:	000b      	movs	r3, r1
100030a6:	0030      	movs	r0, r6
100030a8:	0039      	movs	r1, r7
100030aa:	f7ff f885 	bl	100021b8 <__wrap___aeabi_dadd>
100030ae:	0002      	movs	r2, r0
100030b0:	000b      	movs	r3, r1
100030b2:	980e      	ldr	r0, [sp, #56]	@ 0x38
100030b4:	990f      	ldr	r1, [sp, #60]	@ 0x3c
100030b6:	f7ff f888 	bl	100021ca <__wrap___aeabi_ddiv>
100030ba:	2200      	movs	r2, #0
100030bc:	4b71      	ldr	r3, [pc, #452]	@ (10003284 <_etoa+0x394>)
100030be:	f7ff f87b 	bl	100021b8 <__wrap___aeabi_dadd>
100030c2:	9a08      	ldr	r2, [sp, #32]
100030c4:	9b09      	ldr	r3, [sp, #36]	@ 0x24
100030c6:	f7ff f89e 	bl	10002206 <__wrap___aeabi_dmul>
100030ca:	0006      	movs	r6, r0
100030cc:	000f      	movs	r7, r1
100030ce:	9608      	str	r6, [sp, #32]
100030d0:	9709      	str	r7, [sp, #36]	@ 0x24
100030d2:	9a06      	ldr	r2, [sp, #24]
100030d4:	9b07      	ldr	r3, [sp, #28]
100030d6:	f7ff f8ef 	bl	100022b8 <__wrap___aeabi_dcmpgt>
100030da:	2800      	cmp	r0, #0
100030dc:	d00b      	beq.n	100030f6 <_etoa+0x206>
100030de:	2301      	movs	r3, #1
100030e0:	425b      	negs	r3, r3
100030e2:	469c      	mov	ip, r3
100030e4:	44e3      	add	fp, ip
100030e6:	2200      	movs	r2, #0
100030e8:	4b77      	ldr	r3, [pc, #476]	@ (100032c8 <_etoa+0x3d8>)
100030ea:	0030      	movs	r0, r6
100030ec:	0039      	movs	r1, r7
100030ee:	f7ff f86c 	bl	100021ca <__wrap___aeabi_ddiv>
100030f2:	9008      	str	r0, [sp, #32]
100030f4:	9109      	str	r1, [sp, #36]	@ 0x24
100030f6:	465b      	mov	r3, fp
100030f8:	3363      	adds	r3, #99	@ 0x63
100030fa:	2bc6      	cmp	r3, #198	@ 0xc6
100030fc:	d845      	bhi.n	1000318a <_etoa+0x29a>
100030fe:	2604      	movs	r6, #4
10003100:	e023      	b.n	1000314a <_etoa+0x25a>
10003102:	9b1e      	ldr	r3, [sp, #120]	@ 0x78
10003104:	9304      	str	r3, [sp, #16]
10003106:	9b1d      	ldr	r3, [sp, #116]	@ 0x74
10003108:	9303      	str	r3, [sp, #12]
1000310a:	9b1c      	ldr	r3, [sp, #112]	@ 0x70
1000310c:	9302      	str	r3, [sp, #8]
1000310e:	9400      	str	r4, [sp, #0]
10003110:	9501      	str	r5, [sp, #4]
10003112:	4653      	mov	r3, sl
10003114:	9a0c      	ldr	r2, [sp, #48]	@ 0x30
10003116:	4649      	mov	r1, r9
10003118:	4640      	mov	r0, r8
1000311a:	f000 f8fb 	bl	10003314 <_ftoa>
1000311e:	b011      	add	sp, #68	@ 0x44
10003120:	bcf0      	pop	{r4, r5, r6, r7}
10003122:	46bb      	mov	fp, r7
10003124:	46b2      	mov	sl, r6
10003126:	46a9      	mov	r9, r5
10003128:	46a0      	mov	r8, r4
1000312a:	bdf0      	pop	{r4, r5, r6, r7, pc}
1000312c:	2100      	movs	r1, #0
1000312e:	2200      	movs	r2, #0
10003130:	9106      	str	r1, [sp, #24]
10003132:	9207      	str	r2, [sp, #28]
10003134:	9406      	str	r4, [sp, #24]
10003136:	2380      	movs	r3, #128	@ 0x80
10003138:	061b      	lsls	r3, r3, #24
1000313a:	469c      	mov	ip, r3
1000313c:	44ac      	add	ip, r5
1000313e:	4663      	mov	r3, ip
10003140:	9307      	str	r3, [sp, #28]
10003142:	e70a      	b.n	10002f5a <_etoa+0x6a>
10003144:	2300      	movs	r3, #0
10003146:	469b      	mov	fp, r3
10003148:	2604      	movs	r6, #4
1000314a:	9b1e      	ldr	r3, [sp, #120]	@ 0x78
1000314c:	051b      	lsls	r3, r3, #20
1000314e:	d528      	bpl.n	100031a2 <_etoa+0x2b2>
10003150:	9a08      	ldr	r2, [sp, #32]
10003152:	9b09      	ldr	r3, [sp, #36]	@ 0x24
10003154:	0019      	movs	r1, r3
10003156:	4311      	orrs	r1, r2
10003158:	d00f      	beq.n	1000317a <_etoa+0x28a>
1000315a:	4a5d      	ldr	r2, [pc, #372]	@ (100032d0 <_etoa+0x3e0>)
1000315c:	4b5d      	ldr	r3, [pc, #372]	@ (100032d4 <_etoa+0x3e4>)
1000315e:	9806      	ldr	r0, [sp, #24]
10003160:	9907      	ldr	r1, [sp, #28]
10003162:	f7ff f8a1 	bl	100022a8 <__wrap___aeabi_dcmpge>
10003166:	2800      	cmp	r0, #0
10003168:	d07a      	beq.n	10003260 <_etoa+0x370>
1000316a:	2200      	movs	r2, #0
1000316c:	4b5a      	ldr	r3, [pc, #360]	@ (100032d8 <_etoa+0x3e8>)
1000316e:	9806      	ldr	r0, [sp, #24]
10003170:	9907      	ldr	r1, [sp, #28]
10003172:	f7ff f88b 	bl	1000228c <__wrap___aeabi_dcmplt>
10003176:	2800      	cmp	r0, #0
10003178:	d072      	beq.n	10003260 <_etoa+0x370>
1000317a:	9b1c      	ldr	r3, [sp, #112]	@ 0x70
1000317c:	455b      	cmp	r3, fp
1000317e:	dd06      	ble.n	1000318e <_etoa+0x29e>
10003180:	465a      	mov	r2, fp
10003182:	1a9b      	subs	r3, r3, r2
10003184:	3b01      	subs	r3, #1
10003186:	931c      	str	r3, [sp, #112]	@ 0x70
10003188:	e003      	b.n	10003192 <_etoa+0x2a2>
1000318a:	2605      	movs	r6, #5
1000318c:	e7dd      	b.n	1000314a <_etoa+0x25a>
1000318e:	2300      	movs	r3, #0
10003190:	931c      	str	r3, [sp, #112]	@ 0x70
10003192:	2380      	movs	r3, #128	@ 0x80
10003194:	00db      	lsls	r3, r3, #3
10003196:	9a1e      	ldr	r2, [sp, #120]	@ 0x78
10003198:	431a      	orrs	r2, r3
1000319a:	921e      	str	r2, [sp, #120]	@ 0x78
1000319c:	2600      	movs	r6, #0
1000319e:	2300      	movs	r3, #0
100031a0:	469b      	mov	fp, r3
100031a2:	9b1d      	ldr	r3, [sp, #116]	@ 0x74
100031a4:	429e      	cmp	r6, r3
100031a6:	d265      	bcs.n	10003274 <_etoa+0x384>
100031a8:	1b9f      	subs	r7, r3, r6
100031aa:	2302      	movs	r3, #2
100031ac:	9a1e      	ldr	r2, [sp, #120]	@ 0x78
100031ae:	401a      	ands	r2, r3
100031b0:	920a      	str	r2, [sp, #40]	@ 0x28
100031b2:	9a1e      	ldr	r2, [sp, #120]	@ 0x78
100031b4:	4213      	tst	r3, r2
100031b6:	d002      	beq.n	100031be <_etoa+0x2ce>
100031b8:	2e00      	cmp	r6, #0
100031ba:	d000      	beq.n	100031be <_etoa+0x2ce>
100031bc:	2700      	movs	r7, #0
100031be:	465b      	mov	r3, fp
100031c0:	2b00      	cmp	r3, #0
100031c2:	d007      	beq.n	100031d4 <_etoa+0x2e4>
100031c4:	9a08      	ldr	r2, [sp, #32]
100031c6:	9b09      	ldr	r3, [sp, #36]	@ 0x24
100031c8:	9806      	ldr	r0, [sp, #24]
100031ca:	9907      	ldr	r1, [sp, #28]
100031cc:	f7fe fffd 	bl	100021ca <__wrap___aeabi_ddiv>
100031d0:	9006      	str	r0, [sp, #24]
100031d2:	9107      	str	r1, [sp, #28]
100031d4:	2200      	movs	r2, #0
100031d6:	2300      	movs	r3, #0
100031d8:	0020      	movs	r0, r4
100031da:	0029      	movs	r1, r5
100031dc:	f7ff f856 	bl	1000228c <__wrap___aeabi_dcmplt>
100031e0:	2800      	cmp	r0, #0
100031e2:	d000      	beq.n	100031e6 <_etoa+0x2f6>
100031e4:	e07c      	b.n	100032e0 <_etoa+0x3f0>
100031e6:	4b3d      	ldr	r3, [pc, #244]	@ (100032dc <_etoa+0x3ec>)
100031e8:	9a1e      	ldr	r2, [sp, #120]	@ 0x78
100031ea:	4013      	ands	r3, r2
100031ec:	9304      	str	r3, [sp, #16]
100031ee:	9703      	str	r7, [sp, #12]
100031f0:	9b1c      	ldr	r3, [sp, #112]	@ 0x70
100031f2:	9302      	str	r3, [sp, #8]
100031f4:	9b06      	ldr	r3, [sp, #24]
100031f6:	9c07      	ldr	r4, [sp, #28]
100031f8:	9300      	str	r3, [sp, #0]
100031fa:	9401      	str	r4, [sp, #4]
100031fc:	4653      	mov	r3, sl
100031fe:	9a0c      	ldr	r2, [sp, #48]	@ 0x30
10003200:	4649      	mov	r1, r9
10003202:	4640      	mov	r0, r8
10003204:	f000 f886 	bl	10003314 <_ftoa>
10003208:	2e00      	cmp	r6, #0
1000320a:	d100      	bne.n	1000320e <_etoa+0x31e>
1000320c:	e787      	b.n	1000311e <_etoa+0x22e>
1000320e:	9b1e      	ldr	r3, [sp, #120]	@ 0x78
10003210:	069b      	lsls	r3, r3, #26
10003212:	d571      	bpl.n	100032f8 <_etoa+0x408>
10003214:	2545      	movs	r5, #69	@ 0x45
10003216:	1c44      	adds	r4, r0, #1
10003218:	4653      	mov	r3, sl
1000321a:	0002      	movs	r2, r0
1000321c:	4649      	mov	r1, r9
1000321e:	0028      	movs	r0, r5
10003220:	47c0      	blx	r8
10003222:	465a      	mov	r2, fp
10003224:	17d3      	asrs	r3, r2, #31
10003226:	18d2      	adds	r2, r2, r3
10003228:	405a      	eors	r2, r3
1000322a:	2305      	movs	r3, #5
1000322c:	9305      	str	r3, [sp, #20]
1000322e:	3e01      	subs	r6, #1
10003230:	9604      	str	r6, [sp, #16]
10003232:	2300      	movs	r3, #0
10003234:	9303      	str	r3, [sp, #12]
10003236:	330a      	adds	r3, #10
10003238:	9302      	str	r3, [sp, #8]
1000323a:	465b      	mov	r3, fp
1000323c:	0fdb      	lsrs	r3, r3, #31
1000323e:	9301      	str	r3, [sp, #4]
10003240:	9200      	str	r2, [sp, #0]
10003242:	4653      	mov	r3, sl
10003244:	0022      	movs	r2, r4
10003246:	4649      	mov	r1, r9
10003248:	4640      	mov	r0, r8
1000324a:	f7ff fd6c 	bl	10002d26 <_ntoa_long>
1000324e:	9b0a      	ldr	r3, [sp, #40]	@ 0x28
10003250:	2b00      	cmp	r3, #0
10003252:	d100      	bne.n	10003256 <_etoa+0x366>
10003254:	e763      	b.n	1000311e <_etoa+0x22e>
10003256:	0002      	movs	r2, r0
10003258:	4647      	mov	r7, r8
1000325a:	9e0c      	ldr	r6, [sp, #48]	@ 0x30
1000325c:	9d1d      	ldr	r5, [sp, #116]	@ 0x74
1000325e:	e053      	b.n	10003308 <_etoa+0x418>
10003260:	9b1c      	ldr	r3, [sp, #112]	@ 0x70
10003262:	2b00      	cmp	r3, #0
10003264:	d09d      	beq.n	100031a2 <_etoa+0x2b2>
10003266:	9b0d      	ldr	r3, [sp, #52]	@ 0x34
10003268:	2b00      	cmp	r3, #0
1000326a:	d09a      	beq.n	100031a2 <_etoa+0x2b2>
1000326c:	9b1c      	ldr	r3, [sp, #112]	@ 0x70
1000326e:	3b01      	subs	r3, #1
10003270:	931c      	str	r3, [sp, #112]	@ 0x70
10003272:	e796      	b.n	100031a2 <_etoa+0x2b2>
10003274:	2700      	movs	r7, #0
10003276:	e798      	b.n	100031aa <_etoa+0x2ba>
10003278:	7fefffff 	.word	0x7fefffff
1000327c:	ffefffff 	.word	0xffefffff
10003280:	fffffc01 	.word	0xfffffc01
10003284:	3ff00000 	.word	0x3ff00000
10003288:	509f79fb 	.word	0x509f79fb
1000328c:	3fd34413 	.word	0x3fd34413
10003290:	8b60c8b3 	.word	0x8b60c8b3
10003294:	3fc68a28 	.word	0x3fc68a28
10003298:	3ff80000 	.word	0x3ff80000
1000329c:	636f4361 	.word	0x636f4361
100032a0:	3fd287a7 	.word	0x3fd287a7
100032a4:	0979a371 	.word	0x0979a371
100032a8:	400a934f 	.word	0x400a934f
100032ac:	3fe00000 	.word	0x3fe00000
100032b0:	bbb55516 	.word	0xbbb55516
100032b4:	40026bb1 	.word	0x40026bb1
100032b8:	fefa39ef 	.word	0xfefa39ef
100032bc:	3fe62e42 	.word	0x3fe62e42
100032c0:	000003ff 	.word	0x000003ff
100032c4:	402c0000 	.word	0x402c0000
100032c8:	40240000 	.word	0x40240000
100032cc:	40180000 	.word	0x40180000
100032d0:	eb1c432d 	.word	0xeb1c432d
100032d4:	3f1a36e2 	.word	0x3f1a36e2
100032d8:	412e8480 	.word	0x412e8480
100032dc:	fffff7ff 	.word	0xfffff7ff
100032e0:	9c06      	ldr	r4, [sp, #24]
100032e2:	9d07      	ldr	r5, [sp, #28]
100032e4:	0022      	movs	r2, r4
100032e6:	0029      	movs	r1, r5
100032e8:	2080      	movs	r0, #128	@ 0x80
100032ea:	0600      	lsls	r0, r0, #24
100032ec:	4684      	mov	ip, r0
100032ee:	4461      	add	r1, ip
100032f0:	000b      	movs	r3, r1
100032f2:	9206      	str	r2, [sp, #24]
100032f4:	9307      	str	r3, [sp, #28]
100032f6:	e776      	b.n	100031e6 <_etoa+0x2f6>
100032f8:	2565      	movs	r5, #101	@ 0x65
100032fa:	e78c      	b.n	10003216 <_etoa+0x326>
100032fc:	1c54      	adds	r4, r2, #1
100032fe:	4653      	mov	r3, sl
10003300:	4649      	mov	r1, r9
10003302:	2020      	movs	r0, #32
10003304:	47b8      	blx	r7
10003306:	0022      	movs	r2, r4
10003308:	1b93      	subs	r3, r2, r6
1000330a:	42ab      	cmp	r3, r5
1000330c:	d3f6      	bcc.n	100032fc <_etoa+0x40c>
1000330e:	0010      	movs	r0, r2
10003310:	e705      	b.n	1000311e <_etoa+0x22e>
10003312:	46c0      	nop			@ (mov r8, r8)

10003314 <_ftoa>:
10003314:	b5f0      	push	{r4, r5, r6, r7, lr}
10003316:	46de      	mov	lr, fp
10003318:	4657      	mov	r7, sl
1000331a:	464e      	mov	r6, r9
1000331c:	4645      	mov	r5, r8
1000331e:	b5e0      	push	{r5, r6, r7, lr}
10003320:	b095      	sub	sp, #84	@ 0x54
10003322:	9006      	str	r0, [sp, #24]
10003324:	9107      	str	r1, [sp, #28]
10003326:	4693      	mov	fp, r2
10003328:	4699      	mov	r9, r3
1000332a:	9f20      	ldr	r7, [sp, #128]	@ 0x80
1000332c:	9a1e      	ldr	r2, [sp, #120]	@ 0x78
1000332e:	9b1f      	ldr	r3, [sp, #124]	@ 0x7c
10003330:	0010      	movs	r0, r2
10003332:	0019      	movs	r1, r3
10003334:	f7fe ffc5 	bl	100022c2 <__wrap___aeabi_dcmpun>
10003338:	2800      	cmp	r0, #0
1000333a:	d131      	bne.n	100033a0 <_ftoa+0x8c>
1000333c:	2201      	movs	r2, #1
1000333e:	4252      	negs	r2, r2
10003340:	4bbc      	ldr	r3, [pc, #752]	@ (10003634 <_ftoa+0x320>)
10003342:	981e      	ldr	r0, [sp, #120]	@ 0x78
10003344:	991f      	ldr	r1, [sp, #124]	@ 0x7c
10003346:	f7fe ffa1 	bl	1000228c <__wrap___aeabi_dcmplt>
1000334a:	2800      	cmp	r0, #0
1000334c:	d137      	bne.n	100033be <_ftoa+0xaa>
1000334e:	2201      	movs	r2, #1
10003350:	4252      	negs	r2, r2
10003352:	4bb9      	ldr	r3, [pc, #740]	@ (10003638 <_ftoa+0x324>)
10003354:	981e      	ldr	r0, [sp, #120]	@ 0x78
10003356:	991f      	ldr	r1, [sp, #124]	@ 0x7c
10003358:	f7fe ffae 	bl	100022b8 <__wrap___aeabi_dcmpgt>
1000335c:	2800      	cmp	r0, #0
1000335e:	d13d      	bne.n	100033dc <_ftoa+0xc8>
10003360:	2200      	movs	r2, #0
10003362:	4bb6      	ldr	r3, [pc, #728]	@ (1000363c <_ftoa+0x328>)
10003364:	981e      	ldr	r0, [sp, #120]	@ 0x78
10003366:	991f      	ldr	r1, [sp, #124]	@ 0x7c
10003368:	f7fe ffa6 	bl	100022b8 <__wrap___aeabi_dcmpgt>
1000336c:	2800      	cmp	r0, #0
1000336e:	d14a      	bne.n	10003406 <_ftoa+0xf2>
10003370:	2200      	movs	r2, #0
10003372:	4bb3      	ldr	r3, [pc, #716]	@ (10003640 <_ftoa+0x32c>)
10003374:	981e      	ldr	r0, [sp, #120]	@ 0x78
10003376:	991f      	ldr	r1, [sp, #124]	@ 0x7c
10003378:	f7fe ff88 	bl	1000228c <__wrap___aeabi_dcmplt>
1000337c:	2800      	cmp	r0, #0
1000337e:	d142      	bne.n	10003406 <_ftoa+0xf2>
10003380:	2200      	movs	r2, #0
10003382:	2300      	movs	r3, #0
10003384:	981e      	ldr	r0, [sp, #120]	@ 0x78
10003386:	991f      	ldr	r1, [sp, #124]	@ 0x7c
10003388:	f7fe ff80 	bl	1000228c <__wrap___aeabi_dcmplt>
1000338c:	2800      	cmp	r0, #0
1000338e:	d14a      	bne.n	10003426 <_ftoa+0x112>
10003390:	2300      	movs	r3, #0
10003392:	4698      	mov	r8, r3
10003394:	9b22      	ldr	r3, [sp, #136]	@ 0x88
10003396:	055b      	lsls	r3, r3, #21
10003398:	d400      	bmi.n	1000339c <_ftoa+0x88>
1000339a:	e0b0      	b.n	100034fe <_ftoa+0x1ea>
1000339c:	2400      	movs	r4, #0
1000339e:	e052      	b.n	10003446 <_ftoa+0x132>
100033a0:	9b22      	ldr	r3, [sp, #136]	@ 0x88
100033a2:	9303      	str	r3, [sp, #12]
100033a4:	9b21      	ldr	r3, [sp, #132]	@ 0x84
100033a6:	9302      	str	r3, [sp, #8]
100033a8:	2303      	movs	r3, #3
100033aa:	9301      	str	r3, [sp, #4]
100033ac:	4ba5      	ldr	r3, [pc, #660]	@ (10003644 <_ftoa+0x330>)
100033ae:	9300      	str	r3, [sp, #0]
100033b0:	464b      	mov	r3, r9
100033b2:	465a      	mov	r2, fp
100033b4:	9907      	ldr	r1, [sp, #28]
100033b6:	9806      	ldr	r0, [sp, #24]
100033b8:	f7ff fbd6 	bl	10002b68 <_out_rev>
100033bc:	e108      	b.n	100035d0 <_ftoa+0x2bc>
100033be:	9b22      	ldr	r3, [sp, #136]	@ 0x88
100033c0:	9303      	str	r3, [sp, #12]
100033c2:	9b21      	ldr	r3, [sp, #132]	@ 0x84
100033c4:	9302      	str	r3, [sp, #8]
100033c6:	2304      	movs	r3, #4
100033c8:	9301      	str	r3, [sp, #4]
100033ca:	4b9f      	ldr	r3, [pc, #636]	@ (10003648 <_ftoa+0x334>)
100033cc:	9300      	str	r3, [sp, #0]
100033ce:	464b      	mov	r3, r9
100033d0:	465a      	mov	r2, fp
100033d2:	9907      	ldr	r1, [sp, #28]
100033d4:	9806      	ldr	r0, [sp, #24]
100033d6:	f7ff fbc7 	bl	10002b68 <_out_rev>
100033da:	e0f9      	b.n	100035d0 <_ftoa+0x2bc>
100033dc:	9b22      	ldr	r3, [sp, #136]	@ 0x88
100033de:	075b      	lsls	r3, r3, #29
100033e0:	d50e      	bpl.n	10003400 <_ftoa+0xec>
100033e2:	4b9a      	ldr	r3, [pc, #616]	@ (1000364c <_ftoa+0x338>)
100033e4:	2204      	movs	r2, #4
100033e6:	9922      	ldr	r1, [sp, #136]	@ 0x88
100033e8:	9103      	str	r1, [sp, #12]
100033ea:	9921      	ldr	r1, [sp, #132]	@ 0x84
100033ec:	9102      	str	r1, [sp, #8]
100033ee:	9201      	str	r2, [sp, #4]
100033f0:	9300      	str	r3, [sp, #0]
100033f2:	464b      	mov	r3, r9
100033f4:	465a      	mov	r2, fp
100033f6:	9907      	ldr	r1, [sp, #28]
100033f8:	9806      	ldr	r0, [sp, #24]
100033fa:	f7ff fbb5 	bl	10002b68 <_out_rev>
100033fe:	e0e7      	b.n	100035d0 <_ftoa+0x2bc>
10003400:	4b93      	ldr	r3, [pc, #588]	@ (10003650 <_ftoa+0x33c>)
10003402:	2203      	movs	r2, #3
10003404:	e7ef      	b.n	100033e6 <_ftoa+0xd2>
10003406:	9b22      	ldr	r3, [sp, #136]	@ 0x88
10003408:	9304      	str	r3, [sp, #16]
1000340a:	9b21      	ldr	r3, [sp, #132]	@ 0x84
1000340c:	9303      	str	r3, [sp, #12]
1000340e:	9702      	str	r7, [sp, #8]
10003410:	9b1e      	ldr	r3, [sp, #120]	@ 0x78
10003412:	9c1f      	ldr	r4, [sp, #124]	@ 0x7c
10003414:	9300      	str	r3, [sp, #0]
10003416:	9401      	str	r4, [sp, #4]
10003418:	464b      	mov	r3, r9
1000341a:	465a      	mov	r2, fp
1000341c:	9907      	ldr	r1, [sp, #28]
1000341e:	9806      	ldr	r0, [sp, #24]
10003420:	f7ff fd66 	bl	10002ef0 <_etoa>
10003424:	e0d4      	b.n	100035d0 <_ftoa+0x2bc>
10003426:	9a1e      	ldr	r2, [sp, #120]	@ 0x78
10003428:	9b1f      	ldr	r3, [sp, #124]	@ 0x7c
1000342a:	2000      	movs	r0, #0
1000342c:	2100      	movs	r1, #0
1000342e:	f7fe feba 	bl	100021a6 <__wrap___aeabi_dsub>
10003432:	901e      	str	r0, [sp, #120]	@ 0x78
10003434:	911f      	str	r1, [sp, #124]	@ 0x7c
10003436:	2301      	movs	r3, #1
10003438:	4698      	mov	r8, r3
1000343a:	e7ab      	b.n	10003394 <_ftoa+0x80>
1000343c:	ab0c      	add	r3, sp, #48	@ 0x30
1000343e:	2230      	movs	r2, #48	@ 0x30
10003440:	551a      	strb	r2, [r3, r4]
10003442:	3f01      	subs	r7, #1
10003444:	3401      	adds	r4, #1
10003446:	2c1f      	cmp	r4, #31
10003448:	d801      	bhi.n	1000344e <_ftoa+0x13a>
1000344a:	2f09      	cmp	r7, #9
1000344c:	d8f6      	bhi.n	1000343c <_ftoa+0x128>
1000344e:	981e      	ldr	r0, [sp, #120]	@ 0x78
10003450:	991f      	ldr	r1, [sp, #124]	@ 0x7c
10003452:	f7fe ff5f 	bl	10002314 <__wrap___aeabi_d2iz>
10003456:	0005      	movs	r5, r0
10003458:	f7fe ff44 	bl	100022e4 <__wrap___aeabi_i2d>
1000345c:	0002      	movs	r2, r0
1000345e:	000b      	movs	r3, r1
10003460:	981e      	ldr	r0, [sp, #120]	@ 0x78
10003462:	991f      	ldr	r1, [sp, #124]	@ 0x7c
10003464:	f7fe fe9f 	bl	100021a6 <__wrap___aeabi_dsub>
10003468:	4b7a      	ldr	r3, [pc, #488]	@ (10003654 <_ftoa+0x340>)
1000346a:	00fa      	lsls	r2, r7, #3
1000346c:	189b      	adds	r3, r3, r2
1000346e:	681a      	ldr	r2, [r3, #0]
10003470:	685b      	ldr	r3, [r3, #4]
10003472:	920a      	str	r2, [sp, #40]	@ 0x28
10003474:	930b      	str	r3, [sp, #44]	@ 0x2c
10003476:	f7fe fec6 	bl	10002206 <__wrap___aeabi_dmul>
1000347a:	9008      	str	r0, [sp, #32]
1000347c:	9109      	str	r1, [sp, #36]	@ 0x24
1000347e:	f7fe ff6d 	bl	1000235c <__wrap___aeabi_d2uiz>
10003482:	0006      	movs	r6, r0
10003484:	f7fe ff2a 	bl	100022dc <__wrap___aeabi_ui2d>
10003488:	0002      	movs	r2, r0
1000348a:	000b      	movs	r3, r1
1000348c:	9808      	ldr	r0, [sp, #32]
1000348e:	9909      	ldr	r1, [sp, #36]	@ 0x24
10003490:	f7fe fe89 	bl	100021a6 <__wrap___aeabi_dsub>
10003494:	9008      	str	r0, [sp, #32]
10003496:	9109      	str	r1, [sp, #36]	@ 0x24
10003498:	2200      	movs	r2, #0
1000349a:	4b6f      	ldr	r3, [pc, #444]	@ (10003658 <_ftoa+0x344>)
1000349c:	f7fe ff0c 	bl	100022b8 <__wrap___aeabi_dcmpgt>
100034a0:	2800      	cmp	r0, #0
100034a2:	d02e      	beq.n	10003502 <_ftoa+0x1ee>
100034a4:	3601      	adds	r6, #1
100034a6:	0030      	movs	r0, r6
100034a8:	f7fe ff18 	bl	100022dc <__wrap___aeabi_ui2d>
100034ac:	0002      	movs	r2, r0
100034ae:	000b      	movs	r3, r1
100034b0:	980a      	ldr	r0, [sp, #40]	@ 0x28
100034b2:	990b      	ldr	r1, [sp, #44]	@ 0x2c
100034b4:	f7fe fef0 	bl	10002298 <__wrap___aeabi_dcmple>
100034b8:	2800      	cmp	r0, #0
100034ba:	d001      	beq.n	100034c0 <_ftoa+0x1ac>
100034bc:	3501      	adds	r5, #1
100034be:	2600      	movs	r6, #0
100034c0:	2f00      	cmp	r7, #0
100034c2:	d12c      	bne.n	1000351e <_ftoa+0x20a>
100034c4:	0028      	movs	r0, r5
100034c6:	f7fe ff0d 	bl	100022e4 <__wrap___aeabi_i2d>
100034ca:	0002      	movs	r2, r0
100034cc:	000b      	movs	r3, r1
100034ce:	981e      	ldr	r0, [sp, #120]	@ 0x78
100034d0:	991f      	ldr	r1, [sp, #124]	@ 0x7c
100034d2:	f7fe fe68 	bl	100021a6 <__wrap___aeabi_dsub>
100034d6:	0006      	movs	r6, r0
100034d8:	000f      	movs	r7, r1
100034da:	2200      	movs	r2, #0
100034dc:	4b5e      	ldr	r3, [pc, #376]	@ (10003658 <_ftoa+0x344>)
100034de:	f7fe fed5 	bl	1000228c <__wrap___aeabi_dcmplt>
100034e2:	2800      	cmp	r0, #0
100034e4:	d146      	bne.n	10003574 <_ftoa+0x260>
100034e6:	2200      	movs	r2, #0
100034e8:	4b5b      	ldr	r3, [pc, #364]	@ (10003658 <_ftoa+0x344>)
100034ea:	0030      	movs	r0, r6
100034ec:	0039      	movs	r1, r7
100034ee:	f7fe fee3 	bl	100022b8 <__wrap___aeabi_dcmpgt>
100034f2:	2800      	cmp	r0, #0
100034f4:	d13e      	bne.n	10003574 <_ftoa+0x260>
100034f6:	07eb      	lsls	r3, r5, #31
100034f8:	d53c      	bpl.n	10003574 <_ftoa+0x260>
100034fa:	3501      	adds	r5, #1
100034fc:	e03a      	b.n	10003574 <_ftoa+0x260>
100034fe:	2706      	movs	r7, #6
10003500:	e74c      	b.n	1000339c <_ftoa+0x88>
10003502:	2200      	movs	r2, #0
10003504:	4b54      	ldr	r3, [pc, #336]	@ (10003658 <_ftoa+0x344>)
10003506:	9808      	ldr	r0, [sp, #32]
10003508:	9909      	ldr	r1, [sp, #36]	@ 0x24
1000350a:	f7fe febf 	bl	1000228c <__wrap___aeabi_dcmplt>
1000350e:	2800      	cmp	r0, #0
10003510:	d1d6      	bne.n	100034c0 <_ftoa+0x1ac>
10003512:	2e00      	cmp	r6, #0
10003514:	d001      	beq.n	1000351a <_ftoa+0x206>
10003516:	07f3      	lsls	r3, r6, #31
10003518:	d5d2      	bpl.n	100034c0 <_ftoa+0x1ac>
1000351a:	3601      	adds	r6, #1
1000351c:	e7d0      	b.n	100034c0 <_ftoa+0x1ac>
1000351e:	46aa      	mov	sl, r5
10003520:	2c1f      	cmp	r4, #31
10003522:	d811      	bhi.n	10003548 <_ftoa+0x234>
10003524:	3f01      	subs	r7, #1
10003526:	210a      	movs	r1, #10
10003528:	0030      	movs	r0, r6
1000352a:	f7fe fc01 	bl	10001d30 <__wrap___aeabi_uidiv>
1000352e:	1c65      	adds	r5, r4, #1
10003530:	3130      	adds	r1, #48	@ 0x30
10003532:	ab0c      	add	r3, sp, #48	@ 0x30
10003534:	5519      	strb	r1, [r3, r4]
10003536:	210a      	movs	r1, #10
10003538:	0030      	movs	r0, r6
1000353a:	f7fe fbf9 	bl	10001d30 <__wrap___aeabi_uidiv>
1000353e:	2e09      	cmp	r6, #9
10003540:	d90e      	bls.n	10003560 <_ftoa+0x24c>
10003542:	0006      	movs	r6, r0
10003544:	002c      	movs	r4, r5
10003546:	e7eb      	b.n	10003520 <_ftoa+0x20c>
10003548:	4655      	mov	r5, sl
1000354a:	2c1f      	cmp	r4, #31
1000354c:	d80c      	bhi.n	10003568 <_ftoa+0x254>
1000354e:	1e7b      	subs	r3, r7, #1
10003550:	2f00      	cmp	r7, #0
10003552:	d009      	beq.n	10003568 <_ftoa+0x254>
10003554:	aa0c      	add	r2, sp, #48	@ 0x30
10003556:	2130      	movs	r1, #48	@ 0x30
10003558:	5511      	strb	r1, [r2, r4]
1000355a:	001f      	movs	r7, r3
1000355c:	3401      	adds	r4, #1
1000355e:	e7f4      	b.n	1000354a <_ftoa+0x236>
10003560:	002b      	movs	r3, r5
10003562:	4655      	mov	r5, sl
10003564:	001c      	movs	r4, r3
10003566:	e7f0      	b.n	1000354a <_ftoa+0x236>
10003568:	2c1f      	cmp	r4, #31
1000356a:	d803      	bhi.n	10003574 <_ftoa+0x260>
1000356c:	ab0c      	add	r3, sp, #48	@ 0x30
1000356e:	222e      	movs	r2, #46	@ 0x2e
10003570:	551a      	strb	r2, [r3, r4]
10003572:	3401      	adds	r4, #1
10003574:	2c1f      	cmp	r4, #31
10003576:	d810      	bhi.n	1000359a <_ftoa+0x286>
10003578:	210a      	movs	r1, #10
1000357a:	0028      	movs	r0, r5
1000357c:	f7fe fbb0 	bl	10001ce0 <__wrap___aeabi_idiv>
10003580:	1c66      	adds	r6, r4, #1
10003582:	3130      	adds	r1, #48	@ 0x30
10003584:	ab0c      	add	r3, sp, #48	@ 0x30
10003586:	5519      	strb	r1, [r3, r4]
10003588:	210a      	movs	r1, #10
1000358a:	0028      	movs	r0, r5
1000358c:	f7fe fba8 	bl	10001ce0 <__wrap___aeabi_idiv>
10003590:	1e05      	subs	r5, r0, #0
10003592:	d001      	beq.n	10003598 <_ftoa+0x284>
10003594:	0034      	movs	r4, r6
10003596:	e7ed      	b.n	10003574 <_ftoa+0x260>
10003598:	0034      	movs	r4, r6
1000359a:	2303      	movs	r3, #3
1000359c:	9a22      	ldr	r2, [sp, #136]	@ 0x88
1000359e:	4013      	ands	r3, r2
100035a0:	2b01      	cmp	r3, #1
100035a2:	d01c      	beq.n	100035de <_ftoa+0x2ca>
100035a4:	2c1f      	cmp	r4, #31
100035a6:	d806      	bhi.n	100035b6 <_ftoa+0x2a2>
100035a8:	4643      	mov	r3, r8
100035aa:	2b00      	cmp	r3, #0
100035ac:	d032      	beq.n	10003614 <_ftoa+0x300>
100035ae:	ab0c      	add	r3, sp, #48	@ 0x30
100035b0:	222d      	movs	r2, #45	@ 0x2d
100035b2:	551a      	strb	r2, [r3, r4]
100035b4:	3401      	adds	r4, #1
100035b6:	9b22      	ldr	r3, [sp, #136]	@ 0x88
100035b8:	9303      	str	r3, [sp, #12]
100035ba:	9b21      	ldr	r3, [sp, #132]	@ 0x84
100035bc:	9302      	str	r3, [sp, #8]
100035be:	9401      	str	r4, [sp, #4]
100035c0:	ab0c      	add	r3, sp, #48	@ 0x30
100035c2:	9300      	str	r3, [sp, #0]
100035c4:	464b      	mov	r3, r9
100035c6:	465a      	mov	r2, fp
100035c8:	9907      	ldr	r1, [sp, #28]
100035ca:	9806      	ldr	r0, [sp, #24]
100035cc:	f7ff facc 	bl	10002b68 <_out_rev>
100035d0:	b015      	add	sp, #84	@ 0x54
100035d2:	bcf0      	pop	{r4, r5, r6, r7}
100035d4:	46bb      	mov	fp, r7
100035d6:	46b2      	mov	sl, r6
100035d8:	46a9      	mov	r9, r5
100035da:	46a0      	mov	r8, r4
100035dc:	bdf0      	pop	{r4, r5, r6, r7, pc}
100035de:	9b21      	ldr	r3, [sp, #132]	@ 0x84
100035e0:	2b00      	cmp	r3, #0
100035e2:	d013      	beq.n	1000360c <_ftoa+0x2f8>
100035e4:	4643      	mov	r3, r8
100035e6:	2b00      	cmp	r3, #0
100035e8:	d102      	bne.n	100035f0 <_ftoa+0x2dc>
100035ea:	330c      	adds	r3, #12
100035ec:	4213      	tst	r3, r2
100035ee:	d00f      	beq.n	10003610 <_ftoa+0x2fc>
100035f0:	9b21      	ldr	r3, [sp, #132]	@ 0x84
100035f2:	3b01      	subs	r3, #1
100035f4:	9321      	str	r3, [sp, #132]	@ 0x84
100035f6:	0019      	movs	r1, r3
100035f8:	e003      	b.n	10003602 <_ftoa+0x2ee>
100035fa:	ab0c      	add	r3, sp, #48	@ 0x30
100035fc:	2230      	movs	r2, #48	@ 0x30
100035fe:	551a      	strb	r2, [r3, r4]
10003600:	3401      	adds	r4, #1
10003602:	428c      	cmp	r4, r1
10003604:	d2ce      	bcs.n	100035a4 <_ftoa+0x290>
10003606:	2c1f      	cmp	r4, #31
10003608:	d9f7      	bls.n	100035fa <_ftoa+0x2e6>
1000360a:	e7cb      	b.n	100035a4 <_ftoa+0x290>
1000360c:	9921      	ldr	r1, [sp, #132]	@ 0x84
1000360e:	e7f8      	b.n	10003602 <_ftoa+0x2ee>
10003610:	9921      	ldr	r1, [sp, #132]	@ 0x84
10003612:	e7f6      	b.n	10003602 <_ftoa+0x2ee>
10003614:	9b22      	ldr	r3, [sp, #136]	@ 0x88
10003616:	075b      	lsls	r3, r3, #29
10003618:	d504      	bpl.n	10003624 <_ftoa+0x310>
1000361a:	ab0c      	add	r3, sp, #48	@ 0x30
1000361c:	222b      	movs	r2, #43	@ 0x2b
1000361e:	551a      	strb	r2, [r3, r4]
10003620:	3401      	adds	r4, #1
10003622:	e7c8      	b.n	100035b6 <_ftoa+0x2a2>
10003624:	9b22      	ldr	r3, [sp, #136]	@ 0x88
10003626:	071b      	lsls	r3, r3, #28
10003628:	d5c5      	bpl.n	100035b6 <_ftoa+0x2a2>
1000362a:	ab0c      	add	r3, sp, #48	@ 0x30
1000362c:	2220      	movs	r2, #32
1000362e:	551a      	strb	r2, [r3, r4]
10003630:	3401      	adds	r4, #1
10003632:	e7c0      	b.n	100035b6 <_ftoa+0x2a2>
10003634:	ffefffff 	.word	0xffefffff
10003638:	7fefffff 	.word	0x7fefffff
1000363c:	41cdcd65 	.word	0x41cdcd65
10003640:	c1cdcd65 	.word	0xc1cdcd65
10003644:	100071a4 	.word	0x100071a4
10003648:	100071a8 	.word	0x100071a8
1000364c:	10007198 	.word	0x10007198
10003650:	100071a0 	.word	0x100071a0
10003654:	10007a88 	.word	0x10007a88
10003658:	3fe00000 	.word	0x3fe00000

1000365c <_vsnprintf>:
1000365c:	b5f0      	push	{r4, r5, r6, r7, lr}
1000365e:	46de      	mov	lr, fp
10003660:	4657      	mov	r7, sl
10003662:	464e      	mov	r6, r9
10003664:	4645      	mov	r5, r8
10003666:	b5e0      	push	{r5, r6, r7, lr}
10003668:	b093      	sub	sp, #76	@ 0x4c
1000366a:	0007      	movs	r7, r0
1000366c:	468a      	mov	sl, r1
1000366e:	4693      	mov	fp, r2
10003670:	9311      	str	r3, [sp, #68]	@ 0x44
10003672:	2900      	cmp	r1, #0
10003674:	d100      	bne.n	10003678 <_vsnprintf+0x1c>
10003676:	e32c      	b.n	10003cd2 <_vsnprintf+0x676>
10003678:	2500      	movs	r5, #0
1000367a:	e008      	b.n	1000368e <_vsnprintf+0x32>
1000367c:	1c6c      	adds	r4, r5, #1
1000367e:	465b      	mov	r3, fp
10003680:	002a      	movs	r2, r5
10003682:	4651      	mov	r1, sl
10003684:	47b8      	blx	r7
10003686:	9b11      	ldr	r3, [sp, #68]	@ 0x44
10003688:	3301      	adds	r3, #1
1000368a:	9311      	str	r3, [sp, #68]	@ 0x44
1000368c:	0025      	movs	r5, r4
1000368e:	9b11      	ldr	r3, [sp, #68]	@ 0x44
10003690:	7818      	ldrb	r0, [r3, #0]
10003692:	2800      	cmp	r0, #0
10003694:	d100      	bne.n	10003698 <_vsnprintf+0x3c>
10003696:	e31e      	b.n	10003cd6 <_vsnprintf+0x67a>
10003698:	2825      	cmp	r0, #37	@ 0x25
1000369a:	d1ef      	bne.n	1000367c <_vsnprintf+0x20>
1000369c:	3301      	adds	r3, #1
1000369e:	9311      	str	r3, [sp, #68]	@ 0x44
100036a0:	2300      	movs	r3, #0
100036a2:	0018      	movs	r0, r3
100036a4:	e020      	b.n	100036e8 <_vsnprintf+0x8c>
100036a6:	2301      	movs	r3, #1
100036a8:	4318      	orrs	r0, r3
100036aa:	3201      	adds	r2, #1
100036ac:	9211      	str	r2, [sp, #68]	@ 0x44
100036ae:	2401      	movs	r4, #1
100036b0:	e018      	b.n	100036e4 <_vsnprintf+0x88>
100036b2:	2302      	movs	r3, #2
100036b4:	4318      	orrs	r0, r3
100036b6:	3201      	adds	r2, #1
100036b8:	9211      	str	r2, [sp, #68]	@ 0x44
100036ba:	2401      	movs	r4, #1
100036bc:	e012      	b.n	100036e4 <_vsnprintf+0x88>
100036be:	2304      	movs	r3, #4
100036c0:	4318      	orrs	r0, r3
100036c2:	3201      	adds	r2, #1
100036c4:	9211      	str	r2, [sp, #68]	@ 0x44
100036c6:	2401      	movs	r4, #1
100036c8:	e00c      	b.n	100036e4 <_vsnprintf+0x88>
100036ca:	2308      	movs	r3, #8
100036cc:	4318      	orrs	r0, r3
100036ce:	3201      	adds	r2, #1
100036d0:	9211      	str	r2, [sp, #68]	@ 0x44
100036d2:	2401      	movs	r4, #1
100036d4:	e006      	b.n	100036e4 <_vsnprintf+0x88>
100036d6:	2310      	movs	r3, #16
100036d8:	4318      	orrs	r0, r3
100036da:	3201      	adds	r2, #1
100036dc:	9211      	str	r2, [sp, #68]	@ 0x44
100036de:	2401      	movs	r4, #1
100036e0:	e000      	b.n	100036e4 <_vsnprintf+0x88>
100036e2:	2400      	movs	r4, #0
100036e4:	2c00      	cmp	r4, #0
100036e6:	d009      	beq.n	100036fc <_vsnprintf+0xa0>
100036e8:	9a11      	ldr	r2, [sp, #68]	@ 0x44
100036ea:	7813      	ldrb	r3, [r2, #0]
100036ec:	3b20      	subs	r3, #32
100036ee:	b2d9      	uxtb	r1, r3
100036f0:	2910      	cmp	r1, #16
100036f2:	d8f6      	bhi.n	100036e2 <_vsnprintf+0x86>
100036f4:	008b      	lsls	r3, r1, #2
100036f6:	49c4      	ldr	r1, [pc, #784]	@ (10003a08 <_vsnprintf+0x3ac>)
100036f8:	58cb      	ldr	r3, [r1, r3]
100036fa:	469f      	mov	pc, r3
100036fc:	4681      	mov	r9, r0
100036fe:	9b11      	ldr	r3, [sp, #68]	@ 0x44
10003700:	781a      	ldrb	r2, [r3, #0]
10003702:	0013      	movs	r3, r2
10003704:	3b30      	subs	r3, #48	@ 0x30
10003706:	b2db      	uxtb	r3, r3
10003708:	2b09      	cmp	r3, #9
1000370a:	d910      	bls.n	1000372e <_vsnprintf+0xd2>
1000370c:	2a2a      	cmp	r2, #42	@ 0x2a
1000370e:	d013      	beq.n	10003738 <_vsnprintf+0xdc>
10003710:	940b      	str	r4, [sp, #44]	@ 0x2c
10003712:	9b11      	ldr	r3, [sp, #68]	@ 0x44
10003714:	781a      	ldrb	r2, [r3, #0]
10003716:	2a2e      	cmp	r2, #46	@ 0x2e
10003718:	d020      	beq.n	1000375c <_vsnprintf+0x100>
1000371a:	9a11      	ldr	r2, [sp, #68]	@ 0x44
1000371c:	7813      	ldrb	r3, [r2, #0]
1000371e:	3b68      	subs	r3, #104	@ 0x68
10003720:	b2d9      	uxtb	r1, r3
10003722:	2912      	cmp	r1, #18
10003724:	d865      	bhi.n	100037f2 <_vsnprintf+0x196>
10003726:	008b      	lsls	r3, r1, #2
10003728:	49b8      	ldr	r1, [pc, #736]	@ (10003a0c <_vsnprintf+0x3b0>)
1000372a:	58cb      	ldr	r3, [r1, r3]
1000372c:	469f      	mov	pc, r3
1000372e:	a811      	add	r0, sp, #68	@ 0x44
10003730:	f7ff fa08 	bl	10002b44 <_atoi>
10003734:	900b      	str	r0, [sp, #44]	@ 0x2c
10003736:	e7ec      	b.n	10003712 <_vsnprintf+0xb6>
10003738:	9b1c      	ldr	r3, [sp, #112]	@ 0x70
1000373a:	1d1a      	adds	r2, r3, #4
1000373c:	921c      	str	r2, [sp, #112]	@ 0x70
1000373e:	681b      	ldr	r3, [r3, #0]
10003740:	2b00      	cmp	r3, #0
10003742:	db04      	blt.n	1000374e <_vsnprintf+0xf2>
10003744:	930b      	str	r3, [sp, #44]	@ 0x2c
10003746:	9b11      	ldr	r3, [sp, #68]	@ 0x44
10003748:	3301      	adds	r3, #1
1000374a:	9311      	str	r3, [sp, #68]	@ 0x44
1000374c:	e7e1      	b.n	10003712 <_vsnprintf+0xb6>
1000374e:	2202      	movs	r2, #2
10003750:	0001      	movs	r1, r0
10003752:	4311      	orrs	r1, r2
10003754:	4689      	mov	r9, r1
10003756:	425b      	negs	r3, r3
10003758:	930b      	str	r3, [sp, #44]	@ 0x2c
1000375a:	e7f4      	b.n	10003746 <_vsnprintf+0xea>
1000375c:	2280      	movs	r2, #128	@ 0x80
1000375e:	00d2      	lsls	r2, r2, #3
10003760:	4649      	mov	r1, r9
10003762:	4311      	orrs	r1, r2
10003764:	4689      	mov	r9, r1
10003766:	1c5a      	adds	r2, r3, #1
10003768:	9211      	str	r2, [sp, #68]	@ 0x44
1000376a:	785a      	ldrb	r2, [r3, #1]
1000376c:	0013      	movs	r3, r2
1000376e:	3b30      	subs	r3, #48	@ 0x30
10003770:	b2db      	uxtb	r3, r3
10003772:	2b09      	cmp	r3, #9
10003774:	d90b      	bls.n	1000378e <_vsnprintf+0x132>
10003776:	2a2a      	cmp	r2, #42	@ 0x2a
10003778:	d1cf      	bne.n	1000371a <_vsnprintf+0xbe>
1000377a:	9b1c      	ldr	r3, [sp, #112]	@ 0x70
1000377c:	1d1a      	adds	r2, r3, #4
1000377e:	921c      	str	r2, [sp, #112]	@ 0x70
10003780:	681c      	ldr	r4, [r3, #0]
10003782:	2c00      	cmp	r4, #0
10003784:	db08      	blt.n	10003798 <_vsnprintf+0x13c>
10003786:	9b11      	ldr	r3, [sp, #68]	@ 0x44
10003788:	3301      	adds	r3, #1
1000378a:	9311      	str	r3, [sp, #68]	@ 0x44
1000378c:	e7c5      	b.n	1000371a <_vsnprintf+0xbe>
1000378e:	a811      	add	r0, sp, #68	@ 0x44
10003790:	f7ff f9d8 	bl	10002b44 <_atoi>
10003794:	0004      	movs	r4, r0
10003796:	e7c0      	b.n	1000371a <_vsnprintf+0xbe>
10003798:	2400      	movs	r4, #0
1000379a:	e7f4      	b.n	10003786 <_vsnprintf+0x12a>
1000379c:	2380      	movs	r3, #128	@ 0x80
1000379e:	005b      	lsls	r3, r3, #1
100037a0:	4649      	mov	r1, r9
100037a2:	430b      	orrs	r3, r1
100037a4:	1c51      	adds	r1, r2, #1
100037a6:	9111      	str	r1, [sp, #68]	@ 0x44
100037a8:	7851      	ldrb	r1, [r2, #1]
100037aa:	296c      	cmp	r1, #108	@ 0x6c
100037ac:	d001      	beq.n	100037b2 <_vsnprintf+0x156>
100037ae:	4699      	mov	r9, r3
100037b0:	e01f      	b.n	100037f2 <_vsnprintf+0x196>
100037b2:	23c0      	movs	r3, #192	@ 0xc0
100037b4:	009b      	lsls	r3, r3, #2
100037b6:	4649      	mov	r1, r9
100037b8:	4319      	orrs	r1, r3
100037ba:	4689      	mov	r9, r1
100037bc:	3202      	adds	r2, #2
100037be:	9211      	str	r2, [sp, #68]	@ 0x44
100037c0:	e017      	b.n	100037f2 <_vsnprintf+0x196>
100037c2:	2380      	movs	r3, #128	@ 0x80
100037c4:	4649      	mov	r1, r9
100037c6:	430b      	orrs	r3, r1
100037c8:	1c51      	adds	r1, r2, #1
100037ca:	9111      	str	r1, [sp, #68]	@ 0x44
100037cc:	7851      	ldrb	r1, [r2, #1]
100037ce:	2968      	cmp	r1, #104	@ 0x68
100037d0:	d001      	beq.n	100037d6 <_vsnprintf+0x17a>
100037d2:	4699      	mov	r9, r3
100037d4:	e00d      	b.n	100037f2 <_vsnprintf+0x196>
100037d6:	23c0      	movs	r3, #192	@ 0xc0
100037d8:	4649      	mov	r1, r9
100037da:	4319      	orrs	r1, r3
100037dc:	4689      	mov	r9, r1
100037de:	3202      	adds	r2, #2
100037e0:	9211      	str	r2, [sp, #68]	@ 0x44
100037e2:	e006      	b.n	100037f2 <_vsnprintf+0x196>
100037e4:	2380      	movs	r3, #128	@ 0x80
100037e6:	005b      	lsls	r3, r3, #1
100037e8:	4649      	mov	r1, r9
100037ea:	4319      	orrs	r1, r3
100037ec:	4689      	mov	r9, r1
100037ee:	3201      	adds	r2, #1
100037f0:	9211      	str	r2, [sp, #68]	@ 0x44
100037f2:	9b11      	ldr	r3, [sp, #68]	@ 0x44
100037f4:	7818      	ldrb	r0, [r3, #0]
100037f6:	2867      	cmp	r0, #103	@ 0x67
100037f8:	d81c      	bhi.n	10003834 <_vsnprintf+0x1d8>
100037fa:	2825      	cmp	r0, #37	@ 0x25
100037fc:	d200      	bcs.n	10003800 <_vsnprintf+0x1a4>
100037fe:	e25e      	b.n	10003cbe <_vsnprintf+0x662>
10003800:	0003      	movs	r3, r0
10003802:	3b25      	subs	r3, #37	@ 0x25
10003804:	b2da      	uxtb	r2, r3
10003806:	2a42      	cmp	r2, #66	@ 0x42
10003808:	d900      	bls.n	1000380c <_vsnprintf+0x1b0>
1000380a:	e258      	b.n	10003cbe <_vsnprintf+0x662>
1000380c:	0093      	lsls	r3, r2, #2
1000380e:	4a80      	ldr	r2, [pc, #512]	@ (10003a10 <_vsnprintf+0x3b4>)
10003810:	58d3      	ldr	r3, [r2, r3]
10003812:	469f      	mov	pc, r3
10003814:	2380      	movs	r3, #128	@ 0x80
10003816:	009b      	lsls	r3, r3, #2
10003818:	4649      	mov	r1, r9
1000381a:	4319      	orrs	r1, r3
1000381c:	4689      	mov	r9, r1
1000381e:	3201      	adds	r2, #1
10003820:	9211      	str	r2, [sp, #68]	@ 0x44
10003822:	e7e6      	b.n	100037f2 <_vsnprintf+0x196>
10003824:	2380      	movs	r3, #128	@ 0x80
10003826:	005b      	lsls	r3, r3, #1
10003828:	4649      	mov	r1, r9
1000382a:	4319      	orrs	r1, r3
1000382c:	4689      	mov	r9, r1
1000382e:	3201      	adds	r2, #1
10003830:	9211      	str	r2, [sp, #68]	@ 0x44
10003832:	e7de      	b.n	100037f2 <_vsnprintf+0x196>
10003834:	2878      	cmp	r0, #120	@ 0x78
10003836:	d900      	bls.n	1000383a <_vsnprintf+0x1de>
10003838:	e241      	b.n	10003cbe <_vsnprintf+0x662>
1000383a:	2869      	cmp	r0, #105	@ 0x69
1000383c:	d200      	bcs.n	10003840 <_vsnprintf+0x1e4>
1000383e:	e23e      	b.n	10003cbe <_vsnprintf+0x662>
10003840:	0002      	movs	r2, r0
10003842:	3a69      	subs	r2, #105	@ 0x69
10003844:	b2d2      	uxtb	r2, r2
10003846:	2301      	movs	r3, #1
10003848:	4093      	lsls	r3, r2
1000384a:	4a72      	ldr	r2, [pc, #456]	@ (10003a14 <_vsnprintf+0x3b8>)
1000384c:	4213      	tst	r3, r2
1000384e:	d110      	bne.n	10003872 <_vsnprintf+0x216>
10003850:	061a      	lsls	r2, r3, #24
10003852:	d500      	bpl.n	10003856 <_vsnprintf+0x1fa>
10003854:	e20c      	b.n	10003c70 <_vsnprintf+0x614>
10003856:	055b      	lsls	r3, r3, #21
10003858:	d400      	bmi.n	1000385c <_vsnprintf+0x200>
1000385a:	e230      	b.n	10003cbe <_vsnprintf+0x662>
1000385c:	9b1c      	ldr	r3, [sp, #112]	@ 0x70
1000385e:	1d1a      	adds	r2, r3, #4
10003860:	921c      	str	r2, [sp, #112]	@ 0x70
10003862:	681e      	ldr	r6, [r3, #0]
10003864:	2c00      	cmp	r4, #0
10003866:	d000      	beq.n	1000386a <_vsnprintf+0x20e>
10003868:	e1ba      	b.n	10003be0 <_vsnprintf+0x584>
1000386a:	2201      	movs	r2, #1
1000386c:	4252      	negs	r2, r2
1000386e:	0033      	movs	r3, r6
10003870:	e196      	b.n	10003ba0 <_vsnprintf+0x544>
10003872:	286f      	cmp	r0, #111	@ 0x6f
10003874:	d042      	beq.n	100038fc <_vsnprintf+0x2a0>
10003876:	d805      	bhi.n	10003884 <_vsnprintf+0x228>
10003878:	2858      	cmp	r0, #88	@ 0x58
1000387a:	d041      	beq.n	10003900 <_vsnprintf+0x2a4>
1000387c:	2862      	cmp	r0, #98	@ 0x62
1000387e:	d103      	bne.n	10003888 <_vsnprintf+0x22c>
10003880:	2602      	movs	r6, #2
10003882:	e006      	b.n	10003892 <_vsnprintf+0x236>
10003884:	2878      	cmp	r0, #120	@ 0x78
10003886:	d03d      	beq.n	10003904 <_vsnprintf+0x2a8>
10003888:	2310      	movs	r3, #16
1000388a:	464a      	mov	r2, r9
1000388c:	439a      	bics	r2, r3
1000388e:	4691      	mov	r9, r2
10003890:	260a      	movs	r6, #10
10003892:	2858      	cmp	r0, #88	@ 0x58
10003894:	d038      	beq.n	10003908 <_vsnprintf+0x2ac>
10003896:	2869      	cmp	r0, #105	@ 0x69
10003898:	d005      	beq.n	100038a6 <_vsnprintf+0x24a>
1000389a:	2864      	cmp	r0, #100	@ 0x64
1000389c:	d003      	beq.n	100038a6 <_vsnprintf+0x24a>
1000389e:	220c      	movs	r2, #12
100038a0:	464b      	mov	r3, r9
100038a2:	4393      	bics	r3, r2
100038a4:	4699      	mov	r9, r3
100038a6:	464b      	mov	r3, r9
100038a8:	055a      	lsls	r2, r3, #21
100038aa:	d502      	bpl.n	100038b2 <_vsnprintf+0x256>
100038ac:	2201      	movs	r2, #1
100038ae:	4393      	bics	r3, r2
100038b0:	4699      	mov	r9, r3
100038b2:	2869      	cmp	r0, #105	@ 0x69
100038b4:	d02d      	beq.n	10003912 <_vsnprintf+0x2b6>
100038b6:	2864      	cmp	r0, #100	@ 0x64
100038b8:	d02b      	beq.n	10003912 <_vsnprintf+0x2b6>
100038ba:	464b      	mov	r3, r9
100038bc:	059a      	lsls	r2, r3, #22
100038be:	d500      	bpl.n	100038c2 <_vsnprintf+0x266>
100038c0:	e0aa      	b.n	10003a18 <_vsnprintf+0x3bc>
100038c2:	05da      	lsls	r2, r3, #23
100038c4:	d500      	bpl.n	100038c8 <_vsnprintf+0x26c>
100038c6:	e0c2      	b.n	10003a4e <_vsnprintf+0x3f2>
100038c8:	065a      	lsls	r2, r3, #25
100038ca:	d400      	bmi.n	100038ce <_vsnprintf+0x272>
100038cc:	e0d3      	b.n	10003a76 <_vsnprintf+0x41a>
100038ce:	9a1c      	ldr	r2, [sp, #112]	@ 0x70
100038d0:	1d11      	adds	r1, r2, #4
100038d2:	911c      	str	r1, [sp, #112]	@ 0x70
100038d4:	6811      	ldr	r1, [r2, #0]
100038d6:	22ff      	movs	r2, #255	@ 0xff
100038d8:	400a      	ands	r2, r1
100038da:	464b      	mov	r3, r9
100038dc:	9305      	str	r3, [sp, #20]
100038de:	9b0b      	ldr	r3, [sp, #44]	@ 0x2c
100038e0:	9304      	str	r3, [sp, #16]
100038e2:	9403      	str	r4, [sp, #12]
100038e4:	9602      	str	r6, [sp, #8]
100038e6:	2300      	movs	r3, #0
100038e8:	9301      	str	r3, [sp, #4]
100038ea:	9200      	str	r2, [sp, #0]
100038ec:	465b      	mov	r3, fp
100038ee:	002a      	movs	r2, r5
100038f0:	4651      	mov	r1, sl
100038f2:	0038      	movs	r0, r7
100038f4:	f7ff fa17 	bl	10002d26 <_ntoa_long>
100038f8:	0005      	movs	r5, r0
100038fa:	e02a      	b.n	10003952 <_vsnprintf+0x2f6>
100038fc:	2608      	movs	r6, #8
100038fe:	e7c8      	b.n	10003892 <_vsnprintf+0x236>
10003900:	2610      	movs	r6, #16
10003902:	e7c6      	b.n	10003892 <_vsnprintf+0x236>
10003904:	2610      	movs	r6, #16
10003906:	e7c4      	b.n	10003892 <_vsnprintf+0x236>
10003908:	2220      	movs	r2, #32
1000390a:	464b      	mov	r3, r9
1000390c:	4313      	orrs	r3, r2
1000390e:	4699      	mov	r9, r3
10003910:	e7c1      	b.n	10003896 <_vsnprintf+0x23a>
10003912:	464b      	mov	r3, r9
10003914:	059a      	lsls	r2, r3, #22
10003916:	d420      	bmi.n	1000395a <_vsnprintf+0x2fe>
10003918:	05da      	lsls	r2, r3, #23
1000391a:	d451      	bmi.n	100039c0 <_vsnprintf+0x364>
1000391c:	065a      	lsls	r2, r3, #25
1000391e:	d566      	bpl.n	100039ee <_vsnprintf+0x392>
10003920:	9a1c      	ldr	r2, [sp, #112]	@ 0x70
10003922:	1d11      	adds	r1, r2, #4
10003924:	911c      	str	r1, [sp, #112]	@ 0x70
10003926:	6811      	ldr	r1, [r2, #0]
10003928:	22ff      	movs	r2, #255	@ 0xff
1000392a:	400a      	ands	r2, r1
1000392c:	17d0      	asrs	r0, r2, #31
1000392e:	1811      	adds	r1, r2, r0
10003930:	4041      	eors	r1, r0
10003932:	464b      	mov	r3, r9
10003934:	9305      	str	r3, [sp, #20]
10003936:	9b0b      	ldr	r3, [sp, #44]	@ 0x2c
10003938:	9304      	str	r3, [sp, #16]
1000393a:	9403      	str	r4, [sp, #12]
1000393c:	9602      	str	r6, [sp, #8]
1000393e:	0fd2      	lsrs	r2, r2, #31
10003940:	9201      	str	r2, [sp, #4]
10003942:	9100      	str	r1, [sp, #0]
10003944:	465b      	mov	r3, fp
10003946:	002a      	movs	r2, r5
10003948:	4651      	mov	r1, sl
1000394a:	0038      	movs	r0, r7
1000394c:	f7ff f9eb 	bl	10002d26 <_ntoa_long>
10003950:	0005      	movs	r5, r0
10003952:	9b11      	ldr	r3, [sp, #68]	@ 0x44
10003954:	3301      	adds	r3, #1
10003956:	9311      	str	r3, [sp, #68]	@ 0x44
10003958:	e699      	b.n	1000368e <_vsnprintf+0x32>
1000395a:	9a1c      	ldr	r2, [sp, #112]	@ 0x70
1000395c:	3207      	adds	r2, #7
1000395e:	2107      	movs	r1, #7
10003960:	438a      	bics	r2, r1
10003962:	0011      	movs	r1, r2
10003964:	3108      	adds	r1, #8
10003966:	911c      	str	r1, [sp, #112]	@ 0x70
10003968:	6811      	ldr	r1, [r2, #0]
1000396a:	6853      	ldr	r3, [r2, #4]
1000396c:	469c      	mov	ip, r3
1000396e:	17db      	asrs	r3, r3, #31
10003970:	930c      	str	r3, [sp, #48]	@ 0x30
10003972:	930d      	str	r3, [sp, #52]	@ 0x34
10003974:	9a0c      	ldr	r2, [sp, #48]	@ 0x30
10003976:	9b0d      	ldr	r3, [sp, #52]	@ 0x34
10003978:	0010      	movs	r0, r2
1000397a:	4048      	eors	r0, r1
1000397c:	900e      	str	r0, [sp, #56]	@ 0x38
1000397e:	9b0d      	ldr	r3, [sp, #52]	@ 0x34
10003980:	4661      	mov	r1, ip
10003982:	404b      	eors	r3, r1
10003984:	930f      	str	r3, [sp, #60]	@ 0x3c
10003986:	980e      	ldr	r0, [sp, #56]	@ 0x38
10003988:	990f      	ldr	r1, [sp, #60]	@ 0x3c
1000398a:	9a0c      	ldr	r2, [sp, #48]	@ 0x30
1000398c:	9b0d      	ldr	r3, [sp, #52]	@ 0x34
1000398e:	1a80      	subs	r0, r0, r2
10003990:	4199      	sbcs	r1, r3
10003992:	900e      	str	r0, [sp, #56]	@ 0x38
10003994:	910f      	str	r1, [sp, #60]	@ 0x3c
10003996:	464b      	mov	r3, r9
10003998:	9308      	str	r3, [sp, #32]
1000399a:	9b0b      	ldr	r3, [sp, #44]	@ 0x2c
1000399c:	9307      	str	r3, [sp, #28]
1000399e:	9406      	str	r4, [sp, #24]
100039a0:	9604      	str	r6, [sp, #16]
100039a2:	2300      	movs	r3, #0
100039a4:	9305      	str	r3, [sp, #20]
100039a6:	4663      	mov	r3, ip
100039a8:	0fda      	lsrs	r2, r3, #31
100039aa:	9202      	str	r2, [sp, #8]
100039ac:	9000      	str	r0, [sp, #0]
100039ae:	9101      	str	r1, [sp, #4]
100039b0:	465b      	mov	r3, fp
100039b2:	002a      	movs	r2, r5
100039b4:	4651      	mov	r1, sl
100039b6:	0038      	movs	r0, r7
100039b8:	f7ff fa13 	bl	10002de2 <_ntoa_long_long>
100039bc:	0005      	movs	r5, r0
100039be:	e7c8      	b.n	10003952 <_vsnprintf+0x2f6>
100039c0:	9a1c      	ldr	r2, [sp, #112]	@ 0x70
100039c2:	1d11      	adds	r1, r2, #4
100039c4:	911c      	str	r1, [sp, #112]	@ 0x70
100039c6:	6812      	ldr	r2, [r2, #0]
100039c8:	17d0      	asrs	r0, r2, #31
100039ca:	1811      	adds	r1, r2, r0
100039cc:	4041      	eors	r1, r0
100039ce:	9305      	str	r3, [sp, #20]
100039d0:	9b0b      	ldr	r3, [sp, #44]	@ 0x2c
100039d2:	9304      	str	r3, [sp, #16]
100039d4:	9403      	str	r4, [sp, #12]
100039d6:	9602      	str	r6, [sp, #8]
100039d8:	0fd2      	lsrs	r2, r2, #31
100039da:	9201      	str	r2, [sp, #4]
100039dc:	9100      	str	r1, [sp, #0]
100039de:	465b      	mov	r3, fp
100039e0:	002a      	movs	r2, r5
100039e2:	4651      	mov	r1, sl
100039e4:	0038      	movs	r0, r7
100039e6:	f7ff f99e 	bl	10002d26 <_ntoa_long>
100039ea:	0005      	movs	r5, r0
100039ec:	e7b1      	b.n	10003952 <_vsnprintf+0x2f6>
100039ee:	061a      	lsls	r2, r3, #24
100039f0:	d505      	bpl.n	100039fe <_vsnprintf+0x3a2>
100039f2:	9a1c      	ldr	r2, [sp, #112]	@ 0x70
100039f4:	1d11      	adds	r1, r2, #4
100039f6:	911c      	str	r1, [sp, #112]	@ 0x70
100039f8:	2300      	movs	r3, #0
100039fa:	5ed2      	ldrsh	r2, [r2, r3]
100039fc:	e796      	b.n	1000392c <_vsnprintf+0x2d0>
100039fe:	9a1c      	ldr	r2, [sp, #112]	@ 0x70
10003a00:	1d11      	adds	r1, r2, #4
10003a02:	911c      	str	r1, [sp, #112]	@ 0x70
10003a04:	6812      	ldr	r2, [r2, #0]
10003a06:	e791      	b.n	1000392c <_vsnprintf+0x2d0>
10003a08:	100078e8 	.word	0x100078e8
10003a0c:	1000792c 	.word	0x1000792c
10003a10:	10007978 	.word	0x10007978
10003a14:	00009041 	.word	0x00009041
10003a18:	9a1c      	ldr	r2, [sp, #112]	@ 0x70
10003a1a:	3207      	adds	r2, #7
10003a1c:	2107      	movs	r1, #7
10003a1e:	438a      	bics	r2, r1
10003a20:	0011      	movs	r1, r2
10003a22:	3108      	adds	r1, #8
10003a24:	911c      	str	r1, [sp, #112]	@ 0x70
10003a26:	9308      	str	r3, [sp, #32]
10003a28:	9b0b      	ldr	r3, [sp, #44]	@ 0x2c
10003a2a:	9307      	str	r3, [sp, #28]
10003a2c:	9406      	str	r4, [sp, #24]
10003a2e:	9604      	str	r6, [sp, #16]
10003a30:	2300      	movs	r3, #0
10003a32:	9305      	str	r3, [sp, #20]
10003a34:	9302      	str	r3, [sp, #8]
10003a36:	6853      	ldr	r3, [r2, #4]
10003a38:	6812      	ldr	r2, [r2, #0]
10003a3a:	9200      	str	r2, [sp, #0]
10003a3c:	9301      	str	r3, [sp, #4]
10003a3e:	465b      	mov	r3, fp
10003a40:	002a      	movs	r2, r5
10003a42:	4651      	mov	r1, sl
10003a44:	0038      	movs	r0, r7
10003a46:	f7ff f9cc 	bl	10002de2 <_ntoa_long_long>
10003a4a:	0005      	movs	r5, r0
10003a4c:	e781      	b.n	10003952 <_vsnprintf+0x2f6>
10003a4e:	9a1c      	ldr	r2, [sp, #112]	@ 0x70
10003a50:	1d11      	adds	r1, r2, #4
10003a52:	911c      	str	r1, [sp, #112]	@ 0x70
10003a54:	9305      	str	r3, [sp, #20]
10003a56:	9b0b      	ldr	r3, [sp, #44]	@ 0x2c
10003a58:	9304      	str	r3, [sp, #16]
10003a5a:	9403      	str	r4, [sp, #12]
10003a5c:	9602      	str	r6, [sp, #8]
10003a5e:	2300      	movs	r3, #0
10003a60:	9301      	str	r3, [sp, #4]
10003a62:	6813      	ldr	r3, [r2, #0]
10003a64:	9300      	str	r3, [sp, #0]
10003a66:	465b      	mov	r3, fp
10003a68:	002a      	movs	r2, r5
10003a6a:	4651      	mov	r1, sl
10003a6c:	0038      	movs	r0, r7
10003a6e:	f7ff f95a 	bl	10002d26 <_ntoa_long>
10003a72:	0005      	movs	r5, r0
10003a74:	e76d      	b.n	10003952 <_vsnprintf+0x2f6>
10003a76:	061a      	lsls	r2, r3, #24
10003a78:	d506      	bpl.n	10003a88 <_vsnprintf+0x42c>
10003a7a:	9a1c      	ldr	r2, [sp, #112]	@ 0x70
10003a7c:	1d11      	adds	r1, r2, #4
10003a7e:	911c      	str	r1, [sp, #112]	@ 0x70
10003a80:	6812      	ldr	r2, [r2, #0]
10003a82:	0412      	lsls	r2, r2, #16
10003a84:	0c12      	lsrs	r2, r2, #16
10003a86:	e728      	b.n	100038da <_vsnprintf+0x27e>
10003a88:	9a1c      	ldr	r2, [sp, #112]	@ 0x70
10003a8a:	1d11      	adds	r1, r2, #4
10003a8c:	911c      	str	r1, [sp, #112]	@ 0x70
10003a8e:	6812      	ldr	r2, [r2, #0]
10003a90:	e723      	b.n	100038da <_vsnprintf+0x27e>
10003a92:	2846      	cmp	r0, #70	@ 0x46
10003a94:	d01a      	beq.n	10003acc <_vsnprintf+0x470>
10003a96:	9b1c      	ldr	r3, [sp, #112]	@ 0x70
10003a98:	3307      	adds	r3, #7
10003a9a:	2207      	movs	r2, #7
10003a9c:	4393      	bics	r3, r2
10003a9e:	001a      	movs	r2, r3
10003aa0:	3208      	adds	r2, #8
10003aa2:	921c      	str	r2, [sp, #112]	@ 0x70
10003aa4:	464a      	mov	r2, r9
10003aa6:	9204      	str	r2, [sp, #16]
10003aa8:	9a0b      	ldr	r2, [sp, #44]	@ 0x2c
10003aaa:	9203      	str	r2, [sp, #12]
10003aac:	9402      	str	r4, [sp, #8]
10003aae:	681a      	ldr	r2, [r3, #0]
10003ab0:	685b      	ldr	r3, [r3, #4]
10003ab2:	9200      	str	r2, [sp, #0]
10003ab4:	9301      	str	r3, [sp, #4]
10003ab6:	465b      	mov	r3, fp
10003ab8:	002a      	movs	r2, r5
10003aba:	4651      	mov	r1, sl
10003abc:	0038      	movs	r0, r7
10003abe:	f7ff fc29 	bl	10003314 <_ftoa>
10003ac2:	0005      	movs	r5, r0
10003ac4:	9b11      	ldr	r3, [sp, #68]	@ 0x44
10003ac6:	3301      	adds	r3, #1
10003ac8:	9311      	str	r3, [sp, #68]	@ 0x44
10003aca:	e5e0      	b.n	1000368e <_vsnprintf+0x32>
10003acc:	2320      	movs	r3, #32
10003ace:	464a      	mov	r2, r9
10003ad0:	431a      	orrs	r2, r3
10003ad2:	4691      	mov	r9, r2
10003ad4:	e7df      	b.n	10003a96 <_vsnprintf+0x43a>
10003ad6:	2867      	cmp	r0, #103	@ 0x67
10003ad8:	d001      	beq.n	10003ade <_vsnprintf+0x482>
10003ada:	2847      	cmp	r0, #71	@ 0x47
10003adc:	d104      	bne.n	10003ae8 <_vsnprintf+0x48c>
10003ade:	2380      	movs	r3, #128	@ 0x80
10003ae0:	011b      	lsls	r3, r3, #4
10003ae2:	464a      	mov	r2, r9
10003ae4:	431a      	orrs	r2, r3
10003ae6:	4691      	mov	r9, r2
10003ae8:	2845      	cmp	r0, #69	@ 0x45
10003aea:	d001      	beq.n	10003af0 <_vsnprintf+0x494>
10003aec:	2847      	cmp	r0, #71	@ 0x47
10003aee:	d103      	bne.n	10003af8 <_vsnprintf+0x49c>
10003af0:	2320      	movs	r3, #32
10003af2:	464a      	mov	r2, r9
10003af4:	431a      	orrs	r2, r3
10003af6:	4691      	mov	r9, r2
10003af8:	9b1c      	ldr	r3, [sp, #112]	@ 0x70
10003afa:	3307      	adds	r3, #7
10003afc:	2207      	movs	r2, #7
10003afe:	4393      	bics	r3, r2
10003b00:	001a      	movs	r2, r3
10003b02:	3208      	adds	r2, #8
10003b04:	921c      	str	r2, [sp, #112]	@ 0x70
10003b06:	464a      	mov	r2, r9
10003b08:	9204      	str	r2, [sp, #16]
10003b0a:	9a0b      	ldr	r2, [sp, #44]	@ 0x2c
10003b0c:	9203      	str	r2, [sp, #12]
10003b0e:	9402      	str	r4, [sp, #8]
10003b10:	681a      	ldr	r2, [r3, #0]
10003b12:	685b      	ldr	r3, [r3, #4]
10003b14:	9200      	str	r2, [sp, #0]
10003b16:	9301      	str	r3, [sp, #4]
10003b18:	465b      	mov	r3, fp
10003b1a:	002a      	movs	r2, r5
10003b1c:	4651      	mov	r1, sl
10003b1e:	0038      	movs	r0, r7
10003b20:	f7ff f9e6 	bl	10002ef0 <_etoa>
10003b24:	0005      	movs	r5, r0
10003b26:	9b11      	ldr	r3, [sp, #68]	@ 0x44
10003b28:	3301      	adds	r3, #1
10003b2a:	9311      	str	r3, [sp, #68]	@ 0x44
10003b2c:	e5af      	b.n	1000368e <_vsnprintf+0x32>
10003b2e:	2302      	movs	r3, #2
10003b30:	464e      	mov	r6, r9
10003b32:	401e      	ands	r6, r3
10003b34:	464a      	mov	r2, r9
10003b36:	4213      	tst	r3, r2
10003b38:	d01e      	beq.n	10003b78 <_vsnprintf+0x51c>
10003b3a:	2401      	movs	r4, #1
10003b3c:	9b1c      	ldr	r3, [sp, #112]	@ 0x70
10003b3e:	1d1a      	adds	r2, r3, #4
10003b40:	921c      	str	r2, [sp, #112]	@ 0x70
10003b42:	1c6a      	adds	r2, r5, #1
10003b44:	4690      	mov	r8, r2
10003b46:	7818      	ldrb	r0, [r3, #0]
10003b48:	465b      	mov	r3, fp
10003b4a:	002a      	movs	r2, r5
10003b4c:	4651      	mov	r1, sl
10003b4e:	47b8      	blx	r7
10003b50:	2e00      	cmp	r6, #0
10003b52:	d114      	bne.n	10003b7e <_vsnprintf+0x522>
10003b54:	9b11      	ldr	r3, [sp, #68]	@ 0x44
10003b56:	3301      	adds	r3, #1
10003b58:	9311      	str	r3, [sp, #68]	@ 0x44
10003b5a:	4645      	mov	r5, r8
10003b5c:	e597      	b.n	1000368e <_vsnprintf+0x32>
10003b5e:	1c55      	adds	r5, r2, #1
10003b60:	465b      	mov	r3, fp
10003b62:	4651      	mov	r1, sl
10003b64:	2020      	movs	r0, #32
10003b66:	47b8      	blx	r7
10003b68:	0023      	movs	r3, r4
10003b6a:	002a      	movs	r2, r5
10003b6c:	1c5c      	adds	r4, r3, #1
10003b6e:	990b      	ldr	r1, [sp, #44]	@ 0x2c
10003b70:	4299      	cmp	r1, r3
10003b72:	d8f4      	bhi.n	10003b5e <_vsnprintf+0x502>
10003b74:	0015      	movs	r5, r2
10003b76:	e7e1      	b.n	10003b3c <_vsnprintf+0x4e0>
10003b78:	2301      	movs	r3, #1
10003b7a:	002a      	movs	r2, r5
10003b7c:	e7f6      	b.n	10003b6c <_vsnprintf+0x510>
10003b7e:	4642      	mov	r2, r8
10003b80:	e006      	b.n	10003b90 <_vsnprintf+0x534>
10003b82:	1c56      	adds	r6, r2, #1
10003b84:	465b      	mov	r3, fp
10003b86:	4651      	mov	r1, sl
10003b88:	2020      	movs	r0, #32
10003b8a:	47b8      	blx	r7
10003b8c:	002c      	movs	r4, r5
10003b8e:	0032      	movs	r2, r6
10003b90:	1c65      	adds	r5, r4, #1
10003b92:	9b0b      	ldr	r3, [sp, #44]	@ 0x2c
10003b94:	42a3      	cmp	r3, r4
10003b96:	d8f4      	bhi.n	10003b82 <_vsnprintf+0x526>
10003b98:	4690      	mov	r8, r2
10003b9a:	e7db      	b.n	10003b54 <_vsnprintf+0x4f8>
10003b9c:	3301      	adds	r3, #1
10003b9e:	000a      	movs	r2, r1
10003ba0:	7819      	ldrb	r1, [r3, #0]
10003ba2:	2900      	cmp	r1, #0
10003ba4:	d002      	beq.n	10003bac <_vsnprintf+0x550>
10003ba6:	1e51      	subs	r1, r2, #1
10003ba8:	2a00      	cmp	r2, #0
10003baa:	d1f7      	bne.n	10003b9c <_vsnprintf+0x540>
10003bac:	1b9b      	subs	r3, r3, r6
10003bae:	2280      	movs	r2, #128	@ 0x80
10003bb0:	00d2      	lsls	r2, r2, #3
10003bb2:	4649      	mov	r1, r9
10003bb4:	4011      	ands	r1, r2
10003bb6:	4688      	mov	r8, r1
10003bb8:	4649      	mov	r1, r9
10003bba:	4211      	tst	r1, r2
10003bbc:	d002      	beq.n	10003bc4 <_vsnprintf+0x568>
10003bbe:	42a3      	cmp	r3, r4
10003bc0:	d900      	bls.n	10003bc4 <_vsnprintf+0x568>
10003bc2:	0023      	movs	r3, r4
10003bc4:	2202      	movs	r2, #2
10003bc6:	4649      	mov	r1, r9
10003bc8:	4011      	ands	r1, r2
10003bca:	9110      	str	r1, [sp, #64]	@ 0x40
10003bcc:	4649      	mov	r1, r9
10003bce:	420a      	tst	r2, r1
10003bd0:	d008      	beq.n	10003be4 <_vsnprintf+0x588>
10003bd2:	002a      	movs	r2, r5
10003bd4:	0025      	movs	r5, r4
10003bd6:	4699      	mov	r9, r3
10003bd8:	003b      	movs	r3, r7
10003bda:	4647      	mov	r7, r8
10003bdc:	4698      	mov	r8, r3
10003bde:	e026      	b.n	10003c2e <_vsnprintf+0x5d2>
10003be0:	0022      	movs	r2, r4
10003be2:	e644      	b.n	1000386e <_vsnprintf+0x212>
10003be4:	46a1      	mov	r9, r4
10003be6:	002a      	movs	r2, r5
10003be8:	4651      	mov	r1, sl
10003bea:	46b2      	mov	sl, r6
10003bec:	000e      	movs	r6, r1
10003bee:	e006      	b.n	10003bfe <_vsnprintf+0x5a2>
10003bf0:	1c55      	adds	r5, r2, #1
10003bf2:	465b      	mov	r3, fp
10003bf4:	0031      	movs	r1, r6
10003bf6:	2020      	movs	r0, #32
10003bf8:	47b8      	blx	r7
10003bfa:	0023      	movs	r3, r4
10003bfc:	002a      	movs	r2, r5
10003bfe:	1c5c      	adds	r4, r3, #1
10003c00:	990b      	ldr	r1, [sp, #44]	@ 0x2c
10003c02:	4299      	cmp	r1, r3
10003c04:	d8f4      	bhi.n	10003bf0 <_vsnprintf+0x594>
10003c06:	0015      	movs	r5, r2
10003c08:	0022      	movs	r2, r4
10003c0a:	464c      	mov	r4, r9
10003c0c:	0033      	movs	r3, r6
10003c0e:	4656      	mov	r6, sl
10003c10:	469a      	mov	sl, r3
10003c12:	4691      	mov	r9, r2
10003c14:	002a      	movs	r2, r5
10003c16:	0025      	movs	r5, r4
10003c18:	003b      	movs	r3, r7
10003c1a:	4647      	mov	r7, r8
10003c1c:	4698      	mov	r8, r3
10003c1e:	e006      	b.n	10003c2e <_vsnprintf+0x5d2>
10003c20:	001d      	movs	r5, r3
10003c22:	3601      	adds	r6, #1
10003c24:	1c54      	adds	r4, r2, #1
10003c26:	465b      	mov	r3, fp
10003c28:	4651      	mov	r1, sl
10003c2a:	47c0      	blx	r8
10003c2c:	0022      	movs	r2, r4
10003c2e:	7830      	ldrb	r0, [r6, #0]
10003c30:	2800      	cmp	r0, #0
10003c32:	d004      	beq.n	10003c3e <_vsnprintf+0x5e2>
10003c34:	2f00      	cmp	r7, #0
10003c36:	d0f4      	beq.n	10003c22 <_vsnprintf+0x5c6>
10003c38:	1e6b      	subs	r3, r5, #1
10003c3a:	2d00      	cmp	r5, #0
10003c3c:	d1f0      	bne.n	10003c20 <_vsnprintf+0x5c4>
10003c3e:	0015      	movs	r5, r2
10003c40:	464b      	mov	r3, r9
10003c42:	4647      	mov	r7, r8
10003c44:	9a10      	ldr	r2, [sp, #64]	@ 0x40
10003c46:	2a00      	cmp	r2, #0
10003c48:	d103      	bne.n	10003c52 <_vsnprintf+0x5f6>
10003c4a:	9b11      	ldr	r3, [sp, #68]	@ 0x44
10003c4c:	3301      	adds	r3, #1
10003c4e:	9311      	str	r3, [sp, #68]	@ 0x44
10003c50:	e51d      	b.n	1000368e <_vsnprintf+0x32>
10003c52:	9e0b      	ldr	r6, [sp, #44]	@ 0x2c
10003c54:	002a      	movs	r2, r5
10003c56:	e006      	b.n	10003c66 <_vsnprintf+0x60a>
10003c58:	1c55      	adds	r5, r2, #1
10003c5a:	465b      	mov	r3, fp
10003c5c:	4651      	mov	r1, sl
10003c5e:	2020      	movs	r0, #32
10003c60:	47b8      	blx	r7
10003c62:	0023      	movs	r3, r4
10003c64:	002a      	movs	r2, r5
10003c66:	1c5c      	adds	r4, r3, #1
10003c68:	429e      	cmp	r6, r3
10003c6a:	d8f5      	bhi.n	10003c58 <_vsnprintf+0x5fc>
10003c6c:	0015      	movs	r5, r2
10003c6e:	e7ec      	b.n	10003c4a <_vsnprintf+0x5ee>
10003c70:	2321      	movs	r3, #33	@ 0x21
10003c72:	464a      	mov	r2, r9
10003c74:	431a      	orrs	r2, r3
10003c76:	0013      	movs	r3, r2
10003c78:	9a1c      	ldr	r2, [sp, #112]	@ 0x70
10003c7a:	1d11      	adds	r1, r2, #4
10003c7c:	911c      	str	r1, [sp, #112]	@ 0x70
10003c7e:	6812      	ldr	r2, [r2, #0]
10003c80:	9305      	str	r3, [sp, #20]
10003c82:	2308      	movs	r3, #8
10003c84:	9304      	str	r3, [sp, #16]
10003c86:	9403      	str	r4, [sp, #12]
10003c88:	3308      	adds	r3, #8
10003c8a:	9302      	str	r3, [sp, #8]
10003c8c:	2300      	movs	r3, #0
10003c8e:	9301      	str	r3, [sp, #4]
10003c90:	9200      	str	r2, [sp, #0]
10003c92:	465b      	mov	r3, fp
10003c94:	002a      	movs	r2, r5
10003c96:	4651      	mov	r1, sl
10003c98:	0038      	movs	r0, r7
10003c9a:	f7ff f844 	bl	10002d26 <_ntoa_long>
10003c9e:	0005      	movs	r5, r0
10003ca0:	9b11      	ldr	r3, [sp, #68]	@ 0x44
10003ca2:	3301      	adds	r3, #1
10003ca4:	9311      	str	r3, [sp, #68]	@ 0x44
10003ca6:	e4f2      	b.n	1000368e <_vsnprintf+0x32>
10003ca8:	1c6c      	adds	r4, r5, #1
10003caa:	465b      	mov	r3, fp
10003cac:	002a      	movs	r2, r5
10003cae:	4651      	mov	r1, sl
10003cb0:	2025      	movs	r0, #37	@ 0x25
10003cb2:	47b8      	blx	r7
10003cb4:	9b11      	ldr	r3, [sp, #68]	@ 0x44
10003cb6:	3301      	adds	r3, #1
10003cb8:	9311      	str	r3, [sp, #68]	@ 0x44
10003cba:	0025      	movs	r5, r4
10003cbc:	e4e7      	b.n	1000368e <_vsnprintf+0x32>
10003cbe:	1c6c      	adds	r4, r5, #1
10003cc0:	465b      	mov	r3, fp
10003cc2:	002a      	movs	r2, r5
10003cc4:	4651      	mov	r1, sl
10003cc6:	47b8      	blx	r7
10003cc8:	9b11      	ldr	r3, [sp, #68]	@ 0x44
10003cca:	3301      	adds	r3, #1
10003ccc:	9311      	str	r3, [sp, #68]	@ 0x44
10003cce:	0025      	movs	r5, r4
10003cd0:	e4dd      	b.n	1000368e <_vsnprintf+0x32>
10003cd2:	4f0a      	ldr	r7, [pc, #40]	@ (10003cfc <_vsnprintf+0x6a0>)
10003cd4:	e4d0      	b.n	10003678 <_vsnprintf+0x1c>
10003cd6:	455d      	cmp	r5, fp
10003cd8:	d30d      	bcc.n	10003cf6 <_vsnprintf+0x69a>
10003cda:	465b      	mov	r3, fp
10003cdc:	1e5a      	subs	r2, r3, #1
10003cde:	465b      	mov	r3, fp
10003ce0:	4651      	mov	r1, sl
10003ce2:	2000      	movs	r0, #0
10003ce4:	47b8      	blx	r7
10003ce6:	0028      	movs	r0, r5
10003ce8:	b013      	add	sp, #76	@ 0x4c
10003cea:	bcf0      	pop	{r4, r5, r6, r7}
10003cec:	46bb      	mov	fp, r7
10003cee:	46b2      	mov	sl, r6
10003cf0:	46a9      	mov	r9, r5
10003cf2:	46a0      	mov	r8, r4
10003cf4:	bdf0      	pop	{r4, r5, r6, r7, pc}
10003cf6:	002a      	movs	r2, r5
10003cf8:	e7f1      	b.n	10003cde <_vsnprintf+0x682>
10003cfa:	46c0      	nop			@ (mov r8, r8)
10003cfc:	10002b35 	.word	0x10002b35

10003d00 <vfctprintf>:
10003d00:	b510      	push	{r4, lr}
10003d02:	b084      	sub	sp, #16
10003d04:	000c      	movs	r4, r1
10003d06:	a902      	add	r1, sp, #8
10003d08:	9002      	str	r0, [sp, #8]
10003d0a:	604c      	str	r4, [r1, #4]
10003d0c:	2401      	movs	r4, #1
10003d0e:	4804      	ldr	r0, [pc, #16]	@ (10003d20 <vfctprintf+0x20>)
10003d10:	9300      	str	r3, [sp, #0]
10003d12:	0013      	movs	r3, r2
10003d14:	4262      	negs	r2, r4
10003d16:	f7ff fca1 	bl	1000365c <_vsnprintf>
10003d1a:	b004      	add	sp, #16
10003d1c:	bd10      	pop	{r4, pc}
10003d1e:	46c0      	nop			@ (mov r8, r8)
10003d20:	10002b37 	.word	0x10002b37

10003d24 <_exit>:
10003d24:	be00      	bkpt	0x0000
10003d26:	e7fd      	b.n	10003d24 <_exit>

10003d28 <exit>:
10003d28:	b510      	push	{r4, lr}
10003d2a:	f7ff fffb 	bl	10003d24 <_exit>
	...

10003d30 <__assert_func>:
10003d30:	b530      	push	{r4, r5, lr}
10003d32:	b083      	sub	sp, #12
10003d34:	000d      	movs	r5, r1
10003d36:	0019      	movs	r1, r3
10003d38:	2a00      	cmp	r2, #0
10003d3a:	d00b      	beq.n	10003d54 <__assert_func+0x24>
10003d3c:	4b07      	ldr	r3, [pc, #28]	@ (10003d5c <__assert_func+0x2c>)
10003d3e:	4c08      	ldr	r4, [pc, #32]	@ (10003d60 <__assert_func+0x30>)
10003d40:	9201      	str	r2, [sp, #4]
10003d42:	9300      	str	r3, [sp, #0]
10003d44:	002b      	movs	r3, r5
10003d46:	0002      	movs	r2, r0
10003d48:	0020      	movs	r0, r4
10003d4a:	f000 f963 	bl	10004014 <__wrap_printf>
10003d4e:	2001      	movs	r0, #1
10003d50:	f7ff ffe8 	bl	10003d24 <_exit>
10003d54:	4b03      	ldr	r3, [pc, #12]	@ (10003d64 <__assert_func+0x34>)
10003d56:	001a      	movs	r2, r3
10003d58:	e7f1      	b.n	10003d3e <__assert_func+0xe>
10003d5a:	46c0      	nop			@ (mov r8, r8)
10003d5c:	100071b0 	.word	0x100071b0
10003d60:	100071c0 	.word	0x100071c0
10003d64:	100071bc 	.word	0x100071bc

10003d68 <runtime_init>:
10003d68:	b510      	push	{r4, lr}
10003d6a:	f3ef 8305 	mrs	r3, IPSR
10003d6e:	2b00      	cmp	r3, #0
10003d70:	d000      	beq.n	10003d74 <runtime_init+0xc>
10003d72:	be00      	bkpt	0x0000
10003d74:	f7fd fec4 	bl	10001b00 <runtime_run_initializers>
10003d78:	4c03      	ldr	r4, [pc, #12]	@ (10003d88 <runtime_init+0x20>)
10003d7a:	e001      	b.n	10003d80 <runtime_init+0x18>
10003d7c:	cc08      	ldmia	r4!, {r3}
10003d7e:	4798      	blx	r3
10003d80:	4b02      	ldr	r3, [pc, #8]	@ (10003d8c <runtime_init+0x24>)
10003d82:	429c      	cmp	r4, r3
10003d84:	d3fa      	bcc.n	10003d7c <runtime_init+0x14>
10003d86:	bd10      	pop	{r4, pc}
10003d88:	10006a14 	.word	0x10006a14
10003d8c:	10006a20 	.word	0x10006a20

10003d90 <stdio_out_chars_no_crlf>:
10003d90:	b510      	push	{r4, lr}
10003d92:	0003      	movs	r3, r0
10003d94:	0008      	movs	r0, r1
10003d96:	0011      	movs	r1, r2
10003d98:	681b      	ldr	r3, [r3, #0]
10003d9a:	4798      	blx	r3
10003d9c:	bd10      	pop	{r4, pc}
	...

10003da0 <stdio_out_chars_crlf>:
10003da0:	b5f8      	push	{r3, r4, r5, r6, r7, lr}
10003da2:	0007      	movs	r7, r0
10003da4:	000d      	movs	r5, r1
10003da6:	0016      	movs	r6, r2
10003da8:	7d43      	ldrb	r3, [r0, #21]
10003daa:	2b00      	cmp	r3, #0
10003dac:	d002      	beq.n	10003db4 <stdio_out_chars_crlf+0x14>
10003dae:	2400      	movs	r4, #0
10003db0:	2000      	movs	r0, #0
10003db2:	e00c      	b.n	10003dce <stdio_out_chars_crlf+0x2e>
10003db4:	6803      	ldr	r3, [r0, #0]
10003db6:	0011      	movs	r1, r2
10003db8:	0028      	movs	r0, r5
10003dba:	4798      	blx	r3
10003dbc:	e02d      	b.n	10003e1a <stdio_out_chars_crlf+0x7a>
10003dbe:	7d3b      	ldrb	r3, [r7, #20]
10003dc0:	e010      	b.n	10003de4 <stdio_out_chars_crlf+0x44>
10003dc2:	683b      	ldr	r3, [r7, #0]
10003dc4:	4815      	ldr	r0, [pc, #84]	@ (10003e1c <stdio_out_chars_crlf+0x7c>)
10003dc6:	2102      	movs	r1, #2
10003dc8:	4798      	blx	r3
10003dca:	1c60      	adds	r0, r4, #1
10003dcc:	3401      	adds	r4, #1
10003dce:	42b4      	cmp	r4, r6
10003dd0:	da14      	bge.n	10003dfc <stdio_out_chars_crlf+0x5c>
10003dd2:	2c00      	cmp	r4, #0
10003dd4:	ddf3      	ble.n	10003dbe <stdio_out_chars_crlf+0x1e>
10003dd6:	192b      	adds	r3, r5, r4
10003dd8:	3b01      	subs	r3, #1
10003dda:	781b      	ldrb	r3, [r3, #0]
10003ddc:	3b0d      	subs	r3, #13
10003dde:	425a      	negs	r2, r3
10003de0:	4153      	adcs	r3, r2
10003de2:	b2db      	uxtb	r3, r3
10003de4:	5d2a      	ldrb	r2, [r5, r4]
10003de6:	2a0a      	cmp	r2, #10
10003de8:	d1f0      	bne.n	10003dcc <stdio_out_chars_crlf+0x2c>
10003dea:	2b00      	cmp	r3, #0
10003dec:	d1ee      	bne.n	10003dcc <stdio_out_chars_crlf+0x2c>
10003dee:	42a0      	cmp	r0, r4
10003df0:	dae7      	bge.n	10003dc2 <stdio_out_chars_crlf+0x22>
10003df2:	683b      	ldr	r3, [r7, #0]
10003df4:	1a21      	subs	r1, r4, r0
10003df6:	1828      	adds	r0, r5, r0
10003df8:	4798      	blx	r3
10003dfa:	e7e2      	b.n	10003dc2 <stdio_out_chars_crlf+0x22>
10003dfc:	42b0      	cmp	r0, r6
10003dfe:	da03      	bge.n	10003e08 <stdio_out_chars_crlf+0x68>
10003e00:	683b      	ldr	r3, [r7, #0]
10003e02:	1a31      	subs	r1, r6, r0
10003e04:	1828      	adds	r0, r5, r0
10003e06:	4798      	blx	r3
10003e08:	2e00      	cmp	r6, #0
10003e0a:	dd06      	ble.n	10003e1a <stdio_out_chars_crlf+0x7a>
10003e0c:	19ad      	adds	r5, r5, r6
10003e0e:	3d01      	subs	r5, #1
10003e10:	782b      	ldrb	r3, [r5, #0]
10003e12:	3b0d      	subs	r3, #13
10003e14:	425a      	negs	r2, r3
10003e16:	4153      	adcs	r3, r2
10003e18:	753b      	strb	r3, [r7, #20]
10003e1a:	bdf8      	pop	{r3, r4, r5, r6, r7, pc}
10003e1c:	10007ad8 	.word	0x10007ad8

10003e20 <stdio_stack_buffer_flush>:
10003e20:	b570      	push	{r4, r5, r6, lr}
10003e22:	0005      	movs	r5, r0
10003e24:	6803      	ldr	r3, [r0, #0]
10003e26:	2b00      	cmp	r3, #0
10003e28:	d016      	beq.n	10003e58 <stdio_stack_buffer_flush+0x38>
10003e2a:	4b0c      	ldr	r3, [pc, #48]	@ (10003e5c <stdio_stack_buffer_flush+0x3c>)
10003e2c:	681c      	ldr	r4, [r3, #0]
10003e2e:	e005      	b.n	10003e3c <stdio_stack_buffer_flush+0x1c>
10003e30:	0029      	movs	r1, r5
10003e32:	c904      	ldmia	r1!, {r2}
10003e34:	0020      	movs	r0, r4
10003e36:	f7ff ffb3 	bl	10003da0 <stdio_out_chars_crlf>
10003e3a:	6924      	ldr	r4, [r4, #16]
10003e3c:	2c00      	cmp	r4, #0
10003e3e:	d009      	beq.n	10003e54 <stdio_stack_buffer_flush+0x34>
10003e40:	6823      	ldr	r3, [r4, #0]
10003e42:	2b00      	cmp	r3, #0
10003e44:	d0f9      	beq.n	10003e3a <stdio_stack_buffer_flush+0x1a>
10003e46:	4b06      	ldr	r3, [pc, #24]	@ (10003e60 <stdio_stack_buffer_flush+0x40>)
10003e48:	681b      	ldr	r3, [r3, #0]
10003e4a:	2b00      	cmp	r3, #0
10003e4c:	d0f0      	beq.n	10003e30 <stdio_stack_buffer_flush+0x10>
10003e4e:	42a3      	cmp	r3, r4
10003e50:	d1f3      	bne.n	10003e3a <stdio_stack_buffer_flush+0x1a>
10003e52:	e7ed      	b.n	10003e30 <stdio_stack_buffer_flush+0x10>
10003e54:	2300      	movs	r3, #0
10003e56:	602b      	str	r3, [r5, #0]
10003e58:	bd70      	pop	{r4, r5, r6, pc}
10003e5a:	46c0      	nop			@ (mov r8, r8)
10003e5c:	20002bc0 	.word	0x20002bc0
10003e60:	20002bc8 	.word	0x20002bc8

10003e64 <stdio_buffered_printer>:
10003e64:	b570      	push	{r4, r5, r6, lr}
10003e66:	0005      	movs	r5, r0
10003e68:	000c      	movs	r4, r1
10003e6a:	680b      	ldr	r3, [r1, #0]
10003e6c:	2b80      	cmp	r3, #128	@ 0x80
10003e6e:	d005      	beq.n	10003e7c <stdio_buffered_printer+0x18>
10003e70:	6823      	ldr	r3, [r4, #0]
10003e72:	1c5a      	adds	r2, r3, #1
10003e74:	6022      	str	r2, [r4, #0]
10003e76:	18e4      	adds	r4, r4, r3
10003e78:	7125      	strb	r5, [r4, #4]
10003e7a:	bd70      	pop	{r4, r5, r6, pc}
10003e7c:	0008      	movs	r0, r1
10003e7e:	f7ff ffcf 	bl	10003e20 <stdio_stack_buffer_flush>
10003e82:	e7f5      	b.n	10003e70 <stdio_buffered_printer+0xc>

10003e84 <stdout_serialize_begin>:
10003e84:	b510      	push	{r4, lr}
10003e86:	f7fd fbfb 	bl	10001680 <time_us_64>
10003e8a:	4a07      	ldr	r2, [pc, #28]	@ (10003ea8 <stdout_serialize_begin+0x24>)
10003e8c:	2300      	movs	r3, #0
10003e8e:	1812      	adds	r2, r2, r0
10003e90:	414b      	adcs	r3, r1
10003e92:	2b00      	cmp	r3, #0
10003e94:	db03      	blt.n	10003e9e <stdout_serialize_begin+0x1a>
10003e96:	4805      	ldr	r0, [pc, #20]	@ (10003eac <stdout_serialize_begin+0x28>)
10003e98:	f002 fd6e 	bl	10006978 <__mutex_try_enter_block_until_veneer>
10003e9c:	bd10      	pop	{r4, pc}
10003e9e:	2201      	movs	r2, #1
10003ea0:	4252      	negs	r2, r2
10003ea2:	4b03      	ldr	r3, [pc, #12]	@ (10003eb0 <stdout_serialize_begin+0x2c>)
10003ea4:	e7f7      	b.n	10003e96 <stdout_serialize_begin+0x12>
10003ea6:	46c0      	nop			@ (mov r8, r8)
10003ea8:	000f4240 	.word	0x000f4240
10003eac:	20000cc4 	.word	0x20000cc4
10003eb0:	7fffffff 	.word	0x7fffffff

10003eb4 <stdout_serialize_end>:
10003eb4:	b510      	push	{r4, lr}
10003eb6:	4802      	ldr	r0, [pc, #8]	@ (10003ec0 <stdout_serialize_end+0xc>)
10003eb8:	f002 fd36 	bl	10006928 <__mutex_exit_veneer>
10003ebc:	bd10      	pop	{r4, pc}
10003ebe:	46c0      	nop			@ (mov r8, r8)
10003ec0:	20000cc4 	.word	0x20000cc4

10003ec4 <stdio_put_string>:
10003ec4:	b5f0      	push	{r4, r5, r6, r7, lr}
10003ec6:	46ce      	mov	lr, r9
10003ec8:	4647      	mov	r7, r8
10003eca:	b580      	push	{r7, lr}
10003ecc:	b083      	sub	sp, #12
10003ece:	0006      	movs	r6, r0
10003ed0:	000d      	movs	r5, r1
10003ed2:	4690      	mov	r8, r2
10003ed4:	001c      	movs	r4, r3
10003ed6:	f7ff ffd5 	bl	10003e84 <stdout_serialize_begin>
10003eda:	4681      	mov	r9, r0
10003edc:	1c6b      	adds	r3, r5, #1
10003ede:	d005      	beq.n	10003eec <stdio_put_string+0x28>
10003ee0:	2c00      	cmp	r4, #0
10003ee2:	d008      	beq.n	10003ef6 <stdio_put_string+0x32>
10003ee4:	4f18      	ldr	r7, [pc, #96]	@ (10003f48 <stdio_put_string+0x84>)
10003ee6:	4b19      	ldr	r3, [pc, #100]	@ (10003f4c <stdio_put_string+0x88>)
10003ee8:	681c      	ldr	r4, [r3, #0]
10003eea:	e007      	b.n	10003efc <stdio_put_string+0x38>
10003eec:	0030      	movs	r0, r6
10003eee:	f002 fc83 	bl	100067f8 <strlen>
10003ef2:	0005      	movs	r5, r0
10003ef4:	e7f4      	b.n	10003ee0 <stdio_put_string+0x1c>
10003ef6:	4f16      	ldr	r7, [pc, #88]	@ (10003f50 <stdio_put_string+0x8c>)
10003ef8:	e7f5      	b.n	10003ee6 <stdio_put_string+0x22>
10003efa:	6924      	ldr	r4, [r4, #16]
10003efc:	2c00      	cmp	r4, #0
10003efe:	d017      	beq.n	10003f30 <stdio_put_string+0x6c>
10003f00:	6823      	ldr	r3, [r4, #0]
10003f02:	2b00      	cmp	r3, #0
10003f04:	d0f9      	beq.n	10003efa <stdio_put_string+0x36>
10003f06:	4b13      	ldr	r3, [pc, #76]	@ (10003f54 <stdio_put_string+0x90>)
10003f08:	681b      	ldr	r3, [r3, #0]
10003f0a:	2b00      	cmp	r3, #0
10003f0c:	d001      	beq.n	10003f12 <stdio_put_string+0x4e>
10003f0e:	42a3      	cmp	r3, r4
10003f10:	d1f3      	bne.n	10003efa <stdio_put_string+0x36>
10003f12:	002a      	movs	r2, r5
10003f14:	0031      	movs	r1, r6
10003f16:	0020      	movs	r0, r4
10003f18:	47b8      	blx	r7
10003f1a:	4643      	mov	r3, r8
10003f1c:	2b00      	cmp	r3, #0
10003f1e:	d0ec      	beq.n	10003efa <stdio_put_string+0x36>
10003f20:	466b      	mov	r3, sp
10003f22:	1dd9      	adds	r1, r3, #7
10003f24:	230a      	movs	r3, #10
10003f26:	700b      	strb	r3, [r1, #0]
10003f28:	2201      	movs	r2, #1
10003f2a:	0020      	movs	r0, r4
10003f2c:	47b8      	blx	r7
10003f2e:	e7e4      	b.n	10003efa <stdio_put_string+0x36>
10003f30:	464b      	mov	r3, r9
10003f32:	2b00      	cmp	r3, #0
10003f34:	d105      	bne.n	10003f42 <stdio_put_string+0x7e>
10003f36:	0028      	movs	r0, r5
10003f38:	b003      	add	sp, #12
10003f3a:	bcc0      	pop	{r6, r7}
10003f3c:	46b9      	mov	r9, r7
10003f3e:	46b0      	mov	r8, r6
10003f40:	bdf0      	pop	{r4, r5, r6, r7, pc}
10003f42:	f7ff ffb7 	bl	10003eb4 <stdout_serialize_end>
10003f46:	e7f6      	b.n	10003f36 <stdio_put_string+0x72>
10003f48:	10003da1 	.word	0x10003da1
10003f4c:	20002bc0 	.word	0x20002bc0
10003f50:	10003d91 	.word	0x10003d91
10003f54:	20002bc8 	.word	0x20002bc8

10003f58 <stdio_set_driver_enabled>:
10003f58:	4a0a      	ldr	r2, [pc, #40]	@ (10003f84 <stdio_set_driver_enabled+0x2c>)
10003f5a:	6813      	ldr	r3, [r2, #0]
10003f5c:	e002      	b.n	10003f64 <stdio_set_driver_enabled+0xc>
10003f5e:	001a      	movs	r2, r3
10003f60:	3210      	adds	r2, #16
10003f62:	691b      	ldr	r3, [r3, #16]
10003f64:	2b00      	cmp	r3, #0
10003f66:	d009      	beq.n	10003f7c <stdio_set_driver_enabled+0x24>
10003f68:	6813      	ldr	r3, [r2, #0]
10003f6a:	4283      	cmp	r3, r0
10003f6c:	d1f7      	bne.n	10003f5e <stdio_set_driver_enabled+0x6>
10003f6e:	2900      	cmp	r1, #0
10003f70:	d107      	bne.n	10003f82 <stdio_set_driver_enabled+0x2a>
10003f72:	6903      	ldr	r3, [r0, #16]
10003f74:	6013      	str	r3, [r2, #0]
10003f76:	2300      	movs	r3, #0
10003f78:	6103      	str	r3, [r0, #16]
10003f7a:	e002      	b.n	10003f82 <stdio_set_driver_enabled+0x2a>
10003f7c:	2900      	cmp	r1, #0
10003f7e:	d000      	beq.n	10003f82 <stdio_set_driver_enabled+0x2a>
10003f80:	6010      	str	r0, [r2, #0]
10003f82:	4770      	bx	lr
10003f84:	20002bc0 	.word	0x20002bc0

10003f88 <stdio_flush>:
10003f88:	b510      	push	{r4, lr}
10003f8a:	4b06      	ldr	r3, [pc, #24]	@ (10003fa4 <stdio_flush+0x1c>)
10003f8c:	681c      	ldr	r4, [r3, #0]
10003f8e:	e000      	b.n	10003f92 <stdio_flush+0xa>
10003f90:	6924      	ldr	r4, [r4, #16]
10003f92:	2c00      	cmp	r4, #0
10003f94:	d004      	beq.n	10003fa0 <stdio_flush+0x18>
10003f96:	6863      	ldr	r3, [r4, #4]
10003f98:	2b00      	cmp	r3, #0
10003f9a:	d0f9      	beq.n	10003f90 <stdio_flush+0x8>
10003f9c:	4798      	blx	r3
10003f9e:	e7f7      	b.n	10003f90 <stdio_flush+0x8>
10003fa0:	bd10      	pop	{r4, pc}
10003fa2:	46c0      	nop			@ (mov r8, r8)
10003fa4:	20002bc0 	.word	0x20002bc0

10003fa8 <stdio_init_all>:
10003fa8:	b510      	push	{r4, lr}
10003faa:	f000 f945 	bl	10004238 <stdio_uart_init>
10003fae:	f000 f98b 	bl	100042c8 <stdio_usb_init>
10003fb2:	2001      	movs	r0, #1
10003fb4:	bd10      	pop	{r4, pc}

10003fb6 <__wrap_puts>:
10003fb6:	b570      	push	{r4, r5, r6, lr}
10003fb8:	0005      	movs	r5, r0
10003fba:	f002 fc1d 	bl	100067f8 <strlen>
10003fbe:	0004      	movs	r4, r0
10003fc0:	2301      	movs	r3, #1
10003fc2:	2201      	movs	r2, #1
10003fc4:	0001      	movs	r1, r0
10003fc6:	0028      	movs	r0, r5
10003fc8:	f7ff ff7c 	bl	10003ec4 <stdio_put_string>
10003fcc:	f7ff ffdc 	bl	10003f88 <stdio_flush>
10003fd0:	0020      	movs	r0, r4
10003fd2:	bd70      	pop	{r4, r5, r6, pc}

10003fd4 <__wrap_vprintf>:
10003fd4:	b5f0      	push	{r4, r5, r6, r7, lr}
10003fd6:	b0a3      	sub	sp, #140	@ 0x8c
10003fd8:	0004      	movs	r4, r0
10003fda:	000e      	movs	r6, r1
10003fdc:	f7ff ff52 	bl	10003e84 <stdout_serialize_begin>
10003fe0:	0005      	movs	r5, r0
10003fe2:	af01      	add	r7, sp, #4
10003fe4:	2300      	movs	r3, #0
10003fe6:	9301      	str	r3, [sp, #4]
10003fe8:	4809      	ldr	r0, [pc, #36]	@ (10004010 <__wrap_vprintf+0x3c>)
10003fea:	0033      	movs	r3, r6
10003fec:	0022      	movs	r2, r4
10003fee:	0039      	movs	r1, r7
10003ff0:	f7ff fe86 	bl	10003d00 <vfctprintf>
10003ff4:	0004      	movs	r4, r0
10003ff6:	0038      	movs	r0, r7
10003ff8:	f7ff ff12 	bl	10003e20 <stdio_stack_buffer_flush>
10003ffc:	f7ff ffc4 	bl	10003f88 <stdio_flush>
10004000:	2d00      	cmp	r5, #0
10004002:	d102      	bne.n	1000400a <__wrap_vprintf+0x36>
10004004:	0020      	movs	r0, r4
10004006:	b023      	add	sp, #140	@ 0x8c
10004008:	bdf0      	pop	{r4, r5, r6, r7, pc}
1000400a:	f7ff ff53 	bl	10003eb4 <stdout_serialize_end>
1000400e:	e7f9      	b.n	10004004 <__wrap_vprintf+0x30>
10004010:	10003e65 	.word	0x10003e65

10004014 <__wrap_printf>:
10004014:	b40f      	push	{r0, r1, r2, r3}
10004016:	b500      	push	{lr}
10004018:	b083      	sub	sp, #12
1000401a:	a904      	add	r1, sp, #16
1000401c:	c901      	ldmia	r1!, {r0}
1000401e:	9101      	str	r1, [sp, #4]
10004020:	f7ff ffd8 	bl	10003fd4 <__wrap_vprintf>
10004024:	b003      	add	sp, #12
10004026:	bc08      	pop	{r3}
10004028:	b004      	add	sp, #16
1000402a:	4718      	bx	r3

1000402c <uart_putc>:
1000402c:	b510      	push	{r4, lr}
1000402e:	b082      	sub	sp, #8
10004030:	000c      	movs	r4, r1
10004032:	4b14      	ldr	r3, [pc, #80]	@ (10004084 <uart_putc+0x58>)
10004034:	18c3      	adds	r3, r0, r3
10004036:	425a      	negs	r2, r3
10004038:	4153      	adcs	r3, r2
1000403a:	4a13      	ldr	r2, [pc, #76]	@ (10004088 <uart_putc+0x5c>)
1000403c:	005b      	lsls	r3, r3, #1
1000403e:	5e9b      	ldrsh	r3, [r3, r2]
10004040:	428b      	cmp	r3, r1
10004042:	d004      	beq.n	1000404e <uart_putc+0x22>
10004044:	466b      	mov	r3, sp
10004046:	1dda      	adds	r2, r3, #7
10004048:	7014      	strb	r4, [r2, #0]
1000404a:	2100      	movs	r1, #0
1000404c:	e015      	b.n	1000407a <uart_putc+0x4e>
1000404e:	466b      	mov	r3, sp
10004050:	1dda      	adds	r2, r3, #7
10004052:	230d      	movs	r3, #13
10004054:	7013      	strb	r3, [r2, #0]
10004056:	2100      	movs	r1, #0
10004058:	2900      	cmp	r1, #0
1000405a:	d1f3      	bne.n	10004044 <uart_putc+0x18>
1000405c:	6983      	ldr	r3, [r0, #24]
1000405e:	069b      	lsls	r3, r3, #26
10004060:	d4fc      	bmi.n	1000405c <uart_putc+0x30>
10004062:	7813      	ldrb	r3, [r2, #0]
10004064:	6003      	str	r3, [r0, #0]
10004066:	3101      	adds	r1, #1
10004068:	3201      	adds	r2, #1
1000406a:	e7f5      	b.n	10004058 <uart_putc+0x2c>
1000406c:	6983      	ldr	r3, [r0, #24]
1000406e:	069b      	lsls	r3, r3, #26
10004070:	d4fc      	bmi.n	1000406c <uart_putc+0x40>
10004072:	7813      	ldrb	r3, [r2, #0]
10004074:	6003      	str	r3, [r0, #0]
10004076:	3101      	adds	r1, #1
10004078:	3201      	adds	r2, #1
1000407a:	2900      	cmp	r1, #0
1000407c:	d0f6      	beq.n	1000406c <uart_putc+0x40>
1000407e:	b002      	add	sp, #8
10004080:	bd10      	pop	{r4, pc}
10004082:	46c0      	nop			@ (mov r8, r8)
10004084:	bffc8000 	.word	0xbffc8000
10004088:	2000321c 	.word	0x2000321c

1000408c <uart_getc>:
1000408c:	b082      	sub	sp, #8
1000408e:	2200      	movs	r2, #0
10004090:	466b      	mov	r3, sp
10004092:	1dd9      	adds	r1, r3, #7
10004094:	e006      	b.n	100040a4 <uart_getc+0x18>
10004096:	6983      	ldr	r3, [r0, #24]
10004098:	06db      	lsls	r3, r3, #27
1000409a:	d4fc      	bmi.n	10004096 <uart_getc+0xa>
1000409c:	6803      	ldr	r3, [r0, #0]
1000409e:	700b      	strb	r3, [r1, #0]
100040a0:	3201      	adds	r2, #1
100040a2:	3101      	adds	r1, #1
100040a4:	2a00      	cmp	r2, #0
100040a6:	d0f6      	beq.n	10004096 <uart_getc+0xa>
100040a8:	466b      	mov	r3, sp
100040aa:	79d8      	ldrb	r0, [r3, #7]
100040ac:	b002      	add	sp, #8
100040ae:	4770      	bx	lr

100040b0 <stdio_uart_out_chars>:
100040b0:	b570      	push	{r4, r5, r6, lr}
100040b2:	0006      	movs	r6, r0
100040b4:	000d      	movs	r5, r1
100040b6:	2400      	movs	r4, #0
100040b8:	e005      	b.n	100040c6 <stdio_uart_out_chars+0x16>
100040ba:	5d31      	ldrb	r1, [r6, r4]
100040bc:	4b03      	ldr	r3, [pc, #12]	@ (100040cc <stdio_uart_out_chars+0x1c>)
100040be:	6818      	ldr	r0, [r3, #0]
100040c0:	f7ff ffb4 	bl	1000402c <uart_putc>
100040c4:	3401      	adds	r4, #1
100040c6:	42ac      	cmp	r4, r5
100040c8:	dbf7      	blt.n	100040ba <stdio_uart_out_chars+0xa>
100040ca:	bd70      	pop	{r4, r5, r6, pc}
100040cc:	20003220 	.word	0x20003220

100040d0 <stdio_uart_in_chars>:
100040d0:	b5f8      	push	{r3, r4, r5, r6, r7, lr}
100040d2:	0006      	movs	r6, r0
100040d4:	000d      	movs	r5, r1
100040d6:	2700      	movs	r7, #0
100040d8:	e005      	b.n	100040e6 <stdio_uart_in_chars+0x16>
100040da:	1c7c      	adds	r4, r7, #1
100040dc:	19f7      	adds	r7, r6, r7
100040de:	f7ff ffd5 	bl	1000408c <uart_getc>
100040e2:	7038      	strb	r0, [r7, #0]
100040e4:	0027      	movs	r7, r4
100040e6:	42af      	cmp	r7, r5
100040e8:	da04      	bge.n	100040f4 <stdio_uart_in_chars+0x24>
100040ea:	4a0d      	ldr	r2, [pc, #52]	@ (10004120 <stdio_uart_in_chars+0x50>)
100040ec:	6810      	ldr	r0, [r2, #0]
100040ee:	6982      	ldr	r2, [r0, #24]
100040f0:	06d2      	lsls	r2, r2, #27
100040f2:	d5f2      	bpl.n	100040da <stdio_uart_in_chars+0xa>
100040f4:	4a0b      	ldr	r2, [pc, #44]	@ (10004124 <stdio_uart_in_chars+0x54>)
100040f6:	6812      	ldr	r2, [r2, #0]
100040f8:	2a00      	cmp	r2, #0
100040fa:	d00a      	beq.n	10004112 <stdio_uart_in_chars+0x42>
100040fc:	4a08      	ldr	r2, [pc, #32]	@ (10004120 <stdio_uart_in_chars+0x50>)
100040fe:	6812      	ldr	r2, [r2, #0]
10004100:	2150      	movs	r1, #80	@ 0x50
10004102:	6391      	str	r1, [r2, #56]	@ 0x38
10004104:	6b50      	ldr	r0, [r2, #52]	@ 0x34
10004106:	3918      	subs	r1, #24
10004108:	4001      	ands	r1, r0
1000410a:	4b07      	ldr	r3, [pc, #28]	@ (10004128 <stdio_uart_in_chars+0x58>)
1000410c:	469c      	mov	ip, r3
1000410e:	4462      	add	r2, ip
10004110:	6011      	str	r1, [r2, #0]
10004112:	2f00      	cmp	r7, #0
10004114:	d001      	beq.n	1000411a <stdio_uart_in_chars+0x4a>
10004116:	0038      	movs	r0, r7
10004118:	bdf8      	pop	{r3, r4, r5, r6, r7, pc}
1000411a:	3f03      	subs	r7, #3
1000411c:	e7fb      	b.n	10004116 <stdio_uart_in_chars+0x46>
1000411e:	46c0      	nop			@ (mov r8, r8)
10004120:	20003220 	.word	0x20003220
10004124:	20002b40 	.word	0x20002b40
10004128:	00001034 	.word	0x00001034

1000412c <on_uart_rx>:
1000412c:	b510      	push	{r4, lr}
1000412e:	4b06      	ldr	r3, [pc, #24]	@ (10004148 <on_uart_rx+0x1c>)
10004130:	681b      	ldr	r3, [r3, #0]
10004132:	2b00      	cmp	r3, #0
10004134:	d006      	beq.n	10004144 <on_uart_rx+0x18>
10004136:	4a05      	ldr	r2, [pc, #20]	@ (1000414c <on_uart_rx+0x20>)
10004138:	6812      	ldr	r2, [r2, #0]
1000413a:	2100      	movs	r1, #0
1000413c:	6391      	str	r1, [r2, #56]	@ 0x38
1000413e:	4a04      	ldr	r2, [pc, #16]	@ (10004150 <on_uart_rx+0x24>)
10004140:	6810      	ldr	r0, [r2, #0]
10004142:	4798      	blx	r3
10004144:	bd10      	pop	{r4, pc}
10004146:	46c0      	nop			@ (mov r8, r8)
10004148:	20002b40 	.word	0x20002b40
1000414c:	20003220 	.word	0x20003220
10004150:	20002b48 	.word	0x20002b48

10004154 <stdio_uart_out_flush>:
10004154:	4b02      	ldr	r3, [pc, #8]	@ (10004160 <stdio_uart_out_flush+0xc>)
10004156:	681a      	ldr	r2, [r3, #0]
10004158:	6993      	ldr	r3, [r2, #24]
1000415a:	071b      	lsls	r3, r3, #28
1000415c:	d4fc      	bmi.n	10004158 <stdio_uart_out_flush+0x4>
1000415e:	4770      	bx	lr
10004160:	20003220 	.word	0x20003220

10004164 <stdio_uart_set_chars_available_callback>:
10004164:	b570      	push	{r4, r5, r6, lr}
10004166:	4b1d      	ldr	r3, [pc, #116]	@ (100041dc <stdio_uart_set_chars_available_callback+0x78>)
10004168:	681b      	ldr	r3, [r3, #0]
1000416a:	4a1d      	ldr	r2, [pc, #116]	@ (100041e0 <stdio_uart_set_chars_available_callback+0x7c>)
1000416c:	4293      	cmp	r3, r2
1000416e:	d007      	beq.n	10004180 <stdio_uart_set_chars_available_callback+0x1c>
10004170:	2414      	movs	r4, #20
10004172:	2800      	cmp	r0, #0
10004174:	d01e      	beq.n	100041b4 <stdio_uart_set_chars_available_callback+0x50>
10004176:	4b1b      	ldr	r3, [pc, #108]	@ (100041e4 <stdio_uart_set_chars_available_callback+0x80>)
10004178:	681b      	ldr	r3, [r3, #0]
1000417a:	2b00      	cmp	r3, #0
1000417c:	d002      	beq.n	10004184 <stdio_uart_set_chars_available_callback+0x20>
1000417e:	bd70      	pop	{r4, r5, r6, pc}
10004180:	2415      	movs	r4, #21
10004182:	e7f6      	b.n	10004172 <stdio_uart_set_chars_available_callback+0xe>
10004184:	4b17      	ldr	r3, [pc, #92]	@ (100041e4 <stdio_uart_set_chars_available_callback+0x80>)
10004186:	6018      	str	r0, [r3, #0]
10004188:	4b17      	ldr	r3, [pc, #92]	@ (100041e8 <stdio_uart_set_chars_available_callback+0x84>)
1000418a:	6019      	str	r1, [r3, #0]
1000418c:	4917      	ldr	r1, [pc, #92]	@ (100041ec <stdio_uart_set_chars_available_callback+0x88>)
1000418e:	0020      	movs	r0, r4
10004190:	f7fc fbdc 	bl	1000094c <irq_set_exclusive_handler>
10004194:	2101      	movs	r1, #1
10004196:	0020      	movs	r0, r4
10004198:	f7fc fbc6 	bl	10000928 <irq_set_enabled>
1000419c:	4b0f      	ldr	r3, [pc, #60]	@ (100041dc <stdio_uart_set_chars_available_callback+0x78>)
1000419e:	681b      	ldr	r3, [r3, #0]
100041a0:	2250      	movs	r2, #80	@ 0x50
100041a2:	639a      	str	r2, [r3, #56]	@ 0x38
100041a4:	6b59      	ldr	r1, [r3, #52]	@ 0x34
100041a6:	3a18      	subs	r2, #24
100041a8:	400a      	ands	r2, r1
100041aa:	4911      	ldr	r1, [pc, #68]	@ (100041f0 <stdio_uart_set_chars_available_callback+0x8c>)
100041ac:	468c      	mov	ip, r1
100041ae:	4463      	add	r3, ip
100041b0:	601a      	str	r2, [r3, #0]
100041b2:	e7e4      	b.n	1000417e <stdio_uart_set_chars_available_callback+0x1a>
100041b4:	4a0b      	ldr	r2, [pc, #44]	@ (100041e4 <stdio_uart_set_chars_available_callback+0x80>)
100041b6:	6812      	ldr	r2, [r2, #0]
100041b8:	2a00      	cmp	r2, #0
100041ba:	d0e0      	beq.n	1000417e <stdio_uart_set_chars_available_callback+0x1a>
100041bc:	2500      	movs	r5, #0
100041be:	639d      	str	r5, [r3, #56]	@ 0x38
100041c0:	2100      	movs	r1, #0
100041c2:	0020      	movs	r0, r4
100041c4:	f7fc fbb0 	bl	10000928 <irq_set_enabled>
100041c8:	4908      	ldr	r1, [pc, #32]	@ (100041ec <stdio_uart_set_chars_available_callback+0x88>)
100041ca:	0020      	movs	r0, r4
100041cc:	f7fc fcf4 	bl	10000bb8 <irq_remove_handler>
100041d0:	4b04      	ldr	r3, [pc, #16]	@ (100041e4 <stdio_uart_set_chars_available_callback+0x80>)
100041d2:	601d      	str	r5, [r3, #0]
100041d4:	4b04      	ldr	r3, [pc, #16]	@ (100041e8 <stdio_uart_set_chars_available_callback+0x84>)
100041d6:	601d      	str	r5, [r3, #0]
100041d8:	e7d1      	b.n	1000417e <stdio_uart_set_chars_available_callback+0x1a>
100041da:	46c0      	nop			@ (mov r8, r8)
100041dc:	20003220 	.word	0x20003220
100041e0:	40038000 	.word	0x40038000
100041e4:	20002b40 	.word	0x20002b40
100041e8:	20002b48 	.word	0x20002b48
100041ec:	1000412d 	.word	0x1000412d
100041f0:	00001034 	.word	0x00001034

100041f4 <stdio_uart_init_full>:
100041f4:	b570      	push	{r4, r5, r6, lr}
100041f6:	000d      	movs	r5, r1
100041f8:	001c      	movs	r4, r3
100041fa:	4b0d      	ldr	r3, [pc, #52]	@ (10004230 <stdio_uart_init_full+0x3c>)
100041fc:	6018      	str	r0, [r3, #0]
100041fe:	2a00      	cmp	r2, #0
10004200:	da0b      	bge.n	1000421a <stdio_uart_init_full+0x26>
10004202:	2c00      	cmp	r4, #0
10004204:	da0e      	bge.n	10004224 <stdio_uart_init_full+0x30>
10004206:	4b0a      	ldr	r3, [pc, #40]	@ (10004230 <stdio_uart_init_full+0x3c>)
10004208:	6818      	ldr	r0, [r3, #0]
1000420a:	0029      	movs	r1, r5
1000420c:	f7fd fad6 	bl	100017bc <uart_init>
10004210:	4808      	ldr	r0, [pc, #32]	@ (10004234 <stdio_uart_init_full+0x40>)
10004212:	2101      	movs	r1, #1
10004214:	f7ff fea0 	bl	10003f58 <stdio_set_driver_enabled>
10004218:	bd70      	pop	{r4, r5, r6, pc}
1000421a:	2102      	movs	r1, #2
1000421c:	0010      	movs	r0, r2
1000421e:	f7fc f9f7 	bl	10000610 <gpio_set_function>
10004222:	e7ee      	b.n	10004202 <stdio_uart_init_full+0xe>
10004224:	2102      	movs	r1, #2
10004226:	0020      	movs	r0, r4
10004228:	f7fc f9f2 	bl	10000610 <gpio_set_function>
1000422c:	e7eb      	b.n	10004206 <stdio_uart_init_full+0x12>
1000422e:	46c0      	nop			@ (mov r8, r8)
10004230:	20003220 	.word	0x20003220
10004234:	20000c70 	.word	0x20000c70

10004238 <stdio_uart_init>:
10004238:	b510      	push	{r4, lr}
1000423a:	4b07      	ldr	r3, [pc, #28]	@ (10004258 <stdio_uart_init+0x20>)
1000423c:	781b      	ldrb	r3, [r3, #0]
1000423e:	4b07      	ldr	r3, [pc, #28]	@ (1000425c <stdio_uart_init+0x24>)
10004240:	781b      	ldrb	r3, [r3, #0]
10004242:	4b07      	ldr	r3, [pc, #28]	@ (10004260 <stdio_uart_init+0x28>)
10004244:	781b      	ldrb	r3, [r3, #0]
10004246:	21e1      	movs	r1, #225	@ 0xe1
10004248:	2301      	movs	r3, #1
1000424a:	2200      	movs	r2, #0
1000424c:	0249      	lsls	r1, r1, #9
1000424e:	4805      	ldr	r0, [pc, #20]	@ (10004264 <stdio_uart_init+0x2c>)
10004250:	f7ff ffd0 	bl	100041f4 <stdio_uart_init_full>
10004254:	bd10      	pop	{r4, pc}
10004256:	46c0      	nop			@ (mov r8, r8)
10004258:	10007dcc 	.word	0x10007dcc
1000425c:	10007dc8 	.word	0x10007dc8
10004260:	10007dc4 	.word	0x10007dc4
10004264:	40034000 	.word	0x40034000

10004268 <stdio_usb_set_chars_available_callback>:
10004268:	4b02      	ldr	r3, [pc, #8]	@ (10004274 <stdio_usb_set_chars_available_callback+0xc>)
1000426a:	6018      	str	r0, [r3, #0]
1000426c:	4b02      	ldr	r3, [pc, #8]	@ (10004278 <stdio_usb_set_chars_available_callback+0x10>)
1000426e:	6019      	str	r1, [r3, #0]
10004270:	4770      	bx	lr
10004272:	46c0      	nop			@ (mov r8, r8)
10004274:	20002b44 	.word	0x20002b44
10004278:	20002b4c 	.word	0x20002b4c

1000427c <stdio_usb_out_flush>:
1000427c:	b510      	push	{r4, lr}
1000427e:	f7fd f9ff 	bl	10001680 <time_us_64>
10004282:	4a0e      	ldr	r2, [pc, #56]	@ (100042bc <stdio_usb_out_flush+0x40>)
10004284:	2300      	movs	r3, #0
10004286:	1812      	adds	r2, r2, r0
10004288:	414b      	adcs	r3, r1
1000428a:	2b00      	cmp	r3, #0
1000428c:	db12      	blt.n	100042b4 <stdio_usb_out_flush+0x38>
1000428e:	480c      	ldr	r0, [pc, #48]	@ (100042c0 <stdio_usb_out_flush+0x44>)
10004290:	f002 fb72 	bl	10006978 <__mutex_try_enter_block_until_veneer>
10004294:	2800      	cmp	r0, #0
10004296:	d00c      	beq.n	100042b2 <stdio_usb_out_flush+0x36>
10004298:	2001      	movs	r0, #1
1000429a:	2100      	movs	r1, #0
1000429c:	4240      	negs	r0, r0
1000429e:	f001 f851 	bl	10005344 <tud_task_ext>
100042a2:	2000      	movs	r0, #0
100042a4:	f001 fb06 	bl	100058b4 <tud_cdc_n_write_flush>
100042a8:	2800      	cmp	r0, #0
100042aa:	d1f5      	bne.n	10004298 <stdio_usb_out_flush+0x1c>
100042ac:	4804      	ldr	r0, [pc, #16]	@ (100042c0 <stdio_usb_out_flush+0x44>)
100042ae:	f002 fb3b 	bl	10006928 <__mutex_exit_veneer>
100042b2:	bd10      	pop	{r4, pc}
100042b4:	2201      	movs	r2, #1
100042b6:	4252      	negs	r2, r2
100042b8:	4b02      	ldr	r3, [pc, #8]	@ (100042c4 <stdio_usb_out_flush+0x48>)
100042ba:	e7e8      	b.n	1000428e <stdio_usb_out_flush+0x12>
100042bc:	000f4240 	.word	0x000f4240
100042c0:	20003210 	.word	0x20003210
100042c4:	7fffffff 	.word	0x7fffffff

100042c8 <stdio_usb_init>:
100042c8:	b510      	push	{r4, lr}
100042ca:	23d0      	movs	r3, #208	@ 0xd0
100042cc:	061b      	lsls	r3, r3, #24
100042ce:	681c      	ldr	r4, [r3, #0]
100042d0:	f7fd f808 	bl	100012e4 <alarm_pool_get_default>
100042d4:	f7fd f8e8 	bl	100014a8 <alarm_pool_core_num>
100042d8:	42a0      	cmp	r0, r4
100042da:	d10f      	bne.n	100042fc <stdio_usb_init+0x34>
100042dc:	4b0f      	ldr	r3, [pc, #60]	@ (1000431c <stdio_usb_init+0x54>)
100042de:	781b      	ldrb	r3, [r3, #0]
100042e0:	f000 fcca 	bl	10004c78 <tud_inited>
100042e4:	2800      	cmp	r0, #0
100042e6:	d00f      	beq.n	10004308 <stdio_usb_init+0x40>
100042e8:	4b0d      	ldr	r3, [pc, #52]	@ (10004320 <stdio_usb_init+0x58>)
100042ea:	681b      	ldr	r3, [r3, #0]
100042ec:	2b00      	cmp	r3, #0
100042ee:	d011      	beq.n	10004314 <stdio_usb_init+0x4c>
100042f0:	480c      	ldr	r0, [pc, #48]	@ (10004324 <stdio_usb_init+0x5c>)
100042f2:	2101      	movs	r1, #1
100042f4:	f7ff fe30 	bl	10003f58 <stdio_set_driver_enabled>
100042f8:	2001      	movs	r0, #1
100042fa:	bd10      	pop	{r4, pc}
100042fc:	4b0a      	ldr	r3, [pc, #40]	@ (10004328 <stdio_usb_init+0x60>)
100042fe:	4a0b      	ldr	r2, [pc, #44]	@ (1000432c <stdio_usb_init+0x64>)
10004300:	480b      	ldr	r0, [pc, #44]	@ (10004330 <stdio_usb_init+0x68>)
10004302:	21c6      	movs	r1, #198	@ 0xc6
10004304:	f7ff fd14 	bl	10003d30 <__assert_func>
10004308:	4b0a      	ldr	r3, [pc, #40]	@ (10004334 <stdio_usb_init+0x6c>)
1000430a:	4a08      	ldr	r2, [pc, #32]	@ (1000432c <stdio_usb_init+0x64>)
1000430c:	4808      	ldr	r0, [pc, #32]	@ (10004330 <stdio_usb_init+0x68>)
1000430e:	21d1      	movs	r1, #209	@ 0xd1
10004310:	f7ff fd0e 	bl	10003d30 <__assert_func>
10004314:	4802      	ldr	r0, [pc, #8]	@ (10004320 <stdio_usb_init+0x58>)
10004316:	f7fc fd97 	bl	10000e48 <mutex_init>
1000431a:	e7e9      	b.n	100042f0 <stdio_usb_init+0x28>
1000431c:	10007dd0 	.word	0x10007dd0
10004320:	20003210 	.word	0x20003210
10004324:	20000c88 	.word	0x20000c88
10004328:	10006d74 	.word	0x10006d74
1000432c:	10007b04 	.word	0x10007b04
10004330:	1000721c 	.word	0x1000721c
10004334:	10007268 	.word	0x10007268

10004338 <stdio_usb_connected>:
10004338:	b510      	push	{r4, lr}
1000433a:	2000      	movs	r0, #0
1000433c:	f001 fa70 	bl	10005820 <tud_cdc_n_connected>
10004340:	bd10      	pop	{r4, pc}
	...

10004344 <stdio_usb_in_chars>:
10004344:	b570      	push	{r4, r5, r6, lr}
10004346:	0005      	movs	r5, r0
10004348:	000c      	movs	r4, r1
1000434a:	f7ff fff5 	bl	10004338 <stdio_usb_connected>
1000434e:	2800      	cmp	r0, #0
10004350:	d034      	beq.n	100043bc <stdio_usb_in_chars+0x78>
10004352:	2000      	movs	r0, #0
10004354:	f001 fa82 	bl	1000585c <tud_cdc_n_available>
10004358:	2800      	cmp	r0, #0
1000435a:	d032      	beq.n	100043c2 <stdio_usb_in_chars+0x7e>
1000435c:	f7fd f990 	bl	10001680 <time_us_64>
10004360:	4a1b      	ldr	r2, [pc, #108]	@ (100043d0 <stdio_usb_in_chars+0x8c>)
10004362:	2300      	movs	r3, #0
10004364:	1812      	adds	r2, r2, r0
10004366:	414b      	adcs	r3, r1
10004368:	2b00      	cmp	r3, #0
1000436a:	db19      	blt.n	100043a0 <stdio_usb_in_chars+0x5c>
1000436c:	4819      	ldr	r0, [pc, #100]	@ (100043d4 <stdio_usb_in_chars+0x90>)
1000436e:	f002 fb03 	bl	10006978 <__mutex_try_enter_block_until_veneer>
10004372:	2800      	cmp	r0, #0
10004374:	d028      	beq.n	100043c8 <stdio_usb_in_chars+0x84>
10004376:	f7ff ffdf 	bl	10004338 <stdio_usb_connected>
1000437a:	2800      	cmp	r0, #0
1000437c:	d004      	beq.n	10004388 <stdio_usb_in_chars+0x44>
1000437e:	2000      	movs	r0, #0
10004380:	f001 fa6c 	bl	1000585c <tud_cdc_n_available>
10004384:	2800      	cmp	r0, #0
10004386:	d10f      	bne.n	100043a8 <stdio_usb_in_chars+0x64>
10004388:	2001      	movs	r0, #1
1000438a:	2100      	movs	r1, #0
1000438c:	4240      	negs	r0, r0
1000438e:	f000 ffd9 	bl	10005344 <tud_task_ext>
10004392:	2403      	movs	r4, #3
10004394:	4264      	negs	r4, r4
10004396:	480f      	ldr	r0, [pc, #60]	@ (100043d4 <stdio_usb_in_chars+0x90>)
10004398:	f002 fac6 	bl	10006928 <__mutex_exit_veneer>
1000439c:	0020      	movs	r0, r4
1000439e:	bd70      	pop	{r4, r5, r6, pc}
100043a0:	2201      	movs	r2, #1
100043a2:	4252      	negs	r2, r2
100043a4:	4b0c      	ldr	r3, [pc, #48]	@ (100043d8 <stdio_usb_in_chars+0x94>)
100043a6:	e7e1      	b.n	1000436c <stdio_usb_in_chars+0x28>
100043a8:	0022      	movs	r2, r4
100043aa:	0029      	movs	r1, r5
100043ac:	2000      	movs	r0, #0
100043ae:	f001 fa63 	bl	10005878 <tud_cdc_n_read>
100043b2:	1e04      	subs	r4, r0, #0
100043b4:	d1ef      	bne.n	10004396 <stdio_usb_in_chars+0x52>
100043b6:	2403      	movs	r4, #3
100043b8:	4264      	negs	r4, r4
100043ba:	e7ec      	b.n	10004396 <stdio_usb_in_chars+0x52>
100043bc:	2403      	movs	r4, #3
100043be:	4264      	negs	r4, r4
100043c0:	e7ec      	b.n	1000439c <stdio_usb_in_chars+0x58>
100043c2:	2403      	movs	r4, #3
100043c4:	4264      	negs	r4, r4
100043c6:	e7e9      	b.n	1000439c <stdio_usb_in_chars+0x58>
100043c8:	2403      	movs	r4, #3
100043ca:	4264      	negs	r4, r4
100043cc:	e7e6      	b.n	1000439c <stdio_usb_in_chars+0x58>
100043ce:	46c0      	nop			@ (mov r8, r8)
100043d0:	000f4240 	.word	0x000f4240
100043d4:	20003210 	.word	0x20003210
100043d8:	7fffffff 	.word	0x7fffffff

100043dc <stdio_usb_out_chars>:
100043dc:	b5f0      	push	{r4, r5, r6, r7, lr}
100043de:	46c6      	mov	lr, r8
100043e0:	b500      	push	{lr}
100043e2:	4680      	mov	r8, r0
100043e4:	000c      	movs	r4, r1
100043e6:	f7fd f94b 	bl	10001680 <time_us_64>
100043ea:	4a31      	ldr	r2, [pc, #196]	@ (100044b0 <stdio_usb_out_chars+0xd4>)
100043ec:	2300      	movs	r3, #0
100043ee:	1812      	adds	r2, r2, r0
100043f0:	414b      	adcs	r3, r1
100043f2:	2b00      	cmp	r3, #0
100043f4:	db07      	blt.n	10004406 <stdio_usb_out_chars+0x2a>
100043f6:	482f      	ldr	r0, [pc, #188]	@ (100044b4 <stdio_usb_out_chars+0xd8>)
100043f8:	f002 fabe 	bl	10006978 <__mutex_try_enter_block_until_veneer>
100043fc:	2800      	cmp	r0, #0
100043fe:	d106      	bne.n	1000440e <stdio_usb_out_chars+0x32>
10004400:	bc80      	pop	{r7}
10004402:	46b8      	mov	r8, r7
10004404:	bdf0      	pop	{r4, r5, r6, r7, pc}
10004406:	2201      	movs	r2, #1
10004408:	4252      	negs	r2, r2
1000440a:	4b2b      	ldr	r3, [pc, #172]	@ (100044b8 <stdio_usb_out_chars+0xdc>)
1000440c:	e7f3      	b.n	100043f6 <stdio_usb_out_chars+0x1a>
1000440e:	f7ff ff93 	bl	10004338 <stdio_usb_connected>
10004412:	2800      	cmp	r0, #0
10004414:	d149      	bne.n	100044aa <stdio_usb_out_chars+0xce>
10004416:	4b29      	ldr	r3, [pc, #164]	@ (100044bc <stdio_usb_out_chars+0xe0>)
10004418:	2000      	movs	r0, #0
1000441a:	2100      	movs	r1, #0
1000441c:	6018      	str	r0, [r3, #0]
1000441e:	6059      	str	r1, [r3, #4]
10004420:	4824      	ldr	r0, [pc, #144]	@ (100044b4 <stdio_usb_out_chars+0xd8>)
10004422:	f002 fa81 	bl	10006928 <__mutex_exit_veneer>
10004426:	e7eb      	b.n	10004400 <stdio_usb_out_chars+0x24>
10004428:	2001      	movs	r0, #1
1000442a:	2100      	movs	r1, #0
1000442c:	4240      	negs	r0, r0
1000442e:	f000 ff89 	bl	10005344 <tud_task_ext>
10004432:	2000      	movs	r0, #0
10004434:	f001 fa3e 	bl	100058b4 <tud_cdc_n_write_flush>
10004438:	f7ff ff7e 	bl	10004338 <stdio_usb_connected>
1000443c:	2800      	cmp	r0, #0
1000443e:	d0ef      	beq.n	10004420 <stdio_usb_out_chars+0x44>
10004440:	2000      	movs	r0, #0
10004442:	f001 fac1 	bl	100059c8 <tud_cdc_n_write_available>
10004446:	2800      	cmp	r0, #0
10004448:	d020      	beq.n	1000448c <stdio_usb_out_chars+0xb0>
1000444a:	42a5      	cmp	r5, r4
1000444c:	dae8      	bge.n	10004420 <stdio_usb_out_chars+0x44>
1000444e:	1b66      	subs	r6, r4, r5
10004450:	2000      	movs	r0, #0
10004452:	f001 fab9 	bl	100059c8 <tud_cdc_n_write_available>
10004456:	0002      	movs	r2, r0
10004458:	4286      	cmp	r6, r0
1000445a:	dc00      	bgt.n	1000445e <stdio_usb_out_chars+0x82>
1000445c:	0032      	movs	r2, r6
1000445e:	2a00      	cmp	r2, #0
10004460:	d0e2      	beq.n	10004428 <stdio_usb_out_chars+0x4c>
10004462:	4643      	mov	r3, r8
10004464:	1959      	adds	r1, r3, r5
10004466:	2000      	movs	r0, #0
10004468:	f001 fa88 	bl	1000597c <tud_cdc_n_write>
1000446c:	0006      	movs	r6, r0
1000446e:	2001      	movs	r0, #1
10004470:	2100      	movs	r1, #0
10004472:	4240      	negs	r0, r0
10004474:	f000 ff66 	bl	10005344 <tud_task_ext>
10004478:	2000      	movs	r0, #0
1000447a:	f001 fa1b 	bl	100058b4 <tud_cdc_n_write_flush>
1000447e:	19ad      	adds	r5, r5, r6
10004480:	f7fd f8fe 	bl	10001680 <time_us_64>
10004484:	4b0d      	ldr	r3, [pc, #52]	@ (100044bc <stdio_usb_out_chars+0xe0>)
10004486:	6018      	str	r0, [r3, #0]
10004488:	6059      	str	r1, [r3, #4]
1000448a:	e7de      	b.n	1000444a <stdio_usb_out_chars+0x6e>
1000448c:	f7fd f8f8 	bl	10001680 <time_us_64>
10004490:	4b0a      	ldr	r3, [pc, #40]	@ (100044bc <stdio_usb_out_chars+0xe0>)
10004492:	681e      	ldr	r6, [r3, #0]
10004494:	685f      	ldr	r7, [r3, #4]
10004496:	4a0a      	ldr	r2, [pc, #40]	@ (100044c0 <stdio_usb_out_chars+0xe4>)
10004498:	2300      	movs	r3, #0
1000449a:	1992      	adds	r2, r2, r6
1000449c:	417b      	adcs	r3, r7
1000449e:	4299      	cmp	r1, r3
100044a0:	d8be      	bhi.n	10004420 <stdio_usb_out_chars+0x44>
100044a2:	d1d2      	bne.n	1000444a <stdio_usb_out_chars+0x6e>
100044a4:	4290      	cmp	r0, r2
100044a6:	d9d0      	bls.n	1000444a <stdio_usb_out_chars+0x6e>
100044a8:	e7ba      	b.n	10004420 <stdio_usb_out_chars+0x44>
100044aa:	2500      	movs	r5, #0
100044ac:	e7cd      	b.n	1000444a <stdio_usb_out_chars+0x6e>
100044ae:	46c0      	nop			@ (mov r8, r8)
100044b0:	000f4240 	.word	0x000f4240
100044b4:	20003210 	.word	0x20003210
100044b8:	7fffffff 	.word	0x7fffffff
100044bc:	20000e50 	.word	0x20000e50
100044c0:	0007a120 	.word	0x0007a120

100044c4 <_retrieve_unique_id_on_boot>:
100044c4:	b510      	push	{r4, lr}
100044c6:	4802      	ldr	r0, [pc, #8]	@ (100044d0 <_retrieve_unique_id_on_boot+0xc>)
100044c8:	f000 f804 	bl	100044d4 <flash_get_unique_id>
100044cc:	bd10      	pop	{r4, pc}
100044ce:	46c0      	nop			@ (mov r8, r8)
100044d0:	20002ff8 	.word	0x20002ff8

100044d4 <flash_get_unique_id>:
100044d4:	b570      	push	{r4, r5, r6, lr}
100044d6:	b088      	sub	sp, #32
100044d8:	0004      	movs	r4, r0
100044da:	ad04      	add	r5, sp, #16
100044dc:	220d      	movs	r2, #13
100044de:	2100      	movs	r1, #0
100044e0:	0028      	movs	r0, r5
100044e2:	f7fe fb1b 	bl	10002b1c <__wrap_memset>
100044e6:	220d      	movs	r2, #13
100044e8:	2100      	movs	r1, #0
100044ea:	4668      	mov	r0, sp
100044ec:	f7fe fb16 	bl	10002b1c <__wrap_memset>
100044f0:	234b      	movs	r3, #75	@ 0x4b
100044f2:	702b      	strb	r3, [r5, #0]
100044f4:	220d      	movs	r2, #13
100044f6:	4669      	mov	r1, sp
100044f8:	0028      	movs	r0, r5
100044fa:	f002 fa0d 	bl	10006918 <__flash_do_cmd_veneer>
100044fe:	2300      	movs	r3, #0
10004500:	e004      	b.n	1000450c <flash_get_unique_id+0x38>
10004502:	1d5a      	adds	r2, r3, #5
10004504:	4669      	mov	r1, sp
10004506:	5c8a      	ldrb	r2, [r1, r2]
10004508:	54e2      	strb	r2, [r4, r3]
1000450a:	3301      	adds	r3, #1
1000450c:	2b07      	cmp	r3, #7
1000450e:	ddf8      	ble.n	10004502 <flash_get_unique_id+0x2e>
10004510:	b008      	add	sp, #32
10004512:	bd70      	pop	{r4, r5, r6, pc}

10004514 <hw_endpoint_init>:
10004514:	b570      	push	{r4, r5, r6, lr}
10004516:	b082      	sub	sp, #8
10004518:	237f      	movs	r3, #127	@ 0x7f
1000451a:	4003      	ands	r3, r0
1000451c:	09c5      	lsrs	r5, r0, #7
1000451e:	4c27      	ldr	r4, [pc, #156]	@ (100045bc <hw_endpoint_init+0xa8>)
10004520:	005e      	lsls	r6, r3, #1
10004522:	1976      	adds	r6, r6, r5
10004524:	0176      	lsls	r6, r6, #5
10004526:	19a4      	adds	r4, r4, r6
10004528:	70a0      	strb	r0, [r4, #2]
1000452a:	4268      	negs	r0, r5
1000452c:	4168      	adcs	r0, r5
1000452e:	7060      	strb	r0, [r4, #1]
10004530:	2000      	movs	r0, #0
10004532:	70e0      	strb	r0, [r4, #3]
10004534:	8321      	strh	r1, [r4, #24]
10004536:	76e2      	strb	r2, [r4, #27]
10004538:	2d01      	cmp	r5, #1
1000453a:	d01e      	beq.n	1000457a <hw_endpoint_init+0x66>
1000453c:	00d8      	lsls	r0, r3, #3
1000453e:	4a20      	ldr	r2, [pc, #128]	@ (100045c0 <hw_endpoint_init+0xac>)
10004540:	4694      	mov	ip, r2
10004542:	4460      	add	r0, ip
10004544:	4a1d      	ldr	r2, [pc, #116]	@ (100045bc <hw_endpoint_init+0xa8>)
10004546:	0059      	lsls	r1, r3, #1
10004548:	1949      	adds	r1, r1, r5
1000454a:	0149      	lsls	r1, r1, #5
1000454c:	1852      	adds	r2, r2, r1
1000454e:	6090      	str	r0, [r2, #8]
10004550:	4a1a      	ldr	r2, [pc, #104]	@ (100045bc <hw_endpoint_init+0xa8>)
10004552:	0059      	lsls	r1, r3, #1
10004554:	1949      	adds	r1, r1, r5
10004556:	0149      	lsls	r1, r1, #5
10004558:	1852      	adds	r2, r2, r1
1000455a:	6892      	ldr	r2, [r2, #8]
1000455c:	2100      	movs	r1, #0
1000455e:	6011      	str	r1, [r2, #0]
10004560:	2b00      	cmp	r3, #0
10004562:	d110      	bne.n	10004586 <hw_endpoint_init+0x72>
10004564:	4a15      	ldr	r2, [pc, #84]	@ (100045bc <hw_endpoint_init+0xa8>)
10004566:	005b      	lsls	r3, r3, #1
10004568:	195b      	adds	r3, r3, r5
1000456a:	015b      	lsls	r3, r3, #5
1000456c:	18d3      	adds	r3, r2, r3
1000456e:	2200      	movs	r2, #0
10004570:	605a      	str	r2, [r3, #4]
10004572:	4a14      	ldr	r2, [pc, #80]	@ (100045c4 <hw_endpoint_init+0xb0>)
10004574:	60da      	str	r2, [r3, #12]
10004576:	b002      	add	sp, #8
10004578:	bd70      	pop	{r4, r5, r6, pc}
1000457a:	00d8      	lsls	r0, r3, #3
1000457c:	4a12      	ldr	r2, [pc, #72]	@ (100045c8 <hw_endpoint_init+0xb4>)
1000457e:	4694      	mov	ip, r2
10004580:	4460      	add	r0, ip
10004582:	60a0      	str	r0, [r4, #8]
10004584:	e7e4      	b.n	10004550 <hw_endpoint_init+0x3c>
10004586:	2d01      	cmp	r5, #1
10004588:	d00b      	beq.n	100045a2 <hw_endpoint_init+0x8e>
1000458a:	1e59      	subs	r1, r3, #1
1000458c:	00c9      	lsls	r1, r1, #3
1000458e:	4a0f      	ldr	r2, [pc, #60]	@ (100045cc <hw_endpoint_init+0xb8>)
10004590:	4694      	mov	ip, r2
10004592:	4461      	add	r1, ip
10004594:	4a09      	ldr	r2, [pc, #36]	@ (100045bc <hw_endpoint_init+0xa8>)
10004596:	005b      	lsls	r3, r3, #1
10004598:	195b      	adds	r3, r3, r5
1000459a:	015b      	lsls	r3, r3, #5
1000459c:	18d2      	adds	r2, r2, r3
1000459e:	6051      	str	r1, [r2, #4]
100045a0:	e7e9      	b.n	10004576 <hw_endpoint_init+0x62>
100045a2:	1e59      	subs	r1, r3, #1
100045a4:	00c9      	lsls	r1, r1, #3
100045a6:	4a0a      	ldr	r2, [pc, #40]	@ (100045d0 <hw_endpoint_init+0xbc>)
100045a8:	4694      	mov	ip, r2
100045aa:	4461      	add	r1, ip
100045ac:	4a03      	ldr	r2, [pc, #12]	@ (100045bc <hw_endpoint_init+0xa8>)
100045ae:	005b      	lsls	r3, r3, #1
100045b0:	195b      	adds	r3, r3, r5
100045b2:	015b      	lsls	r3, r3, #5
100045b4:	18d2      	adds	r2, r2, r3
100045b6:	6051      	str	r1, [r2, #4]
100045b8:	e7dd      	b.n	10004576 <hw_endpoint_init+0x62>
100045ba:	46c0      	nop			@ (mov r8, r8)
100045bc:	20002bcc 	.word	0x20002bcc
100045c0:	50100084 	.word	0x50100084
100045c4:	50100100 	.word	0x50100100
100045c8:	50100080 	.word	0x50100080
100045cc:	5010000c 	.word	0x5010000c
100045d0:	50100008 	.word	0x50100008

100045d4 <hw_endpoint_alloc>:
100045d4:	b510      	push	{r4, lr}
100045d6:	8b03      	ldrh	r3, [r0, #24]
100045d8:	333f      	adds	r3, #63	@ 0x3f
100045da:	223f      	movs	r2, #63	@ 0x3f
100045dc:	4393      	bics	r3, r2
100045de:	7ec2      	ldrb	r2, [r0, #27]
100045e0:	2a02      	cmp	r2, #2
100045e2:	d008      	beq.n	100045f6 <hw_endpoint_alloc+0x22>
100045e4:	4908      	ldr	r1, [pc, #32]	@ (10004608 <hw_endpoint_alloc+0x34>)
100045e6:	680a      	ldr	r2, [r1, #0]
100045e8:	60c2      	str	r2, [r0, #12]
100045ea:	18d3      	adds	r3, r2, r3
100045ec:	600b      	str	r3, [r1, #0]
100045ee:	4a07      	ldr	r2, [pc, #28]	@ (1000460c <hw_endpoint_alloc+0x38>)
100045f0:	4293      	cmp	r3, r2
100045f2:	d802      	bhi.n	100045fa <hw_endpoint_alloc+0x26>
100045f4:	bd10      	pop	{r4, pc}
100045f6:	005b      	lsls	r3, r3, #1
100045f8:	e7f4      	b.n	100045e4 <hw_endpoint_alloc+0x10>
100045fa:	4b05      	ldr	r3, [pc, #20]	@ (10004610 <hw_endpoint_alloc+0x3c>)
100045fc:	4a05      	ldr	r2, [pc, #20]	@ (10004614 <hw_endpoint_alloc+0x40>)
100045fe:	4806      	ldr	r0, [pc, #24]	@ (10004618 <hw_endpoint_alloc+0x44>)
10004600:	2152      	movs	r1, #82	@ 0x52
10004602:	f7ff fb95 	bl	10003d30 <__assert_func>
10004606:	46c0      	nop			@ (mov r8, r8)
10004608:	20002fcc 	.word	0x20002fcc
1000460c:	50100fff 	.word	0x50100fff
10004610:	10007490 	.word	0x10007490
10004614:	10007b54 	.word	0x10007b54
10004618:	100074d4 	.word	0x100074d4

1000461c <hw_endpoint_open>:
1000461c:	b5f8      	push	{r3, r4, r5, r6, r7, lr}
1000461e:	257f      	movs	r5, #127	@ 0x7f
10004620:	4005      	ands	r5, r0
10004622:	09c6      	lsrs	r6, r0, #7
10004624:	006b      	lsls	r3, r5, #1
10004626:	199b      	adds	r3, r3, r6
10004628:	015b      	lsls	r3, r3, #5
1000462a:	4c0e      	ldr	r4, [pc, #56]	@ (10004664 <hw_endpoint_open+0x48>)
1000462c:	191c      	adds	r4, r3, r4
1000462e:	f7ff ff71 	bl	10004514 <hw_endpoint_init>
10004632:	2d00      	cmp	r5, #0
10004634:	d100      	bne.n	10004638 <hw_endpoint_open+0x1c>
10004636:	bdf8      	pop	{r3, r4, r5, r6, r7, pc}
10004638:	4b0a      	ldr	r3, [pc, #40]	@ (10004664 <hw_endpoint_open+0x48>)
1000463a:	006d      	lsls	r5, r5, #1
1000463c:	19ad      	adds	r5, r5, r6
1000463e:	016d      	lsls	r5, r5, #5
10004640:	195d      	adds	r5, r3, r5
10004642:	8b29      	ldrh	r1, [r5, #24]
10004644:	0020      	movs	r0, r4
10004646:	f7ff ffc5 	bl	100045d4 <hw_endpoint_alloc>
1000464a:	7eeb      	ldrb	r3, [r5, #27]
1000464c:	069b      	lsls	r3, r3, #26
1000464e:	68e9      	ldr	r1, [r5, #12]
10004650:	4a05      	ldr	r2, [pc, #20]	@ (10004668 <hw_endpoint_open+0x4c>)
10004652:	404a      	eors	r2, r1
10004654:	4313      	orrs	r3, r2
10004656:	2280      	movs	r2, #128	@ 0x80
10004658:	0612      	lsls	r2, r2, #24
1000465a:	4313      	orrs	r3, r2
1000465c:	686a      	ldr	r2, [r5, #4]
1000465e:	6013      	str	r3, [r2, #0]
10004660:	e7e9      	b.n	10004636 <hw_endpoint_open+0x1a>
10004662:	46c0      	nop			@ (mov r8, r8)
10004664:	20002bcc 	.word	0x20002bcc
10004668:	50100000 	.word	0x50100000

1000466c <hw_endpoint_xfer>:
1000466c:	b510      	push	{r4, lr}
1000466e:	0004      	movs	r4, r0
10004670:	207f      	movs	r0, #127	@ 0x7f
10004672:	4020      	ands	r0, r4
10004674:	09e4      	lsrs	r4, r4, #7
10004676:	0040      	lsls	r0, r0, #1
10004678:	1900      	adds	r0, r0, r4
1000467a:	0140      	lsls	r0, r0, #5
1000467c:	4b02      	ldr	r3, [pc, #8]	@ (10004688 <hw_endpoint_xfer+0x1c>)
1000467e:	18c0      	adds	r0, r0, r3
10004680:	f000 f926 	bl	100048d0 <hw_endpoint_xfer_start>
10004684:	bd10      	pop	{r4, pc}
10004686:	46c0      	nop			@ (mov r8, r8)
10004688:	20002bcc 	.word	0x20002bcc

1000468c <dcd_int_enable>:
1000468c:	b510      	push	{r4, lr}
1000468e:	2800      	cmp	r0, #0
10004690:	d104      	bne.n	1000469c <dcd_int_enable+0x10>
10004692:	2101      	movs	r1, #1
10004694:	2005      	movs	r0, #5
10004696:	f7fc f947 	bl	10000928 <irq_set_enabled>
1000469a:	bd10      	pop	{r4, pc}
1000469c:	4b03      	ldr	r3, [pc, #12]	@ (100046ac <dcd_int_enable+0x20>)
1000469e:	4a04      	ldr	r2, [pc, #16]	@ (100046b0 <dcd_int_enable+0x24>)
100046a0:	2198      	movs	r1, #152	@ 0x98
100046a2:	4804      	ldr	r0, [pc, #16]	@ (100046b4 <dcd_int_enable+0x28>)
100046a4:	31ff      	adds	r1, #255	@ 0xff
100046a6:	f7ff fb43 	bl	10003d30 <__assert_func>
100046aa:	46c0      	nop			@ (mov r8, r8)
100046ac:	10007544 	.word	0x10007544
100046b0:	10007b44 	.word	0x10007b44
100046b4:	100074d4 	.word	0x100074d4

100046b8 <dcd_set_address>:
100046b8:	b510      	push	{r4, lr}
100046ba:	2800      	cmp	r0, #0
100046bc:	d105      	bne.n	100046ca <dcd_set_address+0x12>
100046be:	2200      	movs	r2, #0
100046c0:	2100      	movs	r1, #0
100046c2:	2080      	movs	r0, #128	@ 0x80
100046c4:	f7ff ffd2 	bl	1000466c <hw_endpoint_xfer>
100046c8:	bd10      	pop	{r4, pc}
100046ca:	4b03      	ldr	r3, [pc, #12]	@ (100046d8 <dcd_set_address+0x20>)
100046cc:	4a03      	ldr	r2, [pc, #12]	@ (100046dc <dcd_set_address+0x24>)
100046ce:	21a2      	movs	r1, #162	@ 0xa2
100046d0:	4803      	ldr	r0, [pc, #12]	@ (100046e0 <dcd_set_address+0x28>)
100046d2:	31ff      	adds	r1, #255	@ 0xff
100046d4:	f7ff fb2c 	bl	10003d30 <__assert_func>
100046d8:	10007544 	.word	0x10007544
100046dc:	10007b34 	.word	0x10007b34
100046e0:	100074d4 	.word	0x100074d4

100046e4 <dcd_connect>:
100046e4:	4b02      	ldr	r3, [pc, #8]	@ (100046f0 <dcd_connect+0xc>)
100046e6:	2280      	movs	r2, #128	@ 0x80
100046e8:	0252      	lsls	r2, r2, #9
100046ea:	64da      	str	r2, [r3, #76]	@ 0x4c
100046ec:	4770      	bx	lr
100046ee:	46c0      	nop			@ (mov r8, r8)
100046f0:	50112000 	.word	0x50112000

100046f4 <dcd_init>:
100046f4:	b570      	push	{r4, r5, r6, lr}
100046f6:	1e04      	subs	r4, r0, #0
100046f8:	d127      	bne.n	1000474a <dcd_init+0x56>
100046fa:	f000 f8c7 	bl	1000488c <rp2040_usb_init>
100046fe:	4d16      	ldr	r5, [pc, #88]	@ (10004758 <dcd_init+0x64>)
10004700:	230c      	movs	r3, #12
10004702:	67ab      	str	r3, [r5, #120]	@ 0x78
10004704:	4915      	ldr	r1, [pc, #84]	@ (1000475c <dcd_init+0x68>)
10004706:	22ff      	movs	r2, #255	@ 0xff
10004708:	2005      	movs	r0, #5
1000470a:	f7fc f949 	bl	100009a0 <irq_add_shared_handler>
1000470e:	4814      	ldr	r0, [pc, #80]	@ (10004760 <dcd_init+0x6c>)
10004710:	2240      	movs	r2, #64	@ 0x40
10004712:	2100      	movs	r1, #0
10004714:	f7fe fa02 	bl	10002b1c <__wrap_memset>
10004718:	2200      	movs	r2, #0
1000471a:	2140      	movs	r1, #64	@ 0x40
1000471c:	2000      	movs	r0, #0
1000471e:	f7ff ff7d 	bl	1000461c <hw_endpoint_open>
10004722:	2200      	movs	r2, #0
10004724:	2140      	movs	r1, #64	@ 0x40
10004726:	2080      	movs	r0, #128	@ 0x80
10004728:	f7ff ff78 	bl	1000461c <hw_endpoint_open>
1000472c:	f002 f934 	bl	10006998 <__reset_non_control_endpoints_veneer>
10004730:	2301      	movs	r3, #1
10004732:	642b      	str	r3, [r5, #64]	@ 0x40
10004734:	2380      	movs	r3, #128	@ 0x80
10004736:	059b      	lsls	r3, r3, #22
10004738:	64eb      	str	r3, [r5, #76]	@ 0x4c
1000473a:	2390      	movs	r3, #144	@ 0x90
1000473c:	4a09      	ldr	r2, [pc, #36]	@ (10004764 <dcd_init+0x70>)
1000473e:	50ea      	str	r2, [r5, r3]
10004740:	0020      	movs	r0, r4
10004742:	f7ff ffcf 	bl	100046e4 <dcd_connect>
10004746:	2001      	movs	r0, #1
10004748:	bd70      	pop	{r4, r5, r6, pc}
1000474a:	4b07      	ldr	r3, [pc, #28]	@ (10004768 <dcd_init+0x74>)
1000474c:	4a07      	ldr	r2, [pc, #28]	@ (1000476c <dcd_init+0x78>)
1000474e:	2164      	movs	r1, #100	@ 0x64
10004750:	4807      	ldr	r0, [pc, #28]	@ (10004770 <dcd_init+0x7c>)
10004752:	31ff      	adds	r1, #255	@ 0xff
10004754:	f7ff faec 	bl	10003d30 <__assert_func>
10004758:	50110000 	.word	0x50110000
1000475c:	200004bd 	.word	0x200004bd
10004760:	20002bcc 	.word	0x20002bcc
10004764:	0001d010 	.word	0x0001d010
10004768:	10007544 	.word	0x10007544
1000476c:	10007b68 	.word	0x10007b68
10004770:	100074d4 	.word	0x100074d4

10004774 <dcd_sof_enable>:
10004774:	4b04      	ldr	r3, [pc, #16]	@ (10004788 <dcd_sof_enable+0x14>)
10004776:	7019      	strb	r1, [r3, #0]
10004778:	2900      	cmp	r1, #0
1000477a:	d004      	beq.n	10004786 <dcd_sof_enable+0x12>
1000477c:	4a03      	ldr	r2, [pc, #12]	@ (1000478c <dcd_sof_enable+0x18>)
1000477e:	2390      	movs	r3, #144	@ 0x90
10004780:	2180      	movs	r1, #128	@ 0x80
10004782:	0289      	lsls	r1, r1, #10
10004784:	50d1      	str	r1, [r2, r3]
10004786:	4770      	bx	lr
10004788:	20003227 	.word	0x20003227
1000478c:	50112000 	.word	0x50112000

10004790 <dcd_edpt0_status_complete>:
10004790:	780b      	ldrb	r3, [r1, #0]
10004792:	065b      	lsls	r3, r3, #25
10004794:	d102      	bne.n	1000479c <dcd_edpt0_status_complete+0xc>
10004796:	784b      	ldrb	r3, [r1, #1]
10004798:	2b05      	cmp	r3, #5
1000479a:	d000      	beq.n	1000479e <dcd_edpt0_status_complete+0xe>
1000479c:	4770      	bx	lr
1000479e:	788a      	ldrb	r2, [r1, #2]
100047a0:	4b01      	ldr	r3, [pc, #4]	@ (100047a8 <dcd_edpt0_status_complete+0x18>)
100047a2:	601a      	str	r2, [r3, #0]
100047a4:	e7fa      	b.n	1000479c <dcd_edpt0_status_complete+0xc>
100047a6:	46c0      	nop			@ (mov r8, r8)
100047a8:	50110000 	.word	0x50110000

100047ac <dcd_edpt_open>:
100047ac:	b510      	push	{r4, lr}
100047ae:	78ca      	ldrb	r2, [r1, #3]
100047b0:	0792      	lsls	r2, r2, #30
100047b2:	0f92      	lsrs	r2, r2, #30
100047b4:	2a01      	cmp	r2, #1
100047b6:	d00a      	beq.n	100047ce <dcd_edpt_open+0x22>
100047b8:	7888      	ldrb	r0, [r1, #2]
100047ba:	790b      	ldrb	r3, [r1, #4]
100047bc:	7949      	ldrb	r1, [r1, #5]
100047be:	0209      	lsls	r1, r1, #8
100047c0:	4319      	orrs	r1, r3
100047c2:	0549      	lsls	r1, r1, #21
100047c4:	0d49      	lsrs	r1, r1, #21
100047c6:	f7ff ff29 	bl	1000461c <hw_endpoint_open>
100047ca:	2001      	movs	r0, #1
100047cc:	bd10      	pop	{r4, pc}
100047ce:	2000      	movs	r0, #0
100047d0:	e7fc      	b.n	100047cc <dcd_edpt_open+0x20>

100047d2 <dcd_edpt_close_all>:
100047d2:	b510      	push	{r4, lr}
100047d4:	f002 f8e0 	bl	10006998 <__reset_non_control_endpoints_veneer>
100047d8:	bd10      	pop	{r4, pc}
	...

100047dc <dcd_edpt_xfer>:
100047dc:	b510      	push	{r4, lr}
100047de:	0004      	movs	r4, r0
100047e0:	0008      	movs	r0, r1
100047e2:	0011      	movs	r1, r2
100047e4:	001a      	movs	r2, r3
100047e6:	2c00      	cmp	r4, #0
100047e8:	d103      	bne.n	100047f2 <dcd_edpt_xfer+0x16>
100047ea:	f7ff ff3f 	bl	1000466c <hw_endpoint_xfer>
100047ee:	2001      	movs	r0, #1
100047f0:	bd10      	pop	{r4, pc}
100047f2:	4b03      	ldr	r3, [pc, #12]	@ (10004800 <dcd_edpt_xfer+0x24>)
100047f4:	4a03      	ldr	r2, [pc, #12]	@ (10004804 <dcd_edpt_xfer+0x28>)
100047f6:	2181      	movs	r1, #129	@ 0x81
100047f8:	4803      	ldr	r0, [pc, #12]	@ (10004808 <dcd_edpt_xfer+0x2c>)
100047fa:	0089      	lsls	r1, r1, #2
100047fc:	f7ff fa98 	bl	10003d30 <__assert_func>
10004800:	10007544 	.word	0x10007544
10004804:	10007b24 	.word	0x10007b24
10004808:	100074d4 	.word	0x100074d4

1000480c <dcd_edpt_stall>:
1000480c:	b510      	push	{r4, lr}
1000480e:	237f      	movs	r3, #127	@ 0x7f
10004810:	0018      	movs	r0, r3
10004812:	4008      	ands	r0, r1
10004814:	420b      	tst	r3, r1
10004816:	d105      	bne.n	10004824 <dcd_edpt_stall+0x18>
10004818:	09cb      	lsrs	r3, r1, #7
1000481a:	2b01      	cmp	r3, #1
1000481c:	d00e      	beq.n	1000483c <dcd_edpt_stall+0x30>
1000481e:	2202      	movs	r2, #2
10004820:	4b07      	ldr	r3, [pc, #28]	@ (10004840 <dcd_edpt_stall+0x34>)
10004822:	669a      	str	r2, [r3, #104]	@ 0x68
10004824:	09c9      	lsrs	r1, r1, #7
10004826:	0040      	lsls	r0, r0, #1
10004828:	1840      	adds	r0, r0, r1
1000482a:	0140      	lsls	r0, r0, #5
1000482c:	4b05      	ldr	r3, [pc, #20]	@ (10004844 <dcd_edpt_stall+0x38>)
1000482e:	18c0      	adds	r0, r0, r3
10004830:	2280      	movs	r2, #128	@ 0x80
10004832:	0112      	lsls	r2, r2, #4
10004834:	2100      	movs	r1, #0
10004836:	f002 f8bf 	bl	100069b8 <___hw_endpoint_buffer_control_update32_veneer>
1000483a:	bd10      	pop	{r4, pc}
1000483c:	2201      	movs	r2, #1
1000483e:	e7ef      	b.n	10004820 <dcd_edpt_stall+0x14>
10004840:	50112000 	.word	0x50112000
10004844:	20002bcc 	.word	0x20002bcc

10004848 <dcd_edpt_clear_stall>:
10004848:	b510      	push	{r4, lr}
1000484a:	227f      	movs	r2, #127	@ 0x7f
1000484c:	0010      	movs	r0, r2
1000484e:	4008      	ands	r0, r1
10004850:	420a      	tst	r2, r1
10004852:	d100      	bne.n	10004856 <dcd_edpt_clear_stall+0xe>
10004854:	bd10      	pop	{r4, pc}
10004856:	09c9      	lsrs	r1, r1, #7
10004858:	0040      	lsls	r0, r0, #1
1000485a:	1840      	adds	r0, r0, r1
1000485c:	0140      	lsls	r0, r0, #5
1000485e:	4b04      	ldr	r3, [pc, #16]	@ (10004870 <dcd_edpt_clear_stall+0x28>)
10004860:	18c0      	adds	r0, r0, r3
10004862:	2300      	movs	r3, #0
10004864:	70c3      	strb	r3, [r0, #3]
10004866:	2200      	movs	r2, #0
10004868:	4902      	ldr	r1, [pc, #8]	@ (10004874 <dcd_edpt_clear_stall+0x2c>)
1000486a:	f002 f8a5 	bl	100069b8 <___hw_endpoint_buffer_control_update32_veneer>
1000486e:	e7f1      	b.n	10004854 <dcd_edpt_clear_stall+0xc>
10004870:	20002bcc 	.word	0x20002bcc
10004874:	fffff7ff 	.word	0xfffff7ff

10004878 <unaligned_memcpy>:
10004878:	e004      	b.n	10004884 <unaligned_memcpy+0xc>
1000487a:	780a      	ldrb	r2, [r1, #0]
1000487c:	7002      	strb	r2, [r0, #0]
1000487e:	3101      	adds	r1, #1
10004880:	3001      	adds	r0, #1
10004882:	001a      	movs	r2, r3
10004884:	1e53      	subs	r3, r2, #1
10004886:	2a00      	cmp	r2, #0
10004888:	d1f7      	bne.n	1000487a <unaligned_memcpy+0x2>
1000488a:	4770      	bx	lr

1000488c <rp2040_usb_init>:
1000488c:	b510      	push	{r4, lr}
1000488e:	2380      	movs	r3, #128	@ 0x80
10004890:	045b      	lsls	r3, r3, #17
10004892:	4a0a      	ldr	r2, [pc, #40]	@ (100048bc <rp2040_usb_init+0x30>)
10004894:	6013      	str	r3, [r2, #0]
10004896:	4a0a      	ldr	r2, [pc, #40]	@ (100048c0 <rp2040_usb_init+0x34>)
10004898:	6013      	str	r3, [r2, #0]
1000489a:	4b0a      	ldr	r3, [pc, #40]	@ (100048c4 <rp2040_usb_init+0x38>)
1000489c:	681a      	ldr	r2, [r3, #0]
1000489e:	2380      	movs	r3, #128	@ 0x80
100048a0:	045b      	lsls	r3, r3, #17
100048a2:	4393      	bics	r3, r2
100048a4:	d1f9      	bne.n	1000489a <rp2040_usb_init+0xe>
100048a6:	2280      	movs	r2, #128	@ 0x80
100048a8:	0152      	lsls	r2, r2, #5
100048aa:	2100      	movs	r1, #0
100048ac:	4806      	ldr	r0, [pc, #24]	@ (100048c8 <rp2040_usb_init+0x3c>)
100048ae:	f7fe f935 	bl	10002b1c <__wrap_memset>
100048b2:	4b06      	ldr	r3, [pc, #24]	@ (100048cc <rp2040_usb_init+0x40>)
100048b4:	2209      	movs	r2, #9
100048b6:	675a      	str	r2, [r3, #116]	@ 0x74
100048b8:	bd10      	pop	{r4, pc}
100048ba:	46c0      	nop			@ (mov r8, r8)
100048bc:	4000e000 	.word	0x4000e000
100048c0:	4000f000 	.word	0x4000f000
100048c4:	4000c008 	.word	0x4000c008
100048c8:	50100000 	.word	0x50100000
100048cc:	50110000 	.word	0x50110000

100048d0 <hw_endpoint_xfer_start>:
100048d0:	b570      	push	{r4, r5, r6, lr}
100048d2:	0004      	movs	r4, r0
100048d4:	000d      	movs	r5, r1
100048d6:	0016      	movs	r6, r2
100048d8:	7e83      	ldrb	r3, [r0, #26]
100048da:	2b00      	cmp	r3, #0
100048dc:	d117      	bne.n	1000490e <hw_endpoint_xfer_start+0x3e>
100048de:	82a6      	strh	r6, [r4, #20]
100048e0:	2300      	movs	r3, #0
100048e2:	82e3      	strh	r3, [r4, #22]
100048e4:	3301      	adds	r3, #1
100048e6:	76a3      	strb	r3, [r4, #26]
100048e8:	6125      	str	r5, [r4, #16]
100048ea:	0020      	movs	r0, r4
100048ec:	f002 f82c 	bl	10006948 <__e15_is_bulkin_ep_veneer>
100048f0:	2800      	cmp	r0, #0
100048f2:	d004      	beq.n	100048fe <hw_endpoint_xfer_start+0x2e>
100048f4:	4a0c      	ldr	r2, [pc, #48]	@ (10004928 <hw_endpoint_xfer_start+0x58>)
100048f6:	2390      	movs	r3, #144	@ 0x90
100048f8:	2180      	movs	r1, #128	@ 0x80
100048fa:	0289      	lsls	r1, r1, #10
100048fc:	50d1      	str	r1, [r2, r3]
100048fe:	0020      	movs	r0, r4
10004900:	f002 f862 	bl	100069c8 <__e15_is_critical_frame_period_veneer>
10004904:	2800      	cmp	r0, #0
10004906:	d00a      	beq.n	1000491e <hw_endpoint_xfer_start+0x4e>
10004908:	2301      	movs	r3, #1
1000490a:	7723      	strb	r3, [r4, #28]
1000490c:	bd70      	pop	{r4, r5, r6, pc}
1000490e:	7881      	ldrb	r1, [r0, #2]
10004910:	4806      	ldr	r0, [pc, #24]	@ (1000492c <hw_endpoint_xfer_start+0x5c>)
10004912:	f7ff fb7f 	bl	10004014 <__wrap_printf>
10004916:	0020      	movs	r0, r4
10004918:	f002 f846 	bl	100069a8 <__hw_endpoint_reset_transfer_veneer>
1000491c:	e7df      	b.n	100048de <hw_endpoint_xfer_start+0xe>
1000491e:	0020      	movs	r0, r4
10004920:	f002 f832 	bl	10006988 <__hw_endpoint_start_next_buffer_veneer>
10004924:	e7f2      	b.n	1000490c <hw_endpoint_xfer_start+0x3c>
10004926:	46c0      	nop			@ (mov r8, r8)
10004928:	50112000 	.word	0x50112000
1000492c:	10007634 	.word	0x10007634

10004930 <tud_vendor_control_xfer_cb>:
10004930:	2000      	movs	r0, #0
10004932:	4770      	bx	lr

10004934 <configuration_reset>:
10004934:	b570      	push	{r4, r5, r6, lr}
10004936:	0005      	movs	r5, r0
10004938:	2400      	movs	r4, #0
1000493a:	e008      	b.n	1000494e <configuration_reset+0x1a>
1000493c:	1ae3      	subs	r3, r4, r3
1000493e:	015b      	lsls	r3, r3, #5
10004940:	4a14      	ldr	r2, [pc, #80]	@ (10004994 <configuration_reset+0x60>)
10004942:	189b      	adds	r3, r3, r2
10004944:	68db      	ldr	r3, [r3, #12]
10004946:	0028      	movs	r0, r5
10004948:	4798      	blx	r3
1000494a:	3401      	adds	r4, #1
1000494c:	b2e4      	uxtb	r4, r4
1000494e:	4b12      	ldr	r3, [pc, #72]	@ (10004998 <configuration_reset+0x64>)
10004950:	781b      	ldrb	r3, [r3, #0]
10004952:	42a3      	cmp	r3, r4
10004954:	d30c      	bcc.n	10004970 <configuration_reset+0x3c>
10004956:	d9f1      	bls.n	1000493c <configuration_reset+0x8>
10004958:	4b10      	ldr	r3, [pc, #64]	@ (1000499c <configuration_reset+0x68>)
1000495a:	681b      	ldr	r3, [r3, #0]
1000495c:	0162      	lsls	r2, r4, #5
1000495e:	189b      	adds	r3, r3, r2
10004960:	2b00      	cmp	r3, #0
10004962:	d1ef      	bne.n	10004944 <configuration_reset+0x10>
10004964:	490e      	ldr	r1, [pc, #56]	@ (100049a0 <configuration_reset+0x6c>)
10004966:	480f      	ldr	r0, [pc, #60]	@ (100049a4 <configuration_reset+0x70>)
10004968:	4a0f      	ldr	r2, [pc, #60]	@ (100049a8 <configuration_reset+0x74>)
1000496a:	f7ff fb53 	bl	10004014 <__wrap_printf>
1000496e:	e010      	b.n	10004992 <configuration_reset+0x5e>
10004970:	4c0e      	ldr	r4, [pc, #56]	@ (100049ac <configuration_reset+0x78>)
10004972:	2254      	movs	r2, #84	@ 0x54
10004974:	2100      	movs	r1, #0
10004976:	0020      	movs	r0, r4
10004978:	f7fe f8d0 	bl	10002b1c <__wrap_memset>
1000497c:	1d20      	adds	r0, r4, #4
1000497e:	2210      	movs	r2, #16
10004980:	21ff      	movs	r1, #255	@ 0xff
10004982:	f7fe f8cb 	bl	10002b1c <__wrap_memset>
10004986:	0020      	movs	r0, r4
10004988:	3014      	adds	r0, #20
1000498a:	2220      	movs	r2, #32
1000498c:	21ff      	movs	r1, #255	@ 0xff
1000498e:	f7fe f8c5 	bl	10002b1c <__wrap_memset>
10004992:	bd70      	pop	{r4, r5, r6, pc}
10004994:	10007ce4 	.word	0x10007ce4
10004998:	20003226 	.word	0x20003226
1000499c:	20000ff0 	.word	0x20000ff0
100049a0:	10007cb0 	.word	0x10007cb0
100049a4:	1000766c 	.word	0x1000766c
100049a8:	00000225 	.word	0x00000225
100049ac:	20001920 	.word	0x20001920

100049b0 <usbd_reset>:
100049b0:	b510      	push	{r4, lr}
100049b2:	f7ff ffbf 	bl	10004934 <configuration_reset>
100049b6:	f000 fe4b 	bl	10005650 <usbd_control_reset>
100049ba:	bd10      	pop	{r4, pc}

100049bc <invoke_class_control>:
100049bc:	b570      	push	{r4, r5, r6, lr}
100049be:	0005      	movs	r5, r0
100049c0:	000c      	movs	r4, r1
100049c2:	0016      	movs	r6, r2
100049c4:	6948      	ldr	r0, [r1, #20]
100049c6:	f000 fe4d 	bl	10005664 <usbd_control_set_complete_callback>
100049ca:	6963      	ldr	r3, [r4, #20]
100049cc:	0032      	movs	r2, r6
100049ce:	2101      	movs	r1, #1
100049d0:	0028      	movs	r0, r5
100049d2:	4798      	blx	r3
100049d4:	bd70      	pop	{r4, r5, r6, pc}
	...

100049d8 <process_set_config>:
100049d8:	b5f0      	push	{r4, r5, r6, r7, lr}
100049da:	46de      	mov	lr, fp
100049dc:	4657      	mov	r7, sl
100049de:	464e      	mov	r6, r9
100049e0:	4645      	mov	r5, r8
100049e2:	b5e0      	push	{r5, r6, r7, lr}
100049e4:	b083      	sub	sp, #12
100049e6:	4681      	mov	r9, r0
100049e8:	3901      	subs	r1, #1
100049ea:	b2c8      	uxtb	r0, r1
100049ec:	f7fb fcd2 	bl	10000394 <tud_descriptor_configuration_cb>
100049f0:	2800      	cmp	r0, #0
100049f2:	d003      	beq.n	100049fc <process_set_config+0x24>
100049f4:	7843      	ldrb	r3, [r0, #1]
100049f6:	4698      	mov	r8, r3
100049f8:	2b02      	cmp	r3, #2
100049fa:	d00c      	beq.n	10004a16 <process_set_config+0x3e>
100049fc:	494e      	ldr	r1, [pc, #312]	@ (10004b38 <process_set_config+0x160>)
100049fe:	484f      	ldr	r0, [pc, #316]	@ (10004b3c <process_set_config+0x164>)
10004a00:	4a4f      	ldr	r2, [pc, #316]	@ (10004b40 <process_set_config+0x168>)
10004a02:	f7ff fb07 	bl	10004014 <__wrap_printf>
10004a06:	2000      	movs	r0, #0
10004a08:	b003      	add	sp, #12
10004a0a:	bcf0      	pop	{r4, r5, r6, r7}
10004a0c:	46bb      	mov	fp, r7
10004a0e:	46b2      	mov	sl, r6
10004a10:	46a9      	mov	r9, r5
10004a12:	46a0      	mov	r8, r4
10004a14:	bdf0      	pop	{r4, r5, r6, r7, pc}
10004a16:	79c5      	ldrb	r5, [r0, #7]
10004a18:	116c      	asrs	r4, r5, #5
10004a1a:	2201      	movs	r2, #1
10004a1c:	4b49      	ldr	r3, [pc, #292]	@ (10004b44 <process_set_config+0x16c>)
10004a1e:	4014      	ands	r4, r2
10004a20:	0124      	lsls	r4, r4, #4
10004a22:	7819      	ldrb	r1, [r3, #0]
10004a24:	2610      	movs	r6, #16
10004a26:	43b1      	bics	r1, r6
10004a28:	4321      	orrs	r1, r4
10004a2a:	7019      	strb	r1, [r3, #0]
10004a2c:	11ad      	asrs	r5, r5, #6
10004a2e:	402a      	ands	r2, r5
10004a30:	0152      	lsls	r2, r2, #5
10004a32:	b2c9      	uxtb	r1, r1
10004a34:	2420      	movs	r4, #32
10004a36:	43a1      	bics	r1, r4
10004a38:	430a      	orrs	r2, r1
10004a3a:	701a      	strb	r2, [r3, #0]
10004a3c:	0006      	movs	r6, r0
10004a3e:	3609      	adds	r6, #9
10004a40:	7882      	ldrb	r2, [r0, #2]
10004a42:	78c3      	ldrb	r3, [r0, #3]
10004a44:	021b      	lsls	r3, r3, #8
10004a46:	4313      	orrs	r3, r2
10004a48:	4682      	mov	sl, r0
10004a4a:	449a      	add	sl, r3
10004a4c:	e05b      	b.n	10004b06 <process_set_config+0x12e>
10004a4e:	78f3      	ldrb	r3, [r6, #3]
10004a50:	469b      	mov	fp, r3
10004a52:	7833      	ldrb	r3, [r6, #0]
10004a54:	18f6      	adds	r6, r6, r3
10004a56:	e05d      	b.n	10004b14 <process_set_config+0x13c>
10004a58:	4937      	ldr	r1, [pc, #220]	@ (10004b38 <process_set_config+0x160>)
10004a5a:	4838      	ldr	r0, [pc, #224]	@ (10004b3c <process_set_config+0x164>)
10004a5c:	4a3a      	ldr	r2, [pc, #232]	@ (10004b48 <process_set_config+0x170>)
10004a5e:	f7ff fad9 	bl	10004014 <__wrap_printf>
10004a62:	2000      	movs	r0, #0
10004a64:	e7d0      	b.n	10004a08 <process_set_config+0x30>
10004a66:	1b2c      	subs	r4, r5, r4
10004a68:	0164      	lsls	r4, r4, #5
10004a6a:	4b38      	ldr	r3, [pc, #224]	@ (10004b4c <process_set_config+0x174>)
10004a6c:	18e4      	adds	r4, r4, r3
10004a6e:	6923      	ldr	r3, [r4, #16]
10004a70:	003a      	movs	r2, r7
10004a72:	0031      	movs	r1, r6
10004a74:	4648      	mov	r0, r9
10004a76:	4798      	blx	r3
10004a78:	9001      	str	r0, [sp, #4]
10004a7a:	2808      	cmp	r0, #8
10004a7c:	d901      	bls.n	10004a82 <process_set_config+0xaa>
10004a7e:	4287      	cmp	r7, r0
10004a80:	d213      	bcs.n	10004aaa <process_set_config+0xd2>
10004a82:	3501      	adds	r5, #1
10004a84:	b2ed      	uxtb	r5, r5
10004a86:	4b32      	ldr	r3, [pc, #200]	@ (10004b50 <process_set_config+0x178>)
10004a88:	781c      	ldrb	r4, [r3, #0]
10004a8a:	42ac      	cmp	r4, r5
10004a8c:	d337      	bcc.n	10004afe <process_set_config+0x126>
10004a8e:	d9ea      	bls.n	10004a66 <process_set_config+0x8e>
10004a90:	4b30      	ldr	r3, [pc, #192]	@ (10004b54 <process_set_config+0x17c>)
10004a92:	681c      	ldr	r4, [r3, #0]
10004a94:	016b      	lsls	r3, r5, #5
10004a96:	18e4      	adds	r4, r4, r3
10004a98:	2c00      	cmp	r4, #0
10004a9a:	d1e8      	bne.n	10004a6e <process_set_config+0x96>
10004a9c:	4926      	ldr	r1, [pc, #152]	@ (10004b38 <process_set_config+0x160>)
10004a9e:	4827      	ldr	r0, [pc, #156]	@ (10004b3c <process_set_config+0x164>)
10004aa0:	4a2d      	ldr	r2, [pc, #180]	@ (10004b58 <process_set_config+0x180>)
10004aa2:	f7ff fab7 	bl	10004014 <__wrap_printf>
10004aa6:	2000      	movs	r0, #0
10004aa8:	e7ae      	b.n	10004a08 <process_set_config+0x30>
10004aaa:	465b      	mov	r3, fp
10004aac:	2b01      	cmp	r3, #1
10004aae:	d010      	beq.n	10004ad2 <process_set_config+0xfa>
10004ab0:	2200      	movs	r2, #0
10004ab2:	4593      	cmp	fp, r2
10004ab4:	d91a      	bls.n	10004aec <process_set_config+0x114>
10004ab6:	78b3      	ldrb	r3, [r6, #2]
10004ab8:	189b      	adds	r3, r3, r2
10004aba:	b2db      	uxtb	r3, r3
10004abc:	4921      	ldr	r1, [pc, #132]	@ (10004b44 <process_set_config+0x16c>)
10004abe:	18c9      	adds	r1, r1, r3
10004ac0:	7909      	ldrb	r1, [r1, #4]
10004ac2:	29ff      	cmp	r1, #255	@ 0xff
10004ac4:	d10b      	bne.n	10004ade <process_set_config+0x106>
10004ac6:	491f      	ldr	r1, [pc, #124]	@ (10004b44 <process_set_config+0x16c>)
10004ac8:	18cb      	adds	r3, r1, r3
10004aca:	711d      	strb	r5, [r3, #4]
10004acc:	3201      	adds	r2, #1
10004ace:	b2d2      	uxtb	r2, r2
10004ad0:	e7ef      	b.n	10004ab2 <process_set_config+0xda>
10004ad2:	6922      	ldr	r2, [r4, #16]
10004ad4:	4b21      	ldr	r3, [pc, #132]	@ (10004b5c <process_set_config+0x184>)
10004ad6:	429a      	cmp	r2, r3
10004ad8:	d1ea      	bne.n	10004ab0 <process_set_config+0xd8>
10004ada:	46c3      	mov	fp, r8
10004adc:	e7e8      	b.n	10004ab0 <process_set_config+0xd8>
10004ade:	4916      	ldr	r1, [pc, #88]	@ (10004b38 <process_set_config+0x160>)
10004ae0:	4816      	ldr	r0, [pc, #88]	@ (10004b3c <process_set_config+0x164>)
10004ae2:	4a1f      	ldr	r2, [pc, #124]	@ (10004b60 <process_set_config+0x188>)
10004ae4:	f7ff fa96 	bl	10004014 <__wrap_printf>
10004ae8:	2000      	movs	r0, #0
10004aea:	e78d      	b.n	10004a08 <process_set_config+0x30>
10004aec:	481d      	ldr	r0, [pc, #116]	@ (10004b64 <process_set_config+0x18c>)
10004aee:	002b      	movs	r3, r5
10004af0:	9c01      	ldr	r4, [sp, #4]
10004af2:	0022      	movs	r2, r4
10004af4:	0031      	movs	r1, r6
10004af6:	f001 faf7 	bl	100060e8 <tu_edpt_bind_driver>
10004afa:	46a4      	mov	ip, r4
10004afc:	4466      	add	r6, ip
10004afe:	4b14      	ldr	r3, [pc, #80]	@ (10004b50 <process_set_config+0x178>)
10004b00:	781b      	ldrb	r3, [r3, #0]
10004b02:	42ab      	cmp	r3, r5
10004b04:	d30e      	bcc.n	10004b24 <process_set_config+0x14c>
10004b06:	4556      	cmp	r6, sl
10004b08:	d214      	bcs.n	10004b34 <process_set_config+0x15c>
10004b0a:	7873      	ldrb	r3, [r6, #1]
10004b0c:	2b0b      	cmp	r3, #11
10004b0e:	d09e      	beq.n	10004a4e <process_set_config+0x76>
10004b10:	2301      	movs	r3, #1
10004b12:	469b      	mov	fp, r3
10004b14:	7873      	ldrb	r3, [r6, #1]
10004b16:	2b04      	cmp	r3, #4
10004b18:	d19e      	bne.n	10004a58 <process_set_config+0x80>
10004b1a:	4653      	mov	r3, sl
10004b1c:	1b9f      	subs	r7, r3, r6
10004b1e:	b2bf      	uxth	r7, r7
10004b20:	2500      	movs	r5, #0
10004b22:	e7b0      	b.n	10004a86 <process_set_config+0xae>
10004b24:	2285      	movs	r2, #133	@ 0x85
10004b26:	4904      	ldr	r1, [pc, #16]	@ (10004b38 <process_set_config+0x160>)
10004b28:	4804      	ldr	r0, [pc, #16]	@ (10004b3c <process_set_config+0x164>)
10004b2a:	00d2      	lsls	r2, r2, #3
10004b2c:	f7ff fa72 	bl	10004014 <__wrap_printf>
10004b30:	2000      	movs	r0, #0
10004b32:	e769      	b.n	10004a08 <process_set_config+0x30>
10004b34:	2001      	movs	r0, #1
10004b36:	e767      	b.n	10004a08 <process_set_config+0x30>
10004b38:	10007c84 	.word	0x10007c84
10004b3c:	1000766c 	.word	0x1000766c
10004b40:	000003d6 	.word	0x000003d6
10004b44:	20001920 	.word	0x20001920
10004b48:	000003f1 	.word	0x000003f1
10004b4c:	10007ce4 	.word	0x10007ce4
10004b50:	20003226 	.word	0x20003226
10004b54:	20000ff0 	.word	0x20000ff0
10004b58:	000003fa 	.word	0x000003fa
10004b5c:	10005bb5 	.word	0x10005bb5
10004b60:	00000419 	.word	0x00000419
10004b64:	20001934 	.word	0x20001934

10004b68 <tud_event_hook_cb>:
10004b68:	4770      	bx	lr

10004b6a <tud_sof_cb>:
10004b6a:	4770      	bx	lr

10004b6c <tud_descriptor_bos_cb>:
10004b6c:	2000      	movs	r0, #0
10004b6e:	4770      	bx	lr

10004b70 <tud_descriptor_device_qualifier_cb>:
10004b70:	2000      	movs	r0, #0
10004b72:	4770      	bx	lr

10004b74 <tud_descriptor_other_speed_configuration_cb>:
10004b74:	2000      	movs	r0, #0
10004b76:	4770      	bx	lr

10004b78 <process_get_descriptor>:
10004b78:	b570      	push	{r4, r5, r6, lr}
10004b7a:	0005      	movs	r5, r0
10004b7c:	000c      	movs	r4, r1
10004b7e:	78cb      	ldrb	r3, [r1, #3]
10004b80:	7888      	ldrb	r0, [r1, #2]
10004b82:	2b0f      	cmp	r3, #15
10004b84:	d853      	bhi.n	10004c2e <process_get_descriptor+0xb6>
10004b86:	009a      	lsls	r2, r3, #2
10004b88:	492e      	ldr	r1, [pc, #184]	@ (10004c44 <process_get_descriptor+0xcc>)
10004b8a:	588a      	ldr	r2, [r1, r2]
10004b8c:	4697      	mov	pc, r2
10004b8e:	f7fb fbfd 	bl	1000038c <tud_descriptor_device_cb>
10004b92:	1e02      	subs	r2, r0, #0
10004b94:	d005      	beq.n	10004ba2 <process_get_descriptor+0x2a>
10004b96:	2312      	movs	r3, #18
10004b98:	0021      	movs	r1, r4
10004b9a:	0028      	movs	r0, r5
10004b9c:	f000 fd0c 	bl	100055b8 <tud_control_xfer>
10004ba0:	e046      	b.n	10004c30 <process_get_descriptor+0xb8>
10004ba2:	4929      	ldr	r1, [pc, #164]	@ (10004c48 <process_get_descriptor+0xd0>)
10004ba4:	4829      	ldr	r0, [pc, #164]	@ (10004c4c <process_get_descriptor+0xd4>)
10004ba6:	4a2a      	ldr	r2, [pc, #168]	@ (10004c50 <process_get_descriptor+0xd8>)
10004ba8:	f7ff fa34 	bl	10004014 <__wrap_printf>
10004bac:	2000      	movs	r0, #0
10004bae:	e03f      	b.n	10004c30 <process_get_descriptor+0xb8>
10004bb0:	f7ff ffdc 	bl	10004b6c <tud_descriptor_bos_cb>
10004bb4:	1e02      	subs	r2, r0, #0
10004bb6:	d03c      	beq.n	10004c32 <process_get_descriptor+0xba>
10004bb8:	7881      	ldrb	r1, [r0, #2]
10004bba:	78c3      	ldrb	r3, [r0, #3]
10004bbc:	021b      	lsls	r3, r3, #8
10004bbe:	430b      	orrs	r3, r1
10004bc0:	0021      	movs	r1, r4
10004bc2:	0028      	movs	r0, r5
10004bc4:	f000 fcf8 	bl	100055b8 <tud_control_xfer>
10004bc8:	e032      	b.n	10004c30 <process_get_descriptor+0xb8>
10004bca:	2b02      	cmp	r3, #2
10004bcc:	d00c      	beq.n	10004be8 <process_get_descriptor+0x70>
10004bce:	f7ff ffd1 	bl	10004b74 <tud_descriptor_other_speed_configuration_cb>
10004bd2:	1e02      	subs	r2, r0, #0
10004bd4:	d02f      	beq.n	10004c36 <process_get_descriptor+0xbe>
10004bd6:	7891      	ldrb	r1, [r2, #2]
10004bd8:	78d3      	ldrb	r3, [r2, #3]
10004bda:	021b      	lsls	r3, r3, #8
10004bdc:	430b      	orrs	r3, r1
10004bde:	0021      	movs	r1, r4
10004be0:	0028      	movs	r0, r5
10004be2:	f000 fce9 	bl	100055b8 <tud_control_xfer>
10004be6:	e023      	b.n	10004c30 <process_get_descriptor+0xb8>
10004be8:	f7fb fbd4 	bl	10000394 <tud_descriptor_configuration_cb>
10004bec:	1e02      	subs	r2, r0, #0
10004bee:	d1f2      	bne.n	10004bd6 <process_get_descriptor+0x5e>
10004bf0:	4915      	ldr	r1, [pc, #84]	@ (10004c48 <process_get_descriptor+0xd0>)
10004bf2:	4816      	ldr	r0, [pc, #88]	@ (10004c4c <process_get_descriptor+0xd4>)
10004bf4:	4a17      	ldr	r2, [pc, #92]	@ (10004c54 <process_get_descriptor+0xdc>)
10004bf6:	f7ff fa0d 	bl	10004014 <__wrap_printf>
10004bfa:	2000      	movs	r0, #0
10004bfc:	e018      	b.n	10004c30 <process_get_descriptor+0xb8>
10004bfe:	7923      	ldrb	r3, [r4, #4]
10004c00:	7961      	ldrb	r1, [r4, #5]
10004c02:	0209      	lsls	r1, r1, #8
10004c04:	4319      	orrs	r1, r3
10004c06:	f7fb fbc9 	bl	1000039c <tud_descriptor_string_cb>
10004c0a:	1e02      	subs	r2, r0, #0
10004c0c:	d015      	beq.n	10004c3a <process_get_descriptor+0xc2>
10004c0e:	7803      	ldrb	r3, [r0, #0]
10004c10:	0021      	movs	r1, r4
10004c12:	0028      	movs	r0, r5
10004c14:	f000 fcd0 	bl	100055b8 <tud_control_xfer>
10004c18:	e00a      	b.n	10004c30 <process_get_descriptor+0xb8>
10004c1a:	f7ff ffa9 	bl	10004b70 <tud_descriptor_device_qualifier_cb>
10004c1e:	1e02      	subs	r2, r0, #0
10004c20:	d00d      	beq.n	10004c3e <process_get_descriptor+0xc6>
10004c22:	7803      	ldrb	r3, [r0, #0]
10004c24:	0021      	movs	r1, r4
10004c26:	0028      	movs	r0, r5
10004c28:	f000 fcc6 	bl	100055b8 <tud_control_xfer>
10004c2c:	e000      	b.n	10004c30 <process_get_descriptor+0xb8>
10004c2e:	2000      	movs	r0, #0
10004c30:	bd70      	pop	{r4, r5, r6, pc}
10004c32:	2000      	movs	r0, #0
10004c34:	e7fc      	b.n	10004c30 <process_get_descriptor+0xb8>
10004c36:	2000      	movs	r0, #0
10004c38:	e7fa      	b.n	10004c30 <process_get_descriptor+0xb8>
10004c3a:	2000      	movs	r0, #0
10004c3c:	e7f8      	b.n	10004c30 <process_get_descriptor+0xb8>
10004c3e:	2000      	movs	r0, #0
10004c40:	e7f6      	b.n	10004c30 <process_get_descriptor+0xb8>
10004c42:	46c0      	nop			@ (mov r8, r8)
10004c44:	10007b84 	.word	0x10007b84
10004c48:	10007c6c 	.word	0x10007c6c
10004c4c:	1000766c 	.word	0x1000766c
10004c50:	0000043a 	.word	0x0000043a
10004c54:	00000461 	.word	0x00000461

10004c58 <tud_mounted>:
10004c58:	4b02      	ldr	r3, [pc, #8]	@ (10004c64 <tud_mounted+0xc>)
10004c5a:	7858      	ldrb	r0, [r3, #1]
10004c5c:	1e43      	subs	r3, r0, #1
10004c5e:	4198      	sbcs	r0, r3
10004c60:	b2c0      	uxtb	r0, r0
10004c62:	4770      	bx	lr
10004c64:	20001920 	.word	0x20001920

10004c68 <tud_suspended>:
10004c68:	4b02      	ldr	r3, [pc, #8]	@ (10004c74 <tud_suspended+0xc>)
10004c6a:	7818      	ldrb	r0, [r3, #0]
10004c6c:	0740      	lsls	r0, r0, #29
10004c6e:	0fc0      	lsrs	r0, r0, #31
10004c70:	4770      	bx	lr
10004c72:	46c0      	nop			@ (mov r8, r8)
10004c74:	20001920 	.word	0x20001920

10004c78 <tud_inited>:
10004c78:	4b03      	ldr	r3, [pc, #12]	@ (10004c88 <tud_inited+0x10>)
10004c7a:	7818      	ldrb	r0, [r3, #0]
10004c7c:	38ff      	subs	r0, #255	@ 0xff
10004c7e:	1e43      	subs	r3, r0, #1
10004c80:	4198      	sbcs	r0, r3
10004c82:	b2c0      	uxtb	r0, r0
10004c84:	4770      	bx	lr
10004c86:	46c0      	nop			@ (mov r8, r8)
10004c88:	20000cbc 	.word	0x20000cbc

10004c8c <tud_rhport_init>:
10004c8c:	b5f8      	push	{r3, r4, r5, r6, r7, lr}
10004c8e:	0004      	movs	r4, r0
10004c90:	000f      	movs	r7, r1
10004c92:	f7ff fff1 	bl	10004c78 <tud_inited>
10004c96:	1e06      	subs	r6, r0, #0
10004c98:	d145      	bne.n	10004d26 <tud_rhport_init+0x9a>
10004c9a:	2f00      	cmp	r7, #0
10004c9c:	d021      	beq.n	10004ce2 <tud_rhport_init+0x56>
10004c9e:	482c      	ldr	r0, [pc, #176]	@ (10004d50 <tud_rhport_init+0xc4>)
10004ca0:	2254      	movs	r2, #84	@ 0x54
10004ca2:	2100      	movs	r1, #0
10004ca4:	f7fd ff3a 	bl	10002b1c <__wrap_memset>
10004ca8:	4b2a      	ldr	r3, [pc, #168]	@ (10004d54 <tud_rhport_init+0xc8>)
10004caa:	2200      	movs	r2, #0
10004cac:	701a      	strb	r2, [r3, #0]
10004cae:	4d2a      	ldr	r5, [pc, #168]	@ (10004d58 <tud_rhport_init+0xcc>)
10004cb0:	0028      	movs	r0, r5
10004cb2:	f7fc f8c9 	bl	10000e48 <mutex_init>
10004cb6:	4b29      	ldr	r3, [pc, #164]	@ (10004d5c <tud_rhport_init+0xd0>)
10004cb8:	601d      	str	r5, [r3, #0]
10004cba:	4d29      	ldr	r5, [pc, #164]	@ (10004d60 <tud_rhport_init+0xd4>)
10004cbc:	0028      	movs	r0, r5
10004cbe:	f7fc f90f 	bl	10000ee0 <critical_section_init>
10004cc2:	3d14      	subs	r5, #20
10004cc4:	0028      	movs	r0, r5
10004cc6:	f001 fc7a 	bl	100065be <tu_fifo_clear>
10004cca:	4b26      	ldr	r3, [pc, #152]	@ (10004d64 <tud_rhport_init+0xd8>)
10004ccc:	601d      	str	r5, [r3, #0]
10004cce:	4b26      	ldr	r3, [pc, #152]	@ (10004d68 <tud_rhport_init+0xdc>)
10004cd0:	2b00      	cmp	r3, #0
10004cd2:	d004      	beq.n	10004cde <tud_rhport_init+0x52>
10004cd4:	4825      	ldr	r0, [pc, #148]	@ (10004d6c <tud_rhport_init+0xe0>)
10004cd6:	e000      	b.n	10004cda <tud_rhport_init+0x4e>
10004cd8:	bf00      	nop
10004cda:	4b25      	ldr	r3, [pc, #148]	@ (10004d70 <tud_rhport_init+0xe4>)
10004cdc:	6018      	str	r0, [r3, #0]
10004cde:	2500      	movs	r5, #0
10004ce0:	e010      	b.n	10004d04 <tud_rhport_init+0x78>
10004ce2:	22e9      	movs	r2, #233	@ 0xe9
10004ce4:	4923      	ldr	r1, [pc, #140]	@ (10004d74 <tud_rhport_init+0xe8>)
10004ce6:	4824      	ldr	r0, [pc, #144]	@ (10004d78 <tud_rhport_init+0xec>)
10004ce8:	0052      	lsls	r2, r2, #1
10004cea:	f7ff f993 	bl	10004014 <__wrap_printf>
10004cee:	e01a      	b.n	10004d26 <tud_rhport_init+0x9a>
10004cf0:	1aeb      	subs	r3, r5, r3
10004cf2:	015b      	lsls	r3, r3, #5
10004cf4:	4a21      	ldr	r2, [pc, #132]	@ (10004d7c <tud_rhport_init+0xf0>)
10004cf6:	189b      	adds	r3, r3, r2
10004cf8:	685b      	ldr	r3, [r3, #4]
10004cfa:	2b00      	cmp	r3, #0
10004cfc:	d00d      	beq.n	10004d1a <tud_rhport_init+0x8e>
10004cfe:	4798      	blx	r3
10004d00:	3501      	adds	r5, #1
10004d02:	b2ed      	uxtb	r5, r5
10004d04:	4b19      	ldr	r3, [pc, #100]	@ (10004d6c <tud_rhport_init+0xe0>)
10004d06:	781b      	ldrb	r3, [r3, #0]
10004d08:	42ab      	cmp	r3, r5
10004d0a:	d30e      	bcc.n	10004d2a <tud_rhport_init+0x9e>
10004d0c:	d9f0      	bls.n	10004cf0 <tud_rhport_init+0x64>
10004d0e:	4b18      	ldr	r3, [pc, #96]	@ (10004d70 <tud_rhport_init+0xe4>)
10004d10:	681b      	ldr	r3, [r3, #0]
10004d12:	016a      	lsls	r2, r5, #5
10004d14:	189b      	adds	r3, r3, r2
10004d16:	2b00      	cmp	r3, #0
10004d18:	d1ee      	bne.n	10004cf8 <tud_rhport_init+0x6c>
10004d1a:	22f8      	movs	r2, #248	@ 0xf8
10004d1c:	4915      	ldr	r1, [pc, #84]	@ (10004d74 <tud_rhport_init+0xe8>)
10004d1e:	4816      	ldr	r0, [pc, #88]	@ (10004d78 <tud_rhport_init+0xec>)
10004d20:	0052      	lsls	r2, r2, #1
10004d22:	f7ff f977 	bl	10004014 <__wrap_printf>
10004d26:	0030      	movs	r0, r6
10004d28:	bdf8      	pop	{r3, r4, r5, r6, r7, pc}
10004d2a:	4b15      	ldr	r3, [pc, #84]	@ (10004d80 <tud_rhport_init+0xf4>)
10004d2c:	701c      	strb	r4, [r3, #0]
10004d2e:	0039      	movs	r1, r7
10004d30:	0020      	movs	r0, r4
10004d32:	f7ff fcdf 	bl	100046f4 <dcd_init>
10004d36:	1e06      	subs	r6, r0, #0
10004d38:	d003      	beq.n	10004d42 <tud_rhport_init+0xb6>
10004d3a:	0020      	movs	r0, r4
10004d3c:	f7ff fca6 	bl	1000468c <dcd_int_enable>
10004d40:	e7f1      	b.n	10004d26 <tud_rhport_init+0x9a>
10004d42:	22fc      	movs	r2, #252	@ 0xfc
10004d44:	490b      	ldr	r1, [pc, #44]	@ (10004d74 <tud_rhport_init+0xe8>)
10004d46:	480c      	ldr	r0, [pc, #48]	@ (10004d78 <tud_rhport_init+0xec>)
10004d48:	0052      	lsls	r2, r2, #1
10004d4a:	f7ff f963 	bl	10004014 <__wrap_printf>
10004d4e:	e7ea      	b.n	10004d26 <tud_rhport_init+0x9a>
10004d50:	20001920 	.word	0x20001920
10004d54:	20003228 	.word	0x20003228
10004d58:	20001918 	.word	0x20001918
10004d5c:	20001974 	.word	0x20001974
10004d60:	20000cb4 	.word	0x20000cb4
10004d64:	20001978 	.word	0x20001978
10004d68:	00000000 	.word	0x00000000
10004d6c:	20003226 	.word	0x20003226
10004d70:	20000ff0 	.word	0x20000ff0
10004d74:	10007cd4 	.word	0x10007cd4
10004d78:	1000766c 	.word	0x1000766c
10004d7c:	10007ce4 	.word	0x10007ce4
10004d80:	20000cbc 	.word	0x20000cbc

10004d84 <usbd_edpt_open>:
10004d84:	b570      	push	{r4, r5, r6, lr}
10004d86:	000d      	movs	r5, r1
10004d88:	4b10      	ldr	r3, [pc, #64]	@ (10004dcc <usbd_edpt_open+0x48>)
10004d8a:	781e      	ldrb	r6, [r3, #0]
10004d8c:	788b      	ldrb	r3, [r1, #2]
10004d8e:	2270      	movs	r2, #112	@ 0x70
10004d90:	421a      	tst	r2, r3
10004d92:	d10d      	bne.n	10004db0 <usbd_edpt_open+0x2c>
10004d94:	4b0e      	ldr	r3, [pc, #56]	@ (10004dd0 <usbd_edpt_open+0x4c>)
10004d96:	7899      	ldrb	r1, [r3, #2]
10004d98:	0028      	movs	r0, r5
10004d9a:	f001 f94f 	bl	1000603c <tu_edpt_validate>
10004d9e:	1e04      	subs	r4, r0, #0
10004da0:	d00d      	beq.n	10004dbe <usbd_edpt_open+0x3a>
10004da2:	0029      	movs	r1, r5
10004da4:	0030      	movs	r0, r6
10004da6:	f7ff fd01 	bl	100047ac <dcd_edpt_open>
10004daa:	0004      	movs	r4, r0
10004dac:	0020      	movs	r0, r4
10004dae:	bd70      	pop	{r4, r5, r6, pc}
10004db0:	4908      	ldr	r1, [pc, #32]	@ (10004dd4 <usbd_edpt_open+0x50>)
10004db2:	4809      	ldr	r0, [pc, #36]	@ (10004dd8 <usbd_edpt_open+0x54>)
10004db4:	4a09      	ldr	r2, [pc, #36]	@ (10004ddc <usbd_edpt_open+0x58>)
10004db6:	f7ff f92d 	bl	10004014 <__wrap_printf>
10004dba:	2400      	movs	r4, #0
10004dbc:	e7f6      	b.n	10004dac <usbd_edpt_open+0x28>
10004dbe:	4905      	ldr	r1, [pc, #20]	@ (10004dd4 <usbd_edpt_open+0x50>)
10004dc0:	4805      	ldr	r0, [pc, #20]	@ (10004dd8 <usbd_edpt_open+0x54>)
10004dc2:	4a07      	ldr	r2, [pc, #28]	@ (10004de0 <usbd_edpt_open+0x5c>)
10004dc4:	f7ff f926 	bl	10004014 <__wrap_printf>
10004dc8:	e7f0      	b.n	10004dac <usbd_edpt_open+0x28>
10004dca:	46c0      	nop			@ (mov r8, r8)
10004dcc:	20000cbc 	.word	0x20000cbc
10004dd0:	20001920 	.word	0x20001920
10004dd4:	10007c3c 	.word	0x10007c3c
10004dd8:	1000766c 	.word	0x1000766c
10004ddc:	0000050b 	.word	0x0000050b
10004de0:	0000050c 	.word	0x0000050c

10004de4 <usbd_open_edpt_pair>:
10004de4:	b5f0      	push	{r4, r5, r6, r7, lr}
10004de6:	46d6      	mov	lr, sl
10004de8:	464f      	mov	r7, r9
10004dea:	4646      	mov	r6, r8
10004dec:	b5c0      	push	{r6, r7, lr}
10004dee:	4681      	mov	r9, r0
10004df0:	000c      	movs	r4, r1
10004df2:	0017      	movs	r7, r2
10004df4:	4698      	mov	r8, r3
10004df6:	9b08      	ldr	r3, [sp, #32]
10004df8:	469a      	mov	sl, r3
10004dfa:	2500      	movs	r5, #0
10004dfc:	e017      	b.n	10004e2e <usbd_open_edpt_pair+0x4a>
10004dfe:	4918      	ldr	r1, [pc, #96]	@ (10004e60 <usbd_open_edpt_pair+0x7c>)
10004e00:	4818      	ldr	r0, [pc, #96]	@ (10004e64 <usbd_open_edpt_pair+0x80>)
10004e02:	4a19      	ldr	r2, [pc, #100]	@ (10004e68 <usbd_open_edpt_pair+0x84>)
10004e04:	f7ff f906 	bl	10004014 <__wrap_printf>
10004e08:	2600      	movs	r6, #0
10004e0a:	0030      	movs	r0, r6
10004e0c:	bce0      	pop	{r5, r6, r7}
10004e0e:	46ba      	mov	sl, r7
10004e10:	46b1      	mov	r9, r6
10004e12:	46a8      	mov	r8, r5
10004e14:	bdf0      	pop	{r4, r5, r6, r7, pc}
10004e16:	229d      	movs	r2, #157	@ 0x9d
10004e18:	4911      	ldr	r1, [pc, #68]	@ (10004e60 <usbd_open_edpt_pair+0x7c>)
10004e1a:	4812      	ldr	r0, [pc, #72]	@ (10004e64 <usbd_open_edpt_pair+0x80>)
10004e1c:	00d2      	lsls	r2, r2, #3
10004e1e:	f7ff f8f9 	bl	10004014 <__wrap_printf>
10004e22:	e7f2      	b.n	10004e0a <usbd_open_edpt_pair+0x26>
10004e24:	9a09      	ldr	r2, [sp, #36]	@ 0x24
10004e26:	7013      	strb	r3, [r2, #0]
10004e28:	7823      	ldrb	r3, [r4, #0]
10004e2a:	18e4      	adds	r4, r4, r3
10004e2c:	3501      	adds	r5, #1
10004e2e:	42af      	cmp	r7, r5
10004e30:	dd14      	ble.n	10004e5c <usbd_open_edpt_pair+0x78>
10004e32:	7863      	ldrb	r3, [r4, #1]
10004e34:	2b05      	cmp	r3, #5
10004e36:	d1e2      	bne.n	10004dfe <usbd_open_edpt_pair+0x1a>
10004e38:	78e1      	ldrb	r1, [r4, #3]
10004e3a:	0789      	lsls	r1, r1, #30
10004e3c:	0f89      	lsrs	r1, r1, #30
10004e3e:	4541      	cmp	r1, r8
10004e40:	d1dd      	bne.n	10004dfe <usbd_open_edpt_pair+0x1a>
10004e42:	0021      	movs	r1, r4
10004e44:	4648      	mov	r0, r9
10004e46:	f7ff ff9d 	bl	10004d84 <usbd_edpt_open>
10004e4a:	1e06      	subs	r6, r0, #0
10004e4c:	d0e3      	beq.n	10004e16 <usbd_open_edpt_pair+0x32>
10004e4e:	78a3      	ldrb	r3, [r4, #2]
10004e50:	09da      	lsrs	r2, r3, #7
10004e52:	2a01      	cmp	r2, #1
10004e54:	d0e6      	beq.n	10004e24 <usbd_open_edpt_pair+0x40>
10004e56:	4652      	mov	r2, sl
10004e58:	7013      	strb	r3, [r2, #0]
10004e5a:	e7e5      	b.n	10004e28 <usbd_open_edpt_pair+0x44>
10004e5c:	2601      	movs	r6, #1
10004e5e:	e7d4      	b.n	10004e0a <usbd_open_edpt_pair+0x26>
10004e60:	10007c4c 	.word	0x10007c4c
10004e64:	1000766c 	.word	0x1000766c
10004e68:	000004e7 	.word	0x000004e7

10004e6c <usbd_edpt_claim>:
10004e6c:	b510      	push	{r4, lr}
10004e6e:	207f      	movs	r0, #127	@ 0x7f
10004e70:	4008      	ands	r0, r1
10004e72:	09c9      	lsrs	r1, r1, #7
10004e74:	0040      	lsls	r0, r0, #1
10004e76:	1840      	adds	r0, r0, r1
10004e78:	3030      	adds	r0, #48	@ 0x30
10004e7a:	4b04      	ldr	r3, [pc, #16]	@ (10004e8c <usbd_edpt_claim+0x20>)
10004e7c:	18c0      	adds	r0, r0, r3
10004e7e:	3004      	adds	r0, #4
10004e80:	4b03      	ldr	r3, [pc, #12]	@ (10004e90 <usbd_edpt_claim+0x24>)
10004e82:	6819      	ldr	r1, [r3, #0]
10004e84:	f001 f896 	bl	10005fb4 <tu_edpt_claim>
10004e88:	bd10      	pop	{r4, pc}
10004e8a:	46c0      	nop			@ (mov r8, r8)
10004e8c:	20001920 	.word	0x20001920
10004e90:	20001974 	.word	0x20001974

10004e94 <usbd_edpt_release>:
10004e94:	b510      	push	{r4, lr}
10004e96:	207f      	movs	r0, #127	@ 0x7f
10004e98:	4008      	ands	r0, r1
10004e9a:	09c9      	lsrs	r1, r1, #7
10004e9c:	0040      	lsls	r0, r0, #1
10004e9e:	1840      	adds	r0, r0, r1
10004ea0:	3030      	adds	r0, #48	@ 0x30
10004ea2:	4b04      	ldr	r3, [pc, #16]	@ (10004eb4 <usbd_edpt_release+0x20>)
10004ea4:	18c0      	adds	r0, r0, r3
10004ea6:	3004      	adds	r0, #4
10004ea8:	4b03      	ldr	r3, [pc, #12]	@ (10004eb8 <usbd_edpt_release+0x24>)
10004eaa:	6819      	ldr	r1, [r3, #0]
10004eac:	f001 f8aa 	bl	10006004 <tu_edpt_release>
10004eb0:	bd10      	pop	{r4, pc}
10004eb2:	46c0      	nop			@ (mov r8, r8)
10004eb4:	20001920 	.word	0x20001920
10004eb8:	20001974 	.word	0x20001974

10004ebc <usbd_edpt_xfer>:
10004ebc:	b5f0      	push	{r4, r5, r6, r7, lr}
10004ebe:	46c6      	mov	lr, r8
10004ec0:	b500      	push	{lr}
10004ec2:	b082      	sub	sp, #8
10004ec4:	9301      	str	r3, [sp, #4]
10004ec6:	481a      	ldr	r0, [pc, #104]	@ (10004f30 <usbd_edpt_xfer+0x74>)
10004ec8:	7800      	ldrb	r0, [r0, #0]
10004eca:	257f      	movs	r5, #127	@ 0x7f
10004ecc:	400d      	ands	r5, r1
10004ece:	09ce      	lsrs	r6, r1, #7
10004ed0:	4c18      	ldr	r4, [pc, #96]	@ (10004f34 <usbd_edpt_xfer+0x78>)
10004ed2:	006f      	lsls	r7, r5, #1
10004ed4:	19e4      	adds	r4, r4, r7
10004ed6:	19a4      	adds	r4, r4, r6
10004ed8:	3430      	adds	r4, #48	@ 0x30
10004eda:	7924      	ldrb	r4, [r4, #4]
10004edc:	07e4      	lsls	r4, r4, #31
10004ede:	d41d      	bmi.n	10004f1c <usbd_edpt_xfer+0x60>
10004ee0:	4c14      	ldr	r4, [pc, #80]	@ (10004f34 <usbd_edpt_xfer+0x78>)
10004ee2:	006f      	lsls	r7, r5, #1
10004ee4:	19e4      	adds	r4, r4, r7
10004ee6:	19a4      	adds	r4, r4, r6
10004ee8:	3430      	adds	r4, #48	@ 0x30
10004eea:	7923      	ldrb	r3, [r4, #4]
10004eec:	2701      	movs	r7, #1
10004eee:	46bc      	mov	ip, r7
10004ef0:	4667      	mov	r7, ip
10004ef2:	433b      	orrs	r3, r7
10004ef4:	7123      	strb	r3, [r4, #4]
10004ef6:	9b01      	ldr	r3, [sp, #4]
10004ef8:	f7ff fc70 	bl	100047dc <dcd_edpt_xfer>
10004efc:	2800      	cmp	r0, #0
10004efe:	d113      	bne.n	10004f28 <usbd_edpt_xfer+0x6c>
10004f00:	4b0c      	ldr	r3, [pc, #48]	@ (10004f34 <usbd_edpt_xfer+0x78>)
10004f02:	006d      	lsls	r5, r5, #1
10004f04:	195b      	adds	r3, r3, r5
10004f06:	199b      	adds	r3, r3, r6
10004f08:	3330      	adds	r3, #48	@ 0x30
10004f0a:	791a      	ldrb	r2, [r3, #4]
10004f0c:	2101      	movs	r1, #1
10004f0e:	438a      	bics	r2, r1
10004f10:	711a      	strb	r2, [r3, #4]
10004f12:	791a      	ldrb	r2, [r3, #4]
10004f14:	3103      	adds	r1, #3
10004f16:	438a      	bics	r2, r1
10004f18:	711a      	strb	r2, [r3, #4]
10004f1a:	e005      	b.n	10004f28 <usbd_edpt_xfer+0x6c>
10004f1c:	4906      	ldr	r1, [pc, #24]	@ (10004f38 <usbd_edpt_xfer+0x7c>)
10004f1e:	4807      	ldr	r0, [pc, #28]	@ (10004f3c <usbd_edpt_xfer+0x80>)
10004f20:	4a07      	ldr	r2, [pc, #28]	@ (10004f40 <usbd_edpt_xfer+0x84>)
10004f22:	f7ff f877 	bl	10004014 <__wrap_printf>
10004f26:	2000      	movs	r0, #0
10004f28:	b002      	add	sp, #8
10004f2a:	bc80      	pop	{r7}
10004f2c:	46b8      	mov	r8, r7
10004f2e:	bdf0      	pop	{r4, r5, r6, r7, pc}
10004f30:	20000cbc 	.word	0x20000cbc
10004f34:	20001920 	.word	0x20001920
10004f38:	10007c2c 	.word	0x10007c2c
10004f3c:	1000766c 	.word	0x1000766c
10004f40:	00000539 	.word	0x00000539

10004f44 <usbd_edpt_stall>:
10004f44:	b570      	push	{r4, r5, r6, lr}
10004f46:	4b0a      	ldr	r3, [pc, #40]	@ (10004f70 <usbd_edpt_stall+0x2c>)
10004f48:	7818      	ldrb	r0, [r3, #0]
10004f4a:	247f      	movs	r4, #127	@ 0x7f
10004f4c:	400c      	ands	r4, r1
10004f4e:	09cd      	lsrs	r5, r1, #7
10004f50:	f7ff fc5c 	bl	1000480c <dcd_edpt_stall>
10004f54:	4a07      	ldr	r2, [pc, #28]	@ (10004f74 <usbd_edpt_stall+0x30>)
10004f56:	0064      	lsls	r4, r4, #1
10004f58:	1913      	adds	r3, r2, r4
10004f5a:	195b      	adds	r3, r3, r5
10004f5c:	3330      	adds	r3, #48	@ 0x30
10004f5e:	791a      	ldrb	r2, [r3, #4]
10004f60:	2102      	movs	r1, #2
10004f62:	430a      	orrs	r2, r1
10004f64:	711a      	strb	r2, [r3, #4]
10004f66:	791a      	ldrb	r2, [r3, #4]
10004f68:	2101      	movs	r1, #1
10004f6a:	430a      	orrs	r2, r1
10004f6c:	711a      	strb	r2, [r3, #4]
10004f6e:	bd70      	pop	{r4, r5, r6, pc}
10004f70:	20000cbc 	.word	0x20000cbc
10004f74:	20001920 	.word	0x20001920

10004f78 <usbd_edpt_clear_stall>:
10004f78:	b570      	push	{r4, r5, r6, lr}
10004f7a:	4b0a      	ldr	r3, [pc, #40]	@ (10004fa4 <usbd_edpt_clear_stall+0x2c>)
10004f7c:	7818      	ldrb	r0, [r3, #0]
10004f7e:	247f      	movs	r4, #127	@ 0x7f
10004f80:	400c      	ands	r4, r1
10004f82:	09cd      	lsrs	r5, r1, #7
10004f84:	f7ff fc60 	bl	10004848 <dcd_edpt_clear_stall>
10004f88:	4a07      	ldr	r2, [pc, #28]	@ (10004fa8 <usbd_edpt_clear_stall+0x30>)
10004f8a:	0064      	lsls	r4, r4, #1
10004f8c:	1913      	adds	r3, r2, r4
10004f8e:	195b      	adds	r3, r3, r5
10004f90:	3330      	adds	r3, #48	@ 0x30
10004f92:	791a      	ldrb	r2, [r3, #4]
10004f94:	2102      	movs	r1, #2
10004f96:	438a      	bics	r2, r1
10004f98:	711a      	strb	r2, [r3, #4]
10004f9a:	791a      	ldrb	r2, [r3, #4]
10004f9c:	3901      	subs	r1, #1
10004f9e:	438a      	bics	r2, r1
10004fa0:	711a      	strb	r2, [r3, #4]
10004fa2:	bd70      	pop	{r4, r5, r6, pc}
10004fa4:	20000cbc 	.word	0x20000cbc
10004fa8:	20001920 	.word	0x20001920

10004fac <usbd_edpt_stalled>:
10004fac:	227f      	movs	r2, #127	@ 0x7f
10004fae:	400a      	ands	r2, r1
10004fb0:	09c9      	lsrs	r1, r1, #7
10004fb2:	4b04      	ldr	r3, [pc, #16]	@ (10004fc4 <usbd_edpt_stalled+0x18>)
10004fb4:	0052      	lsls	r2, r2, #1
10004fb6:	189b      	adds	r3, r3, r2
10004fb8:	185b      	adds	r3, r3, r1
10004fba:	3330      	adds	r3, #48	@ 0x30
10004fbc:	7918      	ldrb	r0, [r3, #4]
10004fbe:	0780      	lsls	r0, r0, #30
10004fc0:	0fc0      	lsrs	r0, r0, #31
10004fc2:	4770      	bx	lr
10004fc4:	20001920 	.word	0x20001920

10004fc8 <process_control_request>:
10004fc8:	b5f0      	push	{r4, r5, r6, r7, lr}
10004fca:	b085      	sub	sp, #20
10004fcc:	0005      	movs	r5, r0
10004fce:	000c      	movs	r4, r1
10004fd0:	2000      	movs	r0, #0
10004fd2:	f000 fb47 	bl	10005664 <usbd_control_set_complete_callback>
10004fd6:	7823      	ldrb	r3, [r4, #0]
10004fd8:	2260      	movs	r2, #96	@ 0x60
10004fda:	401a      	ands	r2, r3
10004fdc:	2a60      	cmp	r2, #96	@ 0x60
10004fde:	d01a      	beq.n	10005016 <process_control_request+0x4e>
10004fe0:	2a40      	cmp	r2, #64	@ 0x40
10004fe2:	d020      	beq.n	10005026 <process_control_request+0x5e>
10004fe4:	7823      	ldrb	r3, [r4, #0]
10004fe6:	06db      	lsls	r3, r3, #27
10004fe8:	0edb      	lsrs	r3, r3, #27
10004fea:	2b01      	cmp	r3, #1
10004fec:	d100      	bne.n	10004ff0 <process_control_request+0x28>
10004fee:	e0d5      	b.n	1000519c <process_control_request+0x1d4>
10004ff0:	2b02      	cmp	r3, #2
10004ff2:	d100      	bne.n	10004ff6 <process_control_request+0x2e>
10004ff4:	e114      	b.n	10005220 <process_control_request+0x258>
10004ff6:	2b00      	cmp	r3, #0
10004ff8:	d000      	beq.n	10004ffc <process_control_request+0x34>
10004ffa:	e179      	b.n	100052f0 <process_control_request+0x328>
10004ffc:	2a20      	cmp	r2, #32
10004ffe:	d01c      	beq.n	1000503a <process_control_request+0x72>
10005000:	2a00      	cmp	r2, #0
10005002:	d000      	beq.n	10005006 <process_control_request+0x3e>
10005004:	e17c      	b.n	10005300 <process_control_request+0x338>
10005006:	7863      	ldrb	r3, [r4, #1]
10005008:	2b09      	cmp	r3, #9
1000500a:	d900      	bls.n	1000500e <process_control_request+0x46>
1000500c:	e17a      	b.n	10005304 <process_control_request+0x33c>
1000500e:	009b      	lsls	r3, r3, #2
10005010:	4ac3      	ldr	r2, [pc, #780]	@ (10005320 <process_control_request+0x358>)
10005012:	58d3      	ldr	r3, [r2, r3]
10005014:	469f      	mov	pc, r3
10005016:	3255      	adds	r2, #85	@ 0x55
10005018:	49c2      	ldr	r1, [pc, #776]	@ (10005324 <process_control_request+0x35c>)
1000501a:	48c3      	ldr	r0, [pc, #780]	@ (10005328 <process_control_request+0x360>)
1000501c:	0092      	lsls	r2, r2, #2
1000501e:	f7fe fff9 	bl	10004014 <__wrap_printf>
10005022:	2600      	movs	r6, #0
10005024:	e165      	b.n	100052f2 <process_control_request+0x32a>
10005026:	48c1      	ldr	r0, [pc, #772]	@ (1000532c <process_control_request+0x364>)
10005028:	f000 fb1c 	bl	10005664 <usbd_control_set_complete_callback>
1000502c:	0022      	movs	r2, r4
1000502e:	2101      	movs	r1, #1
10005030:	0028      	movs	r0, r5
10005032:	f7ff fc7d 	bl	10004930 <tud_vendor_control_xfer_cb>
10005036:	0006      	movs	r6, r0
10005038:	e15b      	b.n	100052f2 <process_control_request+0x32a>
1000503a:	7923      	ldrb	r3, [r4, #4]
1000503c:	2b0f      	cmp	r3, #15
1000503e:	d900      	bls.n	10005042 <process_control_request+0x7a>
10005040:	e15a      	b.n	100052f8 <process_control_request+0x330>
10005042:	4abb      	ldr	r2, [pc, #748]	@ (10005330 <process_control_request+0x368>)
10005044:	18d3      	adds	r3, r2, r3
10005046:	791b      	ldrb	r3, [r3, #4]
10005048:	4aba      	ldr	r2, [pc, #744]	@ (10005334 <process_control_request+0x36c>)
1000504a:	7812      	ldrb	r2, [r2, #0]
1000504c:	4293      	cmp	r3, r2
1000504e:	d207      	bcs.n	10005060 <process_control_request+0x98>
10005050:	4ab9      	ldr	r2, [pc, #740]	@ (10005338 <process_control_request+0x370>)
10005052:	6811      	ldr	r1, [r2, #0]
10005054:	015b      	lsls	r3, r3, #5
10005056:	18c9      	adds	r1, r1, r3
10005058:	2900      	cmp	r1, #0
1000505a:	d108      	bne.n	1000506e <process_control_request+0xa6>
1000505c:	2600      	movs	r6, #0
1000505e:	e148      	b.n	100052f2 <process_control_request+0x32a>
10005060:	4293      	cmp	r3, r2
10005062:	d900      	bls.n	10005066 <process_control_request+0x9e>
10005064:	e14a      	b.n	100052fc <process_control_request+0x334>
10005066:	1a9b      	subs	r3, r3, r2
10005068:	015b      	lsls	r3, r3, #5
1000506a:	49b4      	ldr	r1, [pc, #720]	@ (1000533c <process_control_request+0x374>)
1000506c:	1859      	adds	r1, r3, r1
1000506e:	0022      	movs	r2, r4
10005070:	0028      	movs	r0, r5
10005072:	f7ff fca3 	bl	100049bc <invoke_class_control>
10005076:	0006      	movs	r6, r0
10005078:	e13b      	b.n	100052f2 <process_control_request+0x32a>
1000507a:	0020      	movs	r0, r4
1000507c:	f000 faf8 	bl	10005670 <usbd_control_set_request>
10005080:	78a1      	ldrb	r1, [r4, #2]
10005082:	0028      	movs	r0, r5
10005084:	f7ff fb18 	bl	100046b8 <dcd_set_address>
10005088:	4aa9      	ldr	r2, [pc, #676]	@ (10005330 <process_control_request+0x368>)
1000508a:	7813      	ldrb	r3, [r2, #0]
1000508c:	2102      	movs	r1, #2
1000508e:	430b      	orrs	r3, r1
10005090:	7013      	strb	r3, [r2, #0]
10005092:	2601      	movs	r6, #1
10005094:	e12d      	b.n	100052f2 <process_control_request+0x32a>
10005096:	4ba6      	ldr	r3, [pc, #664]	@ (10005330 <process_control_request+0x368>)
10005098:	785b      	ldrb	r3, [r3, #1]
1000509a:	aa02      	add	r2, sp, #8
1000509c:	3206      	adds	r2, #6
1000509e:	7013      	strb	r3, [r2, #0]
100050a0:	2301      	movs	r3, #1
100050a2:	0021      	movs	r1, r4
100050a4:	0028      	movs	r0, r5
100050a6:	f000 fa87 	bl	100055b8 <tud_control_xfer>
100050aa:	2601      	movs	r6, #1
100050ac:	e121      	b.n	100052f2 <process_control_request+0x32a>
100050ae:	78a6      	ldrb	r6, [r4, #2]
100050b0:	4b9f      	ldr	r3, [pc, #636]	@ (10005330 <process_control_request+0x368>)
100050b2:	785b      	ldrb	r3, [r3, #1]
100050b4:	42b3      	cmp	r3, r6
100050b6:	d02c      	beq.n	10005112 <process_control_request+0x14a>
100050b8:	4b9d      	ldr	r3, [pc, #628]	@ (10005330 <process_control_request+0x368>)
100050ba:	785b      	ldrb	r3, [r3, #1]
100050bc:	2b00      	cmp	r3, #0
100050be:	d10c      	bne.n	100050da <process_control_request+0x112>
100050c0:	4b9b      	ldr	r3, [pc, #620]	@ (10005330 <process_control_request+0x368>)
100050c2:	705e      	strb	r6, [r3, #1]
100050c4:	2e00      	cmp	r6, #0
100050c6:	d022      	beq.n	1000510e <process_control_request+0x146>
100050c8:	0031      	movs	r1, r6
100050ca:	0028      	movs	r0, r5
100050cc:	f7ff fc84 	bl	100049d8 <process_set_config>
100050d0:	1e06      	subs	r6, r0, #0
100050d2:	d012      	beq.n	100050fa <process_control_request+0x132>
100050d4:	f7fb f956 	bl	10000384 <tud_mount_cb>
100050d8:	e01b      	b.n	10005112 <process_control_request+0x14a>
100050da:	2100      	movs	r1, #0
100050dc:	0028      	movs	r0, r5
100050de:	f7ff fb49 	bl	10004774 <dcd_sof_enable>
100050e2:	0028      	movs	r0, r5
100050e4:	f7ff fb75 	bl	100047d2 <dcd_edpt_close_all>
100050e8:	4f91      	ldr	r7, [pc, #580]	@ (10005330 <process_control_request+0x368>)
100050ea:	78bb      	ldrb	r3, [r7, #2]
100050ec:	9301      	str	r3, [sp, #4]
100050ee:	0028      	movs	r0, r5
100050f0:	f7ff fc20 	bl	10004934 <configuration_reset>
100050f4:	9b01      	ldr	r3, [sp, #4]
100050f6:	70bb      	strb	r3, [r7, #2]
100050f8:	e7e2      	b.n	100050c0 <process_control_request+0xf8>
100050fa:	22c9      	movs	r2, #201	@ 0xc9
100050fc:	4989      	ldr	r1, [pc, #548]	@ (10005324 <process_control_request+0x35c>)
100050fe:	488a      	ldr	r0, [pc, #552]	@ (10005328 <process_control_request+0x360>)
10005100:	0092      	lsls	r2, r2, #2
10005102:	f7fe ff87 	bl	10004014 <__wrap_printf>
10005106:	4b8a      	ldr	r3, [pc, #552]	@ (10005330 <process_control_request+0x368>)
10005108:	2200      	movs	r2, #0
1000510a:	705a      	strb	r2, [r3, #1]
1000510c:	e0f1      	b.n	100052f2 <process_control_request+0x32a>
1000510e:	f7fb f93a 	bl	10000386 <tud_umount_cb>
10005112:	0021      	movs	r1, r4
10005114:	0028      	movs	r0, r5
10005116:	f000 fa3b 	bl	10005590 <tud_control_status>
1000511a:	2601      	movs	r6, #1
1000511c:	e0e9      	b.n	100052f2 <process_control_request+0x32a>
1000511e:	0021      	movs	r1, r4
10005120:	0028      	movs	r0, r5
10005122:	f7ff fd29 	bl	10004b78 <process_get_descriptor>
10005126:	0006      	movs	r6, r0
10005128:	e0e3      	b.n	100052f2 <process_control_request+0x32a>
1000512a:	78a2      	ldrb	r2, [r4, #2]
1000512c:	78e3      	ldrb	r3, [r4, #3]
1000512e:	021b      	lsls	r3, r3, #8
10005130:	4313      	orrs	r3, r2
10005132:	2b01      	cmp	r3, #1
10005134:	d001      	beq.n	1000513a <process_control_request+0x172>
10005136:	2600      	movs	r6, #0
10005138:	e0db      	b.n	100052f2 <process_control_request+0x32a>
1000513a:	4a7d      	ldr	r2, [pc, #500]	@ (10005330 <process_control_request+0x368>)
1000513c:	7813      	ldrb	r3, [r2, #0]
1000513e:	2108      	movs	r1, #8
10005140:	430b      	orrs	r3, r1
10005142:	7013      	strb	r3, [r2, #0]
10005144:	0021      	movs	r1, r4
10005146:	0028      	movs	r0, r5
10005148:	f000 fa22 	bl	10005590 <tud_control_status>
1000514c:	2601      	movs	r6, #1
1000514e:	e0d0      	b.n	100052f2 <process_control_request+0x32a>
10005150:	78a2      	ldrb	r2, [r4, #2]
10005152:	78e3      	ldrb	r3, [r4, #3]
10005154:	021b      	lsls	r3, r3, #8
10005156:	4313      	orrs	r3, r2
10005158:	2b01      	cmp	r3, #1
1000515a:	d001      	beq.n	10005160 <process_control_request+0x198>
1000515c:	2600      	movs	r6, #0
1000515e:	e0c8      	b.n	100052f2 <process_control_request+0x32a>
10005160:	4a73      	ldr	r2, [pc, #460]	@ (10005330 <process_control_request+0x368>)
10005162:	7813      	ldrb	r3, [r2, #0]
10005164:	2108      	movs	r1, #8
10005166:	438b      	bics	r3, r1
10005168:	7013      	strb	r3, [r2, #0]
1000516a:	0021      	movs	r1, r4
1000516c:	0028      	movs	r0, r5
1000516e:	f000 fa0f 	bl	10005590 <tud_control_status>
10005172:	2601      	movs	r6, #1
10005174:	e0bd      	b.n	100052f2 <process_control_request+0x32a>
10005176:	4b6e      	ldr	r3, [pc, #440]	@ (10005330 <process_control_request+0x368>)
10005178:	781a      	ldrb	r2, [r3, #0]
1000517a:	0951      	lsrs	r1, r2, #5
1000517c:	0892      	lsrs	r2, r2, #2
1000517e:	2302      	movs	r3, #2
10005180:	4013      	ands	r3, r2
10005182:	2201      	movs	r2, #1
10005184:	400a      	ands	r2, r1
10005186:	4313      	orrs	r3, r2
10005188:	aa02      	add	r2, sp, #8
1000518a:	3206      	adds	r2, #6
1000518c:	8013      	strh	r3, [r2, #0]
1000518e:	2302      	movs	r3, #2
10005190:	0021      	movs	r1, r4
10005192:	0028      	movs	r0, r5
10005194:	f000 fa10 	bl	100055b8 <tud_control_xfer>
10005198:	2601      	movs	r6, #1
1000519a:	e0aa      	b.n	100052f2 <process_control_request+0x32a>
1000519c:	7923      	ldrb	r3, [r4, #4]
1000519e:	2b0f      	cmp	r3, #15
100051a0:	d900      	bls.n	100051a4 <process_control_request+0x1dc>
100051a2:	e0b1      	b.n	10005308 <process_control_request+0x340>
100051a4:	4a62      	ldr	r2, [pc, #392]	@ (10005330 <process_control_request+0x368>)
100051a6:	18d3      	adds	r3, r2, r3
100051a8:	791b      	ldrb	r3, [r3, #4]
100051aa:	4a62      	ldr	r2, [pc, #392]	@ (10005334 <process_control_request+0x36c>)
100051ac:	7812      	ldrb	r2, [r2, #0]
100051ae:	4293      	cmp	r3, r2
100051b0:	d223      	bcs.n	100051fa <process_control_request+0x232>
100051b2:	4a61      	ldr	r2, [pc, #388]	@ (10005338 <process_control_request+0x370>)
100051b4:	6811      	ldr	r1, [r2, #0]
100051b6:	015b      	lsls	r3, r3, #5
100051b8:	18c9      	adds	r1, r1, r3
100051ba:	2900      	cmp	r1, #0
100051bc:	d100      	bne.n	100051c0 <process_control_request+0x1f8>
100051be:	e0a5      	b.n	1000530c <process_control_request+0x344>
100051c0:	0022      	movs	r2, r4
100051c2:	0028      	movs	r0, r5
100051c4:	f7ff fbfa 	bl	100049bc <invoke_class_control>
100051c8:	1e06      	subs	r6, r0, #0
100051ca:	d000      	beq.n	100051ce <process_control_request+0x206>
100051cc:	e091      	b.n	100052f2 <process_control_request+0x32a>
100051ce:	7823      	ldrb	r3, [r4, #0]
100051d0:	2260      	movs	r2, #96	@ 0x60
100051d2:	421a      	tst	r2, r3
100051d4:	d000      	beq.n	100051d8 <process_control_request+0x210>
100051d6:	e08c      	b.n	100052f2 <process_control_request+0x32a>
100051d8:	7863      	ldrb	r3, [r4, #1]
100051da:	3b0a      	subs	r3, #10
100051dc:	2b01      	cmp	r3, #1
100051de:	d900      	bls.n	100051e2 <process_control_request+0x21a>
100051e0:	e087      	b.n	100052f2 <process_control_request+0x32a>
100051e2:	2000      	movs	r0, #0
100051e4:	f000 fa3e 	bl	10005664 <usbd_control_set_complete_callback>
100051e8:	7863      	ldrb	r3, [r4, #1]
100051ea:	2b0a      	cmp	r3, #10
100051ec:	d00d      	beq.n	1000520a <process_control_request+0x242>
100051ee:	0021      	movs	r1, r4
100051f0:	0028      	movs	r0, r5
100051f2:	f000 f9cd 	bl	10005590 <tud_control_status>
100051f6:	2601      	movs	r6, #1
100051f8:	e07b      	b.n	100052f2 <process_control_request+0x32a>
100051fa:	4293      	cmp	r3, r2
100051fc:	d900      	bls.n	10005200 <process_control_request+0x238>
100051fe:	e087      	b.n	10005310 <process_control_request+0x348>
10005200:	1a9b      	subs	r3, r3, r2
10005202:	015b      	lsls	r3, r3, #5
10005204:	494d      	ldr	r1, [pc, #308]	@ (1000533c <process_control_request+0x374>)
10005206:	1859      	adds	r1, r3, r1
10005208:	e7da      	b.n	100051c0 <process_control_request+0x1f8>
1000520a:	ab02      	add	r3, sp, #8
1000520c:	1d9a      	adds	r2, r3, #6
1000520e:	2300      	movs	r3, #0
10005210:	7013      	strb	r3, [r2, #0]
10005212:	3301      	adds	r3, #1
10005214:	0021      	movs	r1, r4
10005216:	0028      	movs	r0, r5
10005218:	f000 f9ce 	bl	100055b8 <tud_control_xfer>
1000521c:	3601      	adds	r6, #1
1000521e:	e068      	b.n	100052f2 <process_control_request+0x32a>
10005220:	7921      	ldrb	r1, [r4, #4]
10005222:	207f      	movs	r0, #127	@ 0x7f
10005224:	4008      	ands	r0, r1
10005226:	09ce      	lsrs	r6, r1, #7
10005228:	2370      	movs	r3, #112	@ 0x70
1000522a:	420b      	tst	r3, r1
1000522c:	d117      	bne.n	1000525e <process_control_request+0x296>
1000522e:	4b40      	ldr	r3, [pc, #256]	@ (10005330 <process_control_request+0x368>)
10005230:	0040      	lsls	r0, r0, #1
10005232:	181b      	adds	r3, r3, r0
10005234:	199b      	adds	r3, r3, r6
10005236:	7d1b      	ldrb	r3, [r3, #20]
10005238:	483e      	ldr	r0, [pc, #248]	@ (10005334 <process_control_request+0x36c>)
1000523a:	7800      	ldrb	r0, [r0, #0]
1000523c:	4283      	cmp	r3, r0
1000523e:	d215      	bcs.n	1000526c <process_control_request+0x2a4>
10005240:	483d      	ldr	r0, [pc, #244]	@ (10005338 <process_control_request+0x370>)
10005242:	6806      	ldr	r6, [r0, #0]
10005244:	015b      	lsls	r3, r3, #5
10005246:	18f6      	adds	r6, r6, r3
10005248:	2a00      	cmp	r2, #0
1000524a:	d018      	beq.n	1000527e <process_control_request+0x2b6>
1000524c:	2e00      	cmp	r6, #0
1000524e:	d061      	beq.n	10005314 <process_control_request+0x34c>
10005250:	0022      	movs	r2, r4
10005252:	0031      	movs	r1, r6
10005254:	0028      	movs	r0, r5
10005256:	f7ff fbb1 	bl	100049bc <invoke_class_control>
1000525a:	0006      	movs	r6, r0
1000525c:	e049      	b.n	100052f2 <process_control_request+0x32a>
1000525e:	4931      	ldr	r1, [pc, #196]	@ (10005324 <process_control_request+0x35c>)
10005260:	4831      	ldr	r0, [pc, #196]	@ (10005328 <process_control_request+0x360>)
10005262:	4a37      	ldr	r2, [pc, #220]	@ (10005340 <process_control_request+0x378>)
10005264:	f7fe fed6 	bl	10004014 <__wrap_printf>
10005268:	2600      	movs	r6, #0
1000526a:	e042      	b.n	100052f2 <process_control_request+0x32a>
1000526c:	4283      	cmp	r3, r0
1000526e:	d804      	bhi.n	1000527a <process_control_request+0x2b2>
10005270:	1a1b      	subs	r3, r3, r0
10005272:	015b      	lsls	r3, r3, #5
10005274:	4e31      	ldr	r6, [pc, #196]	@ (1000533c <process_control_request+0x374>)
10005276:	199e      	adds	r6, r3, r6
10005278:	e7e6      	b.n	10005248 <process_control_request+0x280>
1000527a:	2600      	movs	r6, #0
1000527c:	e7e4      	b.n	10005248 <process_control_request+0x280>
1000527e:	7863      	ldrb	r3, [r4, #1]
10005280:	2b01      	cmp	r3, #1
10005282:	d010      	beq.n	100052a6 <process_control_request+0x2de>
10005284:	2b03      	cmp	r3, #3
10005286:	d00e      	beq.n	100052a6 <process_control_request+0x2de>
10005288:	2b00      	cmp	r3, #0
1000528a:	d145      	bne.n	10005318 <process_control_request+0x350>
1000528c:	0028      	movs	r0, r5
1000528e:	f7ff fe8d 	bl	10004fac <usbd_edpt_stalled>
10005292:	ab02      	add	r3, sp, #8
10005294:	1d9a      	adds	r2, r3, #6
10005296:	8010      	strh	r0, [r2, #0]
10005298:	2302      	movs	r3, #2
1000529a:	0021      	movs	r1, r4
1000529c:	0028      	movs	r0, r5
1000529e:	f000 f98b 	bl	100055b8 <tud_control_xfer>
100052a2:	2601      	movs	r6, #1
100052a4:	e025      	b.n	100052f2 <process_control_request+0x32a>
100052a6:	78a0      	ldrb	r0, [r4, #2]
100052a8:	78e2      	ldrb	r2, [r4, #3]
100052aa:	0212      	lsls	r2, r2, #8
100052ac:	4302      	orrs	r2, r0
100052ae:	d104      	bne.n	100052ba <process_control_request+0x2f2>
100052b0:	2b01      	cmp	r3, #1
100052b2:	d019      	beq.n	100052e8 <process_control_request+0x320>
100052b4:	0028      	movs	r0, r5
100052b6:	f7ff fe45 	bl	10004f44 <usbd_edpt_stall>
100052ba:	2e00      	cmp	r6, #0
100052bc:	d02e      	beq.n	1000531c <process_control_request+0x354>
100052be:	0022      	movs	r2, r4
100052c0:	0031      	movs	r1, r6
100052c2:	0028      	movs	r0, r5
100052c4:	f7ff fb7a 	bl	100049bc <invoke_class_control>
100052c8:	2000      	movs	r0, #0
100052ca:	f000 f9cb 	bl	10005664 <usbd_control_set_complete_callback>
100052ce:	4b18      	ldr	r3, [pc, #96]	@ (10005330 <process_control_request+0x368>)
100052d0:	2235      	movs	r2, #53	@ 0x35
100052d2:	5c9b      	ldrb	r3, [r3, r2]
100052d4:	07db      	lsls	r3, r3, #31
100052d6:	0fde      	lsrs	r6, r3, #31
100052d8:	2b00      	cmp	r3, #0
100052da:	d10a      	bne.n	100052f2 <process_control_request+0x32a>
100052dc:	0021      	movs	r1, r4
100052de:	0028      	movs	r0, r5
100052e0:	f000 f956 	bl	10005590 <tud_control_status>
100052e4:	2601      	movs	r6, #1
100052e6:	e004      	b.n	100052f2 <process_control_request+0x32a>
100052e8:	0028      	movs	r0, r5
100052ea:	f7ff fe45 	bl	10004f78 <usbd_edpt_clear_stall>
100052ee:	e7e4      	b.n	100052ba <process_control_request+0x2f2>
100052f0:	2600      	movs	r6, #0
100052f2:	0030      	movs	r0, r6
100052f4:	b005      	add	sp, #20
100052f6:	bdf0      	pop	{r4, r5, r6, r7, pc}
100052f8:	2600      	movs	r6, #0
100052fa:	e7fa      	b.n	100052f2 <process_control_request+0x32a>
100052fc:	2600      	movs	r6, #0
100052fe:	e7f8      	b.n	100052f2 <process_control_request+0x32a>
10005300:	2600      	movs	r6, #0
10005302:	e7f6      	b.n	100052f2 <process_control_request+0x32a>
10005304:	2600      	movs	r6, #0
10005306:	e7f4      	b.n	100052f2 <process_control_request+0x32a>
10005308:	2600      	movs	r6, #0
1000530a:	e7f2      	b.n	100052f2 <process_control_request+0x32a>
1000530c:	2600      	movs	r6, #0
1000530e:	e7f0      	b.n	100052f2 <process_control_request+0x32a>
10005310:	2600      	movs	r6, #0
10005312:	e7ee      	b.n	100052f2 <process_control_request+0x32a>
10005314:	2600      	movs	r6, #0
10005316:	e7ec      	b.n	100052f2 <process_control_request+0x32a>
10005318:	2600      	movs	r6, #0
1000531a:	e7ea      	b.n	100052f2 <process_control_request+0x32a>
1000531c:	2601      	movs	r6, #1
1000531e:	e7e8      	b.n	100052f2 <process_control_request+0x32a>
10005320:	10007be0 	.word	0x10007be0
10005324:	10007c98 	.word	0x10007c98
10005328:	1000766c 	.word	0x1000766c
1000532c:	10004931 	.word	0x10004931
10005330:	20001920 	.word	0x20001920
10005334:	20003226 	.word	0x20003226
10005338:	20000ff0 	.word	0x20000ff0
1000533c:	10007ce4 	.word	0x10007ce4
10005340:	00000395 	.word	0x00000395

10005344 <tud_task_ext>:
10005344:	b530      	push	{r4, r5, lr}
10005346:	b085      	sub	sp, #20
10005348:	f7ff fc96 	bl	10004c78 <tud_inited>
1000534c:	2800      	cmp	r0, #0
1000534e:	d108      	bne.n	10005362 <tud_task_ext+0x1e>
10005350:	b005      	add	sp, #20
10005352:	bd30      	pop	{r4, r5, pc}
10005354:	ac01      	add	r4, sp, #4
10005356:	7820      	ldrb	r0, [r4, #0]
10005358:	f7ff fb2a 	bl	100049b0 <usbd_reset>
1000535c:	7922      	ldrb	r2, [r4, #4]
1000535e:	4b63      	ldr	r3, [pc, #396]	@ (100054ec <tud_task_ext+0x1a8>)
10005360:	709a      	strb	r2, [r3, #2]
10005362:	4b63      	ldr	r3, [pc, #396]	@ (100054f0 <tud_task_ext+0x1ac>)
10005364:	681c      	ldr	r4, [r3, #0]
10005366:	6962      	ldr	r2, [r4, #20]
10005368:	f3ef 8110 	mrs	r1, PRIMASK
1000536c:	b672      	cpsid	i
1000536e:	6813      	ldr	r3, [r2, #0]
10005370:	2b00      	cmp	r3, #0
10005372:	d0fc      	beq.n	1000536e <tud_task_ext+0x2a>
10005374:	f3bf 8f5f 	dmb	sy
10005378:	61a1      	str	r1, [r4, #24]
1000537a:	a901      	add	r1, sp, #4
1000537c:	0020      	movs	r0, r4
1000537e:	f001 f8c1 	bl	10006504 <tu_fifo_read>
10005382:	6962      	ldr	r2, [r4, #20]
10005384:	69a3      	ldr	r3, [r4, #24]
10005386:	f3bf 8f5f 	dmb	sy
1000538a:	2100      	movs	r1, #0
1000538c:	6011      	str	r1, [r2, #0]
1000538e:	f383 8810 	msr	PRIMASK, r3
10005392:	2800      	cmp	r0, #0
10005394:	d0dc      	beq.n	10005350 <tud_task_ext+0xc>
10005396:	ab01      	add	r3, sp, #4
10005398:	785b      	ldrb	r3, [r3, #1]
1000539a:	2b08      	cmp	r3, #8
1000539c:	d8e1      	bhi.n	10005362 <tud_task_ext+0x1e>
1000539e:	009b      	lsls	r3, r3, #2
100053a0:	4a54      	ldr	r2, [pc, #336]	@ (100054f4 <tud_task_ext+0x1b0>)
100053a2:	58d3      	ldr	r3, [r2, r3]
100053a4:	469f      	mov	pc, r3
100053a6:	ab01      	add	r3, sp, #4
100053a8:	7818      	ldrb	r0, [r3, #0]
100053aa:	f7ff fb01 	bl	100049b0 <usbd_reset>
100053ae:	f7fa ffea 	bl	10000386 <tud_umount_cb>
100053b2:	e7d6      	b.n	10005362 <tud_task_ext+0x1e>
100053b4:	4b50      	ldr	r3, [pc, #320]	@ (100054f8 <tud_task_ext+0x1b4>)
100053b6:	781b      	ldrb	r3, [r3, #0]
100053b8:	2b00      	cmp	r3, #0
100053ba:	d02d      	beq.n	10005418 <tud_task_ext+0xd4>
100053bc:	4a4e      	ldr	r2, [pc, #312]	@ (100054f8 <tud_task_ext+0x1b4>)
100053be:	7813      	ldrb	r3, [r2, #0]
100053c0:	3b01      	subs	r3, #1
100053c2:	b2db      	uxtb	r3, r3
100053c4:	7013      	strb	r3, [r2, #0]
100053c6:	7813      	ldrb	r3, [r2, #0]
100053c8:	2b00      	cmp	r3, #0
100053ca:	d1ca      	bne.n	10005362 <tud_task_ext+0x1e>
100053cc:	4b47      	ldr	r3, [pc, #284]	@ (100054ec <tud_task_ext+0x1a8>)
100053ce:	781a      	ldrb	r2, [r3, #0]
100053d0:	2401      	movs	r4, #1
100053d2:	2101      	movs	r1, #1
100053d4:	430a      	orrs	r2, r1
100053d6:	701a      	strb	r2, [r3, #0]
100053d8:	2234      	movs	r2, #52	@ 0x34
100053da:	5c99      	ldrb	r1, [r3, r2]
100053dc:	43a1      	bics	r1, r4
100053de:	5499      	strb	r1, [r3, r2]
100053e0:	5c99      	ldrb	r1, [r3, r2]
100053e2:	2004      	movs	r0, #4
100053e4:	4381      	bics	r1, r0
100053e6:	5499      	strb	r1, [r3, r2]
100053e8:	3201      	adds	r2, #1
100053ea:	5c99      	ldrb	r1, [r3, r2]
100053ec:	43a1      	bics	r1, r4
100053ee:	5499      	strb	r1, [r3, r2]
100053f0:	5c99      	ldrb	r1, [r3, r2]
100053f2:	4381      	bics	r1, r0
100053f4:	5499      	strb	r1, [r3, r2]
100053f6:	ab01      	add	r3, sp, #4
100053f8:	7818      	ldrb	r0, [r3, #0]
100053fa:	a902      	add	r1, sp, #8
100053fc:	f7ff fde4 	bl	10004fc8 <process_control_request>
10005400:	2800      	cmp	r0, #0
10005402:	d1ae      	bne.n	10005362 <tud_task_ext+0x1e>
10005404:	ac01      	add	r4, sp, #4
10005406:	7820      	ldrb	r0, [r4, #0]
10005408:	2100      	movs	r1, #0
1000540a:	f7ff f9ff 	bl	1000480c <dcd_edpt_stall>
1000540e:	7820      	ldrb	r0, [r4, #0]
10005410:	2180      	movs	r1, #128	@ 0x80
10005412:	f7ff f9fb 	bl	1000480c <dcd_edpt_stall>
10005416:	e7a4      	b.n	10005362 <tud_task_ext+0x1e>
10005418:	4938      	ldr	r1, [pc, #224]	@ (100054fc <tud_task_ext+0x1b8>)
1000541a:	4839      	ldr	r0, [pc, #228]	@ (10005500 <tud_task_ext+0x1bc>)
1000541c:	4a39      	ldr	r2, [pc, #228]	@ (10005504 <tud_task_ext+0x1c0>)
1000541e:	f7fe fdf9 	bl	10004014 <__wrap_printf>
10005422:	e795      	b.n	10005350 <tud_task_ext+0xc>
10005424:	ab01      	add	r3, sp, #4
10005426:	7919      	ldrb	r1, [r3, #4]
10005428:	227f      	movs	r2, #127	@ 0x7f
1000542a:	400a      	ands	r2, r1
1000542c:	09cc      	lsrs	r4, r1, #7
1000542e:	4b2f      	ldr	r3, [pc, #188]	@ (100054ec <tud_task_ext+0x1a8>)
10005430:	0050      	lsls	r0, r2, #1
10005432:	181b      	adds	r3, r3, r0
10005434:	191b      	adds	r3, r3, r4
10005436:	3330      	adds	r3, #48	@ 0x30
10005438:	7918      	ldrb	r0, [r3, #4]
1000543a:	2501      	movs	r5, #1
1000543c:	43a8      	bics	r0, r5
1000543e:	7118      	strb	r0, [r3, #4]
10005440:	7918      	ldrb	r0, [r3, #4]
10005442:	3503      	adds	r5, #3
10005444:	43a8      	bics	r0, r5
10005446:	7118      	strb	r0, [r3, #4]
10005448:	2a00      	cmp	r2, #0
1000544a:	d015      	beq.n	10005478 <tud_task_ext+0x134>
1000544c:	4b27      	ldr	r3, [pc, #156]	@ (100054ec <tud_task_ext+0x1a8>)
1000544e:	0052      	lsls	r2, r2, #1
10005450:	189b      	adds	r3, r3, r2
10005452:	191b      	adds	r3, r3, r4
10005454:	7d1b      	ldrb	r3, [r3, #20]
10005456:	4a2c      	ldr	r2, [pc, #176]	@ (10005508 <tud_task_ext+0x1c4>)
10005458:	7812      	ldrb	r2, [r2, #0]
1000545a:	4293      	cmp	r3, r2
1000545c:	d213      	bcs.n	10005486 <tud_task_ext+0x142>
1000545e:	4a2b      	ldr	r2, [pc, #172]	@ (1000550c <tud_task_ext+0x1c8>)
10005460:	6812      	ldr	r2, [r2, #0]
10005462:	015b      	lsls	r3, r3, #5
10005464:	18d3      	adds	r3, r2, r3
10005466:	2b00      	cmp	r3, #0
10005468:	d014      	beq.n	10005494 <tud_task_ext+0x150>
1000546a:	699c      	ldr	r4, [r3, #24]
1000546c:	a801      	add	r0, sp, #4
1000546e:	7942      	ldrb	r2, [r0, #5]
10005470:	9b03      	ldr	r3, [sp, #12]
10005472:	7800      	ldrb	r0, [r0, #0]
10005474:	47a0      	blx	r4
10005476:	e774      	b.n	10005362 <tud_task_ext+0x1e>
10005478:	a801      	add	r0, sp, #4
1000547a:	7942      	ldrb	r2, [r0, #5]
1000547c:	9b03      	ldr	r3, [sp, #12]
1000547e:	7800      	ldrb	r0, [r0, #0]
10005480:	f000 f904 	bl	1000568c <usbd_control_xfer_cb>
10005484:	e76d      	b.n	10005362 <tud_task_ext+0x1e>
10005486:	4293      	cmp	r3, r2
10005488:	d804      	bhi.n	10005494 <tud_task_ext+0x150>
1000548a:	1a9b      	subs	r3, r3, r2
1000548c:	015b      	lsls	r3, r3, #5
1000548e:	4a20      	ldr	r2, [pc, #128]	@ (10005510 <tud_task_ext+0x1cc>)
10005490:	189b      	adds	r3, r3, r2
10005492:	e7ea      	b.n	1000546a <tud_task_ext+0x126>
10005494:	22a4      	movs	r2, #164	@ 0xa4
10005496:	4919      	ldr	r1, [pc, #100]	@ (100054fc <tud_task_ext+0x1b8>)
10005498:	4819      	ldr	r0, [pc, #100]	@ (10005500 <tud_task_ext+0x1bc>)
1000549a:	0092      	lsls	r2, r2, #2
1000549c:	f7fe fdba 	bl	10004014 <__wrap_printf>
100054a0:	e756      	b.n	10005350 <tud_task_ext+0xc>
100054a2:	4b12      	ldr	r3, [pc, #72]	@ (100054ec <tud_task_ext+0x1a8>)
100054a4:	781b      	ldrb	r3, [r3, #0]
100054a6:	07db      	lsls	r3, r3, #31
100054a8:	d400      	bmi.n	100054ac <tud_task_ext+0x168>
100054aa:	e75a      	b.n	10005362 <tud_task_ext+0x1e>
100054ac:	4b0f      	ldr	r3, [pc, #60]	@ (100054ec <tud_task_ext+0x1a8>)
100054ae:	7818      	ldrb	r0, [r3, #0]
100054b0:	0700      	lsls	r0, r0, #28
100054b2:	0fc0      	lsrs	r0, r0, #31
100054b4:	f7fa ff68 	bl	10000388 <tud_suspend_cb>
100054b8:	e753      	b.n	10005362 <tud_task_ext+0x1e>
100054ba:	4b0c      	ldr	r3, [pc, #48]	@ (100054ec <tud_task_ext+0x1a8>)
100054bc:	781b      	ldrb	r3, [r3, #0]
100054be:	07db      	lsls	r3, r3, #31
100054c0:	d400      	bmi.n	100054c4 <tud_task_ext+0x180>
100054c2:	e74e      	b.n	10005362 <tud_task_ext+0x1e>
100054c4:	f7fa ff61 	bl	1000038a <tud_resume_cb>
100054c8:	e74b      	b.n	10005362 <tud_task_ext+0x1e>
100054ca:	9b02      	ldr	r3, [sp, #8]
100054cc:	2b00      	cmp	r3, #0
100054ce:	d100      	bne.n	100054d2 <tud_task_ext+0x18e>
100054d0:	e747      	b.n	10005362 <tud_task_ext+0x1e>
100054d2:	9803      	ldr	r0, [sp, #12]
100054d4:	4798      	blx	r3
100054d6:	e744      	b.n	10005362 <tud_task_ext+0x1e>
100054d8:	4b04      	ldr	r3, [pc, #16]	@ (100054ec <tud_task_ext+0x1a8>)
100054da:	78db      	ldrb	r3, [r3, #3]
100054dc:	07db      	lsls	r3, r3, #31
100054de:	d400      	bmi.n	100054e2 <tud_task_ext+0x19e>
100054e0:	e73f      	b.n	10005362 <tud_task_ext+0x1e>
100054e2:	9802      	ldr	r0, [sp, #8]
100054e4:	f7ff fb41 	bl	10004b6a <tud_sof_cb>
100054e8:	e73b      	b.n	10005362 <tud_task_ext+0x1e>
100054ea:	46c0      	nop			@ (mov r8, r8)
100054ec:	20001920 	.word	0x20001920
100054f0:	20001978 	.word	0x20001978
100054f4:	10007c08 	.word	0x10007c08
100054f8:	20003228 	.word	0x20003228
100054fc:	10007cc4 	.word	0x10007cc4
10005500:	1000766c 	.word	0x1000766c
10005504:	00000265 	.word	0x00000265
10005508:	20003226 	.word	0x20003226
1000550c:	20000ff0 	.word	0x20000ff0
10005510:	10007ce4 	.word	0x10007ce4

10005514 <status_stage_xact>:
10005514:	b510      	push	{r4, lr}
10005516:	2300      	movs	r3, #0
10005518:	56cb      	ldrsb	r3, [r1, r3]
1000551a:	2b00      	cmp	r3, #0
1000551c:	db05      	blt.n	1000552a <status_stage_xact+0x16>
1000551e:	2180      	movs	r1, #128	@ 0x80
10005520:	2300      	movs	r3, #0
10005522:	2200      	movs	r2, #0
10005524:	f7ff fcca 	bl	10004ebc <usbd_edpt_xfer>
10005528:	bd10      	pop	{r4, pc}
1000552a:	2100      	movs	r1, #0
1000552c:	e7f8      	b.n	10005520 <status_stage_xact+0xc>
	...

10005530 <data_stage_xact>:
10005530:	b5f8      	push	{r3, r4, r5, r6, r7, lr}
10005532:	0005      	movs	r5, r0
10005534:	4b14      	ldr	r3, [pc, #80]	@ (10005588 <data_stage_xact+0x58>)
10005536:	899f      	ldrh	r7, [r3, #12]
10005538:	89de      	ldrh	r6, [r3, #14]
1000553a:	1bbb      	subs	r3, r7, r6
1000553c:	b29b      	uxth	r3, r3
1000553e:	1c1c      	adds	r4, r3, #0
10005540:	2b40      	cmp	r3, #64	@ 0x40
10005542:	d900      	bls.n	10005546 <data_stage_xact+0x16>
10005544:	2440      	movs	r4, #64	@ 0x40
10005546:	b2a4      	uxth	r4, r4
10005548:	4b0f      	ldr	r3, [pc, #60]	@ (10005588 <data_stage_xact+0x58>)
1000554a:	781b      	ldrb	r3, [r3, #0]
1000554c:	b25b      	sxtb	r3, r3
1000554e:	2b00      	cmp	r3, #0
10005550:	db08      	blt.n	10005564 <data_stage_xact+0x34>
10005552:	2100      	movs	r1, #0
10005554:	42b7      	cmp	r7, r6
10005556:	d013      	beq.n	10005580 <data_stage_xact+0x50>
10005558:	4a0c      	ldr	r2, [pc, #48]	@ (1000558c <data_stage_xact+0x5c>)
1000555a:	0023      	movs	r3, r4
1000555c:	0028      	movs	r0, r5
1000555e:	f7ff fcad 	bl	10004ebc <usbd_edpt_xfer>
10005562:	bdf8      	pop	{r3, r4, r5, r6, r7, pc}
10005564:	42b7      	cmp	r7, r6
10005566:	d009      	beq.n	1000557c <data_stage_xact+0x4c>
10005568:	4b07      	ldr	r3, [pc, #28]	@ (10005588 <data_stage_xact+0x58>)
1000556a:	6899      	ldr	r1, [r3, #8]
1000556c:	2c40      	cmp	r4, #64	@ 0x40
1000556e:	d809      	bhi.n	10005584 <data_stage_xact+0x54>
10005570:	4806      	ldr	r0, [pc, #24]	@ (1000558c <data_stage_xact+0x5c>)
10005572:	0022      	movs	r2, r4
10005574:	f7fd fad8 	bl	10002b28 <__wrap___aeabi_memcpy>
10005578:	2180      	movs	r1, #128	@ 0x80
1000557a:	e7eb      	b.n	10005554 <data_stage_xact+0x24>
1000557c:	2180      	movs	r1, #128	@ 0x80
1000557e:	e7e9      	b.n	10005554 <data_stage_xact+0x24>
10005580:	2200      	movs	r2, #0
10005582:	e7ea      	b.n	1000555a <data_stage_xact+0x2a>
10005584:	2000      	movs	r0, #0
10005586:	e7ec      	b.n	10005562 <data_stage_xact+0x32>
10005588:	20001900 	.word	0x20001900
1000558c:	200018c0 	.word	0x200018c0

10005590 <tud_control_status>:
10005590:	b570      	push	{r4, r5, r6, lr}
10005592:	0006      	movs	r6, r0
10005594:	000d      	movs	r5, r1
10005596:	4c07      	ldr	r4, [pc, #28]	@ (100055b4 <tud_control_status+0x24>)
10005598:	2208      	movs	r2, #8
1000559a:	0020      	movs	r0, r4
1000559c:	f7fd fac4 	bl	10002b28 <__wrap___aeabi_memcpy>
100055a0:	2300      	movs	r3, #0
100055a2:	60a3      	str	r3, [r4, #8]
100055a4:	81e3      	strh	r3, [r4, #14]
100055a6:	81a3      	strh	r3, [r4, #12]
100055a8:	0029      	movs	r1, r5
100055aa:	0030      	movs	r0, r6
100055ac:	f7ff ffb2 	bl	10005514 <status_stage_xact>
100055b0:	bd70      	pop	{r4, r5, r6, pc}
100055b2:	46c0      	nop			@ (mov r8, r8)
100055b4:	20001900 	.word	0x20001900

100055b8 <tud_control_xfer>:
100055b8:	b5f0      	push	{r4, r5, r6, r7, lr}
100055ba:	46c6      	mov	lr, r8
100055bc:	b500      	push	{lr}
100055be:	4680      	mov	r8, r0
100055c0:	000c      	movs	r4, r1
100055c2:	0016      	movs	r6, r2
100055c4:	001d      	movs	r5, r3
100055c6:	4b1f      	ldr	r3, [pc, #124]	@ (10005644 <tud_control_xfer+0x8c>)
100055c8:	2208      	movs	r2, #8
100055ca:	001f      	movs	r7, r3
100055cc:	0018      	movs	r0, r3
100055ce:	f7fd faab 	bl	10002b28 <__wrap___aeabi_memcpy>
100055d2:	60be      	str	r6, [r7, #8]
100055d4:	2300      	movs	r3, #0
100055d6:	81fb      	strh	r3, [r7, #14]
100055d8:	79a3      	ldrb	r3, [r4, #6]
100055da:	79e1      	ldrb	r1, [r4, #7]
100055dc:	0209      	lsls	r1, r1, #8
100055de:	4319      	orrs	r1, r3
100055e0:	1c0b      	adds	r3, r1, #0
100055e2:	42a9      	cmp	r1, r5
100055e4:	d900      	bls.n	100055e8 <tud_control_xfer+0x30>
100055e6:	1c2b      	adds	r3, r5, #0
100055e8:	b299      	uxth	r1, r3
100055ea:	4a16      	ldr	r2, [pc, #88]	@ (10005644 <tud_control_xfer+0x8c>)
100055ec:	8193      	strh	r3, [r2, #12]
100055ee:	79a2      	ldrb	r2, [r4, #6]
100055f0:	79e3      	ldrb	r3, [r4, #7]
100055f2:	021b      	lsls	r3, r3, #8
100055f4:	4313      	orrs	r3, r2
100055f6:	d019      	beq.n	1000562c <tud_control_xfer+0x74>
100055f8:	2900      	cmp	r1, #0
100055fa:	d001      	beq.n	10005600 <tud_control_xfer+0x48>
100055fc:	2e00      	cmp	r6, #0
100055fe:	d008      	beq.n	10005612 <tud_control_xfer+0x5a>
10005600:	4640      	mov	r0, r8
10005602:	f7ff ff95 	bl	10005530 <data_stage_xact>
10005606:	1e04      	subs	r4, r0, #0
10005608:	d00a      	beq.n	10005620 <tud_control_xfer+0x68>
1000560a:	0020      	movs	r0, r4
1000560c:	bc80      	pop	{r7}
1000560e:	46b8      	mov	r8, r7
10005610:	bdf0      	pop	{r4, r5, r6, r7, pc}
10005612:	490d      	ldr	r1, [pc, #52]	@ (10005648 <tud_control_xfer+0x90>)
10005614:	480d      	ldr	r0, [pc, #52]	@ (1000564c <tud_control_xfer+0x94>)
10005616:	2272      	movs	r2, #114	@ 0x72
10005618:	f7fe fcfc 	bl	10004014 <__wrap_printf>
1000561c:	2400      	movs	r4, #0
1000561e:	e7f4      	b.n	1000560a <tud_control_xfer+0x52>
10005620:	4909      	ldr	r1, [pc, #36]	@ (10005648 <tud_control_xfer+0x90>)
10005622:	480a      	ldr	r0, [pc, #40]	@ (1000564c <tud_control_xfer+0x94>)
10005624:	2274      	movs	r2, #116	@ 0x74
10005626:	f7fe fcf5 	bl	10004014 <__wrap_printf>
1000562a:	e7ee      	b.n	1000560a <tud_control_xfer+0x52>
1000562c:	0021      	movs	r1, r4
1000562e:	4640      	mov	r0, r8
10005630:	f7ff ff70 	bl	10005514 <status_stage_xact>
10005634:	1e04      	subs	r4, r0, #0
10005636:	d1e8      	bne.n	1000560a <tud_control_xfer+0x52>
10005638:	4903      	ldr	r1, [pc, #12]	@ (10005648 <tud_control_xfer+0x90>)
1000563a:	4804      	ldr	r0, [pc, #16]	@ (1000564c <tud_control_xfer+0x94>)
1000563c:	2276      	movs	r2, #118	@ 0x76
1000563e:	f7fe fce9 	bl	10004014 <__wrap_printf>
10005642:	e7e2      	b.n	1000560a <tud_control_xfer+0x52>
10005644:	20001900 	.word	0x20001900
10005648:	10007d1c 	.word	0x10007d1c
1000564c:	1000766c 	.word	0x1000766c

10005650 <usbd_control_reset>:
10005650:	b510      	push	{r4, lr}
10005652:	4803      	ldr	r0, [pc, #12]	@ (10005660 <usbd_control_reset+0x10>)
10005654:	2214      	movs	r2, #20
10005656:	2100      	movs	r1, #0
10005658:	f7fd fa60 	bl	10002b1c <__wrap_memset>
1000565c:	bd10      	pop	{r4, pc}
1000565e:	46c0      	nop			@ (mov r8, r8)
10005660:	20001900 	.word	0x20001900

10005664 <usbd_control_set_complete_callback>:
10005664:	4b01      	ldr	r3, [pc, #4]	@ (1000566c <usbd_control_set_complete_callback+0x8>)
10005666:	6118      	str	r0, [r3, #16]
10005668:	4770      	bx	lr
1000566a:	46c0      	nop			@ (mov r8, r8)
1000566c:	20001900 	.word	0x20001900

10005670 <usbd_control_set_request>:
10005670:	b510      	push	{r4, lr}
10005672:	0001      	movs	r1, r0
10005674:	4c04      	ldr	r4, [pc, #16]	@ (10005688 <usbd_control_set_request+0x18>)
10005676:	2208      	movs	r2, #8
10005678:	0020      	movs	r0, r4
1000567a:	f7fd fa55 	bl	10002b28 <__wrap___aeabi_memcpy>
1000567e:	2300      	movs	r3, #0
10005680:	60a3      	str	r3, [r4, #8]
10005682:	81e3      	strh	r3, [r4, #14]
10005684:	81a3      	strh	r3, [r4, #12]
10005686:	bd10      	pop	{r4, pc}
10005688:	20001900 	.word	0x20001900

1000568c <usbd_control_xfer_cb>:
1000568c:	b570      	push	{r4, r5, r6, lr}
1000568e:	0005      	movs	r5, r0
10005690:	001c      	movs	r4, r3
10005692:	09c9      	lsrs	r1, r1, #7
10005694:	4b31      	ldr	r3, [pc, #196]	@ (1000575c <usbd_control_xfer_cb+0xd0>)
10005696:	781b      	ldrb	r3, [r3, #0]
10005698:	09db      	lsrs	r3, r3, #7
1000569a:	428b      	cmp	r3, r1
1000569c:	d016      	beq.n	100056cc <usbd_control_xfer_cb+0x40>
1000569e:	2c00      	cmp	r4, #0
100056a0:	d007      	beq.n	100056b2 <usbd_control_xfer_cb+0x26>
100056a2:	492f      	ldr	r1, [pc, #188]	@ (10005760 <usbd_control_xfer_cb+0xd4>)
100056a4:	482f      	ldr	r0, [pc, #188]	@ (10005764 <usbd_control_xfer_cb+0xd8>)
100056a6:	229d      	movs	r2, #157	@ 0x9d
100056a8:	f7fe fcb4 	bl	10004014 <__wrap_printf>
100056ac:	2400      	movs	r4, #0
100056ae:	0020      	movs	r0, r4
100056b0:	bd70      	pop	{r4, r5, r6, pc}
100056b2:	4c2a      	ldr	r4, [pc, #168]	@ (1000575c <usbd_control_xfer_cb+0xd0>)
100056b4:	0021      	movs	r1, r4
100056b6:	f7ff f86b 	bl	10004790 <dcd_edpt0_status_complete>
100056ba:	6923      	ldr	r3, [r4, #16]
100056bc:	2b00      	cmp	r3, #0
100056be:	d003      	beq.n	100056c8 <usbd_control_xfer_cb+0x3c>
100056c0:	4a26      	ldr	r2, [pc, #152]	@ (1000575c <usbd_control_xfer_cb+0xd0>)
100056c2:	2103      	movs	r1, #3
100056c4:	0028      	movs	r0, r5
100056c6:	4798      	blx	r3
100056c8:	2401      	movs	r4, #1
100056ca:	e7f0      	b.n	100056ae <usbd_control_xfer_cb+0x22>
100056cc:	4b23      	ldr	r3, [pc, #140]	@ (1000575c <usbd_control_xfer_cb+0xd0>)
100056ce:	781b      	ldrb	r3, [r3, #0]
100056d0:	b25b      	sxtb	r3, r3
100056d2:	2b00      	cmp	r3, #0
100056d4:	db07      	blt.n	100056e6 <usbd_control_xfer_cb+0x5a>
100056d6:	4b21      	ldr	r3, [pc, #132]	@ (1000575c <usbd_control_xfer_cb+0xd0>)
100056d8:	6898      	ldr	r0, [r3, #8]
100056da:	2800      	cmp	r0, #0
100056dc:	d03c      	beq.n	10005758 <usbd_control_xfer_cb+0xcc>
100056de:	4922      	ldr	r1, [pc, #136]	@ (10005768 <usbd_control_xfer_cb+0xdc>)
100056e0:	0022      	movs	r2, r4
100056e2:	f7fd fa21 	bl	10002b28 <__wrap___aeabi_memcpy>
100056e6:	4a1d      	ldr	r2, [pc, #116]	@ (1000575c <usbd_control_xfer_cb+0xd0>)
100056e8:	89d3      	ldrh	r3, [r2, #14]
100056ea:	b2a1      	uxth	r1, r4
100056ec:	185b      	adds	r3, r3, r1
100056ee:	b29b      	uxth	r3, r3
100056f0:	81d3      	strh	r3, [r2, #14]
100056f2:	6891      	ldr	r1, [r2, #8]
100056f4:	1909      	adds	r1, r1, r4
100056f6:	6091      	str	r1, [r2, #8]
100056f8:	88d2      	ldrh	r2, [r2, #6]
100056fa:	4293      	cmp	r3, r2
100056fc:	d001      	beq.n	10005702 <usbd_control_xfer_cb+0x76>
100056fe:	2c3f      	cmp	r4, #63	@ 0x3f
10005700:	d81f      	bhi.n	10005742 <usbd_control_xfer_cb+0xb6>
10005702:	4b16      	ldr	r3, [pc, #88]	@ (1000575c <usbd_control_xfer_cb+0xd0>)
10005704:	691b      	ldr	r3, [r3, #16]
10005706:	2b00      	cmp	r3, #0
10005708:	d005      	beq.n	10005716 <usbd_control_xfer_cb+0x8a>
1000570a:	4a14      	ldr	r2, [pc, #80]	@ (1000575c <usbd_control_xfer_cb+0xd0>)
1000570c:	2102      	movs	r1, #2
1000570e:	0028      	movs	r0, r5
10005710:	4798      	blx	r3
10005712:	2800      	cmp	r0, #0
10005714:	d00b      	beq.n	1000572e <usbd_control_xfer_cb+0xa2>
10005716:	4911      	ldr	r1, [pc, #68]	@ (1000575c <usbd_control_xfer_cb+0xd0>)
10005718:	0028      	movs	r0, r5
1000571a:	f7ff fefb 	bl	10005514 <status_stage_xact>
1000571e:	1e04      	subs	r4, r0, #0
10005720:	d1c5      	bne.n	100056ae <usbd_control_xfer_cb+0x22>
10005722:	490f      	ldr	r1, [pc, #60]	@ (10005760 <usbd_control_xfer_cb+0xd4>)
10005724:	480f      	ldr	r0, [pc, #60]	@ (10005764 <usbd_control_xfer_cb+0xd8>)
10005726:	22c5      	movs	r2, #197	@ 0xc5
10005728:	f7fe fc74 	bl	10004014 <__wrap_printf>
1000572c:	e7bf      	b.n	100056ae <usbd_control_xfer_cb+0x22>
1000572e:	2100      	movs	r1, #0
10005730:	0028      	movs	r0, r5
10005732:	f7ff f86b 	bl	1000480c <dcd_edpt_stall>
10005736:	2180      	movs	r1, #128	@ 0x80
10005738:	0028      	movs	r0, r5
1000573a:	f7ff f867 	bl	1000480c <dcd_edpt_stall>
1000573e:	2401      	movs	r4, #1
10005740:	e7b5      	b.n	100056ae <usbd_control_xfer_cb+0x22>
10005742:	0028      	movs	r0, r5
10005744:	f7ff fef4 	bl	10005530 <data_stage_xact>
10005748:	1e04      	subs	r4, r0, #0
1000574a:	d1b0      	bne.n	100056ae <usbd_control_xfer_cb+0x22>
1000574c:	4904      	ldr	r1, [pc, #16]	@ (10005760 <usbd_control_xfer_cb+0xd4>)
1000574e:	4805      	ldr	r0, [pc, #20]	@ (10005764 <usbd_control_xfer_cb+0xd8>)
10005750:	22cd      	movs	r2, #205	@ 0xcd
10005752:	f7fe fc5f 	bl	10004014 <__wrap_printf>
10005756:	e7aa      	b.n	100056ae <usbd_control_xfer_cb+0x22>
10005758:	2400      	movs	r4, #0
1000575a:	e7a8      	b.n	100056ae <usbd_control_xfer_cb+0x22>
1000575c:	20001900 	.word	0x20001900
10005760:	10007d04 	.word	0x10007d04
10005764:	1000766c 	.word	0x1000766c
10005768:	200018c0 	.word	0x200018c0

1000576c <_prep_out_transaction>:
1000576c:	b570      	push	{r4, r5, r6, lr}
1000576e:	0005      	movs	r5, r0
10005770:	f7ff fa72 	bl	10004c58 <tud_mounted>
10005774:	2800      	cmp	r0, #0
10005776:	d102      	bne.n	1000577e <_prep_out_transaction+0x12>
10005778:	2400      	movs	r4, #0
1000577a:	0020      	movs	r0, r4
1000577c:	bd70      	pop	{r4, r5, r6, pc}
1000577e:	f7ff fa73 	bl	10004c68 <tud_suspended>
10005782:	1e04      	subs	r4, r0, #0
10005784:	d1f8      	bne.n	10005778 <_prep_out_transaction+0xc>
10005786:	4a24      	ldr	r2, [pc, #144]	@ (10005818 <_prep_out_transaction+0xac>)
10005788:	016b      	lsls	r3, r5, #5
1000578a:	195b      	adds	r3, r3, r5
1000578c:	00db      	lsls	r3, r3, #3
1000578e:	195b      	adds	r3, r3, r5
10005790:	00db      	lsls	r3, r3, #3
10005792:	18d2      	adds	r2, r2, r3
10005794:	78d3      	ldrb	r3, [r2, #3]
10005796:	2b00      	cmp	r3, #0
10005798:	d0ee      	beq.n	10005778 <_prep_out_transaction+0xc>
1000579a:	016e      	lsls	r6, r5, #5
1000579c:	1976      	adds	r6, r6, r5
1000579e:	00f6      	lsls	r6, r6, #3
100057a0:	1976      	adds	r6, r6, r5
100057a2:	00f6      	lsls	r6, r6, #3
100057a4:	3610      	adds	r6, #16
100057a6:	4b1c      	ldr	r3, [pc, #112]	@ (10005818 <_prep_out_transaction+0xac>)
100057a8:	18f6      	adds	r6, r6, r3
100057aa:	0030      	movs	r0, r6
100057ac:	f000 fe93 	bl	100064d6 <tu_fifo_remaining>
100057b0:	283f      	cmp	r0, #63	@ 0x3f
100057b2:	d9e2      	bls.n	1000577a <_prep_out_transaction+0xe>
100057b4:	4a18      	ldr	r2, [pc, #96]	@ (10005818 <_prep_out_transaction+0xac>)
100057b6:	016b      	lsls	r3, r5, #5
100057b8:	195b      	adds	r3, r3, r5
100057ba:	00db      	lsls	r3, r3, #3
100057bc:	195b      	adds	r3, r3, r5
100057be:	00db      	lsls	r3, r3, #3
100057c0:	18d2      	adds	r2, r2, r3
100057c2:	78d1      	ldrb	r1, [r2, #3]
100057c4:	2000      	movs	r0, #0
100057c6:	f7ff fb51 	bl	10004e6c <usbd_edpt_claim>
100057ca:	2800      	cmp	r0, #0
100057cc:	d101      	bne.n	100057d2 <_prep_out_transaction+0x66>
100057ce:	0004      	movs	r4, r0
100057d0:	e7d3      	b.n	1000577a <_prep_out_transaction+0xe>
100057d2:	0030      	movs	r0, r6
100057d4:	f000 fe7f 	bl	100064d6 <tu_fifo_remaining>
100057d8:	283f      	cmp	r0, #63	@ 0x3f
100057da:	d910      	bls.n	100057fe <_prep_out_transaction+0x92>
100057dc:	01ea      	lsls	r2, r5, #7
100057de:	4b0f      	ldr	r3, [pc, #60]	@ (1000581c <_prep_out_transaction+0xb0>)
100057e0:	18d2      	adds	r2, r2, r3
100057e2:	490d      	ldr	r1, [pc, #52]	@ (10005818 <_prep_out_transaction+0xac>)
100057e4:	016b      	lsls	r3, r5, #5
100057e6:	195b      	adds	r3, r3, r5
100057e8:	00db      	lsls	r3, r3, #3
100057ea:	195b      	adds	r3, r3, r5
100057ec:	00db      	lsls	r3, r3, #3
100057ee:	18c9      	adds	r1, r1, r3
100057f0:	78c9      	ldrb	r1, [r1, #3]
100057f2:	2340      	movs	r3, #64	@ 0x40
100057f4:	2000      	movs	r0, #0
100057f6:	f7ff fb61 	bl	10004ebc <usbd_edpt_xfer>
100057fa:	0004      	movs	r4, r0
100057fc:	e7bd      	b.n	1000577a <_prep_out_transaction+0xe>
100057fe:	4a06      	ldr	r2, [pc, #24]	@ (10005818 <_prep_out_transaction+0xac>)
10005800:	016b      	lsls	r3, r5, #5
10005802:	195b      	adds	r3, r3, r5
10005804:	00db      	lsls	r3, r3, #3
10005806:	195b      	adds	r3, r3, r5
10005808:	00db      	lsls	r3, r3, #3
1000580a:	18d2      	adds	r2, r2, r3
1000580c:	78d1      	ldrb	r1, [r2, #3]
1000580e:	2000      	movs	r0, #0
10005810:	f7ff fb40 	bl	10004e94 <usbd_edpt_release>
10005814:	e7b1      	b.n	1000577a <_prep_out_transaction+0xe>
10005816:	46c0      	nop			@ (mov r8, r8)
10005818:	20001078 	.word	0x20001078
1000581c:	20000ff4 	.word	0x20000ff4

10005820 <tud_cdc_n_connected>:
10005820:	b510      	push	{r4, lr}
10005822:	0004      	movs	r4, r0
10005824:	f7ff fa18 	bl	10004c58 <tud_mounted>
10005828:	2800      	cmp	r0, #0
1000582a:	d101      	bne.n	10005830 <tud_cdc_n_connected+0x10>
1000582c:	2000      	movs	r0, #0
1000582e:	bd10      	pop	{r4, pc}
10005830:	f7ff fa1a 	bl	10004c68 <tud_suspended>
10005834:	2800      	cmp	r0, #0
10005836:	d10b      	bne.n	10005850 <tud_cdc_n_connected+0x30>
10005838:	4a07      	ldr	r2, [pc, #28]	@ (10005858 <tud_cdc_n_connected+0x38>)
1000583a:	0163      	lsls	r3, r4, #5
1000583c:	191b      	adds	r3, r3, r4
1000583e:	00db      	lsls	r3, r3, #3
10005840:	191b      	adds	r3, r3, r4
10005842:	00db      	lsls	r3, r3, #3
10005844:	18d2      	adds	r2, r2, r3
10005846:	7913      	ldrb	r3, [r2, #4]
10005848:	07db      	lsls	r3, r3, #31
1000584a:	d503      	bpl.n	10005854 <tud_cdc_n_connected+0x34>
1000584c:	3001      	adds	r0, #1
1000584e:	e7ee      	b.n	1000582e <tud_cdc_n_connected+0xe>
10005850:	2000      	movs	r0, #0
10005852:	e7ec      	b.n	1000582e <tud_cdc_n_connected+0xe>
10005854:	2000      	movs	r0, #0
10005856:	e7ea      	b.n	1000582e <tud_cdc_n_connected+0xe>
10005858:	20001078 	.word	0x20001078

1000585c <tud_cdc_n_available>:
1000585c:	b510      	push	{r4, lr}
1000585e:	0143      	lsls	r3, r0, #5
10005860:	181b      	adds	r3, r3, r0
10005862:	00db      	lsls	r3, r3, #3
10005864:	1818      	adds	r0, r3, r0
10005866:	00c0      	lsls	r0, r0, #3
10005868:	3010      	adds	r0, #16
1000586a:	4b02      	ldr	r3, [pc, #8]	@ (10005874 <tud_cdc_n_available+0x18>)
1000586c:	18c0      	adds	r0, r0, r3
1000586e:	f000 fe00 	bl	10006472 <tu_fifo_count>
10005872:	bd10      	pop	{r4, pc}
10005874:	20001078 	.word	0x20001078

10005878 <tud_cdc_n_read>:
10005878:	b570      	push	{r4, r5, r6, lr}
1000587a:	0004      	movs	r4, r0
1000587c:	0143      	lsls	r3, r0, #5
1000587e:	181b      	adds	r3, r3, r0
10005880:	00db      	lsls	r3, r3, #3
10005882:	181b      	adds	r3, r3, r0
10005884:	00db      	lsls	r3, r3, #3
10005886:	3310      	adds	r3, #16
10005888:	4807      	ldr	r0, [pc, #28]	@ (100058a8 <tud_cdc_n_read+0x30>)
1000588a:	1818      	adds	r0, r3, r0
1000588c:	4b07      	ldr	r3, [pc, #28]	@ (100058ac <tud_cdc_n_read+0x34>)
1000588e:	429a      	cmp	r2, r3
10005890:	d808      	bhi.n	100058a4 <tud_cdc_n_read+0x2c>
10005892:	b292      	uxth	r2, r2
10005894:	f000 fe57 	bl	10006546 <tu_fifo_read_n>
10005898:	0005      	movs	r5, r0
1000589a:	0020      	movs	r0, r4
1000589c:	f7ff ff66 	bl	1000576c <_prep_out_transaction>
100058a0:	0028      	movs	r0, r5
100058a2:	bd70      	pop	{r4, r5, r6, pc}
100058a4:	4a02      	ldr	r2, [pc, #8]	@ (100058b0 <tud_cdc_n_read+0x38>)
100058a6:	e7f5      	b.n	10005894 <tud_cdc_n_read+0x1c>
100058a8:	20001078 	.word	0x20001078
100058ac:	0000fffe 	.word	0x0000fffe
100058b0:	0000ffff 	.word	0x0000ffff

100058b4 <tud_cdc_n_write_flush>:
100058b4:	b570      	push	{r4, r5, r6, lr}
100058b6:	0004      	movs	r4, r0
100058b8:	f7ff f9ce 	bl	10004c58 <tud_mounted>
100058bc:	2800      	cmp	r0, #0
100058be:	d101      	bne.n	100058c4 <tud_cdc_n_write_flush+0x10>
100058c0:	2000      	movs	r0, #0
100058c2:	bd70      	pop	{r4, r5, r6, pc}
100058c4:	f7ff f9d0 	bl	10004c68 <tud_suspended>
100058c8:	2800      	cmp	r0, #0
100058ca:	d1f9      	bne.n	100058c0 <tud_cdc_n_write_flush+0xc>
100058cc:	0165      	lsls	r5, r4, #5
100058ce:	192d      	adds	r5, r5, r4
100058d0:	00ed      	lsls	r5, r5, #3
100058d2:	192d      	adds	r5, r5, r4
100058d4:	00ed      	lsls	r5, r5, #3
100058d6:	3520      	adds	r5, #32
100058d8:	4b24      	ldr	r3, [pc, #144]	@ (1000596c <tud_cdc_n_write_flush+0xb8>)
100058da:	18ed      	adds	r5, r5, r3
100058dc:	3504      	adds	r5, #4
100058de:	0028      	movs	r0, r5
100058e0:	f000 fdc7 	bl	10006472 <tu_fifo_count>
100058e4:	2800      	cmp	r0, #0
100058e6:	d101      	bne.n	100058ec <tud_cdc_n_write_flush+0x38>
100058e8:	2000      	movs	r0, #0
100058ea:	e7ea      	b.n	100058c2 <tud_cdc_n_write_flush+0xe>
100058ec:	4a1f      	ldr	r2, [pc, #124]	@ (1000596c <tud_cdc_n_write_flush+0xb8>)
100058ee:	0163      	lsls	r3, r4, #5
100058f0:	191b      	adds	r3, r3, r4
100058f2:	00db      	lsls	r3, r3, #3
100058f4:	191b      	adds	r3, r3, r4
100058f6:	00db      	lsls	r3, r3, #3
100058f8:	18d2      	adds	r2, r2, r3
100058fa:	7891      	ldrb	r1, [r2, #2]
100058fc:	2000      	movs	r0, #0
100058fe:	f7ff fab5 	bl	10004e6c <usbd_edpt_claim>
10005902:	2800      	cmp	r0, #0
10005904:	d101      	bne.n	1000590a <tud_cdc_n_write_flush+0x56>
10005906:	2000      	movs	r0, #0
10005908:	e7db      	b.n	100058c2 <tud_cdc_n_write_flush+0xe>
1000590a:	01e6      	lsls	r6, r4, #7
1000590c:	3640      	adds	r6, #64	@ 0x40
1000590e:	4b18      	ldr	r3, [pc, #96]	@ (10005970 <tud_cdc_n_write_flush+0xbc>)
10005910:	18f6      	adds	r6, r6, r3
10005912:	2240      	movs	r2, #64	@ 0x40
10005914:	0031      	movs	r1, r6
10005916:	0028      	movs	r0, r5
10005918:	f000 fe15 	bl	10006546 <tu_fifo_read_n>
1000591c:	1e05      	subs	r5, r0, #0
1000591e:	d017      	beq.n	10005950 <tud_cdc_n_write_flush+0x9c>
10005920:	4a12      	ldr	r2, [pc, #72]	@ (1000596c <tud_cdc_n_write_flush+0xb8>)
10005922:	0163      	lsls	r3, r4, #5
10005924:	191b      	adds	r3, r3, r4
10005926:	00db      	lsls	r3, r3, #3
10005928:	191b      	adds	r3, r3, r4
1000592a:	00db      	lsls	r3, r3, #3
1000592c:	18d2      	adds	r2, r2, r3
1000592e:	7891      	ldrb	r1, [r2, #2]
10005930:	0003      	movs	r3, r0
10005932:	0032      	movs	r2, r6
10005934:	2000      	movs	r0, #0
10005936:	f7ff fac1 	bl	10004ebc <usbd_edpt_xfer>
1000593a:	2800      	cmp	r0, #0
1000593c:	d001      	beq.n	10005942 <tud_cdc_n_write_flush+0x8e>
1000593e:	0028      	movs	r0, r5
10005940:	e7bf      	b.n	100058c2 <tud_cdc_n_write_flush+0xe>
10005942:	490c      	ldr	r1, [pc, #48]	@ (10005974 <tud_cdc_n_write_flush+0xc0>)
10005944:	480c      	ldr	r0, [pc, #48]	@ (10005978 <tud_cdc_n_write_flush+0xc4>)
10005946:	22d5      	movs	r2, #213	@ 0xd5
10005948:	f7fe fb64 	bl	10004014 <__wrap_printf>
1000594c:	2000      	movs	r0, #0
1000594e:	e7b8      	b.n	100058c2 <tud_cdc_n_write_flush+0xe>
10005950:	4a06      	ldr	r2, [pc, #24]	@ (1000596c <tud_cdc_n_write_flush+0xb8>)
10005952:	0163      	lsls	r3, r4, #5
10005954:	191b      	adds	r3, r3, r4
10005956:	00db      	lsls	r3, r3, #3
10005958:	191b      	adds	r3, r3, r4
1000595a:	00db      	lsls	r3, r3, #3
1000595c:	18d2      	adds	r2, r2, r3
1000595e:	7891      	ldrb	r1, [r2, #2]
10005960:	2000      	movs	r0, #0
10005962:	f7ff fa97 	bl	10004e94 <usbd_edpt_release>
10005966:	2000      	movs	r0, #0
10005968:	e7ab      	b.n	100058c2 <tud_cdc_n_write_flush+0xe>
1000596a:	46c0      	nop			@ (mov r8, r8)
1000596c:	20001078 	.word	0x20001078
10005970:	20000ff4 	.word	0x20000ff4
10005974:	10007d4c 	.word	0x10007d4c
10005978:	1000766c 	.word	0x1000766c

1000597c <tud_cdc_n_write>:
1000597c:	b570      	push	{r4, r5, r6, lr}
1000597e:	0005      	movs	r5, r0
10005980:	0144      	lsls	r4, r0, #5
10005982:	1824      	adds	r4, r4, r0
10005984:	00e4      	lsls	r4, r4, #3
10005986:	1824      	adds	r4, r4, r0
10005988:	00e4      	lsls	r4, r4, #3
1000598a:	3420      	adds	r4, #32
1000598c:	4b0b      	ldr	r3, [pc, #44]	@ (100059bc <tud_cdc_n_write+0x40>)
1000598e:	18e4      	adds	r4, r4, r3
10005990:	3404      	adds	r4, #4
10005992:	4b0b      	ldr	r3, [pc, #44]	@ (100059c0 <tud_cdc_n_write+0x44>)
10005994:	429a      	cmp	r2, r3
10005996:	d80b      	bhi.n	100059b0 <tud_cdc_n_write+0x34>
10005998:	b292      	uxth	r2, r2
1000599a:	0020      	movs	r0, r4
1000599c:	f000 fe0a 	bl	100065b4 <tu_fifo_write_n>
100059a0:	0006      	movs	r6, r0
100059a2:	0020      	movs	r0, r4
100059a4:	f000 fd65 	bl	10006472 <tu_fifo_count>
100059a8:	283f      	cmp	r0, #63	@ 0x3f
100059aa:	d803      	bhi.n	100059b4 <tud_cdc_n_write+0x38>
100059ac:	0030      	movs	r0, r6
100059ae:	bd70      	pop	{r4, r5, r6, pc}
100059b0:	4a04      	ldr	r2, [pc, #16]	@ (100059c4 <tud_cdc_n_write+0x48>)
100059b2:	e7f2      	b.n	1000599a <tud_cdc_n_write+0x1e>
100059b4:	0028      	movs	r0, r5
100059b6:	f7ff ff7d 	bl	100058b4 <tud_cdc_n_write_flush>
100059ba:	e7f7      	b.n	100059ac <tud_cdc_n_write+0x30>
100059bc:	20001078 	.word	0x20001078
100059c0:	0000fffe 	.word	0x0000fffe
100059c4:	0000ffff 	.word	0x0000ffff

100059c8 <tud_cdc_n_write_available>:
100059c8:	b510      	push	{r4, lr}
100059ca:	0143      	lsls	r3, r0, #5
100059cc:	181b      	adds	r3, r3, r0
100059ce:	00db      	lsls	r3, r3, #3
100059d0:	1818      	adds	r0, r3, r0
100059d2:	00c0      	lsls	r0, r0, #3
100059d4:	3020      	adds	r0, #32
100059d6:	4b03      	ldr	r3, [pc, #12]	@ (100059e4 <tud_cdc_n_write_available+0x1c>)
100059d8:	18c0      	adds	r0, r0, r3
100059da:	3004      	adds	r0, #4
100059dc:	f000 fd7b 	bl	100064d6 <tu_fifo_remaining>
100059e0:	bd10      	pop	{r4, pc}
100059e2:	46c0      	nop			@ (mov r8, r8)
100059e4:	20001078 	.word	0x20001078

100059e8 <cdcd_init>:
100059e8:	b5f0      	push	{r4, r5, r6, r7, lr}
100059ea:	46d6      	mov	lr, sl
100059ec:	464f      	mov	r7, r9
100059ee:	4646      	mov	r6, r8
100059f0:	b5c0      	push	{r6, r7, lr}
100059f2:	b082      	sub	sp, #8
100059f4:	4832      	ldr	r0, [pc, #200]	@ (10005ac0 <cdcd_init+0xd8>)
100059f6:	4a33      	ldr	r2, [pc, #204]	@ (10005ac4 <cdcd_init+0xdc>)
100059f8:	2100      	movs	r1, #0
100059fa:	f7fd f88f 	bl	10002b1c <__wrap_memset>
100059fe:	4b32      	ldr	r3, [pc, #200]	@ (10005ac8 <cdcd_init+0xe0>)
10005a00:	2200      	movs	r2, #0
10005a02:	701a      	strb	r2, [r3, #0]
10005a04:	2400      	movs	r4, #0
10005a06:	2c00      	cmp	r4, #0
10005a08:	d005      	beq.n	10005a16 <cdcd_init+0x2e>
10005a0a:	b002      	add	sp, #8
10005a0c:	bce0      	pop	{r5, r6, r7}
10005a0e:	46ba      	mov	sl, r7
10005a10:	46b1      	mov	r9, r6
10005a12:	46a8      	mov	r8, r5
10005a14:	bdf0      	pop	{r4, r5, r6, r7, pc}
10005a16:	4e2a      	ldr	r6, [pc, #168]	@ (10005ac0 <cdcd_init+0xd8>)
10005a18:	0165      	lsls	r5, r4, #5
10005a1a:	192d      	adds	r5, r5, r4
10005a1c:	00ed      	lsls	r5, r5, #3
10005a1e:	192b      	adds	r3, r5, r4
10005a20:	00df      	lsls	r7, r3, #3
10005a22:	19f7      	adds	r7, r6, r7
10005a24:	23ff      	movs	r3, #255	@ 0xff
10005a26:	717b      	strb	r3, [r7, #5]
10005a28:	23e1      	movs	r3, #225	@ 0xe1
10005a2a:	025b      	lsls	r3, r3, #9
10005a2c:	60bb      	str	r3, [r7, #8]
10005a2e:	2300      	movs	r3, #0
10005a30:	4698      	mov	r8, r3
10005a32:	733b      	strb	r3, [r7, #12]
10005a34:	737b      	strb	r3, [r7, #13]
10005a36:	3308      	adds	r3, #8
10005a38:	73bb      	strb	r3, [r7, #14]
10005a3a:	192b      	adds	r3, r5, r4
10005a3c:	00d9      	lsls	r1, r3, #3
10005a3e:	3138      	adds	r1, #56	@ 0x38
10005a40:	1989      	adds	r1, r1, r6
10005a42:	2380      	movs	r3, #128	@ 0x80
10005a44:	00db      	lsls	r3, r3, #3
10005a46:	4699      	mov	r9, r3
10005a48:	192b      	adds	r3, r5, r4
10005a4a:	00d8      	lsls	r0, r3, #3
10005a4c:	3010      	adds	r0, #16
10005a4e:	1980      	adds	r0, r0, r6
10005a50:	4643      	mov	r3, r8
10005a52:	9300      	str	r3, [sp, #0]
10005a54:	3301      	adds	r3, #1
10005a56:	464a      	mov	r2, r9
10005a58:	f000 fccd 	bl	100063f6 <tu_fifo_config>
10005a5c:	192b      	adds	r3, r5, r4
10005a5e:	00d9      	lsls	r1, r3, #3
10005a60:	2387      	movs	r3, #135	@ 0x87
10005a62:	00db      	lsls	r3, r3, #3
10005a64:	469c      	mov	ip, r3
10005a66:	4461      	add	r1, ip
10005a68:	1989      	adds	r1, r1, r6
10005a6a:	192b      	adds	r3, r5, r4
10005a6c:	00d8      	lsls	r0, r3, #3
10005a6e:	3020      	adds	r0, #32
10005a70:	1980      	adds	r0, r0, r6
10005a72:	3004      	adds	r0, #4
10005a74:	2301      	movs	r3, #1
10005a76:	9300      	str	r3, [sp, #0]
10005a78:	464a      	mov	r2, r9
10005a7a:	f000 fcbc 	bl	100063f6 <tu_fifo_config>
10005a7e:	192a      	adds	r2, r5, r4
10005a80:	00d3      	lsls	r3, r2, #3
10005a82:	4a12      	ldr	r2, [pc, #72]	@ (10005acc <cdcd_init+0xe4>)
10005a84:	4694      	mov	ip, r2
10005a86:	4463      	add	r3, ip
10005a88:	469a      	mov	sl, r3
10005a8a:	44b2      	add	sl, r6
10005a8c:	4650      	mov	r0, sl
10005a8e:	f7fb f9db 	bl	10000e48 <mutex_init>
10005a92:	192a      	adds	r2, r5, r4
10005a94:	00d3      	lsls	r3, r2, #3
10005a96:	2284      	movs	r2, #132	@ 0x84
10005a98:	0112      	lsls	r2, r2, #4
10005a9a:	4694      	mov	ip, r2
10005a9c:	4463      	add	r3, ip
10005a9e:	4699      	mov	r9, r3
10005aa0:	44b1      	add	r9, r6
10005aa2:	4648      	mov	r0, r9
10005aa4:	f7fb f9d0 	bl	10000e48 <mutex_init>
10005aa8:	4643      	mov	r3, r8
10005aaa:	61fb      	str	r3, [r7, #28]
10005aac:	4653      	mov	r3, sl
10005aae:	623b      	str	r3, [r7, #32]
10005ab0:	464b      	mov	r3, r9
10005ab2:	633b      	str	r3, [r7, #48]	@ 0x30
10005ab4:	4643      	mov	r3, r8
10005ab6:	637b      	str	r3, [r7, #52]	@ 0x34
10005ab8:	3401      	adds	r4, #1
10005aba:	b2e4      	uxtb	r4, r4
10005abc:	e7a3      	b.n	10005a06 <cdcd_init+0x1e>
10005abe:	46c0      	nop			@ (mov r8, r8)
10005ac0:	20001078 	.word	0x20001078
10005ac4:	00000848 	.word	0x00000848
10005ac8:	20001074 	.word	0x20001074
10005acc:	00000838 	.word	0x00000838

10005ad0 <cdcd_deinit>:
10005ad0:	b530      	push	{r4, r5, lr}
10005ad2:	2300      	movs	r3, #0
10005ad4:	2b00      	cmp	r3, #0
10005ad6:	d001      	beq.n	10005adc <cdcd_deinit+0xc>
10005ad8:	2001      	movs	r0, #1
10005ada:	bd30      	pop	{r4, r5, pc}
10005adc:	0018      	movs	r0, r3
10005ade:	4912      	ldr	r1, [pc, #72]	@ (10005b28 <cdcd_deinit+0x58>)
10005ae0:	015a      	lsls	r2, r3, #5
10005ae2:	18d2      	adds	r2, r2, r3
10005ae4:	00d2      	lsls	r2, r2, #3
10005ae6:	18d2      	adds	r2, r2, r3
10005ae8:	00d4      	lsls	r4, r2, #3
10005aea:	190c      	adds	r4, r1, r4
10005aec:	6a21      	ldr	r1, [r4, #32]
10005aee:	6b25      	ldr	r5, [r4, #48]	@ 0x30
10005af0:	2900      	cmp	r1, #0
10005af2:	d009      	beq.n	10005b08 <cdcd_deinit+0x38>
10005af4:	490c      	ldr	r1, [pc, #48]	@ (10005b28 <cdcd_deinit+0x58>)
10005af6:	015a      	lsls	r2, r3, #5
10005af8:	18d2      	adds	r2, r2, r3
10005afa:	00d2      	lsls	r2, r2, #3
10005afc:	18d2      	adds	r2, r2, r3
10005afe:	00d4      	lsls	r4, r2, #3
10005b00:	190c      	adds	r4, r1, r4
10005b02:	2100      	movs	r1, #0
10005b04:	61e1      	str	r1, [r4, #28]
10005b06:	6221      	str	r1, [r4, #32]
10005b08:	2d00      	cmp	r5, #0
10005b0a:	d009      	beq.n	10005b20 <cdcd_deinit+0x50>
10005b0c:	4906      	ldr	r1, [pc, #24]	@ (10005b28 <cdcd_deinit+0x58>)
10005b0e:	0142      	lsls	r2, r0, #5
10005b10:	1812      	adds	r2, r2, r0
10005b12:	00d2      	lsls	r2, r2, #3
10005b14:	1815      	adds	r5, r2, r0
10005b16:	00ec      	lsls	r4, r5, #3
10005b18:	190c      	adds	r4, r1, r4
10005b1a:	2500      	movs	r5, #0
10005b1c:	6325      	str	r5, [r4, #48]	@ 0x30
10005b1e:	6365      	str	r5, [r4, #52]	@ 0x34
10005b20:	3301      	adds	r3, #1
10005b22:	b2db      	uxtb	r3, r3
10005b24:	e7d6      	b.n	10005ad4 <cdcd_deinit+0x4>
10005b26:	46c0      	nop			@ (mov r8, r8)
10005b28:	20001078 	.word	0x20001078

10005b2c <cdcd_reset>:
10005b2c:	b570      	push	{r4, r5, r6, lr}
10005b2e:	2400      	movs	r4, #0
10005b30:	2c00      	cmp	r4, #0
10005b32:	d000      	beq.n	10005b36 <cdcd_reset+0xa>
10005b34:	bd70      	pop	{r4, r5, r6, pc}
10005b36:	0025      	movs	r5, r4
10005b38:	0163      	lsls	r3, r4, #5
10005b3a:	191b      	adds	r3, r3, r4
10005b3c:	00db      	lsls	r3, r3, #3
10005b3e:	191b      	adds	r3, r3, r4
10005b40:	00d8      	lsls	r0, r3, #3
10005b42:	4b1a      	ldr	r3, [pc, #104]	@ (10005bac <cdcd_reset+0x80>)
10005b44:	18c0      	adds	r0, r0, r3
10005b46:	2205      	movs	r2, #5
10005b48:	2100      	movs	r1, #0
10005b4a:	f7fc ffe7 	bl	10002b1c <__wrap_memset>
10005b4e:	4b18      	ldr	r3, [pc, #96]	@ (10005bb0 <cdcd_reset+0x84>)
10005b50:	781b      	ldrb	r3, [r3, #0]
10005b52:	07db      	lsls	r3, r3, #31
10005b54:	d512      	bpl.n	10005b7c <cdcd_reset+0x50>
10005b56:	4b16      	ldr	r3, [pc, #88]	@ (10005bb0 <cdcd_reset+0x84>)
10005b58:	781b      	ldrb	r3, [r3, #0]
10005b5a:	079b      	lsls	r3, r3, #30
10005b5c:	d519      	bpl.n	10005b92 <cdcd_reset+0x66>
10005b5e:	016b      	lsls	r3, r5, #5
10005b60:	195b      	adds	r3, r3, r5
10005b62:	00db      	lsls	r3, r3, #3
10005b64:	195b      	adds	r3, r3, r5
10005b66:	00d8      	lsls	r0, r3, #3
10005b68:	3020      	adds	r0, #32
10005b6a:	4b10      	ldr	r3, [pc, #64]	@ (10005bac <cdcd_reset+0x80>)
10005b6c:	18c0      	adds	r0, r0, r3
10005b6e:	3004      	adds	r0, #4
10005b70:	2101      	movs	r1, #1
10005b72:	f000 fd43 	bl	100065fc <tu_fifo_set_overwritable>
10005b76:	3401      	adds	r4, #1
10005b78:	b2e4      	uxtb	r4, r4
10005b7a:	e7d9      	b.n	10005b30 <cdcd_reset+0x4>
10005b7c:	0163      	lsls	r3, r4, #5
10005b7e:	191b      	adds	r3, r3, r4
10005b80:	00db      	lsls	r3, r3, #3
10005b82:	191b      	adds	r3, r3, r4
10005b84:	00d8      	lsls	r0, r3, #3
10005b86:	3010      	adds	r0, #16
10005b88:	4b08      	ldr	r3, [pc, #32]	@ (10005bac <cdcd_reset+0x80>)
10005b8a:	18c0      	adds	r0, r0, r3
10005b8c:	f000 fd17 	bl	100065be <tu_fifo_clear>
10005b90:	e7e1      	b.n	10005b56 <cdcd_reset+0x2a>
10005b92:	016b      	lsls	r3, r5, #5
10005b94:	195b      	adds	r3, r3, r5
10005b96:	00db      	lsls	r3, r3, #3
10005b98:	195b      	adds	r3, r3, r5
10005b9a:	00d8      	lsls	r0, r3, #3
10005b9c:	3020      	adds	r0, #32
10005b9e:	4b03      	ldr	r3, [pc, #12]	@ (10005bac <cdcd_reset+0x80>)
10005ba0:	18c0      	adds	r0, r0, r3
10005ba2:	3004      	adds	r0, #4
10005ba4:	f000 fd0b 	bl	100065be <tu_fifo_clear>
10005ba8:	e7d9      	b.n	10005b5e <cdcd_reset+0x32>
10005baa:	46c0      	nop			@ (mov r8, r8)
10005bac:	20001078 	.word	0x20001078
10005bb0:	20001074 	.word	0x20001074

10005bb4 <cdcd_open>:
10005bb4:	b5f0      	push	{r4, r5, r6, r7, lr}
10005bb6:	b085      	sub	sp, #20
10005bb8:	9003      	str	r0, [sp, #12]
10005bba:	794b      	ldrb	r3, [r1, #5]
10005bbc:	2b02      	cmp	r3, #2
10005bbe:	d166      	bne.n	10005c8e <cdcd_open+0xda>
10005bc0:	798b      	ldrb	r3, [r1, #6]
10005bc2:	2b02      	cmp	r3, #2
10005bc4:	d167      	bne.n	10005c96 <cdcd_open+0xe2>
10005bc6:	2700      	movs	r7, #0
10005bc8:	2f00      	cmp	r7, #0
10005bca:	d007      	beq.n	10005bdc <cdcd_open+0x28>
10005bcc:	2f00      	cmp	r7, #0
10005bce:	d112      	bne.n	10005bf6 <cdcd_open+0x42>
10005bd0:	788b      	ldrb	r3, [r1, #2]
10005bd2:	7033      	strb	r3, [r6, #0]
10005bd4:	780c      	ldrb	r4, [r1, #0]
10005bd6:	190c      	adds	r4, r1, r4
10005bd8:	2509      	movs	r5, #9
10005bda:	e018      	b.n	10005c0e <cdcd_open+0x5a>
10005bdc:	017b      	lsls	r3, r7, #5
10005bde:	19db      	adds	r3, r3, r7
10005be0:	00db      	lsls	r3, r3, #3
10005be2:	19dc      	adds	r4, r3, r7
10005be4:	00e4      	lsls	r4, r4, #3
10005be6:	482d      	ldr	r0, [pc, #180]	@ (10005c9c <cdcd_open+0xe8>)
10005be8:	1826      	adds	r6, r4, r0
10005bea:	78b3      	ldrb	r3, [r6, #2]
10005bec:	2b00      	cmp	r3, #0
10005bee:	d0ed      	beq.n	10005bcc <cdcd_open+0x18>
10005bf0:	3701      	adds	r7, #1
10005bf2:	b2ff      	uxtb	r7, r7
10005bf4:	e7e8      	b.n	10005bc8 <cdcd_open+0x14>
10005bf6:	2242      	movs	r2, #66	@ 0x42
10005bf8:	4929      	ldr	r1, [pc, #164]	@ (10005ca0 <cdcd_open+0xec>)
10005bfa:	482a      	ldr	r0, [pc, #168]	@ (10005ca4 <cdcd_open+0xf0>)
10005bfc:	32ff      	adds	r2, #255	@ 0xff
10005bfe:	f7fe fa09 	bl	10004014 <__wrap_printf>
10005c02:	2500      	movs	r5, #0
10005c04:	e044      	b.n	10005c90 <cdcd_open+0xdc>
10005c06:	7823      	ldrb	r3, [r4, #0]
10005c08:	195d      	adds	r5, r3, r5
10005c0a:	b2ad      	uxth	r5, r5
10005c0c:	18e4      	adds	r4, r4, r3
10005c0e:	7863      	ldrb	r3, [r4, #1]
10005c10:	2b24      	cmp	r3, #36	@ 0x24
10005c12:	d101      	bne.n	10005c18 <cdcd_open+0x64>
10005c14:	4295      	cmp	r5, r2
10005c16:	d9f6      	bls.n	10005c06 <cdcd_open+0x52>
10005c18:	2b05      	cmp	r3, #5
10005c1a:	d009      	beq.n	10005c30 <cdcd_open+0x7c>
10005c1c:	7863      	ldrb	r3, [r4, #1]
10005c1e:	2b04      	cmp	r3, #4
10005c20:	d102      	bne.n	10005c28 <cdcd_open+0x74>
10005c22:	7963      	ldrb	r3, [r4, #5]
10005c24:	2b0a      	cmp	r3, #10
10005c26:	d018      	beq.n	10005c5a <cdcd_open+0xa6>
10005c28:	0038      	movs	r0, r7
10005c2a:	f7ff fd9f 	bl	1000576c <_prep_out_transaction>
10005c2e:	e02f      	b.n	10005c90 <cdcd_open+0xdc>
10005c30:	0021      	movs	r1, r4
10005c32:	9803      	ldr	r0, [sp, #12]
10005c34:	f7ff f8a6 	bl	10004d84 <usbd_edpt_open>
10005c38:	2800      	cmp	r0, #0
10005c3a:	d006      	beq.n	10005c4a <cdcd_open+0x96>
10005c3c:	78a3      	ldrb	r3, [r4, #2]
10005c3e:	7073      	strb	r3, [r6, #1]
10005c40:	7823      	ldrb	r3, [r4, #0]
10005c42:	195d      	adds	r5, r3, r5
10005c44:	b2ad      	uxth	r5, r5
10005c46:	18e4      	adds	r4, r4, r3
10005c48:	e7e8      	b.n	10005c1c <cdcd_open+0x68>
10005c4a:	2254      	movs	r2, #84	@ 0x54
10005c4c:	4914      	ldr	r1, [pc, #80]	@ (10005ca0 <cdcd_open+0xec>)
10005c4e:	4815      	ldr	r0, [pc, #84]	@ (10005ca4 <cdcd_open+0xf0>)
10005c50:	32ff      	adds	r2, #255	@ 0xff
10005c52:	f7fe f9df 	bl	10004014 <__wrap_printf>
10005c56:	2500      	movs	r5, #0
10005c58:	e01a      	b.n	10005c90 <cdcd_open+0xdc>
10005c5a:	7821      	ldrb	r1, [r4, #0]
10005c5c:	194d      	adds	r5, r1, r5
10005c5e:	b2ad      	uxth	r5, r5
10005c60:	1861      	adds	r1, r4, r1
10005c62:	1cb3      	adds	r3, r6, #2
10005c64:	9301      	str	r3, [sp, #4]
10005c66:	1cf3      	adds	r3, r6, #3
10005c68:	9300      	str	r3, [sp, #0]
10005c6a:	2302      	movs	r3, #2
10005c6c:	2202      	movs	r2, #2
10005c6e:	9803      	ldr	r0, [sp, #12]
10005c70:	f7ff f8b8 	bl	10004de4 <usbd_open_edpt_pair>
10005c74:	2800      	cmp	r0, #0
10005c76:	d002      	beq.n	10005c7e <cdcd_open+0xca>
10005c78:	350e      	adds	r5, #14
10005c7a:	b2ad      	uxth	r5, r5
10005c7c:	e7d4      	b.n	10005c28 <cdcd_open+0x74>
10005c7e:	22b1      	movs	r2, #177	@ 0xb1
10005c80:	4907      	ldr	r1, [pc, #28]	@ (10005ca0 <cdcd_open+0xec>)
10005c82:	4808      	ldr	r0, [pc, #32]	@ (10005ca4 <cdcd_open+0xf0>)
10005c84:	0052      	lsls	r2, r2, #1
10005c86:	f7fe f9c5 	bl	10004014 <__wrap_printf>
10005c8a:	2500      	movs	r5, #0
10005c8c:	e000      	b.n	10005c90 <cdcd_open+0xdc>
10005c8e:	2500      	movs	r5, #0
10005c90:	0028      	movs	r0, r5
10005c92:	b005      	add	sp, #20
10005c94:	bdf0      	pop	{r4, r5, r6, r7, pc}
10005c96:	2500      	movs	r5, #0
10005c98:	e7fa      	b.n	10005c90 <cdcd_open+0xdc>
10005c9a:	46c0      	nop			@ (mov r8, r8)
10005c9c:	20001078 	.word	0x20001078
10005ca0:	10007d40 	.word	0x10007d40
10005ca4:	1000766c 	.word	0x1000766c

10005ca8 <cdcd_control_xfer_cb>:
10005ca8:	b5f8      	push	{r3, r4, r5, r6, r7, lr}
10005caa:	0015      	movs	r5, r2
10005cac:	7812      	ldrb	r2, [r2, #0]
10005cae:	2360      	movs	r3, #96	@ 0x60
10005cb0:	4013      	ands	r3, r2
10005cb2:	2b20      	cmp	r3, #32
10005cb4:	d000      	beq.n	10005cb8 <cdcd_control_xfer_cb+0x10>
10005cb6:	e087      	b.n	10005dc8 <cdcd_control_xfer_cb+0x120>
10005cb8:	2400      	movs	r4, #0
10005cba:	2c00      	cmp	r4, #0
10005cbc:	d00e      	beq.n	10005cdc <cdcd_control_xfer_cb+0x34>
10005cbe:	2c00      	cmp	r4, #0
10005cc0:	d000      	beq.n	10005cc4 <cdcd_control_xfer_cb+0x1c>
10005cc2:	e083      	b.n	10005dcc <cdcd_control_xfer_cb+0x124>
10005cc4:	786b      	ldrb	r3, [r5, #1]
10005cc6:	2b22      	cmp	r3, #34	@ 0x22
10005cc8:	d047      	beq.n	10005d5a <cdcd_control_xfer_cb+0xb2>
10005cca:	d81c      	bhi.n	10005d06 <cdcd_control_xfer_cb+0x5e>
10005ccc:	2b20      	cmp	r3, #32
10005cce:	d024      	beq.n	10005d1a <cdcd_control_xfer_cb+0x72>
10005cd0:	2b21      	cmp	r3, #33	@ 0x21
10005cd2:	d116      	bne.n	10005d02 <cdcd_control_xfer_cb+0x5a>
10005cd4:	2901      	cmp	r1, #1
10005cd6:	d038      	beq.n	10005d4a <cdcd_control_xfer_cb+0xa2>
10005cd8:	2001      	movs	r0, #1
10005cda:	e076      	b.n	10005dca <cdcd_control_xfer_cb+0x122>
10005cdc:	0163      	lsls	r3, r4, #5
10005cde:	191b      	adds	r3, r3, r4
10005ce0:	00db      	lsls	r3, r3, #3
10005ce2:	191e      	adds	r6, r3, r4
10005ce4:	00f6      	lsls	r6, r6, #3
10005ce6:	4a3d      	ldr	r2, [pc, #244]	@ (10005ddc <cdcd_control_xfer_cb+0x134>)
10005ce8:	18b6      	adds	r6, r6, r2
10005cea:	191b      	adds	r3, r3, r4
10005cec:	00db      	lsls	r3, r3, #3
10005cee:	5cd2      	ldrb	r2, [r2, r3]
10005cf0:	792f      	ldrb	r7, [r5, #4]
10005cf2:	796b      	ldrb	r3, [r5, #5]
10005cf4:	021b      	lsls	r3, r3, #8
10005cf6:	433b      	orrs	r3, r7
10005cf8:	429a      	cmp	r2, r3
10005cfa:	d0e0      	beq.n	10005cbe <cdcd_control_xfer_cb+0x16>
10005cfc:	3401      	adds	r4, #1
10005cfe:	b2e4      	uxtb	r4, r4
10005d00:	e7db      	b.n	10005cba <cdcd_control_xfer_cb+0x12>
10005d02:	2000      	movs	r0, #0
10005d04:	e061      	b.n	10005dca <cdcd_control_xfer_cb+0x122>
10005d06:	2b23      	cmp	r3, #35	@ 0x23
10005d08:	d105      	bne.n	10005d16 <cdcd_control_xfer_cb+0x6e>
10005d0a:	2901      	cmp	r1, #1
10005d0c:	d04b      	beq.n	10005da6 <cdcd_control_xfer_cb+0xfe>
10005d0e:	2903      	cmp	r1, #3
10005d10:	d04e      	beq.n	10005db0 <cdcd_control_xfer_cb+0x108>
10005d12:	2001      	movs	r0, #1
10005d14:	e059      	b.n	10005dca <cdcd_control_xfer_cb+0x122>
10005d16:	2000      	movs	r0, #0
10005d18:	e057      	b.n	10005dca <cdcd_control_xfer_cb+0x122>
10005d1a:	2901      	cmp	r1, #1
10005d1c:	d003      	beq.n	10005d26 <cdcd_control_xfer_cb+0x7e>
10005d1e:	2903      	cmp	r1, #3
10005d20:	d009      	beq.n	10005d36 <cdcd_control_xfer_cb+0x8e>
10005d22:	2001      	movs	r0, #1
10005d24:	e051      	b.n	10005dca <cdcd_control_xfer_cb+0x122>
10005d26:	0032      	movs	r2, r6
10005d28:	3208      	adds	r2, #8
10005d2a:	2307      	movs	r3, #7
10005d2c:	0029      	movs	r1, r5
10005d2e:	f7ff fc43 	bl	100055b8 <tud_control_xfer>
10005d32:	2001      	movs	r0, #1
10005d34:	e049      	b.n	10005dca <cdcd_control_xfer_cb+0x122>
10005d36:	4b2a      	ldr	r3, [pc, #168]	@ (10005de0 <cdcd_control_xfer_cb+0x138>)
10005d38:	2b00      	cmp	r3, #0
10005d3a:	d049      	beq.n	10005dd0 <cdcd_control_xfer_cb+0x128>
10005d3c:	0031      	movs	r1, r6
10005d3e:	3108      	adds	r1, #8
10005d40:	0020      	movs	r0, r4
10005d42:	e000      	b.n	10005d46 <cdcd_control_xfer_cb+0x9e>
10005d44:	bf00      	nop
10005d46:	2001      	movs	r0, #1
10005d48:	e03f      	b.n	10005dca <cdcd_control_xfer_cb+0x122>
10005d4a:	0032      	movs	r2, r6
10005d4c:	3208      	adds	r2, #8
10005d4e:	2307      	movs	r3, #7
10005d50:	0029      	movs	r1, r5
10005d52:	f7ff fc31 	bl	100055b8 <tud_control_xfer>
10005d56:	2001      	movs	r0, #1
10005d58:	e037      	b.n	10005dca <cdcd_control_xfer_cb+0x122>
10005d5a:	2901      	cmp	r1, #1
10005d5c:	d003      	beq.n	10005d66 <cdcd_control_xfer_cb+0xbe>
10005d5e:	2903      	cmp	r1, #3
10005d60:	d006      	beq.n	10005d70 <cdcd_control_xfer_cb+0xc8>
10005d62:	2001      	movs	r0, #1
10005d64:	e031      	b.n	10005dca <cdcd_control_xfer_cb+0x122>
10005d66:	0029      	movs	r1, r5
10005d68:	f7ff fc12 	bl	10005590 <tud_control_status>
10005d6c:	2001      	movs	r0, #1
10005d6e:	e02c      	b.n	10005dca <cdcd_control_xfer_cb+0x122>
10005d70:	78aa      	ldrb	r2, [r5, #2]
10005d72:	78eb      	ldrb	r3, [r5, #3]
10005d74:	021b      	lsls	r3, r3, #8
10005d76:	4313      	orrs	r3, r2
10005d78:	2501      	movs	r5, #1
10005d7a:	002f      	movs	r7, r5
10005d7c:	401f      	ands	r7, r3
10005d7e:	085a      	lsrs	r2, r3, #1
10005d80:	4015      	ands	r5, r2
10005d82:	7133      	strb	r3, [r6, #4]
10005d84:	2101      	movs	r1, #1
10005d86:	4079      	eors	r1, r7
10005d88:	b2c9      	uxtb	r1, r1
10005d8a:	0030      	movs	r0, r6
10005d8c:	3024      	adds	r0, #36	@ 0x24
10005d8e:	f000 fc35 	bl	100065fc <tu_fifo_set_overwritable>
10005d92:	4b14      	ldr	r3, [pc, #80]	@ (10005de4 <cdcd_control_xfer_cb+0x13c>)
10005d94:	2b00      	cmp	r3, #0
10005d96:	d01d      	beq.n	10005dd4 <cdcd_control_xfer_cb+0x12c>
10005d98:	002a      	movs	r2, r5
10005d9a:	0039      	movs	r1, r7
10005d9c:	0020      	movs	r0, r4
10005d9e:	e000      	b.n	10005da2 <cdcd_control_xfer_cb+0xfa>
10005da0:	bf00      	nop
10005da2:	2001      	movs	r0, #1
10005da4:	e011      	b.n	10005dca <cdcd_control_xfer_cb+0x122>
10005da6:	0029      	movs	r1, r5
10005da8:	f7ff fbf2 	bl	10005590 <tud_control_status>
10005dac:	2001      	movs	r0, #1
10005dae:	e00c      	b.n	10005dca <cdcd_control_xfer_cb+0x122>
10005db0:	4b0d      	ldr	r3, [pc, #52]	@ (10005de8 <cdcd_control_xfer_cb+0x140>)
10005db2:	2b00      	cmp	r3, #0
10005db4:	d010      	beq.n	10005dd8 <cdcd_control_xfer_cb+0x130>
10005db6:	78ab      	ldrb	r3, [r5, #2]
10005db8:	78e9      	ldrb	r1, [r5, #3]
10005dba:	0209      	lsls	r1, r1, #8
10005dbc:	4319      	orrs	r1, r3
10005dbe:	0020      	movs	r0, r4
10005dc0:	e000      	b.n	10005dc4 <cdcd_control_xfer_cb+0x11c>
10005dc2:	bf00      	nop
10005dc4:	2001      	movs	r0, #1
10005dc6:	e000      	b.n	10005dca <cdcd_control_xfer_cb+0x122>
10005dc8:	2000      	movs	r0, #0
10005dca:	bdf8      	pop	{r3, r4, r5, r6, r7, pc}
10005dcc:	2000      	movs	r0, #0
10005dce:	e7fc      	b.n	10005dca <cdcd_control_xfer_cb+0x122>
10005dd0:	2001      	movs	r0, #1
10005dd2:	e7fa      	b.n	10005dca <cdcd_control_xfer_cb+0x122>
10005dd4:	2001      	movs	r0, #1
10005dd6:	e7f8      	b.n	10005dca <cdcd_control_xfer_cb+0x122>
10005dd8:	2001      	movs	r0, #1
10005dda:	e7f6      	b.n	10005dca <cdcd_control_xfer_cb+0x122>
10005ddc:	20001078 	.word	0x20001078
	...

10005dec <cdcd_xfer_cb>:
10005dec:	b5f0      	push	{r4, r5, r6, r7, lr}
10005dee:	46d6      	mov	lr, sl
10005df0:	4647      	mov	r7, r8
10005df2:	b580      	push	{r7, lr}
10005df4:	b083      	sub	sp, #12
10005df6:	9001      	str	r0, [sp, #4]
10005df8:	000f      	movs	r7, r1
10005dfa:	9300      	str	r3, [sp, #0]
10005dfc:	2400      	movs	r4, #0
10005dfe:	2c00      	cmp	r4, #0
10005e00:	d00f      	beq.n	10005e22 <cdcd_xfer_cb+0x36>
10005e02:	2c00      	cmp	r4, #0
10005e04:	d11d      	bne.n	10005e42 <cdcd_xfer_cb+0x56>
10005e06:	46a0      	mov	r8, r4
10005e08:	78eb      	ldrb	r3, [r5, #3]
10005e0a:	42bb      	cmp	r3, r7
10005e0c:	d021      	beq.n	10005e52 <cdcd_xfer_cb+0x66>
10005e0e:	78ab      	ldrb	r3, [r5, #2]
10005e10:	42bb      	cmp	r3, r7
10005e12:	d057      	beq.n	10005ec4 <cdcd_xfer_cb+0xd8>
10005e14:	2401      	movs	r4, #1
10005e16:	0020      	movs	r0, r4
10005e18:	b003      	add	sp, #12
10005e1a:	bcc0      	pop	{r6, r7}
10005e1c:	46ba      	mov	sl, r7
10005e1e:	46b0      	mov	r8, r6
10005e20:	bdf0      	pop	{r4, r5, r6, r7, pc}
10005e22:	0165      	lsls	r5, r4, #5
10005e24:	192d      	adds	r5, r5, r4
10005e26:	00ed      	lsls	r5, r5, #3
10005e28:	192d      	adds	r5, r5, r4
10005e2a:	00ed      	lsls	r5, r5, #3
10005e2c:	4b3c      	ldr	r3, [pc, #240]	@ (10005f20 <cdcd_xfer_cb+0x134>)
10005e2e:	18ed      	adds	r5, r5, r3
10005e30:	78eb      	ldrb	r3, [r5, #3]
10005e32:	42bb      	cmp	r3, r7
10005e34:	d0e5      	beq.n	10005e02 <cdcd_xfer_cb+0x16>
10005e36:	78ab      	ldrb	r3, [r5, #2]
10005e38:	42bb      	cmp	r3, r7
10005e3a:	d0e2      	beq.n	10005e02 <cdcd_xfer_cb+0x16>
10005e3c:	3401      	adds	r4, #1
10005e3e:	b2e4      	uxtb	r4, r4
10005e40:	e7dd      	b.n	10005dfe <cdcd_xfer_cb+0x12>
10005e42:	22e6      	movs	r2, #230	@ 0xe6
10005e44:	4937      	ldr	r1, [pc, #220]	@ (10005f24 <cdcd_xfer_cb+0x138>)
10005e46:	4838      	ldr	r0, [pc, #224]	@ (10005f28 <cdcd_xfer_cb+0x13c>)
10005e48:	0052      	lsls	r2, r2, #1
10005e4a:	f7fe f8e3 	bl	10004014 <__wrap_printf>
10005e4e:	2400      	movs	r4, #0
10005e50:	e7e1      	b.n	10005e16 <cdcd_xfer_cb+0x2a>
10005e52:	2310      	movs	r3, #16
10005e54:	469a      	mov	sl, r3
10005e56:	44aa      	add	sl, r5
10005e58:	01e1      	lsls	r1, r4, #7
10005e5a:	4b34      	ldr	r3, [pc, #208]	@ (10005f2c <cdcd_xfer_cb+0x140>)
10005e5c:	18c9      	adds	r1, r1, r3
10005e5e:	466b      	mov	r3, sp
10005e60:	881a      	ldrh	r2, [r3, #0]
10005e62:	4650      	mov	r0, sl
10005e64:	f000 fba6 	bl	100065b4 <tu_fifo_write_n>
10005e68:	4b31      	ldr	r3, [pc, #196]	@ (10005f30 <cdcd_xfer_cb+0x144>)
10005e6a:	2b00      	cmp	r3, #0
10005e6c:	d01a      	beq.n	10005ea4 <cdcd_xfer_cb+0xb8>
10005e6e:	796b      	ldrb	r3, [r5, #5]
10005e70:	2bff      	cmp	r3, #255	@ 0xff
10005e72:	d017      	beq.n	10005ea4 <cdcd_xfer_cb+0xb8>
10005e74:	2600      	movs	r6, #0
10005e76:	e000      	b.n	10005e7a <cdcd_xfer_cb+0x8e>
10005e78:	3601      	adds	r6, #1
10005e7a:	9b00      	ldr	r3, [sp, #0]
10005e7c:	429e      	cmp	r6, r3
10005e7e:	d211      	bcs.n	10005ea4 <cdcd_xfer_cb+0xb8>
10005e80:	796a      	ldrb	r2, [r5, #5]
10005e82:	4b2a      	ldr	r3, [pc, #168]	@ (10005f2c <cdcd_xfer_cb+0x140>)
10005e84:	4641      	mov	r1, r8
10005e86:	01c9      	lsls	r1, r1, #7
10005e88:	185b      	adds	r3, r3, r1
10005e8a:	5d9b      	ldrb	r3, [r3, r6]
10005e8c:	429a      	cmp	r2, r3
10005e8e:	d1f3      	bne.n	10005e78 <cdcd_xfer_cb+0x8c>
10005e90:	4650      	mov	r0, sl
10005e92:	f000 fb04 	bl	1000649e <tu_fifo_empty>
10005e96:	2800      	cmp	r0, #0
10005e98:	d1ee      	bne.n	10005e78 <cdcd_xfer_cb+0x8c>
10005e9a:	7969      	ldrb	r1, [r5, #5]
10005e9c:	0020      	movs	r0, r4
10005e9e:	e000      	b.n	10005ea2 <cdcd_xfer_cb+0xb6>
10005ea0:	bf00      	nop
10005ea2:	e7e9      	b.n	10005e78 <cdcd_xfer_cb+0x8c>
10005ea4:	4b23      	ldr	r3, [pc, #140]	@ (10005f34 <cdcd_xfer_cb+0x148>)
10005ea6:	2b00      	cmp	r3, #0
10005ea8:	d004      	beq.n	10005eb4 <cdcd_xfer_cb+0xc8>
10005eaa:	4650      	mov	r0, sl
10005eac:	f000 faf7 	bl	1000649e <tu_fifo_empty>
10005eb0:	2800      	cmp	r0, #0
10005eb2:	d003      	beq.n	10005ebc <cdcd_xfer_cb+0xd0>
10005eb4:	0020      	movs	r0, r4
10005eb6:	f7ff fc59 	bl	1000576c <_prep_out_transaction>
10005eba:	e7a8      	b.n	10005e0e <cdcd_xfer_cb+0x22>
10005ebc:	0020      	movs	r0, r4
10005ebe:	e000      	b.n	10005ec2 <cdcd_xfer_cb+0xd6>
10005ec0:	bf00      	nop
10005ec2:	e7f7      	b.n	10005eb4 <cdcd_xfer_cb+0xc8>
10005ec4:	4b1c      	ldr	r3, [pc, #112]	@ (10005f38 <cdcd_xfer_cb+0x14c>)
10005ec6:	2b00      	cmp	r3, #0
10005ec8:	d002      	beq.n	10005ed0 <cdcd_xfer_cb+0xe4>
10005eca:	0020      	movs	r0, r4
10005ecc:	e000      	b.n	10005ed0 <cdcd_xfer_cb+0xe4>
10005ece:	bf00      	nop
10005ed0:	0020      	movs	r0, r4
10005ed2:	f7ff fcef 	bl	100058b4 <tud_cdc_n_write_flush>
10005ed6:	2800      	cmp	r0, #0
10005ed8:	d001      	beq.n	10005ede <cdcd_xfer_cb+0xf2>
10005eda:	2401      	movs	r4, #1
10005edc:	e79b      	b.n	10005e16 <cdcd_xfer_cb+0x2a>
10005ede:	0028      	movs	r0, r5
10005ee0:	3024      	adds	r0, #36	@ 0x24
10005ee2:	f000 fac6 	bl	10006472 <tu_fifo_count>
10005ee6:	2800      	cmp	r0, #0
10005ee8:	d115      	bne.n	10005f16 <cdcd_xfer_cb+0x12a>
10005eea:	9b00      	ldr	r3, [sp, #0]
10005eec:	2b00      	cmp	r3, #0
10005eee:	d014      	beq.n	10005f1a <cdcd_xfer_cb+0x12e>
10005ef0:	069e      	lsls	r6, r3, #26
10005ef2:	d001      	beq.n	10005ef8 <cdcd_xfer_cb+0x10c>
10005ef4:	2401      	movs	r4, #1
10005ef6:	e78e      	b.n	10005e16 <cdcd_xfer_cb+0x2a>
10005ef8:	78a9      	ldrb	r1, [r5, #2]
10005efa:	9801      	ldr	r0, [sp, #4]
10005efc:	f7fe ffb6 	bl	10004e6c <usbd_edpt_claim>
10005f00:	1e04      	subs	r4, r0, #0
10005f02:	d101      	bne.n	10005f08 <cdcd_xfer_cb+0x11c>
10005f04:	2401      	movs	r4, #1
10005f06:	e786      	b.n	10005e16 <cdcd_xfer_cb+0x2a>
10005f08:	78a9      	ldrb	r1, [r5, #2]
10005f0a:	2300      	movs	r3, #0
10005f0c:	2200      	movs	r2, #0
10005f0e:	9801      	ldr	r0, [sp, #4]
10005f10:	f7fe ffd4 	bl	10004ebc <usbd_edpt_xfer>
10005f14:	e77f      	b.n	10005e16 <cdcd_xfer_cb+0x2a>
10005f16:	2401      	movs	r4, #1
10005f18:	e77d      	b.n	10005e16 <cdcd_xfer_cb+0x2a>
10005f1a:	2401      	movs	r4, #1
10005f1c:	e77b      	b.n	10005e16 <cdcd_xfer_cb+0x2a>
10005f1e:	46c0      	nop			@ (mov r8, r8)
10005f20:	20001078 	.word	0x20001078
10005f24:	10007d30 	.word	0x10007d30
10005f28:	1000766c 	.word	0x1000766c
10005f2c:	20000ff4 	.word	0x20000ff4
	...

10005f3c <tusb_rhport_init>:
10005f3c:	b510      	push	{r4, lr}
10005f3e:	b082      	sub	sp, #8
10005f40:	2900      	cmp	r1, #0
10005f42:	d00a      	beq.n	10005f5a <tusb_rhport_init+0x1e>
10005f44:	2801      	cmp	r0, #1
10005f46:	d81c      	bhi.n	10005f82 <tusb_rhport_init+0x46>
10005f48:	780b      	ldrb	r3, [r1, #0]
10005f4a:	2b00      	cmp	r3, #0
10005f4c:	d019      	beq.n	10005f82 <tusb_rhport_init+0x46>
10005f4e:	4a16      	ldr	r2, [pc, #88]	@ (10005fa8 <tusb_rhport_init+0x6c>)
10005f50:	5413      	strb	r3, [r2, r0]
10005f52:	2b01      	cmp	r3, #1
10005f54:	d01e      	beq.n	10005f94 <tusb_rhport_init+0x58>
10005f56:	2401      	movs	r4, #1
10005f58:	e019      	b.n	10005f8e <tusb_rhport_init+0x52>
10005f5a:	a901      	add	r1, sp, #4
10005f5c:	2301      	movs	r3, #1
10005f5e:	700b      	strb	r3, [r1, #0]
10005f60:	2300      	movs	r3, #0
10005f62:	704b      	strb	r3, [r1, #1]
10005f64:	2000      	movs	r0, #0
10005f66:	f7fe fe91 	bl	10004c8c <tud_rhport_init>
10005f6a:	1e04      	subs	r4, r0, #0
10005f6c:	d003      	beq.n	10005f76 <tusb_rhport_init+0x3a>
10005f6e:	4b0e      	ldr	r3, [pc, #56]	@ (10005fa8 <tusb_rhport_init+0x6c>)
10005f70:	2201      	movs	r2, #1
10005f72:	701a      	strb	r2, [r3, #0]
10005f74:	e00b      	b.n	10005f8e <tusb_rhport_init+0x52>
10005f76:	490d      	ldr	r1, [pc, #52]	@ (10005fac <tusb_rhport_init+0x70>)
10005f78:	480d      	ldr	r0, [pc, #52]	@ (10005fb0 <tusb_rhport_init+0x74>)
10005f7a:	2247      	movs	r2, #71	@ 0x47
10005f7c:	f7fe f84a 	bl	10004014 <__wrap_printf>
10005f80:	e005      	b.n	10005f8e <tusb_rhport_init+0x52>
10005f82:	490a      	ldr	r1, [pc, #40]	@ (10005fac <tusb_rhport_init+0x70>)
10005f84:	480a      	ldr	r0, [pc, #40]	@ (10005fb0 <tusb_rhport_init+0x74>)
10005f86:	225a      	movs	r2, #90	@ 0x5a
10005f88:	f7fe f844 	bl	10004014 <__wrap_printf>
10005f8c:	2400      	movs	r4, #0
10005f8e:	0020      	movs	r0, r4
10005f90:	b002      	add	sp, #8
10005f92:	bd10      	pop	{r4, pc}
10005f94:	f7fe fe7a 	bl	10004c8c <tud_rhport_init>
10005f98:	1e04      	subs	r4, r0, #0
10005f9a:	d1f8      	bne.n	10005f8e <tusb_rhport_init+0x52>
10005f9c:	4903      	ldr	r1, [pc, #12]	@ (10005fac <tusb_rhport_init+0x70>)
10005f9e:	4804      	ldr	r0, [pc, #16]	@ (10005fb0 <tusb_rhport_init+0x74>)
10005fa0:	225f      	movs	r2, #95	@ 0x5f
10005fa2:	f7fe f837 	bl	10004014 <__wrap_printf>
10005fa6:	e7f2      	b.n	10005f8e <tusb_rhport_init+0x52>
10005fa8:	20001914 	.word	0x20001914
10005fac:	10007d78 	.word	0x10007d78
10005fb0:	1000766c 	.word	0x1000766c

10005fb4 <tu_edpt_claim>:
10005fb4:	b570      	push	{r4, r5, r6, lr}
10005fb6:	0004      	movs	r4, r0
10005fb8:	000d      	movs	r5, r1
10005fba:	7803      	ldrb	r3, [r0, #0]
10005fbc:	07db      	lsls	r3, r3, #31
10005fbe:	0fd8      	lsrs	r0, r3, #31
10005fc0:	2b00      	cmp	r3, #0
10005fc2:	d11d      	bne.n	10006000 <tu_edpt_claim+0x4c>
10005fc4:	7823      	ldrb	r3, [r4, #0]
10005fc6:	075b      	lsls	r3, r3, #29
10005fc8:	0fde      	lsrs	r6, r3, #31
10005fca:	2b00      	cmp	r3, #0
10005fcc:	db19      	blt.n	10006002 <tu_edpt_claim+0x4e>
10005fce:	2101      	movs	r1, #1
10005fd0:	4249      	negs	r1, r1
10005fd2:	0028      	movs	r0, r5
10005fd4:	f000 fcc8 	bl	10006968 <__mutex_enter_timeout_ms_veneer>
10005fd8:	7823      	ldrb	r3, [r4, #0]
10005fda:	07db      	lsls	r3, r3, #31
10005fdc:	0fda      	lsrs	r2, r3, #31
10005fde:	2b00      	cmp	r3, #0
10005fe0:	d107      	bne.n	10005ff2 <tu_edpt_claim+0x3e>
10005fe2:	7823      	ldrb	r3, [r4, #0]
10005fe4:	075b      	lsls	r3, r3, #29
10005fe6:	d409      	bmi.n	10005ffc <tu_edpt_claim+0x48>
10005fe8:	7823      	ldrb	r3, [r4, #0]
10005fea:	2204      	movs	r2, #4
10005fec:	4313      	orrs	r3, r2
10005fee:	7023      	strb	r3, [r4, #0]
10005ff0:	2601      	movs	r6, #1
10005ff2:	0028      	movs	r0, r5
10005ff4:	f000 fc98 	bl	10006928 <__mutex_exit_veneer>
10005ff8:	0030      	movs	r0, r6
10005ffa:	e002      	b.n	10006002 <tu_edpt_claim+0x4e>
10005ffc:	0016      	movs	r6, r2
10005ffe:	e7f8      	b.n	10005ff2 <tu_edpt_claim+0x3e>
10006000:	2000      	movs	r0, #0
10006002:	bd70      	pop	{r4, r5, r6, pc}

10006004 <tu_edpt_release>:
10006004:	b570      	push	{r4, r5, r6, lr}
10006006:	0006      	movs	r6, r0
10006008:	000c      	movs	r4, r1
1000600a:	2101      	movs	r1, #1
1000600c:	4249      	negs	r1, r1
1000600e:	0020      	movs	r0, r4
10006010:	f000 fcaa 	bl	10006968 <__mutex_enter_timeout_ms_veneer>
10006014:	7833      	ldrb	r3, [r6, #0]
10006016:	075b      	lsls	r3, r3, #29
10006018:	0fdd      	lsrs	r5, r3, #31
1000601a:	2b00      	cmp	r3, #0
1000601c:	db04      	blt.n	10006028 <tu_edpt_release+0x24>
1000601e:	0020      	movs	r0, r4
10006020:	f000 fc82 	bl	10006928 <__mutex_exit_veneer>
10006024:	0028      	movs	r0, r5
10006026:	bd70      	pop	{r4, r5, r6, pc}
10006028:	7833      	ldrb	r3, [r6, #0]
1000602a:	07db      	lsls	r3, r3, #31
1000602c:	d404      	bmi.n	10006038 <tu_edpt_release+0x34>
1000602e:	7833      	ldrb	r3, [r6, #0]
10006030:	2204      	movs	r2, #4
10006032:	4393      	bics	r3, r2
10006034:	7033      	strb	r3, [r6, #0]
10006036:	e7f2      	b.n	1000601e <tu_edpt_release+0x1a>
10006038:	2500      	movs	r5, #0
1000603a:	e7f0      	b.n	1000601e <tu_edpt_release+0x1a>

1000603c <tu_edpt_validate>:
1000603c:	b510      	push	{r4, lr}
1000603e:	7902      	ldrb	r2, [r0, #4]
10006040:	7943      	ldrb	r3, [r0, #5]
10006042:	021b      	lsls	r3, r3, #8
10006044:	4313      	orrs	r3, r2
10006046:	055b      	lsls	r3, r3, #21
10006048:	0d5b      	lsrs	r3, r3, #21
1000604a:	78c2      	ldrb	r2, [r0, #3]
1000604c:	0792      	lsls	r2, r2, #30
1000604e:	0f92      	lsrs	r2, r2, #30
10006050:	2a02      	cmp	r2, #2
10006052:	d014      	beq.n	1000607e <tu_edpt_validate+0x42>
10006054:	2a03      	cmp	r2, #3
10006056:	d02d      	beq.n	100060b4 <tu_edpt_validate+0x78>
10006058:	2a01      	cmp	r2, #1
1000605a:	d13c      	bne.n	100060d6 <tu_edpt_validate+0x9a>
1000605c:	2902      	cmp	r1, #2
1000605e:	d004      	beq.n	1000606a <tu_edpt_validate+0x2e>
10006060:	4a1e      	ldr	r2, [pc, #120]	@ (100060dc <tu_edpt_validate+0xa0>)
10006062:	429a      	cmp	r2, r3
10006064:	d304      	bcc.n	10006070 <tu_edpt_validate+0x34>
10006066:	2001      	movs	r0, #1
10006068:	e036      	b.n	100060d8 <tu_edpt_validate+0x9c>
1000606a:	2280      	movs	r2, #128	@ 0x80
1000606c:	00d2      	lsls	r2, r2, #3
1000606e:	e7f8      	b.n	10006062 <tu_edpt_validate+0x26>
10006070:	491b      	ldr	r1, [pc, #108]	@ (100060e0 <tu_edpt_validate+0xa4>)
10006072:	481c      	ldr	r0, [pc, #112]	@ (100060e4 <tu_edpt_validate+0xa8>)
10006074:	22d1      	movs	r2, #209	@ 0xd1
10006076:	f7fd ffcd 	bl	10004014 <__wrap_printf>
1000607a:	2000      	movs	r0, #0
1000607c:	e02c      	b.n	100060d8 <tu_edpt_validate+0x9c>
1000607e:	2902      	cmp	r1, #2
10006080:	d003      	beq.n	1000608a <tu_edpt_validate+0x4e>
10006082:	2b40      	cmp	r3, #64	@ 0x40
10006084:	d80f      	bhi.n	100060a6 <tu_edpt_validate+0x6a>
10006086:	2001      	movs	r0, #1
10006088:	e026      	b.n	100060d8 <tu_edpt_validate+0x9c>
1000608a:	2280      	movs	r2, #128	@ 0x80
1000608c:	0092      	lsls	r2, r2, #2
1000608e:	4293      	cmp	r3, r2
10006090:	d101      	bne.n	10006096 <tu_edpt_validate+0x5a>
10006092:	2001      	movs	r0, #1
10006094:	e020      	b.n	100060d8 <tu_edpt_validate+0x9c>
10006096:	4912      	ldr	r1, [pc, #72]	@ (100060e0 <tu_edpt_validate+0xa4>)
10006098:	4812      	ldr	r0, [pc, #72]	@ (100060e4 <tu_edpt_validate+0xa8>)
1000609a:	3a29      	subs	r2, #41	@ 0x29
1000609c:	3aff      	subs	r2, #255	@ 0xff
1000609e:	f7fd ffb9 	bl	10004014 <__wrap_printf>
100060a2:	2000      	movs	r0, #0
100060a4:	e018      	b.n	100060d8 <tu_edpt_validate+0x9c>
100060a6:	490e      	ldr	r1, [pc, #56]	@ (100060e0 <tu_edpt_validate+0xa4>)
100060a8:	480e      	ldr	r0, [pc, #56]	@ (100060e4 <tu_edpt_validate+0xa8>)
100060aa:	22db      	movs	r2, #219	@ 0xdb
100060ac:	f7fd ffb2 	bl	10004014 <__wrap_printf>
100060b0:	2000      	movs	r0, #0
100060b2:	e011      	b.n	100060d8 <tu_edpt_validate+0x9c>
100060b4:	2902      	cmp	r1, #2
100060b6:	d004      	beq.n	100060c2 <tu_edpt_validate+0x86>
100060b8:	2240      	movs	r2, #64	@ 0x40
100060ba:	429a      	cmp	r2, r3
100060bc:	d304      	bcc.n	100060c8 <tu_edpt_validate+0x8c>
100060be:	2001      	movs	r0, #1
100060c0:	e00a      	b.n	100060d8 <tu_edpt_validate+0x9c>
100060c2:	2280      	movs	r2, #128	@ 0x80
100060c4:	00d2      	lsls	r2, r2, #3
100060c6:	e7f8      	b.n	100060ba <tu_edpt_validate+0x7e>
100060c8:	4905      	ldr	r1, [pc, #20]	@ (100060e0 <tu_edpt_validate+0xa4>)
100060ca:	4806      	ldr	r0, [pc, #24]	@ (100060e4 <tu_edpt_validate+0xa8>)
100060cc:	22e1      	movs	r2, #225	@ 0xe1
100060ce:	f7fd ffa1 	bl	10004014 <__wrap_printf>
100060d2:	2000      	movs	r0, #0
100060d4:	e000      	b.n	100060d8 <tu_edpt_validate+0x9c>
100060d6:	2000      	movs	r0, #0
100060d8:	bd10      	pop	{r4, pc}
100060da:	46c0      	nop			@ (mov r8, r8)
100060dc:	000003ff 	.word	0x000003ff
100060e0:	10007d64 	.word	0x10007d64
100060e4:	1000766c 	.word	0x1000766c

100060e8 <tu_edpt_bind_driver>:
100060e8:	b530      	push	{r4, r5, lr}
100060ea:	188a      	adds	r2, r1, r2
100060ec:	e001      	b.n	100060f2 <tu_edpt_bind_driver+0xa>
100060ee:	780c      	ldrb	r4, [r1, #0]
100060f0:	1909      	adds	r1, r1, r4
100060f2:	4291      	cmp	r1, r2
100060f4:	d20a      	bcs.n	1000610c <tu_edpt_bind_driver+0x24>
100060f6:	784c      	ldrb	r4, [r1, #1]
100060f8:	2c05      	cmp	r4, #5
100060fa:	d1f8      	bne.n	100060ee <tu_edpt_bind_driver+0x6>
100060fc:	788d      	ldrb	r5, [r1, #2]
100060fe:	347a      	adds	r4, #122	@ 0x7a
10006100:	402c      	ands	r4, r5
10006102:	0064      	lsls	r4, r4, #1
10006104:	1904      	adds	r4, r0, r4
10006106:	09ed      	lsrs	r5, r5, #7
10006108:	5563      	strb	r3, [r4, r5]
1000610a:	e7f0      	b.n	100060ee <tu_edpt_bind_driver+0x6>
1000610c:	bd30      	pop	{r4, r5, pc}

1000610e <advance_index>:
1000610e:	0003      	movs	r3, r0
10006110:	188a      	adds	r2, r1, r2
10006112:	b290      	uxth	r0, r2
10006114:	4281      	cmp	r1, r0
10006116:	d802      	bhi.n	1000611e <advance_index+0x10>
10006118:	005a      	lsls	r2, r3, #1
1000611a:	4290      	cmp	r0, r2
1000611c:	db03      	blt.n	10006126 <advance_index+0x18>
1000611e:	005b      	lsls	r3, r3, #1
10006120:	b29b      	uxth	r3, r3
10006122:	1ac0      	subs	r0, r0, r3
10006124:	b280      	uxth	r0, r0
10006126:	4770      	bx	lr

10006128 <_tu_fifo_peek>:
10006128:	b570      	push	{r4, r5, r6, lr}
1000612a:	0005      	movs	r5, r0
1000612c:	0008      	movs	r0, r1
1000612e:	88ac      	ldrh	r4, [r5, #4]
10006130:	429a      	cmp	r2, r3
10006132:	d30b      	bcc.n	1000614c <_tu_fifo_peek+0x24>
10006134:	1ad1      	subs	r1, r2, r3
10006136:	b289      	uxth	r1, r1
10006138:	2900      	cmp	r1, #0
1000613a:	d01e      	beq.n	1000617a <_tu_fifo_peek+0x52>
1000613c:	428c      	cmp	r4, r1
1000613e:	d210      	bcs.n	10006162 <_tu_fifo_peek+0x3a>
10006140:	4294      	cmp	r4, r2
10006142:	d809      	bhi.n	10006158 <_tu_fifo_peek+0x30>
10006144:	1b12      	subs	r2, r2, r4
10006146:	b293      	uxth	r3, r2
10006148:	816b      	strh	r3, [r5, #10]
1000614a:	e00a      	b.n	10006162 <_tu_fifo_peek+0x3a>
1000614c:	1ad1      	subs	r1, r2, r3
1000614e:	b289      	uxth	r1, r1
10006150:	0066      	lsls	r6, r4, #1
10006152:	1989      	adds	r1, r1, r6
10006154:	b289      	uxth	r1, r1
10006156:	e7ef      	b.n	10006138 <_tu_fifo_peek+0x10>
10006158:	18a2      	adds	r2, r4, r2
1000615a:	b293      	uxth	r3, r2
1000615c:	e7f4      	b.n	10006148 <_tu_fifo_peek+0x20>
1000615e:	1b1b      	subs	r3, r3, r4
10006160:	b29b      	uxth	r3, r3
10006162:	429c      	cmp	r4, r3
10006164:	d9fb      	bls.n	1000615e <_tu_fifo_peek+0x36>
10006166:	6829      	ldr	r1, [r5, #0]
10006168:	88ea      	ldrh	r2, [r5, #6]
1000616a:	0452      	lsls	r2, r2, #17
1000616c:	0c52      	lsrs	r2, r2, #17
1000616e:	4353      	muls	r3, r2
10006170:	18c9      	adds	r1, r1, r3
10006172:	f7fc fcd9 	bl	10002b28 <__wrap___aeabi_memcpy>
10006176:	2001      	movs	r0, #1
10006178:	bd70      	pop	{r4, r5, r6, pc}
1000617a:	2000      	movs	r0, #0
1000617c:	e7fc      	b.n	10006178 <_tu_fifo_peek+0x50>

1000617e <_ff_pull_n>:
1000617e:	b5f8      	push	{r3, r4, r5, r6, r7, lr}
10006180:	46ce      	mov	lr, r9
10006182:	4647      	mov	r7, r8
10006184:	b580      	push	{r7, lr}
10006186:	0005      	movs	r5, r0
10006188:	468c      	mov	ip, r1
1000618a:	a908      	add	r1, sp, #32
1000618c:	7809      	ldrb	r1, [r1, #0]
1000618e:	8884      	ldrh	r4, [r0, #4]
10006190:	1ae0      	subs	r0, r4, r3
10006192:	b280      	uxth	r0, r0
10006194:	1b1c      	subs	r4, r3, r4
10006196:	1914      	adds	r4, r2, r4
10006198:	b2a4      	uxth	r4, r4
1000619a:	88ef      	ldrh	r7, [r5, #6]
1000619c:	047f      	lsls	r7, r7, #17
1000619e:	0c7e      	lsrs	r6, r7, #17
100061a0:	0007      	movs	r7, r0
100061a2:	4377      	muls	r7, r6
100061a4:	b2bf      	uxth	r7, r7
100061a6:	4374      	muls	r4, r6
100061a8:	b2a4      	uxth	r4, r4
100061aa:	46a1      	mov	r9, r4
100061ac:	682c      	ldr	r4, [r5, #0]
100061ae:	46a0      	mov	r8, r4
100061b0:	4373      	muls	r3, r6
100061b2:	4443      	add	r3, r8
100061b4:	2900      	cmp	r1, #0
100061b6:	d106      	bne.n	100061c6 <_ff_pull_n+0x48>
100061b8:	4290      	cmp	r0, r2
100061ba:	d308      	bcc.n	100061ce <_ff_pull_n+0x50>
100061bc:	4372      	muls	r2, r6
100061be:	0019      	movs	r1, r3
100061c0:	4660      	mov	r0, ip
100061c2:	f7fc fcb1 	bl	10002b28 <__wrap___aeabi_memcpy>
100061c6:	bcc0      	pop	{r6, r7}
100061c8:	46b9      	mov	r9, r7
100061ca:	46b0      	mov	r8, r6
100061cc:	bdf8      	pop	{r3, r4, r5, r6, r7, pc}
100061ce:	003a      	movs	r2, r7
100061d0:	0019      	movs	r1, r3
100061d2:	4664      	mov	r4, ip
100061d4:	0020      	movs	r0, r4
100061d6:	f7fc fca7 	bl	10002b28 <__wrap___aeabi_memcpy>
100061da:	6829      	ldr	r1, [r5, #0]
100061dc:	19e0      	adds	r0, r4, r7
100061de:	464a      	mov	r2, r9
100061e0:	f7fc fca2 	bl	10002b28 <__wrap___aeabi_memcpy>
100061e4:	e7ef      	b.n	100061c6 <_ff_pull_n+0x48>

100061e6 <_tu_fifo_peek_n>:
100061e6:	b5f0      	push	{r4, r5, r6, r7, lr}
100061e8:	46c6      	mov	lr, r8
100061ea:	b500      	push	{lr}
100061ec:	b082      	sub	sp, #8
100061ee:	001e      	movs	r6, r3
100061f0:	ab08      	add	r3, sp, #32
100061f2:	881b      	ldrh	r3, [r3, #0]
100061f4:	ac09      	add	r4, sp, #36	@ 0x24
100061f6:	7827      	ldrb	r7, [r4, #0]
100061f8:	8884      	ldrh	r4, [r0, #4]
100061fa:	429e      	cmp	r6, r3
100061fc:	d30f      	bcc.n	1000621e <_tu_fifo_peek_n+0x38>
100061fe:	1af5      	subs	r5, r6, r3
10006200:	b2ad      	uxth	r5, r5
10006202:	2d00      	cmp	r5, #0
10006204:	d01f      	beq.n	10006246 <_tu_fifo_peek_n+0x60>
10006206:	42ac      	cmp	r4, r5
10006208:	d205      	bcs.n	10006216 <_tu_fifo_peek_n+0x30>
1000620a:	42b4      	cmp	r4, r6
1000620c:	d810      	bhi.n	10006230 <_tu_fifo_peek_n+0x4a>
1000620e:	1b33      	subs	r3, r6, r4
10006210:	b29b      	uxth	r3, r3
10006212:	8143      	strh	r3, [r0, #10]
10006214:	0025      	movs	r5, r4
10006216:	4295      	cmp	r5, r2
10006218:	d30f      	bcc.n	1000623a <_tu_fifo_peek_n+0x54>
1000621a:	0015      	movs	r5, r2
1000621c:	e00d      	b.n	1000623a <_tu_fifo_peek_n+0x54>
1000621e:	1af5      	subs	r5, r6, r3
10006220:	b2ad      	uxth	r5, r5
10006222:	46a8      	mov	r8, r5
10006224:	0065      	lsls	r5, r4, #1
10006226:	46ac      	mov	ip, r5
10006228:	4645      	mov	r5, r8
1000622a:	4465      	add	r5, ip
1000622c:	b2ad      	uxth	r5, r5
1000622e:	e7e8      	b.n	10006202 <_tu_fifo_peek_n+0x1c>
10006230:	19a6      	adds	r6, r4, r6
10006232:	b2b3      	uxth	r3, r6
10006234:	e7ed      	b.n	10006212 <_tu_fifo_peek_n+0x2c>
10006236:	1b1b      	subs	r3, r3, r4
10006238:	b29b      	uxth	r3, r3
1000623a:	429c      	cmp	r4, r3
1000623c:	d9fb      	bls.n	10006236 <_tu_fifo_peek_n+0x50>
1000623e:	9700      	str	r7, [sp, #0]
10006240:	002a      	movs	r2, r5
10006242:	f7ff ff9c 	bl	1000617e <_ff_pull_n>
10006246:	0028      	movs	r0, r5
10006248:	b002      	add	sp, #8
1000624a:	bc80      	pop	{r7}
1000624c:	46b8      	mov	r8, r7
1000624e:	bdf0      	pop	{r4, r5, r6, r7, pc}

10006250 <_tu_fifo_read_n>:
10006250:	b5f0      	push	{r4, r5, r6, r7, lr}
10006252:	b083      	sub	sp, #12
10006254:	0004      	movs	r4, r0
10006256:	000d      	movs	r5, r1
10006258:	0016      	movs	r6, r2
1000625a:	001f      	movs	r7, r3
1000625c:	6900      	ldr	r0, [r0, #16]
1000625e:	2800      	cmp	r0, #0
10006260:	d003      	beq.n	1000626a <_tu_fifo_read_n+0x1a>
10006262:	2101      	movs	r1, #1
10006264:	4249      	negs	r1, r1
10006266:	f000 fb7f 	bl	10006968 <__mutex_enter_timeout_ms_veneer>
1000626a:	8923      	ldrh	r3, [r4, #8]
1000626c:	b29b      	uxth	r3, r3
1000626e:	8962      	ldrh	r2, [r4, #10]
10006270:	9701      	str	r7, [sp, #4]
10006272:	9200      	str	r2, [sp, #0]
10006274:	0032      	movs	r2, r6
10006276:	0029      	movs	r1, r5
10006278:	0020      	movs	r0, r4
1000627a:	f7ff ffb4 	bl	100061e6 <_tu_fifo_peek_n>
1000627e:	0005      	movs	r5, r0
10006280:	8961      	ldrh	r1, [r4, #10]
10006282:	b289      	uxth	r1, r1
10006284:	88a0      	ldrh	r0, [r4, #4]
10006286:	002a      	movs	r2, r5
10006288:	f7ff ff41 	bl	1000610e <advance_index>
1000628c:	8160      	strh	r0, [r4, #10]
1000628e:	6920      	ldr	r0, [r4, #16]
10006290:	2800      	cmp	r0, #0
10006292:	d001      	beq.n	10006298 <_tu_fifo_read_n+0x48>
10006294:	f000 fb48 	bl	10006928 <__mutex_exit_veneer>
10006298:	0028      	movs	r0, r5
1000629a:	b003      	add	sp, #12
1000629c:	bdf0      	pop	{r4, r5, r6, r7, pc}

1000629e <_ff_push_n>:
1000629e:	b5f8      	push	{r3, r4, r5, r6, r7, lr}
100062a0:	46ce      	mov	lr, r9
100062a2:	4647      	mov	r7, r8
100062a4:	b580      	push	{r7, lr}
100062a6:	0005      	movs	r5, r0
100062a8:	468c      	mov	ip, r1
100062aa:	a908      	add	r1, sp, #32
100062ac:	7808      	ldrb	r0, [r1, #0]
100062ae:	88ac      	ldrh	r4, [r5, #4]
100062b0:	1ae1      	subs	r1, r4, r3
100062b2:	b289      	uxth	r1, r1
100062b4:	1b1c      	subs	r4, r3, r4
100062b6:	1914      	adds	r4, r2, r4
100062b8:	b2a4      	uxth	r4, r4
100062ba:	88ef      	ldrh	r7, [r5, #6]
100062bc:	047f      	lsls	r7, r7, #17
100062be:	0c7e      	lsrs	r6, r7, #17
100062c0:	000f      	movs	r7, r1
100062c2:	4377      	muls	r7, r6
100062c4:	b2bf      	uxth	r7, r7
100062c6:	4374      	muls	r4, r6
100062c8:	b2a4      	uxth	r4, r4
100062ca:	46a1      	mov	r9, r4
100062cc:	682c      	ldr	r4, [r5, #0]
100062ce:	46a0      	mov	r8, r4
100062d0:	4373      	muls	r3, r6
100062d2:	4443      	add	r3, r8
100062d4:	2800      	cmp	r0, #0
100062d6:	d106      	bne.n	100062e6 <_ff_push_n+0x48>
100062d8:	4291      	cmp	r1, r2
100062da:	d308      	bcc.n	100062ee <_ff_push_n+0x50>
100062dc:	4372      	muls	r2, r6
100062de:	4661      	mov	r1, ip
100062e0:	0018      	movs	r0, r3
100062e2:	f7fc fc21 	bl	10002b28 <__wrap___aeabi_memcpy>
100062e6:	bcc0      	pop	{r6, r7}
100062e8:	46b9      	mov	r9, r7
100062ea:	46b0      	mov	r8, r6
100062ec:	bdf8      	pop	{r3, r4, r5, r6, r7, pc}
100062ee:	003a      	movs	r2, r7
100062f0:	4664      	mov	r4, ip
100062f2:	0021      	movs	r1, r4
100062f4:	0018      	movs	r0, r3
100062f6:	f7fc fc17 	bl	10002b28 <__wrap___aeabi_memcpy>
100062fa:	6828      	ldr	r0, [r5, #0]
100062fc:	19e1      	adds	r1, r4, r7
100062fe:	464a      	mov	r2, r9
10006300:	f7fc fc12 	bl	10002b28 <__wrap___aeabi_memcpy>
10006304:	e7ef      	b.n	100062e6 <_ff_push_n+0x48>

10006306 <_tu_fifo_write_n>:
10006306:	b5f0      	push	{r4, r5, r6, r7, lr}
10006308:	b085      	sub	sp, #20
1000630a:	0006      	movs	r6, r0
1000630c:	9103      	str	r1, [sp, #12]
1000630e:	1e17      	subs	r7, r2, #0
10006310:	9302      	str	r3, [sp, #8]
10006312:	d100      	bne.n	10006316 <_tu_fifo_write_n+0x10>
10006314:	e06d      	b.n	100063f2 <_tu_fifo_write_n+0xec>
10006316:	68c0      	ldr	r0, [r0, #12]
10006318:	2800      	cmp	r0, #0
1000631a:	d003      	beq.n	10006324 <_tu_fifo_write_n+0x1e>
1000631c:	2101      	movs	r1, #1
1000631e:	4249      	negs	r1, r1
10006320:	f000 fb22 	bl	10006968 <__mutex_enter_timeout_ms_veneer>
10006324:	8934      	ldrh	r4, [r6, #8]
10006326:	b2a4      	uxth	r4, r4
10006328:	8971      	ldrh	r1, [r6, #10]
1000632a:	b289      	uxth	r1, r1
1000632c:	79f3      	ldrb	r3, [r6, #7]
1000632e:	09db      	lsrs	r3, r3, #7
10006330:	d118      	bne.n	10006364 <_tu_fifo_write_n+0x5e>
10006332:	88b3      	ldrh	r3, [r6, #4]
10006334:	428c      	cmp	r4, r1
10006336:	d30f      	bcc.n	10006358 <_tu_fifo_write_n+0x52>
10006338:	1a61      	subs	r1, r4, r1
1000633a:	b289      	uxth	r1, r1
1000633c:	428b      	cmp	r3, r1
1000633e:	d956      	bls.n	100063ee <_tu_fifo_write_n+0xe8>
10006340:	1a5b      	subs	r3, r3, r1
10006342:	b29b      	uxth	r3, r3
10006344:	1c3a      	adds	r2, r7, #0
10006346:	429f      	cmp	r7, r3
10006348:	d900      	bls.n	1000634c <_tu_fifo_write_n+0x46>
1000634a:	1c1a      	adds	r2, r3, #0
1000634c:	b295      	uxth	r5, r2
1000634e:	2d00      	cmp	r5, #0
10006350:	d045      	beq.n	100063de <_tu_fifo_write_n+0xd8>
10006352:	88b2      	ldrh	r2, [r6, #4]
10006354:	0023      	movs	r3, r4
10006356:	e033      	b.n	100063c0 <_tu_fifo_write_n+0xba>
10006358:	1a61      	subs	r1, r4, r1
1000635a:	b289      	uxth	r1, r1
1000635c:	005a      	lsls	r2, r3, #1
1000635e:	1889      	adds	r1, r1, r2
10006360:	b289      	uxth	r1, r1
10006362:	e7eb      	b.n	1000633c <_tu_fifo_write_n+0x36>
10006364:	88b5      	ldrh	r5, [r6, #4]
10006366:	42bd      	cmp	r5, r7
10006368:	d80e      	bhi.n	10006388 <_tu_fifo_write_n+0x82>
1000636a:	9b02      	ldr	r3, [sp, #8]
1000636c:	2b00      	cmp	r3, #0
1000636e:	d121      	bne.n	100063b4 <_tu_fifo_write_n+0xae>
10006370:	1b7b      	subs	r3, r7, r5
10006372:	88f7      	ldrh	r7, [r6, #6]
10006374:	047f      	lsls	r7, r7, #17
10006376:	0c7f      	lsrs	r7, r7, #17
10006378:	435f      	muls	r7, r3
1000637a:	9b03      	ldr	r3, [sp, #12]
1000637c:	469c      	mov	ip, r3
1000637e:	44bc      	add	ip, r7
10006380:	4663      	mov	r3, ip
10006382:	9303      	str	r3, [sp, #12]
10006384:	000c      	movs	r4, r1
10006386:	e7e2      	b.n	1000634e <_tu_fifo_write_n+0x48>
10006388:	428c      	cmp	r4, r1
1000638a:	d30d      	bcc.n	100063a8 <_tu_fifo_write_n+0xa2>
1000638c:	1a63      	subs	r3, r4, r1
1000638e:	b29b      	uxth	r3, r3
10006390:	19db      	adds	r3, r3, r7
10006392:	006a      	lsls	r2, r5, #1
10006394:	4293      	cmp	r3, r2
10006396:	db0f      	blt.n	100063b8 <_tu_fifo_write_n+0xb2>
10006398:	1bea      	subs	r2, r5, r7
1000639a:	b292      	uxth	r2, r2
1000639c:	0028      	movs	r0, r5
1000639e:	f7ff feb6 	bl	1000610e <advance_index>
100063a2:	0004      	movs	r4, r0
100063a4:	003d      	movs	r5, r7
100063a6:	e7d2      	b.n	1000634e <_tu_fifo_write_n+0x48>
100063a8:	1a63      	subs	r3, r4, r1
100063aa:	b29b      	uxth	r3, r3
100063ac:	006a      	lsls	r2, r5, #1
100063ae:	189b      	adds	r3, r3, r2
100063b0:	b29b      	uxth	r3, r3
100063b2:	e7ed      	b.n	10006390 <_tu_fifo_write_n+0x8a>
100063b4:	000c      	movs	r4, r1
100063b6:	e7ca      	b.n	1000634e <_tu_fifo_write_n+0x48>
100063b8:	003d      	movs	r5, r7
100063ba:	e7c8      	b.n	1000634e <_tu_fifo_write_n+0x48>
100063bc:	1a9b      	subs	r3, r3, r2
100063be:	b29b      	uxth	r3, r3
100063c0:	429a      	cmp	r2, r3
100063c2:	d9fb      	bls.n	100063bc <_tu_fifo_write_n+0xb6>
100063c4:	9a02      	ldr	r2, [sp, #8]
100063c6:	9200      	str	r2, [sp, #0]
100063c8:	002a      	movs	r2, r5
100063ca:	9903      	ldr	r1, [sp, #12]
100063cc:	0030      	movs	r0, r6
100063ce:	f7ff ff66 	bl	1000629e <_ff_push_n>
100063d2:	88b0      	ldrh	r0, [r6, #4]
100063d4:	002a      	movs	r2, r5
100063d6:	0021      	movs	r1, r4
100063d8:	f7ff fe99 	bl	1000610e <advance_index>
100063dc:	8130      	strh	r0, [r6, #8]
100063de:	68f0      	ldr	r0, [r6, #12]
100063e0:	2800      	cmp	r0, #0
100063e2:	d001      	beq.n	100063e8 <_tu_fifo_write_n+0xe2>
100063e4:	f000 faa0 	bl	10006928 <__mutex_exit_veneer>
100063e8:	0028      	movs	r0, r5
100063ea:	b005      	add	sp, #20
100063ec:	bdf0      	pop	{r4, r5, r6, r7, pc}
100063ee:	2500      	movs	r5, #0
100063f0:	e7f5      	b.n	100063de <_tu_fifo_write_n+0xd8>
100063f2:	0015      	movs	r5, r2
100063f4:	e7f8      	b.n	100063e8 <_tu_fifo_write_n+0xe2>

100063f6 <tu_fifo_config>:
100063f6:	b5f0      	push	{r4, r5, r6, r7, lr}
100063f8:	b083      	sub	sp, #12
100063fa:	0004      	movs	r4, r0
100063fc:	9101      	str	r1, [sp, #4]
100063fe:	0016      	movs	r6, r2
10006400:	001d      	movs	r5, r3
10006402:	ab08      	add	r3, sp, #32
10006404:	781f      	ldrb	r7, [r3, #0]
10006406:	2380      	movs	r3, #128	@ 0x80
10006408:	021b      	lsls	r3, r3, #8
1000640a:	429a      	cmp	r2, r3
1000640c:	d82d      	bhi.n	1000646a <tu_fifo_config+0x74>
1000640e:	68c0      	ldr	r0, [r0, #12]
10006410:	2800      	cmp	r0, #0
10006412:	d003      	beq.n	1000641c <tu_fifo_config+0x26>
10006414:	2101      	movs	r1, #1
10006416:	4249      	negs	r1, r1
10006418:	f000 faa6 	bl	10006968 <__mutex_enter_timeout_ms_veneer>
1000641c:	6920      	ldr	r0, [r4, #16]
1000641e:	2800      	cmp	r0, #0
10006420:	d003      	beq.n	1000642a <tu_fifo_config+0x34>
10006422:	2101      	movs	r1, #1
10006424:	4249      	negs	r1, r1
10006426:	f000 fa9f 	bl	10006968 <__mutex_enter_timeout_ms_veneer>
1000642a:	9b01      	ldr	r3, [sp, #4]
1000642c:	6023      	str	r3, [r4, #0]
1000642e:	80a6      	strh	r6, [r4, #4]
10006430:	046d      	lsls	r5, r5, #17
10006432:	0c6b      	lsrs	r3, r5, #17
10006434:	88e5      	ldrh	r5, [r4, #6]
10006436:	0bed      	lsrs	r5, r5, #15
10006438:	03ed      	lsls	r5, r5, #15
1000643a:	431d      	orrs	r5, r3
1000643c:	80e5      	strh	r5, [r4, #6]
1000643e:	01fb      	lsls	r3, r7, #7
10006440:	79e2      	ldrb	r2, [r4, #7]
10006442:	277f      	movs	r7, #127	@ 0x7f
10006444:	4017      	ands	r7, r2
10006446:	431f      	orrs	r7, r3
10006448:	71e7      	strb	r7, [r4, #7]
1000644a:	2300      	movs	r3, #0
1000644c:	8163      	strh	r3, [r4, #10]
1000644e:	8123      	strh	r3, [r4, #8]
10006450:	68e0      	ldr	r0, [r4, #12]
10006452:	2800      	cmp	r0, #0
10006454:	d001      	beq.n	1000645a <tu_fifo_config+0x64>
10006456:	f000 fa67 	bl	10006928 <__mutex_exit_veneer>
1000645a:	6920      	ldr	r0, [r4, #16]
1000645c:	2800      	cmp	r0, #0
1000645e:	d006      	beq.n	1000646e <tu_fifo_config+0x78>
10006460:	f000 fa62 	bl	10006928 <__mutex_exit_veneer>
10006464:	2001      	movs	r0, #1
10006466:	b003      	add	sp, #12
10006468:	bdf0      	pop	{r4, r5, r6, r7, pc}
1000646a:	2000      	movs	r0, #0
1000646c:	e7fb      	b.n	10006466 <tu_fifo_config+0x70>
1000646e:	2001      	movs	r0, #1
10006470:	e7f9      	b.n	10006466 <tu_fifo_config+0x70>

10006472 <tu_fifo_count>:
10006472:	b510      	push	{r4, lr}
10006474:	8882      	ldrh	r2, [r0, #4]
10006476:	8901      	ldrh	r1, [r0, #8]
10006478:	b28b      	uxth	r3, r1
1000647a:	8940      	ldrh	r0, [r0, #10]
1000647c:	b284      	uxth	r4, r0
1000647e:	4288      	cmp	r0, r1
10006480:	d807      	bhi.n	10006492 <tu_fifo_count+0x20>
10006482:	1b1b      	subs	r3, r3, r4
10006484:	b29b      	uxth	r3, r3
10006486:	1c10      	adds	r0, r2, #0
10006488:	429a      	cmp	r2, r3
1000648a:	d900      	bls.n	1000648e <tu_fifo_count+0x1c>
1000648c:	1c18      	adds	r0, r3, #0
1000648e:	b280      	uxth	r0, r0
10006490:	bd10      	pop	{r4, pc}
10006492:	1b1b      	subs	r3, r3, r4
10006494:	b29b      	uxth	r3, r3
10006496:	0051      	lsls	r1, r2, #1
10006498:	185b      	adds	r3, r3, r1
1000649a:	b29b      	uxth	r3, r3
1000649c:	e7f3      	b.n	10006486 <tu_fifo_count+0x14>

1000649e <tu_fifo_empty>:
1000649e:	8903      	ldrh	r3, [r0, #8]
100064a0:	8940      	ldrh	r0, [r0, #10]
100064a2:	1a18      	subs	r0, r3, r0
100064a4:	4243      	negs	r3, r0
100064a6:	4158      	adcs	r0, r3
100064a8:	b2c0      	uxtb	r0, r0
100064aa:	4770      	bx	lr

100064ac <tu_fifo_full>:
100064ac:	b510      	push	{r4, lr}
100064ae:	8884      	ldrh	r4, [r0, #4]
100064b0:	8902      	ldrh	r2, [r0, #8]
100064b2:	b293      	uxth	r3, r2
100064b4:	8941      	ldrh	r1, [r0, #10]
100064b6:	b288      	uxth	r0, r1
100064b8:	4291      	cmp	r1, r2
100064ba:	d806      	bhi.n	100064ca <tu_fifo_full+0x1e>
100064bc:	1a1b      	subs	r3, r3, r0
100064be:	b29b      	uxth	r3, r3
100064c0:	2000      	movs	r0, #0
100064c2:	42a3      	cmp	r3, r4
100064c4:	4140      	adcs	r0, r0
100064c6:	b2c0      	uxtb	r0, r0
100064c8:	bd10      	pop	{r4, pc}
100064ca:	1a1b      	subs	r3, r3, r0
100064cc:	b29b      	uxth	r3, r3
100064ce:	0062      	lsls	r2, r4, #1
100064d0:	189b      	adds	r3, r3, r2
100064d2:	b29b      	uxth	r3, r3
100064d4:	e7f4      	b.n	100064c0 <tu_fifo_full+0x14>

100064d6 <tu_fifo_remaining>:
100064d6:	b510      	push	{r4, lr}
100064d8:	8882      	ldrh	r2, [r0, #4]
100064da:	8901      	ldrh	r1, [r0, #8]
100064dc:	b28b      	uxth	r3, r1
100064de:	8940      	ldrh	r0, [r0, #10]
100064e0:	b284      	uxth	r4, r0
100064e2:	4288      	cmp	r0, r1
100064e4:	d806      	bhi.n	100064f4 <tu_fifo_remaining+0x1e>
100064e6:	1b1b      	subs	r3, r3, r4
100064e8:	b29b      	uxth	r3, r3
100064ea:	429a      	cmp	r2, r3
100064ec:	d908      	bls.n	10006500 <tu_fifo_remaining+0x2a>
100064ee:	1ad0      	subs	r0, r2, r3
100064f0:	b280      	uxth	r0, r0
100064f2:	bd10      	pop	{r4, pc}
100064f4:	1b1b      	subs	r3, r3, r4
100064f6:	b29b      	uxth	r3, r3
100064f8:	0051      	lsls	r1, r2, #1
100064fa:	185b      	adds	r3, r3, r1
100064fc:	b29b      	uxth	r3, r3
100064fe:	e7f4      	b.n	100064ea <tu_fifo_remaining+0x14>
10006500:	2000      	movs	r0, #0
10006502:	e7f6      	b.n	100064f2 <tu_fifo_remaining+0x1c>

10006504 <tu_fifo_read>:
10006504:	b570      	push	{r4, r5, r6, lr}
10006506:	0004      	movs	r4, r0
10006508:	000d      	movs	r5, r1
1000650a:	6900      	ldr	r0, [r0, #16]
1000650c:	2800      	cmp	r0, #0
1000650e:	d003      	beq.n	10006518 <tu_fifo_read+0x14>
10006510:	2101      	movs	r1, #1
10006512:	4249      	negs	r1, r1
10006514:	f000 fa28 	bl	10006968 <__mutex_enter_timeout_ms_veneer>
10006518:	8922      	ldrh	r2, [r4, #8]
1000651a:	b292      	uxth	r2, r2
1000651c:	8963      	ldrh	r3, [r4, #10]
1000651e:	b29b      	uxth	r3, r3
10006520:	0029      	movs	r1, r5
10006522:	0020      	movs	r0, r4
10006524:	f7ff fe00 	bl	10006128 <_tu_fifo_peek>
10006528:	0005      	movs	r5, r0
1000652a:	8961      	ldrh	r1, [r4, #10]
1000652c:	b289      	uxth	r1, r1
1000652e:	88a0      	ldrh	r0, [r4, #4]
10006530:	002a      	movs	r2, r5
10006532:	f7ff fdec 	bl	1000610e <advance_index>
10006536:	8160      	strh	r0, [r4, #10]
10006538:	6920      	ldr	r0, [r4, #16]
1000653a:	2800      	cmp	r0, #0
1000653c:	d001      	beq.n	10006542 <tu_fifo_read+0x3e>
1000653e:	f000 f9f3 	bl	10006928 <__mutex_exit_veneer>
10006542:	0028      	movs	r0, r5
10006544:	bd70      	pop	{r4, r5, r6, pc}

10006546 <tu_fifo_read_n>:
10006546:	b510      	push	{r4, lr}
10006548:	2300      	movs	r3, #0
1000654a:	f7ff fe81 	bl	10006250 <_tu_fifo_read_n>
1000654e:	bd10      	pop	{r4, pc}

10006550 <tu_fifo_write>:
10006550:	b5f8      	push	{r3, r4, r5, r6, r7, lr}
10006552:	0004      	movs	r4, r0
10006554:	000e      	movs	r6, r1
10006556:	68c0      	ldr	r0, [r0, #12]
10006558:	2800      	cmp	r0, #0
1000655a:	d003      	beq.n	10006564 <tu_fifo_write+0x14>
1000655c:	2101      	movs	r1, #1
1000655e:	4249      	negs	r1, r1
10006560:	f000 fa02 	bl	10006968 <__mutex_enter_timeout_ms_veneer>
10006564:	8925      	ldrh	r5, [r4, #8]
10006566:	b2ad      	uxth	r5, r5
10006568:	0020      	movs	r0, r4
1000656a:	f7ff ff9f 	bl	100064ac <tu_fifo_full>
1000656e:	2800      	cmp	r0, #0
10006570:	d002      	beq.n	10006578 <tu_fifo_write+0x28>
10006572:	79e7      	ldrb	r7, [r4, #7]
10006574:	09ff      	lsrs	r7, r7, #7
10006576:	d016      	beq.n	100065a6 <tu_fifo_write+0x56>
10006578:	88a2      	ldrh	r2, [r4, #4]
1000657a:	002b      	movs	r3, r5
1000657c:	e001      	b.n	10006582 <tu_fifo_write+0x32>
1000657e:	1a9b      	subs	r3, r3, r2
10006580:	b29b      	uxth	r3, r3
10006582:	429a      	cmp	r2, r3
10006584:	d9fb      	bls.n	1000657e <tu_fifo_write+0x2e>
10006586:	6820      	ldr	r0, [r4, #0]
10006588:	88e2      	ldrh	r2, [r4, #6]
1000658a:	0452      	lsls	r2, r2, #17
1000658c:	0c52      	lsrs	r2, r2, #17
1000658e:	4353      	muls	r3, r2
10006590:	18c0      	adds	r0, r0, r3
10006592:	0031      	movs	r1, r6
10006594:	f7fc fac8 	bl	10002b28 <__wrap___aeabi_memcpy>
10006598:	88a0      	ldrh	r0, [r4, #4]
1000659a:	2201      	movs	r2, #1
1000659c:	0029      	movs	r1, r5
1000659e:	f7ff fdb6 	bl	1000610e <advance_index>
100065a2:	8120      	strh	r0, [r4, #8]
100065a4:	2701      	movs	r7, #1
100065a6:	68e0      	ldr	r0, [r4, #12]
100065a8:	2800      	cmp	r0, #0
100065aa:	d001      	beq.n	100065b0 <tu_fifo_write+0x60>
100065ac:	f000 f9bc 	bl	10006928 <__mutex_exit_veneer>
100065b0:	0038      	movs	r0, r7
100065b2:	bdf8      	pop	{r3, r4, r5, r6, r7, pc}

100065b4 <tu_fifo_write_n>:
100065b4:	b510      	push	{r4, lr}
100065b6:	2300      	movs	r3, #0
100065b8:	f7ff fea5 	bl	10006306 <_tu_fifo_write_n>
100065bc:	bd10      	pop	{r4, pc}

100065be <tu_fifo_clear>:
100065be:	b510      	push	{r4, lr}
100065c0:	0004      	movs	r4, r0
100065c2:	68c0      	ldr	r0, [r0, #12]
100065c4:	2800      	cmp	r0, #0
100065c6:	d003      	beq.n	100065d0 <tu_fifo_clear+0x12>
100065c8:	2101      	movs	r1, #1
100065ca:	4249      	negs	r1, r1
100065cc:	f000 f9cc 	bl	10006968 <__mutex_enter_timeout_ms_veneer>
100065d0:	6920      	ldr	r0, [r4, #16]
100065d2:	2800      	cmp	r0, #0
100065d4:	d003      	beq.n	100065de <tu_fifo_clear+0x20>
100065d6:	2101      	movs	r1, #1
100065d8:	4249      	negs	r1, r1
100065da:	f000 f9c5 	bl	10006968 <__mutex_enter_timeout_ms_veneer>
100065de:	2300      	movs	r3, #0
100065e0:	8163      	strh	r3, [r4, #10]
100065e2:	8123      	strh	r3, [r4, #8]
100065e4:	68e0      	ldr	r0, [r4, #12]
100065e6:	2800      	cmp	r0, #0
100065e8:	d001      	beq.n	100065ee <tu_fifo_clear+0x30>
100065ea:	f000 f99d 	bl	10006928 <__mutex_exit_veneer>
100065ee:	6920      	ldr	r0, [r4, #16]
100065f0:	2800      	cmp	r0, #0
100065f2:	d001      	beq.n	100065f8 <tu_fifo_clear+0x3a>
100065f4:	f000 f998 	bl	10006928 <__mutex_exit_veneer>
100065f8:	2001      	movs	r0, #1
100065fa:	bd10      	pop	{r4, pc}

100065fc <tu_fifo_set_overwritable>:
100065fc:	b570      	push	{r4, r5, r6, lr}
100065fe:	0004      	movs	r4, r0
10006600:	000d      	movs	r5, r1
10006602:	68c0      	ldr	r0, [r0, #12]
10006604:	2800      	cmp	r0, #0
10006606:	d003      	beq.n	10006610 <tu_fifo_set_overwritable+0x14>
10006608:	2101      	movs	r1, #1
1000660a:	4249      	negs	r1, r1
1000660c:	f000 f9ac 	bl	10006968 <__mutex_enter_timeout_ms_veneer>
10006610:	6920      	ldr	r0, [r4, #16]
10006612:	2800      	cmp	r0, #0
10006614:	d003      	beq.n	1000661e <tu_fifo_set_overwritable+0x22>
10006616:	2101      	movs	r1, #1
10006618:	4249      	negs	r1, r1
1000661a:	f000 f9a5 	bl	10006968 <__mutex_enter_timeout_ms_veneer>
1000661e:	01ed      	lsls	r5, r5, #7
10006620:	79e3      	ldrb	r3, [r4, #7]
10006622:	217f      	movs	r1, #127	@ 0x7f
10006624:	4019      	ands	r1, r3
10006626:	4329      	orrs	r1, r5
10006628:	71e1      	strb	r1, [r4, #7]
1000662a:	68e0      	ldr	r0, [r4, #12]
1000662c:	2800      	cmp	r0, #0
1000662e:	d001      	beq.n	10006634 <tu_fifo_set_overwritable+0x38>
10006630:	f000 f97a 	bl	10006928 <__mutex_exit_veneer>
10006634:	6920      	ldr	r0, [r4, #16]
10006636:	2800      	cmp	r0, #0
10006638:	d001      	beq.n	1000663e <tu_fifo_set_overwritable+0x42>
1000663a:	f000 f975 	bl	10006928 <__mutex_exit_veneer>
1000663e:	2001      	movs	r0, #1
10006640:	bd70      	pop	{r4, r5, r6, pc}
	...

10006644 <spi_unreset>:
10006644:	4b07      	ldr	r3, [pc, #28]	@ (10006664 <spi_unreset+0x20>)
10006646:	4298      	cmp	r0, r3
10006648:	d00a      	beq.n	10006660 <spi_unreset+0x1c>
1000664a:	2311      	movs	r3, #17
1000664c:	2201      	movs	r2, #1
1000664e:	409a      	lsls	r2, r3
10006650:	4b05      	ldr	r3, [pc, #20]	@ (10006668 <spi_unreset+0x24>)
10006652:	601a      	str	r2, [r3, #0]
10006654:	4b05      	ldr	r3, [pc, #20]	@ (1000666c <spi_unreset+0x28>)
10006656:	681b      	ldr	r3, [r3, #0]
10006658:	0011      	movs	r1, r2
1000665a:	4399      	bics	r1, r3
1000665c:	d1fa      	bne.n	10006654 <spi_unreset+0x10>
1000665e:	4770      	bx	lr
10006660:	2310      	movs	r3, #16
10006662:	e7f3      	b.n	1000664c <spi_unreset+0x8>
10006664:	4003c000 	.word	0x4003c000
10006668:	4000f000 	.word	0x4000f000
1000666c:	4000c008 	.word	0x4000c008

10006670 <spi_set_baudrate>:
10006670:	b5f8      	push	{r3, r4, r5, r6, r7, lr}
10006672:	46de      	mov	lr, fp
10006674:	4657      	mov	r7, sl
10006676:	464e      	mov	r6, r9
10006678:	4645      	mov	r5, r8
1000667a:	b5e0      	push	{r5, r6, r7, lr}
1000667c:	4681      	mov	r9, r0
1000667e:	000e      	movs	r6, r1
10006680:	2006      	movs	r0, #6
10006682:	f7fb f94d 	bl	10001920 <clock_get_hz>
10006686:	4680      	mov	r8, r0
10006688:	464b      	mov	r3, r9
1000668a:	685a      	ldr	r2, [r3, #4]
1000668c:	2302      	movs	r3, #2
1000668e:	401a      	ands	r2, r3
10006690:	4693      	mov	fp, r2
10006692:	2204      	movs	r2, #4
10006694:	444a      	add	r2, r9
10006696:	4692      	mov	sl, r2
10006698:	4a21      	ldr	r2, [pc, #132]	@ (10006720 <spi_set_baudrate+0xb0>)
1000669a:	444a      	add	r2, r9
1000669c:	6013      	str	r3, [r2, #0]
1000669e:	2402      	movs	r4, #2
100066a0:	e000      	b.n	100066a4 <spi_set_baudrate+0x34>
100066a2:	3402      	adds	r4, #2
100066a4:	2cfe      	cmp	r4, #254	@ 0xfe
100066a6:	d81a      	bhi.n	100066de <spi_set_baudrate+0x6e>
100066a8:	2500      	movs	r5, #0
100066aa:	0220      	lsls	r0, r4, #8
100066ac:	0032      	movs	r2, r6
100066ae:	2300      	movs	r3, #0
100066b0:	2100      	movs	r1, #0
100066b2:	f7fc f979 	bl	100029a8 <__wrap___aeabi_lmul>
100066b6:	2900      	cmp	r1, #0
100066b8:	d103      	bne.n	100066c2 <spi_set_baudrate+0x52>
100066ba:	42a9      	cmp	r1, r5
100066bc:	d1f1      	bne.n	100066a2 <spi_set_baudrate+0x32>
100066be:	4540      	cmp	r0, r8
100066c0:	d9ef      	bls.n	100066a2 <spi_set_baudrate+0x32>
100066c2:	2780      	movs	r7, #128	@ 0x80
100066c4:	007f      	lsls	r7, r7, #1
100066c6:	2f01      	cmp	r7, #1
100066c8:	d90c      	bls.n	100066e4 <spi_set_baudrate+0x74>
100066ca:	1e7d      	subs	r5, r7, #1
100066cc:	0021      	movs	r1, r4
100066ce:	4369      	muls	r1, r5
100066d0:	4640      	mov	r0, r8
100066d2:	f7fb fb2d 	bl	10001d30 <__wrap___aeabi_uidiv>
100066d6:	42b0      	cmp	r0, r6
100066d8:	d804      	bhi.n	100066e4 <spi_set_baudrate+0x74>
100066da:	002f      	movs	r7, r5
100066dc:	e7f3      	b.n	100066c6 <spi_set_baudrate+0x56>
100066de:	2780      	movs	r7, #128	@ 0x80
100066e0:	007f      	lsls	r7, r7, #1
100066e2:	e7f0      	b.n	100066c6 <spi_set_baudrate+0x56>
100066e4:	464b      	mov	r3, r9
100066e6:	611c      	str	r4, [r3, #16]
100066e8:	1e7a      	subs	r2, r7, #1
100066ea:	0212      	lsls	r2, r2, #8
100066ec:	681b      	ldr	r3, [r3, #0]
100066ee:	405a      	eors	r2, r3
100066f0:	23ff      	movs	r3, #255	@ 0xff
100066f2:	021b      	lsls	r3, r3, #8
100066f4:	401a      	ands	r2, r3
100066f6:	2380      	movs	r3, #128	@ 0x80
100066f8:	015b      	lsls	r3, r3, #5
100066fa:	444b      	add	r3, r9
100066fc:	601a      	str	r2, [r3, #0]
100066fe:	2380      	movs	r3, #128	@ 0x80
10006700:	019b      	lsls	r3, r3, #6
10006702:	4453      	add	r3, sl
10006704:	465a      	mov	r2, fp
10006706:	601a      	str	r2, [r3, #0]
10006708:	0039      	movs	r1, r7
1000670a:	4361      	muls	r1, r4
1000670c:	4640      	mov	r0, r8
1000670e:	f7fb fb0f 	bl	10001d30 <__wrap___aeabi_uidiv>
10006712:	bcf0      	pop	{r4, r5, r6, r7}
10006714:	46bb      	mov	fp, r7
10006716:	46b2      	mov	sl, r6
10006718:	46a9      	mov	r9, r5
1000671a:	46a0      	mov	r8, r4
1000671c:	bdf8      	pop	{r3, r4, r5, r6, r7, pc}
1000671e:	46c0      	nop			@ (mov r8, r8)
10006720:	00003004 	.word	0x00003004

10006724 <spi_init>:
10006724:	b570      	push	{r4, r5, r6, lr}
10006726:	0004      	movs	r4, r0
10006728:	000d      	movs	r5, r1
1000672a:	4b15      	ldr	r3, [pc, #84]	@ (10006780 <spi_init+0x5c>)
1000672c:	4298      	cmp	r0, r3
1000672e:	d024      	beq.n	1000677a <spi_init+0x56>
10006730:	2211      	movs	r2, #17
10006732:	2301      	movs	r3, #1
10006734:	4093      	lsls	r3, r2
10006736:	4a13      	ldr	r2, [pc, #76]	@ (10006784 <spi_init+0x60>)
10006738:	6013      	str	r3, [r2, #0]
1000673a:	0020      	movs	r0, r4
1000673c:	f7ff ff82 	bl	10006644 <spi_unreset>
10006740:	0029      	movs	r1, r5
10006742:	0020      	movs	r0, r4
10006744:	f7ff ff94 	bl	10006670 <spi_set_baudrate>
10006748:	6862      	ldr	r2, [r4, #4]
1000674a:	2302      	movs	r3, #2
1000674c:	401a      	ands	r2, r3
1000674e:	490e      	ldr	r1, [pc, #56]	@ (10006788 <spi_init+0x64>)
10006750:	1861      	adds	r1, r4, r1
10006752:	600b      	str	r3, [r1, #0]
10006754:	6825      	ldr	r5, [r4, #0]
10006756:	2107      	movs	r1, #7
10006758:	404d      	eors	r5, r1
1000675a:	31c8      	adds	r1, #200	@ 0xc8
1000675c:	4029      	ands	r1, r5
1000675e:	2580      	movs	r5, #128	@ 0x80
10006760:	016d      	lsls	r5, r5, #5
10006762:	1965      	adds	r5, r4, r5
10006764:	6029      	str	r1, [r5, #0]
10006766:	4909      	ldr	r1, [pc, #36]	@ (1000678c <spi_init+0x68>)
10006768:	1861      	adds	r1, r4, r1
1000676a:	600a      	str	r2, [r1, #0]
1000676c:	4a08      	ldr	r2, [pc, #32]	@ (10006790 <spi_init+0x6c>)
1000676e:	4694      	mov	ip, r2
10006770:	4464      	add	r4, ip
10006772:	2203      	movs	r2, #3
10006774:	6022      	str	r2, [r4, #0]
10006776:	600b      	str	r3, [r1, #0]
10006778:	bd70      	pop	{r4, r5, r6, pc}
1000677a:	2210      	movs	r2, #16
1000677c:	e7d9      	b.n	10006732 <spi_init+0xe>
1000677e:	46c0      	nop			@ (mov r8, r8)
10006780:	4003c000 	.word	0x4003c000
10006784:	4000e000 	.word	0x4000e000
10006788:	00003004 	.word	0x00003004
1000678c:	00002004 	.word	0x00002004
10006790:	00002024 	.word	0x00002024

10006794 <dma_claim_unused_channel>:
10006794:	b510      	push	{r4, lr}
10006796:	b082      	sub	sp, #8
10006798:	0001      	movs	r1, r0
1000679a:	4c05      	ldr	r4, [pc, #20]	@ (100067b0 <dma_claim_unused_channel+0x1c>)
1000679c:	4b05      	ldr	r3, [pc, #20]	@ (100067b4 <dma_claim_unused_channel+0x20>)
1000679e:	9300      	str	r3, [sp, #0]
100067a0:	230b      	movs	r3, #11
100067a2:	2200      	movs	r2, #0
100067a4:	0020      	movs	r0, r4
100067a6:	f7f9 ffca 	bl	1000073e <hw_claim_unused_from_range>
100067aa:	b002      	add	sp, #8
100067ac:	bd10      	pop	{r4, pc}
100067ae:	46c0      	nop			@ (mov r8, r8)
100067b0:	20003224 	.word	0x20003224
100067b4:	10007684 	.word	0x10007684

100067b8 <atexit>:
100067b8:	b510      	push	{r4, lr}
100067ba:	0001      	movs	r1, r0
100067bc:	2300      	movs	r3, #0
100067be:	2200      	movs	r2, #0
100067c0:	2000      	movs	r0, #0
100067c2:	f000 f847 	bl	10006854 <__register_exitproc>
100067c6:	bd10      	pop	{r4, pc}

100067c8 <__libc_fini_array>:
100067c8:	b570      	push	{r4, r5, r6, lr}
100067ca:	4c07      	ldr	r4, [pc, #28]	@ (100067e8 <__libc_fini_array+0x20>)
100067cc:	4d07      	ldr	r5, [pc, #28]	@ (100067ec <__libc_fini_array+0x24>)
100067ce:	1b64      	subs	r4, r4, r5
100067d0:	10a4      	asrs	r4, r4, #2
100067d2:	d005      	beq.n	100067e0 <__libc_fini_array+0x18>
100067d4:	3c01      	subs	r4, #1
100067d6:	00a3      	lsls	r3, r4, #2
100067d8:	58eb      	ldr	r3, [r5, r3]
100067da:	4798      	blx	r3
100067dc:	2c00      	cmp	r4, #0
100067de:	d1f9      	bne.n	100067d4 <__libc_fini_array+0xc>
100067e0:	f000 f898 	bl	10006914 <_fini>
100067e4:	bd70      	pop	{r4, r5, r6, pc}
100067e6:	46c0      	nop			@ (mov r8, r8)
100067e8:	10006a20 	.word	0x10006a20
100067ec:	10006a20 	.word	0x10006a20

100067f0 <__retarget_lock_acquire_recursive>:
100067f0:	4770      	bx	lr
100067f2:	46c0      	nop			@ (mov r8, r8)

100067f4 <__retarget_lock_release_recursive>:
100067f4:	4770      	bx	lr
100067f6:	46c0      	nop			@ (mov r8, r8)

100067f8 <strlen>:
100067f8:	b510      	push	{r4, lr}
100067fa:	0783      	lsls	r3, r0, #30
100067fc:	d00a      	beq.n	10006814 <strlen+0x1c>
100067fe:	0003      	movs	r3, r0
10006800:	2103      	movs	r1, #3
10006802:	e002      	b.n	1000680a <strlen+0x12>
10006804:	3301      	adds	r3, #1
10006806:	420b      	tst	r3, r1
10006808:	d005      	beq.n	10006816 <strlen+0x1e>
1000680a:	781a      	ldrb	r2, [r3, #0]
1000680c:	2a00      	cmp	r2, #0
1000680e:	d1f9      	bne.n	10006804 <strlen+0xc>
10006810:	1a18      	subs	r0, r3, r0
10006812:	bd10      	pop	{r4, pc}
10006814:	0003      	movs	r3, r0
10006816:	6819      	ldr	r1, [r3, #0]
10006818:	4a0c      	ldr	r2, [pc, #48]	@ (1000684c <strlen+0x54>)
1000681a:	4c0d      	ldr	r4, [pc, #52]	@ (10006850 <strlen+0x58>)
1000681c:	188a      	adds	r2, r1, r2
1000681e:	438a      	bics	r2, r1
10006820:	4222      	tst	r2, r4
10006822:	d10f      	bne.n	10006844 <strlen+0x4c>
10006824:	6859      	ldr	r1, [r3, #4]
10006826:	4a09      	ldr	r2, [pc, #36]	@ (1000684c <strlen+0x54>)
10006828:	3304      	adds	r3, #4
1000682a:	188a      	adds	r2, r1, r2
1000682c:	438a      	bics	r2, r1
1000682e:	4222      	tst	r2, r4
10006830:	d108      	bne.n	10006844 <strlen+0x4c>
10006832:	6859      	ldr	r1, [r3, #4]
10006834:	4a05      	ldr	r2, [pc, #20]	@ (1000684c <strlen+0x54>)
10006836:	3304      	adds	r3, #4
10006838:	188a      	adds	r2, r1, r2
1000683a:	438a      	bics	r2, r1
1000683c:	4222      	tst	r2, r4
1000683e:	d0f1      	beq.n	10006824 <strlen+0x2c>
10006840:	e000      	b.n	10006844 <strlen+0x4c>
10006842:	3301      	adds	r3, #1
10006844:	781a      	ldrb	r2, [r3, #0]
10006846:	2a00      	cmp	r2, #0
10006848:	d1fb      	bne.n	10006842 <strlen+0x4a>
1000684a:	e7e1      	b.n	10006810 <strlen+0x18>
1000684c:	fefefeff 	.word	0xfefefeff
10006850:	80808080 	.word	0x80808080

10006854 <__register_exitproc>:
10006854:	b5f0      	push	{r4, r5, r6, r7, lr}
10006856:	46d6      	mov	lr, sl
10006858:	464f      	mov	r7, r9
1000685a:	4646      	mov	r6, r8
1000685c:	4698      	mov	r8, r3
1000685e:	4b24      	ldr	r3, [pc, #144]	@ (100068f0 <__register_exitproc+0x9c>)
10006860:	b5c0      	push	{r6, r7, lr}
10006862:	0006      	movs	r6, r0
10006864:	6818      	ldr	r0, [r3, #0]
10006866:	469a      	mov	sl, r3
10006868:	000f      	movs	r7, r1
1000686a:	4691      	mov	r9, r2
1000686c:	f7ff ffc0 	bl	100067f0 <__retarget_lock_acquire_recursive>
10006870:	4b20      	ldr	r3, [pc, #128]	@ (100068f4 <__register_exitproc+0xa0>)
10006872:	681d      	ldr	r5, [r3, #0]
10006874:	2d00      	cmp	r5, #0
10006876:	d032      	beq.n	100068de <__register_exitproc+0x8a>
10006878:	4653      	mov	r3, sl
1000687a:	686c      	ldr	r4, [r5, #4]
1000687c:	6818      	ldr	r0, [r3, #0]
1000687e:	2c1f      	cmp	r4, #31
10006880:	dc30      	bgt.n	100068e4 <__register_exitproc+0x90>
10006882:	2e00      	cmp	r6, #0
10006884:	d10c      	bne.n	100068a0 <__register_exitproc+0x4c>
10006886:	1c63      	adds	r3, r4, #1
10006888:	3402      	adds	r4, #2
1000688a:	00a4      	lsls	r4, r4, #2
1000688c:	606b      	str	r3, [r5, #4]
1000688e:	5167      	str	r7, [r4, r5]
10006890:	f7ff ffb0 	bl	100067f4 <__retarget_lock_release_recursive>
10006894:	2000      	movs	r0, #0
10006896:	bce0      	pop	{r5, r6, r7}
10006898:	46ba      	mov	sl, r7
1000689a:	46b1      	mov	r9, r6
1000689c:	46a8      	mov	r8, r5
1000689e:	bdf0      	pop	{r4, r5, r6, r7, pc}
100068a0:	4649      	mov	r1, r9
100068a2:	2288      	movs	r2, #136	@ 0x88
100068a4:	00a3      	lsls	r3, r4, #2
100068a6:	18eb      	adds	r3, r5, r3
100068a8:	5099      	str	r1, [r3, r2]
100068aa:	21c4      	movs	r1, #196	@ 0xc4
100068ac:	0049      	lsls	r1, r1, #1
100068ae:	468c      	mov	ip, r1
100068b0:	44ac      	add	ip, r5
100068b2:	4661      	mov	r1, ip
100068b4:	3a87      	subs	r2, #135	@ 0x87
100068b6:	40a2      	lsls	r2, r4
100068b8:	6809      	ldr	r1, [r1, #0]
100068ba:	4691      	mov	r9, r2
100068bc:	4311      	orrs	r1, r2
100068be:	4662      	mov	r2, ip
100068c0:	6011      	str	r1, [r2, #0]
100068c2:	2184      	movs	r1, #132	@ 0x84
100068c4:	4642      	mov	r2, r8
100068c6:	0049      	lsls	r1, r1, #1
100068c8:	505a      	str	r2, [r3, r1]
100068ca:	2e02      	cmp	r6, #2
100068cc:	d1db      	bne.n	10006886 <__register_exitproc+0x32>
100068ce:	0029      	movs	r1, r5
100068d0:	464a      	mov	r2, r9
100068d2:	318d      	adds	r1, #141	@ 0x8d
100068d4:	31ff      	adds	r1, #255	@ 0xff
100068d6:	680b      	ldr	r3, [r1, #0]
100068d8:	4313      	orrs	r3, r2
100068da:	600b      	str	r3, [r1, #0]
100068dc:	e7d3      	b.n	10006886 <__register_exitproc+0x32>
100068de:	4d06      	ldr	r5, [pc, #24]	@ (100068f8 <__register_exitproc+0xa4>)
100068e0:	601d      	str	r5, [r3, #0]
100068e2:	e7c9      	b.n	10006878 <__register_exitproc+0x24>
100068e4:	f7ff ff86 	bl	100067f4 <__retarget_lock_release_recursive>
100068e8:	2001      	movs	r0, #1
100068ea:	4240      	negs	r0, r0
100068ec:	e7d3      	b.n	10006896 <__register_exitproc+0x42>
100068ee:	46c0      	nop			@ (mov r8, r8)
100068f0:	20000cc0 	.word	0x20000cc0
100068f4:	20000e58 	.word	0x20000e58
100068f8:	20000e5c 	.word	0x20000e5c

100068fc <register_fini>:
100068fc:	4b03      	ldr	r3, [pc, #12]	@ (1000690c <register_fini+0x10>)
100068fe:	b510      	push	{r4, lr}
10006900:	2b00      	cmp	r3, #0
10006902:	d002      	beq.n	1000690a <register_fini+0xe>
10006904:	4802      	ldr	r0, [pc, #8]	@ (10006910 <register_fini+0x14>)
10006906:	f7ff ff57 	bl	100067b8 <atexit>
1000690a:	bd10      	pop	{r4, pc}
1000690c:	00000000 	.word	0x00000000
10006910:	100067c9 	.word	0x100067c9

10006914 <_fini>:
10006914:	b5f8      	push	{r3, r4, r5, r6, r7, lr}
10006916:	46c0      	nop			@ (mov r8, r8)

10006918 <__flash_do_cmd_veneer>:
10006918:	b401      	push	{r0}
1000691a:	4802      	ldr	r0, [pc, #8]	@ (10006924 <__flash_do_cmd_veneer+0xc>)
1000691c:	4684      	mov	ip, r0
1000691e:	bc01      	pop	{r0}
10006920:	4760      	bx	ip
10006922:	bf00      	nop
10006924:	200002f5 	.word	0x200002f5

10006928 <__mutex_exit_veneer>:
10006928:	b401      	push	{r0}
1000692a:	4802      	ldr	r0, [pc, #8]	@ (10006934 <__mutex_exit_veneer+0xc>)
1000692c:	4684      	mov	ip, r0
1000692e:	bc01      	pop	{r0}
10006930:	4760      	bx	ip
10006932:	bf00      	nop
10006934:	20000209 	.word	0x20000209

10006938 <____aeabi_ldiv0_veneer>:
10006938:	b401      	push	{r0}
1000693a:	4802      	ldr	r0, [pc, #8]	@ (10006944 <____aeabi_ldiv0_veneer+0xc>)
1000693c:	4684      	mov	ip, r0
1000693e:	bc01      	pop	{r0}
10006940:	4760      	bx	ip
10006942:	bf00      	nop
10006944:	20000b35 	.word	0x20000b35

10006948 <__e15_is_bulkin_ep_veneer>:
10006948:	b401      	push	{r0}
1000694a:	4802      	ldr	r0, [pc, #8]	@ (10006954 <__e15_is_bulkin_ep_veneer+0xc>)
1000694c:	4684      	mov	ip, r0
1000694e:	bc01      	pop	{r0}
10006950:	4760      	bx	ip
10006952:	bf00      	nop
10006954:	2000072d 	.word	0x2000072d

10006958 <____aeabi_idiv0_veneer>:
10006958:	b401      	push	{r0}
1000695a:	4802      	ldr	r0, [pc, #8]	@ (10006964 <____aeabi_idiv0_veneer+0xc>)
1000695c:	4684      	mov	ip, r0
1000695e:	bc01      	pop	{r0}
10006960:	4760      	bx	ip
10006962:	bf00      	nop
10006964:	20000b35 	.word	0x20000b35

10006968 <__mutex_enter_timeout_ms_veneer>:
10006968:	b401      	push	{r0}
1000696a:	4802      	ldr	r0, [pc, #8]	@ (10006974 <__mutex_enter_timeout_ms_veneer+0xc>)
1000696c:	4684      	mov	ip, r0
1000696e:	bc01      	pop	{r0}
10006970:	4760      	bx	ip
10006972:	bf00      	nop
10006974:	200001cd 	.word	0x200001cd

10006978 <__mutex_try_enter_block_until_veneer>:
10006978:	b401      	push	{r0}
1000697a:	4802      	ldr	r0, [pc, #8]	@ (10006984 <__mutex_try_enter_block_until_veneer+0xc>)
1000697c:	4684      	mov	ip, r0
1000697e:	bc01      	pop	{r0}
10006980:	4760      	bx	ip
10006982:	bf00      	nop
10006984:	20000199 	.word	0x20000199

10006988 <__hw_endpoint_start_next_buffer_veneer>:
10006988:	b401      	push	{r0}
1000698a:	4802      	ldr	r0, [pc, #8]	@ (10006994 <__hw_endpoint_start_next_buffer_veneer+0xc>)
1000698c:	4684      	mov	ip, r0
1000698e:	bc01      	pop	{r0}
10006990:	4760      	bx	ip
10006992:	bf00      	nop
10006994:	20000881 	.word	0x20000881

10006998 <__reset_non_control_endpoints_veneer>:
10006998:	b401      	push	{r0}
1000699a:	4802      	ldr	r0, [pc, #8]	@ (100069a4 <__reset_non_control_endpoints_veneer+0xc>)
1000699c:	4684      	mov	ip, r0
1000699e:	bc01      	pop	{r0}
100069a0:	4760      	bx	ip
100069a2:	bf00      	nop
100069a4:	200003e1 	.word	0x200003e1

100069a8 <__hw_endpoint_reset_transfer_veneer>:
100069a8:	b401      	push	{r0}
100069aa:	4802      	ldr	r0, [pc, #8]	@ (100069b4 <__hw_endpoint_reset_transfer_veneer+0xc>)
100069ac:	4684      	mov	ip, r0
100069ae:	bc01      	pop	{r0}
100069b0:	4760      	bx	ip
100069b2:	bf00      	nop
100069b4:	20000829 	.word	0x20000829

100069b8 <___hw_endpoint_buffer_control_update32_veneer>:
100069b8:	b401      	push	{r0}
100069ba:	4802      	ldr	r0, [pc, #8]	@ (100069c4 <___hw_endpoint_buffer_control_update32_veneer+0xc>)
100069bc:	4684      	mov	ip, r0
100069be:	bc01      	pop	{r0}
100069c0:	4760      	bx	ip
100069c2:	bf00      	nop
100069c4:	20000835 	.word	0x20000835

100069c8 <__e15_is_critical_frame_period_veneer>:
100069c8:	b401      	push	{r0}
100069ca:	4802      	ldr	r0, [pc, #8]	@ (100069d4 <__e15_is_critical_frame_period_veneer+0xc>)
100069cc:	4684      	mov	ip, r0
100069ce:	bc01      	pop	{r0}
100069d0:	4760      	bx	ip
100069d2:	bf00      	nop
100069d4:	20000759 	.word	0x20000759

100069d8 <__pre_init_runtime_init_early_resets>:
100069d8:	10001b11                                ....

100069dc <__pre_init_runtime_init_usb_power_down>:
100069dc:	10001b3d 10001cd1 10002b0d 10002375     =........+..u#..
100069ec:	100029dd                                .)..

100069f0 <__pre_init_runtime_init_clocks>:
100069f0:	10001c05                                ....

100069f4 <__pre_init_runtime_init_post_clock_resets>:
100069f4:	10001b59                                Y...

100069f8 <__pre_init_runtime_init_rp2040_gpio_ie_disable>:
100069f8:	10001b79                                y...

100069fc <__pre_init_runtime_init_spin_locks_reset>:
100069fc:	10001b8d                                ....

10006a00 <__pre_init_runtime_init_mutex>:
10006a00:	10000e81                                ....

10006a04 <__pre_init_runtime_init_install_ram_vector_table>:
10006a04:	10001b95                                ....

10006a08 <__pre_init_runtime_init_default_alarm_pool>:
10006a08:	100015d1                                ....

10006a0c <__pre_init_first_per_core_initializer>:
10006a0c:	10001afd                                ....

10006a10 <__pre_init_runtime_init_per_core_irq_priorities>:
10006a10:	10000821                                !...

10006a14 <__init_array_start>:
10006a14:	100068fd 	.word	0x100068fd
10006a18:	100044c5 	.word	0x100044c5

10006a1c <__frame_dummy_init_array_entry>:
10006a1c:	10000289                                ....

Disassembly of section .data:

200000c0 <mutex_try_enter>:
200000c0:	b510      	push	{r4, lr}
200000c2:	0003      	movs	r3, r0
200000c4:	6804      	ldr	r4, [r0, #0]
200000c6:	f3ef 8210 	mrs	r2, PRIMASK
200000ca:	b672      	cpsid	i
200000cc:	6820      	ldr	r0, [r4, #0]
200000ce:	2800      	cmp	r0, #0
200000d0:	d0fc      	beq.n	200000cc <mutex_try_enter+0xc>
200000d2:	f3bf 8f5f 	dmb	sy
200000d6:	2004      	movs	r0, #4
200000d8:	5618      	ldrsb	r0, [r3, r0]
200000da:	2800      	cmp	r0, #0
200000dc:	db0b      	blt.n	200000f6 <mutex_try_enter+0x36>
200000de:	2900      	cmp	r1, #0
200000e0:	d010      	beq.n	20000104 <mutex_try_enter+0x44>
200000e2:	6008      	str	r0, [r1, #0]
200000e4:	2000      	movs	r0, #0
200000e6:	681b      	ldr	r3, [r3, #0]
200000e8:	f3bf 8f5f 	dmb	sy
200000ec:	2100      	movs	r1, #0
200000ee:	6019      	str	r1, [r3, #0]
200000f0:	f382 8810 	msr	PRIMASK, r2
200000f4:	bd10      	pop	{r4, pc}
200000f6:	21d0      	movs	r1, #208	@ 0xd0
200000f8:	0609      	lsls	r1, r1, #24
200000fa:	7809      	ldrb	r1, [r1, #0]
200000fc:	b249      	sxtb	r1, r1
200000fe:	7119      	strb	r1, [r3, #4]
20000100:	2001      	movs	r0, #1
20000102:	e7f0      	b.n	200000e6 <mutex_try_enter+0x26>
20000104:	2000      	movs	r0, #0
20000106:	e7ee      	b.n	200000e6 <mutex_try_enter+0x26>

20000108 <mutex_enter_block_until>:
20000108:	b5f0      	push	{r4, r5, r6, r7, lr}
2000010a:	46d6      	mov	lr, sl
2000010c:	464f      	mov	r7, r9
2000010e:	4646      	mov	r6, r8
20000110:	b5c0      	push	{r6, r7, lr}
20000112:	0005      	movs	r5, r0
20000114:	4690      	mov	r8, r2
20000116:	4699      	mov	r9, r3
20000118:	6803      	ldr	r3, [r0, #0]
2000011a:	2b00      	cmp	r3, #0
2000011c:	d020      	beq.n	20000160 <mutex_enter_block_until+0x58>
2000011e:	23d0      	movs	r3, #208	@ 0xd0
20000120:	061b      	lsls	r3, r3, #24
20000122:	781b      	ldrb	r3, [r3, #0]
20000124:	b25b      	sxtb	r3, r3
20000126:	469a      	mov	sl, r3
20000128:	682f      	ldr	r7, [r5, #0]
2000012a:	f3ef 8410 	mrs	r4, PRIMASK
2000012e:	b672      	cpsid	i
20000130:	683e      	ldr	r6, [r7, #0]
20000132:	2e00      	cmp	r6, #0
20000134:	d0fc      	beq.n	20000130 <mutex_enter_block_until+0x28>
20000136:	f3bf 8f5f 	dmb	sy
2000013a:	2304      	movs	r3, #4
2000013c:	56eb      	ldrsb	r3, [r5, r3]
2000013e:	2b00      	cmp	r3, #0
20000140:	db14      	blt.n	2000016c <mutex_enter_block_until+0x64>
20000142:	682b      	ldr	r3, [r5, #0]
20000144:	f3bf 8f5f 	dmb	sy
20000148:	2200      	movs	r2, #0
2000014a:	601a      	str	r2, [r3, #0]
2000014c:	f384 8810 	msr	PRIMASK, r4
20000150:	4640      	mov	r0, r8
20000152:	4649      	mov	r1, r9
20000154:	f000 fd40 	bl	20000bd8 <__best_effort_wfe_or_timeout_veneer>
20000158:	2800      	cmp	r0, #0
2000015a:	d0e5      	beq.n	20000128 <mutex_enter_block_until+0x20>
2000015c:	2000      	movs	r0, #0
2000015e:	e00f      	b.n	20000180 <mutex_enter_block_until+0x78>
20000160:	4b0a      	ldr	r3, [pc, #40]	@ (2000018c <mutex_enter_block_until+0x84>)
20000162:	4a0b      	ldr	r2, [pc, #44]	@ (20000190 <mutex_enter_block_until+0x88>)
20000164:	480b      	ldr	r0, [pc, #44]	@ (20000194 <mutex_enter_block_until+0x8c>)
20000166:	21a6      	movs	r1, #166	@ 0xa6
20000168:	f000 fd16 	bl	20000b98 <____assert_func_veneer>
2000016c:	4653      	mov	r3, sl
2000016e:	712b      	strb	r3, [r5, #4]
20000170:	682b      	ldr	r3, [r5, #0]
20000172:	f3bf 8f5f 	dmb	sy
20000176:	2200      	movs	r2, #0
20000178:	601a      	str	r2, [r3, #0]
2000017a:	f384 8810 	msr	PRIMASK, r4
2000017e:	2001      	movs	r0, #1
20000180:	bce0      	pop	{r5, r6, r7}
20000182:	46ba      	mov	sl, r7
20000184:	46b1      	mov	r9, r6
20000186:	46a8      	mov	r8, r5
20000188:	bdf0      	pop	{r4, r5, r6, r7, pc}
2000018a:	46c0      	nop			@ (mov r8, r8)
2000018c:	10006e20 	.word	0x10006e20
20000190:	10007804 	.word	0x10007804
20000194:	10006dd8 	.word	0x10006dd8

20000198 <mutex_try_enter_block_until>:
20000198:	b570      	push	{r4, r5, r6, lr}
2000019a:	b082      	sub	sp, #8
2000019c:	0006      	movs	r6, r0
2000019e:	0015      	movs	r5, r2
200001a0:	001c      	movs	r4, r3
200001a2:	a901      	add	r1, sp, #4
200001a4:	f7ff ff8c 	bl	200000c0 <mutex_try_enter>
200001a8:	2800      	cmp	r0, #0
200001aa:	d107      	bne.n	200001bc <mutex_try_enter_block_until+0x24>
200001ac:	9b01      	ldr	r3, [sp, #4]
200001ae:	b25b      	sxtb	r3, r3
200001b0:	22d0      	movs	r2, #208	@ 0xd0
200001b2:	0612      	lsls	r2, r2, #24
200001b4:	7812      	ldrb	r2, [r2, #0]
200001b6:	b252      	sxtb	r2, r2
200001b8:	4293      	cmp	r3, r2
200001ba:	d101      	bne.n	200001c0 <mutex_try_enter_block_until+0x28>
200001bc:	b002      	add	sp, #8
200001be:	bd70      	pop	{r4, r5, r6, pc}
200001c0:	002a      	movs	r2, r5
200001c2:	0023      	movs	r3, r4
200001c4:	0030      	movs	r0, r6
200001c6:	f7ff ff9f 	bl	20000108 <mutex_enter_block_until>
200001ca:	e7f7      	b.n	200001bc <mutex_try_enter_block_until+0x24>

200001cc <mutex_enter_timeout_ms>:
200001cc:	b5f8      	push	{r3, r4, r5, r6, r7, lr}
200001ce:	0006      	movs	r6, r0
200001d0:	000f      	movs	r7, r1
200001d2:	f000 fcb1 	bl	20000b38 <__time_us_64_veneer>
200001d6:	0004      	movs	r4, r0
200001d8:	000d      	movs	r5, r1
200001da:	22fa      	movs	r2, #250	@ 0xfa
200001dc:	0092      	lsls	r2, r2, #2
200001de:	2300      	movs	r3, #0
200001e0:	0038      	movs	r0, r7
200001e2:	2100      	movs	r1, #0
200001e4:	f000 fcb8 	bl	20000b58 <____wrap___aeabi_lmul_veneer>
200001e8:	0022      	movs	r2, r4
200001ea:	002b      	movs	r3, r5
200001ec:	1812      	adds	r2, r2, r0
200001ee:	414b      	adcs	r3, r1
200001f0:	2b00      	cmp	r3, #0
200001f2:	db03      	blt.n	200001fc <mutex_enter_timeout_ms+0x30>
200001f4:	0030      	movs	r0, r6
200001f6:	f7ff ff87 	bl	20000108 <mutex_enter_block_until>
200001fa:	bdf8      	pop	{r3, r4, r5, r6, r7, pc}
200001fc:	2201      	movs	r2, #1
200001fe:	4252      	negs	r2, r2
20000200:	4b00      	ldr	r3, [pc, #0]	@ (20000204 <mutex_enter_timeout_ms+0x38>)
20000202:	e7f7      	b.n	200001f4 <mutex_enter_timeout_ms+0x28>
20000204:	7fffffff 	.word	0x7fffffff

20000208 <mutex_exit>:
20000208:	b510      	push	{r4, lr}
2000020a:	6801      	ldr	r1, [r0, #0]
2000020c:	f3ef 8310 	mrs	r3, PRIMASK
20000210:	b672      	cpsid	i
20000212:	680a      	ldr	r2, [r1, #0]
20000214:	2a00      	cmp	r2, #0
20000216:	d0fc      	beq.n	20000212 <mutex_exit+0xa>
20000218:	f3bf 8f5f 	dmb	sy
2000021c:	2204      	movs	r2, #4
2000021e:	5682      	ldrsb	r2, [r0, r2]
20000220:	2a00      	cmp	r2, #0
20000222:	db0a      	blt.n	2000023a <mutex_exit+0x32>
20000224:	22ff      	movs	r2, #255	@ 0xff
20000226:	7102      	strb	r2, [r0, #4]
20000228:	6802      	ldr	r2, [r0, #0]
2000022a:	f3bf 8f5f 	dmb	sy
2000022e:	2100      	movs	r1, #0
20000230:	6011      	str	r1, [r2, #0]
20000232:	f383 8810 	msr	PRIMASK, r3
20000236:	bf40      	sev
20000238:	bd10      	pop	{r4, pc}
2000023a:	4b03      	ldr	r3, [pc, #12]	@ (20000248 <mutex_exit+0x40>)
2000023c:	4a03      	ldr	r2, [pc, #12]	@ (2000024c <mutex_exit+0x44>)
2000023e:	4804      	ldr	r0, [pc, #16]	@ (20000250 <mutex_exit+0x48>)
20000240:	21d5      	movs	r1, #213	@ 0xd5
20000242:	f000 fca9 	bl	20000b98 <____assert_func_veneer>
20000246:	46c0      	nop			@ (mov r8, r8)
20000248:	10006e34 	.word	0x10006e34
2000024c:	100077f8 	.word	0x100077f8
20000250:	10006dd8 	.word	0x10006dd8

20000254 <flash_init_boot2_copyout>:
20000254:	4b09      	ldr	r3, [pc, #36]	@ (2000027c <flash_init_boot2_copyout+0x28>)
20000256:	781b      	ldrb	r3, [r3, #0]
20000258:	2b00      	cmp	r3, #0
2000025a:	d008      	beq.n	2000026e <flash_init_boot2_copyout+0x1a>
2000025c:	e00c      	b.n	20000278 <flash_init_boot2_copyout+0x24>
2000025e:	009a      	lsls	r2, r3, #2
20000260:	2180      	movs	r1, #128	@ 0x80
20000262:	0549      	lsls	r1, r1, #21
20000264:	1851      	adds	r1, r2, r1
20000266:	6808      	ldr	r0, [r1, #0]
20000268:	4905      	ldr	r1, [pc, #20]	@ (20000280 <flash_init_boot2_copyout+0x2c>)
2000026a:	5050      	str	r0, [r2, r1]
2000026c:	3301      	adds	r3, #1
2000026e:	2b3f      	cmp	r3, #63	@ 0x3f
20000270:	ddf5      	ble.n	2000025e <flash_init_boot2_copyout+0xa>
20000272:	4b02      	ldr	r3, [pc, #8]	@ (2000027c <flash_init_boot2_copyout+0x28>)
20000274:	2201      	movs	r2, #1
20000276:	701a      	strb	r2, [r3, #0]
20000278:	4770      	bx	lr
2000027a:	46c0      	nop			@ (mov r8, r8)
2000027c:	20003229 	.word	0x20003229
20000280:	20001a3c 	.word	0x20001a3c

20000284 <flash_enable_xip_via_boot2>:
20000284:	b510      	push	{r4, lr}
20000286:	4b01      	ldr	r3, [pc, #4]	@ (2000028c <flash_enable_xip_via_boot2+0x8>)
20000288:	4798      	blx	r3
2000028a:	bd10      	pop	{r4, pc}
2000028c:	20001a3d 	.word	0x20001a3d

20000290 <flash_save_hardware_state>:
20000290:	2300      	movs	r3, #0
20000292:	e005      	b.n	200002a0 <flash_save_hardware_state+0x10>
20000294:	009a      	lsls	r2, r3, #2
20000296:	4904      	ldr	r1, [pc, #16]	@ (200002a8 <flash_save_hardware_state+0x18>)
20000298:	1851      	adds	r1, r2, r1
2000029a:	6849      	ldr	r1, [r1, #4]
2000029c:	5011      	str	r1, [r2, r0]
2000029e:	3301      	adds	r3, #1
200002a0:	2b05      	cmp	r3, #5
200002a2:	d9f7      	bls.n	20000294 <flash_save_hardware_state+0x4>
200002a4:	4770      	bx	lr
200002a6:	46c0      	nop			@ (mov r8, r8)
200002a8:	40020000 	.word	0x40020000

200002ac <flash_restore_hardware_state>:
200002ac:	b510      	push	{r4, lr}
200002ae:	2200      	movs	r2, #0
200002b0:	e006      	b.n	200002c0 <flash_restore_hardware_state+0x14>
200002b2:	0093      	lsls	r3, r2, #2
200002b4:	5819      	ldr	r1, [r3, r0]
200002b6:	4c04      	ldr	r4, [pc, #16]	@ (200002c8 <flash_restore_hardware_state+0x1c>)
200002b8:	46a4      	mov	ip, r4
200002ba:	4463      	add	r3, ip
200002bc:	6059      	str	r1, [r3, #4]
200002be:	3201      	adds	r2, #1
200002c0:	2a05      	cmp	r2, #5
200002c2:	d9f6      	bls.n	200002b2 <flash_restore_hardware_state+0x6>
200002c4:	bd10      	pop	{r4, pc}
200002c6:	46c0      	nop			@ (mov r8, r8)
200002c8:	40020000 	.word	0x40020000

200002cc <flash_cs_force>:
200002cc:	2800      	cmp	r0, #0
200002ce:	d00a      	beq.n	200002e6 <flash_cs_force+0x1a>
200002d0:	2303      	movs	r3, #3
200002d2:	021b      	lsls	r3, r3, #8
200002d4:	4a05      	ldr	r2, [pc, #20]	@ (200002ec <flash_cs_force+0x20>)
200002d6:	6812      	ldr	r2, [r2, #0]
200002d8:	4053      	eors	r3, r2
200002da:	22c0      	movs	r2, #192	@ 0xc0
200002dc:	0092      	lsls	r2, r2, #2
200002de:	4013      	ands	r3, r2
200002e0:	4a03      	ldr	r2, [pc, #12]	@ (200002f0 <flash_cs_force+0x24>)
200002e2:	6013      	str	r3, [r2, #0]
200002e4:	4770      	bx	lr
200002e6:	2302      	movs	r3, #2
200002e8:	e7f3      	b.n	200002d2 <flash_cs_force+0x6>
200002ea:	46c0      	nop			@ (mov r8, r8)
200002ec:	4001800c 	.word	0x4001800c
200002f0:	4001900c 	.word	0x4001900c

200002f4 <flash_do_cmd>:
200002f4:	b5f0      	push	{r4, r5, r6, r7, lr}
200002f6:	46d6      	mov	lr, sl
200002f8:	464f      	mov	r7, r9
200002fa:	4646      	mov	r6, r8
200002fc:	b5c0      	push	{r6, r7, lr}
200002fe:	b086      	sub	sp, #24
20000300:	0007      	movs	r7, r0
20000302:	000e      	movs	r6, r1
20000304:	0015      	movs	r5, r2
20000306:	2318      	movs	r3, #24
20000308:	469a      	mov	sl, r3
2000030a:	881b      	ldrh	r3, [r3, #0]
2000030c:	2214      	movs	r2, #20
2000030e:	4690      	mov	r8, r2
20000310:	8810      	ldrh	r0, [r2, #0]
20000312:	492d      	ldr	r1, [pc, #180]	@ (200003c8 <flash_do_cmd+0xd4>)
20000314:	4798      	blx	r3
20000316:	4681      	mov	r9, r0
20000318:	4653      	mov	r3, sl
2000031a:	881b      	ldrh	r3, [r3, #0]
2000031c:	4642      	mov	r2, r8
2000031e:	8810      	ldrh	r0, [r2, #0]
20000320:	492a      	ldr	r1, [pc, #168]	@ (200003cc <flash_do_cmd+0xd8>)
20000322:	4798      	blx	r3
20000324:	0004      	movs	r4, r0
20000326:	4653      	mov	r3, sl
20000328:	881b      	ldrh	r3, [r3, #0]
2000032a:	4642      	mov	r2, r8
2000032c:	8810      	ldrh	r0, [r2, #0]
2000032e:	4928      	ldr	r1, [pc, #160]	@ (200003d0 <flash_do_cmd+0xdc>)
20000330:	4798      	blx	r3
20000332:	4680      	mov	r8, r0
20000334:	464b      	mov	r3, r9
20000336:	2b00      	cmp	r3, #0
20000338:	d00f      	beq.n	2000035a <flash_do_cmd+0x66>
2000033a:	2c00      	cmp	r4, #0
2000033c:	d00d      	beq.n	2000035a <flash_do_cmd+0x66>
2000033e:	2800      	cmp	r0, #0
20000340:	d00b      	beq.n	2000035a <flash_do_cmd+0x66>
20000342:	f7ff ff87 	bl	20000254 <flash_init_boot2_copyout>
20000346:	4668      	mov	r0, sp
20000348:	f7ff ffa2 	bl	20000290 <flash_save_hardware_state>
2000034c:	47c8      	blx	r9
2000034e:	47a0      	blx	r4
20000350:	2000      	movs	r0, #0
20000352:	f7ff ffbb 	bl	200002cc <flash_cs_force>
20000356:	002a      	movs	r2, r5
20000358:	e010      	b.n	2000037c <flash_do_cmd+0x88>
2000035a:	4b1e      	ldr	r3, [pc, #120]	@ (200003d4 <flash_do_cmd+0xe0>)
2000035c:	4a1e      	ldr	r2, [pc, #120]	@ (200003d8 <flash_do_cmd+0xe4>)
2000035e:	218a      	movs	r1, #138	@ 0x8a
20000360:	481e      	ldr	r0, [pc, #120]	@ (200003dc <flash_do_cmd+0xe8>)
20000362:	0049      	lsls	r1, r1, #1
20000364:	f000 fc18 	bl	20000b98 <____assert_func_veneer>
20000368:	2b00      	cmp	r3, #0
2000036a:	d007      	beq.n	2000037c <flash_do_cmd+0x88>
2000036c:	2a00      	cmp	r2, #0
2000036e:	d005      	beq.n	2000037c <flash_do_cmd+0x88>
20000370:	23c0      	movs	r3, #192	@ 0xc0
20000372:	055b      	lsls	r3, r3, #21
20000374:	6e1b      	ldr	r3, [r3, #96]	@ 0x60
20000376:	7033      	strb	r3, [r6, #0]
20000378:	3a01      	subs	r2, #1
2000037a:	3601      	adds	r6, #1
2000037c:	002b      	movs	r3, r5
2000037e:	4313      	orrs	r3, r2
20000380:	d012      	beq.n	200003a8 <flash_do_cmd+0xb4>
20000382:	23c0      	movs	r3, #192	@ 0xc0
20000384:	055b      	lsls	r3, r3, #21
20000386:	6a9c      	ldr	r4, [r3, #40]	@ 0x28
20000388:	2308      	movs	r3, #8
2000038a:	4023      	ands	r3, r4
2000038c:	07a4      	lsls	r4, r4, #30
2000038e:	d5eb      	bpl.n	20000368 <flash_do_cmd+0x74>
20000390:	2d00      	cmp	r5, #0
20000392:	d0e9      	beq.n	20000368 <flash_do_cmd+0x74>
20000394:	1b51      	subs	r1, r2, r5
20000396:	290d      	cmp	r1, #13
20000398:	d8e6      	bhi.n	20000368 <flash_do_cmd+0x74>
2000039a:	7838      	ldrb	r0, [r7, #0]
2000039c:	21c0      	movs	r1, #192	@ 0xc0
2000039e:	0549      	lsls	r1, r1, #21
200003a0:	6608      	str	r0, [r1, #96]	@ 0x60
200003a2:	3d01      	subs	r5, #1
200003a4:	3701      	adds	r7, #1
200003a6:	e7df      	b.n	20000368 <flash_do_cmd+0x74>
200003a8:	2001      	movs	r0, #1
200003aa:	f7ff ff8f 	bl	200002cc <flash_cs_force>
200003ae:	47c0      	blx	r8
200003b0:	f7ff ff68 	bl	20000284 <flash_enable_xip_via_boot2>
200003b4:	4668      	mov	r0, sp
200003b6:	f7ff ff79 	bl	200002ac <flash_restore_hardware_state>
200003ba:	b006      	add	sp, #24
200003bc:	bce0      	pop	{r5, r6, r7}
200003be:	46ba      	mov	sl, r7
200003c0:	46b1      	mov	r9, r6
200003c2:	46a8      	mov	r8, r5
200003c4:	bdf0      	pop	{r4, r5, r6, r7, pc}
200003c6:	46c0      	nop			@ (mov r8, r8)
200003c8:	00004649 	.word	0x00004649
200003cc:	00005845 	.word	0x00005845
200003d0:	00004346 	.word	0x00004346
200003d4:	10007440 	.word	0x10007440
200003d8:	10007b14 	.word	0x10007b14
200003dc:	100072f8 	.word	0x100072f8

200003e0 <reset_non_control_endpoints>:
200003e0:	b510      	push	{r4, lr}
200003e2:	2300      	movs	r3, #0
200003e4:	e008      	b.n	200003f8 <reset_non_control_endpoints+0x18>
200003e6:	3301      	adds	r3, #1
200003e8:	00da      	lsls	r2, r3, #3
200003ea:	2100      	movs	r1, #0
200003ec:	4808      	ldr	r0, [pc, #32]	@ (20000410 <reset_non_control_endpoints+0x30>)
200003ee:	5011      	str	r1, [r2, r0]
200003f0:	4684      	mov	ip, r0
200003f2:	4462      	add	r2, ip
200003f4:	6051      	str	r1, [r2, #4]
200003f6:	b2db      	uxtb	r3, r3
200003f8:	2b0e      	cmp	r3, #14
200003fa:	d9f4      	bls.n	200003e6 <reset_non_control_endpoints+0x6>
200003fc:	4805      	ldr	r0, [pc, #20]	@ (20000414 <reset_non_control_endpoints+0x34>)
200003fe:	22f0      	movs	r2, #240	@ 0xf0
20000400:	0092      	lsls	r2, r2, #2
20000402:	2100      	movs	r1, #0
20000404:	f000 fba0 	bl	20000b48 <____wrap_memset_veneer>
20000408:	4b03      	ldr	r3, [pc, #12]	@ (20000418 <reset_non_control_endpoints+0x38>)
2000040a:	4a04      	ldr	r2, [pc, #16]	@ (2000041c <reset_non_control_endpoints+0x3c>)
2000040c:	601a      	str	r2, [r3, #0]
2000040e:	bd10      	pop	{r4, pc}
20000410:	50100000 	.word	0x50100000
20000414:	20002c0c 	.word	0x20002c0c
20000418:	20002fcc 	.word	0x20002fcc
2000041c:	50100180 	.word	0x50100180

20000420 <hw_handle_buff_status>:
20000420:	b5f0      	push	{r4, r5, r6, r7, lr}
20000422:	46ce      	mov	lr, r9
20000424:	4647      	mov	r7, r8
20000426:	b580      	push	{r7, lr}
20000428:	b085      	sub	sp, #20
2000042a:	4b21      	ldr	r3, [pc, #132]	@ (200004b0 <hw_handle_buff_status+0x90>)
2000042c:	6d9f      	ldr	r7, [r3, #88]	@ 0x58
2000042e:	2400      	movs	r4, #0
20000430:	2601      	movs	r6, #1
20000432:	e003      	b.n	2000043c <hw_handle_buff_status+0x1c>
20000434:	43b7      	bics	r7, r6
20000436:	0076      	lsls	r6, r6, #1
20000438:	3401      	adds	r4, #1
2000043a:	b2e4      	uxtb	r4, r4
2000043c:	2f00      	cmp	r7, #0
2000043e:	d031      	beq.n	200004a4 <hw_handle_buff_status+0x84>
20000440:	2c1f      	cmp	r4, #31
20000442:	d82f      	bhi.n	200004a4 <hw_handle_buff_status+0x84>
20000444:	423e      	tst	r6, r7
20000446:	d0f6      	beq.n	20000436 <hw_handle_buff_status+0x16>
20000448:	4b1a      	ldr	r3, [pc, #104]	@ (200004b4 <hw_handle_buff_status+0x94>)
2000044a:	659e      	str	r6, [r3, #88]	@ 0x58
2000044c:	0863      	lsrs	r3, r4, #1
2000044e:	4699      	mov	r9, r3
20000450:	2301      	movs	r3, #1
20000452:	4023      	ands	r3, r4
20000454:	2201      	movs	r2, #1
20000456:	4053      	eors	r3, r2
20000458:	b2db      	uxtb	r3, r3
2000045a:	4698      	mov	r8, r3
2000045c:	464b      	mov	r3, r9
2000045e:	005d      	lsls	r5, r3, #1
20000460:	4445      	add	r5, r8
20000462:	016d      	lsls	r5, r5, #5
20000464:	4b14      	ldr	r3, [pc, #80]	@ (200004b8 <hw_handle_buff_status+0x98>)
20000466:	18ed      	adds	r5, r5, r3
20000468:	0028      	movs	r0, r5
2000046a:	f000 fa47 	bl	200008fc <hw_endpoint_xfer_continue>
2000046e:	2800      	cmp	r0, #0
20000470:	d0e0      	beq.n	20000434 <hw_handle_buff_status+0x14>
20000472:	4a11      	ldr	r2, [pc, #68]	@ (200004b8 <hw_handle_buff_status+0x98>)
20000474:	464b      	mov	r3, r9
20000476:	005b      	lsls	r3, r3, #1
20000478:	4443      	add	r3, r8
2000047a:	015b      	lsls	r3, r3, #5
2000047c:	18d3      	adds	r3, r2, r3
2000047e:	7899      	ldrb	r1, [r3, #2]
20000480:	8ada      	ldrh	r2, [r3, #22]
20000482:	a801      	add	r0, sp, #4
20000484:	2300      	movs	r3, #0
20000486:	4698      	mov	r8, r3
20000488:	7003      	strb	r3, [r0, #0]
2000048a:	3307      	adds	r3, #7
2000048c:	7043      	strb	r3, [r0, #1]
2000048e:	7101      	strb	r1, [r0, #4]
20000490:	6082      	str	r2, [r0, #8]
20000492:	4643      	mov	r3, r8
20000494:	7143      	strb	r3, [r0, #5]
20000496:	2101      	movs	r1, #1
20000498:	f000 fa50 	bl	2000093c <dcd_event_handler>
2000049c:	0028      	movs	r0, r5
2000049e:	f000 f9c3 	bl	20000828 <hw_endpoint_reset_transfer>
200004a2:	e7c7      	b.n	20000434 <hw_handle_buff_status+0x14>
200004a4:	b005      	add	sp, #20
200004a6:	bcc0      	pop	{r6, r7}
200004a8:	46b9      	mov	r9, r7
200004aa:	46b0      	mov	r8, r6
200004ac:	bdf0      	pop	{r4, r5, r6, r7, pc}
200004ae:	46c0      	nop			@ (mov r8, r8)
200004b0:	50110000 	.word	0x50110000
200004b4:	50113000 	.word	0x50113000
200004b8:	20002bcc 	.word	0x20002bcc

200004bc <dcd_rp2040_irq>:
200004bc:	b5f0      	push	{r4, r5, r6, r7, lr}
200004be:	46ce      	mov	lr, r9
200004c0:	4647      	mov	r7, r8
200004c2:	b580      	push	{r7, lr}
200004c4:	b085      	sub	sp, #20
200004c6:	4a75      	ldr	r2, [pc, #468]	@ (2000069c <dcd_rp2040_irq+0x1e0>)
200004c8:	2398      	movs	r3, #152	@ 0x98
200004ca:	58d5      	ldr	r5, [r2, r3]
200004cc:	2380      	movs	r3, #128	@ 0x80
200004ce:	029b      	lsls	r3, r3, #10
200004d0:	002f      	movs	r7, r5
200004d2:	401f      	ands	r7, r3
200004d4:	421d      	tst	r5, r3
200004d6:	d045      	beq.n	20000564 <dcd_rp2040_irq+0xa8>
200004d8:	4b71      	ldr	r3, [pc, #452]	@ (200006a0 <dcd_rp2040_irq+0x1e4>)
200004da:	6a9a      	ldr	r2, [r3, #40]	@ 0x28
200004dc:	4b71      	ldr	r3, [pc, #452]	@ (200006a4 <dcd_rp2040_irq+0x1e8>)
200004de:	601a      	str	r2, [r3, #0]
200004e0:	2400      	movs	r4, #0
200004e2:	2100      	movs	r1, #0
200004e4:	e009      	b.n	200004fa <dcd_rp2040_irq+0x3e>
200004e6:	4b70      	ldr	r3, [pc, #448]	@ (200006a8 <dcd_rp2040_irq+0x1ec>)
200004e8:	185b      	adds	r3, r3, r1
200004ea:	333c      	adds	r3, #60	@ 0x3c
200004ec:	2200      	movs	r2, #0
200004ee:	701a      	strb	r2, [r3, #0]
200004f0:	f000 f9c6 	bl	20000880 <hw_endpoint_start_next_buffer>
200004f4:	0031      	movs	r1, r6
200004f6:	3401      	adds	r4, #1
200004f8:	b2e4      	uxtb	r4, r4
200004fa:	2c0f      	cmp	r4, #15
200004fc:	d818      	bhi.n	20000530 <dcd_rp2040_irq+0x74>
200004fe:	01a6      	lsls	r6, r4, #6
20000500:	0030      	movs	r0, r6
20000502:	3020      	adds	r0, #32
20000504:	4b68      	ldr	r3, [pc, #416]	@ (200006a8 <dcd_rp2040_irq+0x1ec>)
20000506:	18c0      	adds	r0, r0, r3
20000508:	199b      	adds	r3, r3, r6
2000050a:	333b      	adds	r3, #59	@ 0x3b
2000050c:	781b      	ldrb	r3, [r3, #0]
2000050e:	2b02      	cmp	r3, #2
20000510:	d1f1      	bne.n	200004f6 <dcd_rp2040_irq+0x3a>
20000512:	4b65      	ldr	r3, [pc, #404]	@ (200006a8 <dcd_rp2040_irq+0x1ec>)
20000514:	199b      	adds	r3, r3, r6
20000516:	333a      	adds	r3, #58	@ 0x3a
20000518:	781e      	ldrb	r6, [r3, #0]
2000051a:	2e00      	cmp	r6, #0
2000051c:	d0eb      	beq.n	200004f6 <dcd_rp2040_irq+0x3a>
2000051e:	4b62      	ldr	r3, [pc, #392]	@ (200006a8 <dcd_rp2040_irq+0x1ec>)
20000520:	01a1      	lsls	r1, r4, #6
20000522:	185b      	adds	r3, r3, r1
20000524:	333c      	adds	r3, #60	@ 0x3c
20000526:	781b      	ldrb	r3, [r3, #0]
20000528:	2b00      	cmp	r3, #0
2000052a:	d1dc      	bne.n	200004e6 <dcd_rp2040_irq+0x2a>
2000052c:	0031      	movs	r1, r6
2000052e:	e7e2      	b.n	200004f6 <dcd_rp2040_irq+0x3a>
20000530:	2900      	cmp	r1, #0
20000532:	d108      	bne.n	20000546 <dcd_rp2040_irq+0x8a>
20000534:	4b5d      	ldr	r3, [pc, #372]	@ (200006ac <dcd_rp2040_irq+0x1f0>)
20000536:	781b      	ldrb	r3, [r3, #0]
20000538:	2b00      	cmp	r3, #0
2000053a:	d104      	bne.n	20000546 <dcd_rp2040_irq+0x8a>
2000053c:	4a5c      	ldr	r2, [pc, #368]	@ (200006b0 <dcd_rp2040_irq+0x1f4>)
2000053e:	3390      	adds	r3, #144	@ 0x90
20000540:	2180      	movs	r1, #128	@ 0x80
20000542:	0289      	lsls	r1, r1, #10
20000544:	50d1      	str	r1, [r2, r3]
20000546:	4b55      	ldr	r3, [pc, #340]	@ (2000069c <dcd_rp2040_irq+0x1e0>)
20000548:	6c9b      	ldr	r3, [r3, #72]	@ 0x48
2000054a:	055b      	lsls	r3, r3, #21
2000054c:	0d5b      	lsrs	r3, r3, #21
2000054e:	a801      	add	r0, sp, #4
20000550:	2200      	movs	r2, #0
20000552:	7002      	strb	r2, [r0, #0]
20000554:	3203      	adds	r2, #3
20000556:	7042      	strb	r2, [r0, #1]
20000558:	6043      	str	r3, [r0, #4]
2000055a:	2101      	movs	r1, #1
2000055c:	f000 f9ee 	bl	2000093c <dcd_event_handler>
20000560:	2780      	movs	r7, #128	@ 0x80
20000562:	02bf      	lsls	r7, r7, #10
20000564:	06eb      	lsls	r3, r5, #27
20000566:	d406      	bmi.n	20000576 <dcd_rp2040_irq+0xba>
20000568:	03eb      	lsls	r3, r5, #15
2000056a:	d551      	bpl.n	20000610 <dcd_rp2040_irq+0x154>
2000056c:	2380      	movs	r3, #128	@ 0x80
2000056e:	025b      	lsls	r3, r3, #9
20000570:	431f      	orrs	r7, r3
20000572:	2400      	movs	r4, #0
20000574:	e019      	b.n	200005aa <dcd_rp2040_irq+0xee>
20000576:	2310      	movs	r3, #16
20000578:	431f      	orrs	r7, r3
2000057a:	f7ff ff51 	bl	20000420 <hw_handle_buff_status>
2000057e:	e7f3      	b.n	20000568 <dcd_rp2040_irq+0xac>
20000580:	2302      	movs	r3, #2
20000582:	4699      	mov	r9, r3
20000584:	e01e      	b.n	200005c4 <dcd_rp2040_irq+0x108>
20000586:	4b4b      	ldr	r3, [pc, #300]	@ (200006b4 <dcd_rp2040_irq+0x1f8>)
20000588:	464a      	mov	r2, r9
2000058a:	661a      	str	r2, [r3, #96]	@ 0x60
2000058c:	4b43      	ldr	r3, [pc, #268]	@ (2000069c <dcd_rp2040_irq+0x1e0>)
2000058e:	6e5b      	ldr	r3, [r3, #100]	@ 0x64
20000590:	464a      	mov	r2, r9
20000592:	4013      	ands	r3, r2
20000594:	4599      	cmp	r9, r3
20000596:	d1f9      	bne.n	2000058c <dcd_rp2040_irq+0xd0>
20000598:	e018      	b.n	200005cc <dcd_rp2040_irq+0x110>
2000059a:	4b43      	ldr	r3, [pc, #268]	@ (200006a8 <dcd_rp2040_irq+0x1ec>)
2000059c:	4642      	mov	r2, r8
2000059e:	0152      	lsls	r2, r2, #5
200005a0:	189b      	adds	r3, r3, r2
200005a2:	2201      	movs	r2, #1
200005a4:	70da      	strb	r2, [r3, #3]
200005a6:	3401      	adds	r4, #1
200005a8:	b2e4      	uxtb	r4, r4
200005aa:	2c01      	cmp	r4, #1
200005ac:	d820      	bhi.n	200005f0 <dcd_rp2040_irq+0x134>
200005ae:	46a0      	mov	r8, r4
200005b0:	0166      	lsls	r6, r4, #5
200005b2:	4b3d      	ldr	r3, [pc, #244]	@ (200006a8 <dcd_rp2040_irq+0x1ec>)
200005b4:	18f6      	adds	r6, r6, r3
200005b6:	7eb3      	ldrb	r3, [r6, #26]
200005b8:	2b00      	cmp	r3, #0
200005ba:	d0ee      	beq.n	2000059a <dcd_rp2040_irq+0xde>
200005bc:	2c00      	cmp	r4, #0
200005be:	d0df      	beq.n	20000580 <dcd_rp2040_irq+0xc4>
200005c0:	2301      	movs	r3, #1
200005c2:	4699      	mov	r9, r3
200005c4:	f000 fad0 	bl	20000b68 <__rp2040_chip_version_veneer>
200005c8:	2801      	cmp	r0, #1
200005ca:	d8dc      	bhi.n	20000586 <dcd_rp2040_irq+0xca>
200005cc:	22c0      	movs	r2, #192	@ 0xc0
200005ce:	0192      	lsls	r2, r2, #6
200005d0:	2100      	movs	r1, #0
200005d2:	0030      	movs	r0, r6
200005d4:	f000 f92e 	bl	20000834 <_hw_endpoint_buffer_control_update32>
200005d8:	0030      	movs	r0, r6
200005da:	f000 f925 	bl	20000828 <hw_endpoint_reset_transfer>
200005de:	f000 fac3 	bl	20000b68 <__rp2040_chip_version_veneer>
200005e2:	2801      	cmp	r0, #1
200005e4:	d9d9      	bls.n	2000059a <dcd_rp2040_irq+0xde>
200005e6:	4b32      	ldr	r3, [pc, #200]	@ (200006b0 <dcd_rp2040_irq+0x1f4>)
200005e8:	464a      	mov	r2, r9
200005ea:	665a      	str	r2, [r3, #100]	@ 0x64
200005ec:	661a      	str	r2, [r3, #96]	@ 0x60
200005ee:	e7d4      	b.n	2000059a <dcd_rp2040_irq+0xde>
200005f0:	a801      	add	r0, sp, #4
200005f2:	2300      	movs	r3, #0
200005f4:	7003      	strb	r3, [r0, #0]
200005f6:	3306      	adds	r3, #6
200005f8:	7043      	strb	r3, [r0, #1]
200005fa:	4a2f      	ldr	r2, [pc, #188]	@ (200006b8 <dcd_rp2040_irq+0x1fc>)
200005fc:	ab02      	add	r3, sp, #8
200005fe:	ca12      	ldmia	r2!, {r1, r4}
20000600:	c312      	stmia	r3!, {r1, r4}
20000602:	2101      	movs	r1, #1
20000604:	f000 f99a 	bl	2000093c <dcd_event_handler>
20000608:	4b29      	ldr	r3, [pc, #164]	@ (200006b0 <dcd_rp2040_irq+0x1f4>)
2000060a:	2280      	movs	r2, #128	@ 0x80
2000060c:	0292      	lsls	r2, r2, #10
2000060e:	651a      	str	r2, [r3, #80]	@ 0x50
20000610:	04eb      	lsls	r3, r5, #19
20000612:	d40a      	bmi.n	2000062a <dcd_rp2040_irq+0x16e>
20000614:	046b      	lsls	r3, r5, #17
20000616:	d41d      	bmi.n	20000654 <dcd_rp2040_irq+0x198>
20000618:	042b      	lsls	r3, r5, #16
2000061a:	d42a      	bmi.n	20000672 <dcd_rp2040_irq+0x1b6>
2000061c:	42af      	cmp	r7, r5
2000061e:	d138      	bne.n	20000692 <dcd_rp2040_irq+0x1d6>
20000620:	b005      	add	sp, #20
20000622:	bcc0      	pop	{r6, r7}
20000624:	46b9      	mov	r9, r7
20000626:	46b0      	mov	r8, r6
20000628:	bdf0      	pop	{r4, r5, r6, r7, pc}
2000062a:	2380      	movs	r3, #128	@ 0x80
2000062c:	015b      	lsls	r3, r3, #5
2000062e:	431f      	orrs	r7, r3
20000630:	2400      	movs	r4, #0
20000632:	4b1a      	ldr	r3, [pc, #104]	@ (2000069c <dcd_rp2040_irq+0x1e0>)
20000634:	601c      	str	r4, [r3, #0]
20000636:	f7ff fed3 	bl	200003e0 <reset_non_control_endpoints>
2000063a:	a801      	add	r0, sp, #4
2000063c:	7004      	strb	r4, [r0, #0]
2000063e:	2301      	movs	r3, #1
20000640:	7043      	strb	r3, [r0, #1]
20000642:	7104      	strb	r4, [r0, #4]
20000644:	2101      	movs	r1, #1
20000646:	f000 f979 	bl	2000093c <dcd_event_handler>
2000064a:	4b19      	ldr	r3, [pc, #100]	@ (200006b0 <dcd_rp2040_irq+0x1f4>)
2000064c:	2280      	movs	r2, #128	@ 0x80
2000064e:	0312      	lsls	r2, r2, #12
20000650:	651a      	str	r2, [r3, #80]	@ 0x50
20000652:	e7df      	b.n	20000614 <dcd_rp2040_irq+0x158>
20000654:	2380      	movs	r3, #128	@ 0x80
20000656:	01db      	lsls	r3, r3, #7
20000658:	431f      	orrs	r7, r3
2000065a:	a801      	add	r0, sp, #4
2000065c:	2300      	movs	r3, #0
2000065e:	7003      	strb	r3, [r0, #0]
20000660:	3304      	adds	r3, #4
20000662:	7043      	strb	r3, [r0, #1]
20000664:	2101      	movs	r1, #1
20000666:	f000 f969 	bl	2000093c <dcd_event_handler>
2000066a:	4b11      	ldr	r3, [pc, #68]	@ (200006b0 <dcd_rp2040_irq+0x1f4>)
2000066c:	2210      	movs	r2, #16
2000066e:	651a      	str	r2, [r3, #80]	@ 0x50
20000670:	e7d2      	b.n	20000618 <dcd_rp2040_irq+0x15c>
20000672:	2380      	movs	r3, #128	@ 0x80
20000674:	021b      	lsls	r3, r3, #8
20000676:	431f      	orrs	r7, r3
20000678:	a801      	add	r0, sp, #4
2000067a:	2300      	movs	r3, #0
2000067c:	7003      	strb	r3, [r0, #0]
2000067e:	3305      	adds	r3, #5
20000680:	7043      	strb	r3, [r0, #1]
20000682:	2101      	movs	r1, #1
20000684:	f000 f95a 	bl	2000093c <dcd_event_handler>
20000688:	4b09      	ldr	r3, [pc, #36]	@ (200006b0 <dcd_rp2040_irq+0x1f4>)
2000068a:	2280      	movs	r2, #128	@ 0x80
2000068c:	0112      	lsls	r2, r2, #4
2000068e:	651a      	str	r2, [r3, #80]	@ 0x50
20000690:	e7c4      	b.n	2000061c <dcd_rp2040_irq+0x160>
20000692:	0039      	movs	r1, r7
20000694:	4069      	eors	r1, r5
20000696:	4809      	ldr	r0, [pc, #36]	@ (200006bc <dcd_rp2040_irq+0x200>)
20000698:	f000 fa6e 	bl	20000b78 <__panic_veneer>
2000069c:	50110000 	.word	0x50110000
200006a0:	40054000 	.word	0x40054000
200006a4:	20002bc4 	.word	0x20002bc4
200006a8:	20002bcc 	.word	0x20002bcc
200006ac:	20003227 	.word	0x20003227
200006b0:	50113000 	.word	0x50113000
200006b4:	50112000 	.word	0x50112000
200006b8:	50100000 	.word	0x50100000
200006bc:	10007530 	.word	0x10007530

200006c0 <prepare_ep_buffer>:
200006c0:	b5f8      	push	{r3, r4, r5, r6, r7, lr}
200006c2:	0004      	movs	r4, r0
200006c4:	000f      	movs	r7, r1
200006c6:	8a83      	ldrh	r3, [r0, #20]
200006c8:	8b02      	ldrh	r2, [r0, #24]
200006ca:	1c1e      	adds	r6, r3, #0
200006cc:	4293      	cmp	r3, r2
200006ce:	d900      	bls.n	200006d2 <prepare_ep_buffer+0x12>
200006d0:	1c16      	adds	r6, r2, #0
200006d2:	b2b6      	uxth	r6, r6
200006d4:	1b9b      	subs	r3, r3, r6
200006d6:	82a3      	strh	r3, [r4, #20]
200006d8:	2280      	movs	r2, #128	@ 0x80
200006da:	00d2      	lsls	r2, r2, #3
200006dc:	4332      	orrs	r2, r6
200006de:	78e3      	ldrb	r3, [r4, #3]
200006e0:	2b00      	cmp	r3, #0
200006e2:	d013      	beq.n	2000070c <prepare_ep_buffer+0x4c>
200006e4:	2580      	movs	r5, #128	@ 0x80
200006e6:	01ad      	lsls	r5, r5, #6
200006e8:	4315      	orrs	r5, r2
200006ea:	2201      	movs	r2, #1
200006ec:	4053      	eors	r3, r2
200006ee:	70e3      	strb	r3, [r4, #3]
200006f0:	7863      	ldrb	r3, [r4, #1]
200006f2:	2b00      	cmp	r3, #0
200006f4:	d00c      	beq.n	20000710 <prepare_ep_buffer+0x50>
200006f6:	8aa3      	ldrh	r3, [r4, #20]
200006f8:	2b00      	cmp	r3, #0
200006fa:	d102      	bne.n	20000702 <prepare_ep_buffer+0x42>
200006fc:	2380      	movs	r3, #128	@ 0x80
200006fe:	01db      	lsls	r3, r3, #7
20000700:	431d      	orrs	r5, r3
20000702:	2f00      	cmp	r7, #0
20000704:	d000      	beq.n	20000708 <prepare_ep_buffer+0x48>
20000706:	042d      	lsls	r5, r5, #16
20000708:	0028      	movs	r0, r5
2000070a:	bdf8      	pop	{r3, r4, r5, r6, r7, pc}
2000070c:	2500      	movs	r5, #0
2000070e:	e7eb      	b.n	200006e8 <prepare_ep_buffer+0x28>
20000710:	68e0      	ldr	r0, [r4, #12]
20000712:	01bb      	lsls	r3, r7, #6
20000714:	18c0      	adds	r0, r0, r3
20000716:	6921      	ldr	r1, [r4, #16]
20000718:	0032      	movs	r2, r6
2000071a:	f000 fa4d 	bl	20000bb8 <__unaligned_memcpy_veneer>
2000071e:	6923      	ldr	r3, [r4, #16]
20000720:	199b      	adds	r3, r3, r6
20000722:	6123      	str	r3, [r4, #16]
20000724:	2380      	movs	r3, #128	@ 0x80
20000726:	021b      	lsls	r3, r3, #8
20000728:	431d      	orrs	r5, r3
2000072a:	e7e4      	b.n	200006f6 <prepare_ep_buffer+0x36>

2000072c <e15_is_bulkin_ep>:
2000072c:	4b09      	ldr	r3, [pc, #36]	@ (20000754 <e15_is_bulkin_ep+0x28>)
2000072e:	6c1b      	ldr	r3, [r3, #64]	@ 0x40
20000730:	079b      	lsls	r3, r3, #30
20000732:	d40c      	bmi.n	2000074e <e15_is_bulkin_ep+0x22>
20000734:	7883      	ldrb	r3, [r0, #2]
20000736:	09db      	lsrs	r3, r3, #7
20000738:	2b01      	cmp	r3, #1
2000073a:	d001      	beq.n	20000740 <e15_is_bulkin_ep+0x14>
2000073c:	2000      	movs	r0, #0
2000073e:	e007      	b.n	20000750 <e15_is_bulkin_ep+0x24>
20000740:	7ec3      	ldrb	r3, [r0, #27]
20000742:	2b02      	cmp	r3, #2
20000744:	d001      	beq.n	2000074a <e15_is_bulkin_ep+0x1e>
20000746:	2000      	movs	r0, #0
20000748:	e002      	b.n	20000750 <e15_is_bulkin_ep+0x24>
2000074a:	2001      	movs	r0, #1
2000074c:	e000      	b.n	20000750 <e15_is_bulkin_ep+0x24>
2000074e:	2000      	movs	r0, #0
20000750:	4770      	bx	lr
20000752:	46c0      	nop			@ (mov r8, r8)
20000754:	50110000 	.word	0x50110000

20000758 <e15_is_critical_frame_period>:
20000758:	b510      	push	{r4, lr}
2000075a:	f7ff ffe7 	bl	2000072c <e15_is_bulkin_ep>
2000075e:	2800      	cmp	r0, #0
20000760:	d009      	beq.n	20000776 <e15_is_critical_frame_period+0x1e>
20000762:	4b06      	ldr	r3, [pc, #24]	@ (2000077c <e15_is_critical_frame_period+0x24>)
20000764:	6a9b      	ldr	r3, [r3, #40]	@ 0x28
20000766:	4a06      	ldr	r2, [pc, #24]	@ (20000780 <e15_is_critical_frame_period+0x28>)
20000768:	6812      	ldr	r2, [r2, #0]
2000076a:	1a9b      	subs	r3, r3, r2
2000076c:	4a05      	ldr	r2, [pc, #20]	@ (20000784 <e15_is_critical_frame_period+0x2c>)
2000076e:	4694      	mov	ip, r2
20000770:	4463      	add	r3, ip
20000772:	2bc6      	cmp	r3, #198	@ 0xc6
20000774:	d800      	bhi.n	20000778 <e15_is_critical_frame_period+0x20>
20000776:	bd10      	pop	{r4, pc}
20000778:	2000      	movs	r0, #0
2000077a:	e7fc      	b.n	20000776 <e15_is_critical_frame_period+0x1e>
2000077c:	40054000 	.word	0x40054000
20000780:	20002bc4 	.word	0x20002bc4
20000784:	fffffce0 	.word	0xfffffce0

20000788 <sync_ep_buffer>:
20000788:	b570      	push	{r4, r5, r6, lr}
2000078a:	0004      	movs	r4, r0
2000078c:	6883      	ldr	r3, [r0, #8]
2000078e:	681b      	ldr	r3, [r3, #0]
20000790:	2900      	cmp	r1, #0
20000792:	d000      	beq.n	20000796 <sync_ep_buffer+0xe>
20000794:	0c1b      	lsrs	r3, r3, #16
20000796:	059d      	lsls	r5, r3, #22
20000798:	0dad      	lsrs	r5, r5, #22
2000079a:	7862      	ldrb	r2, [r4, #1]
2000079c:	2a00      	cmp	r2, #0
2000079e:	d111      	bne.n	200007c4 <sync_ep_buffer+0x3c>
200007a0:	041b      	lsls	r3, r3, #16
200007a2:	d409      	bmi.n	200007b8 <sync_ep_buffer+0x30>
200007a4:	8ae3      	ldrh	r3, [r4, #22]
200007a6:	195b      	adds	r3, r3, r5
200007a8:	82e3      	strh	r3, [r4, #22]
200007aa:	8b23      	ldrh	r3, [r4, #24]
200007ac:	42ab      	cmp	r3, r5
200007ae:	d901      	bls.n	200007b4 <sync_ep_buffer+0x2c>
200007b0:	2300      	movs	r3, #0
200007b2:	82a3      	strh	r3, [r4, #20]
200007b4:	0028      	movs	r0, r5
200007b6:	bd70      	pop	{r4, r5, r6, pc}
200007b8:	4b0d      	ldr	r3, [pc, #52]	@ (200007f0 <sync_ep_buffer+0x68>)
200007ba:	4a0e      	ldr	r2, [pc, #56]	@ (200007f4 <sync_ep_buffer+0x6c>)
200007bc:	480e      	ldr	r0, [pc, #56]	@ (200007f8 <sync_ep_buffer+0x70>)
200007be:	21e8      	movs	r1, #232	@ 0xe8
200007c0:	f000 f9ea 	bl	20000b98 <____assert_func_veneer>
200007c4:	041b      	lsls	r3, r3, #16
200007c6:	d50d      	bpl.n	200007e4 <sync_ep_buffer+0x5c>
200007c8:	6920      	ldr	r0, [r4, #16]
200007ca:	68e3      	ldr	r3, [r4, #12]
200007cc:	0189      	lsls	r1, r1, #6
200007ce:	1859      	adds	r1, r3, r1
200007d0:	002a      	movs	r2, r5
200007d2:	f000 f9f1 	bl	20000bb8 <__unaligned_memcpy_veneer>
200007d6:	8ae3      	ldrh	r3, [r4, #22]
200007d8:	195b      	adds	r3, r3, r5
200007da:	82e3      	strh	r3, [r4, #22]
200007dc:	6923      	ldr	r3, [r4, #16]
200007de:	195b      	adds	r3, r3, r5
200007e0:	6123      	str	r3, [r4, #16]
200007e2:	e7e2      	b.n	200007aa <sync_ep_buffer+0x22>
200007e4:	4b05      	ldr	r3, [pc, #20]	@ (200007fc <sync_ep_buffer+0x74>)
200007e6:	4a03      	ldr	r2, [pc, #12]	@ (200007f4 <sync_ep_buffer+0x6c>)
200007e8:	4803      	ldr	r0, [pc, #12]	@ (200007f8 <sync_ep_buffer+0x70>)
200007ea:	21ee      	movs	r1, #238	@ 0xee
200007ec:	f000 f9d4 	bl	20000b98 <____assert_func_veneer>
200007f0:	10007550 	.word	0x10007550
200007f4:	10007b74 	.word	0x10007b74
200007f8:	10007570 	.word	0x10007570
200007fc:	100075cc 	.word	0x100075cc

20000800 <_hw_endpoint_xfer_sync>:
20000800:	b510      	push	{r4, lr}
20000802:	0004      	movs	r4, r0
20000804:	6883      	ldr	r3, [r0, #8]
20000806:	681b      	ldr	r3, [r3, #0]
20000808:	2100      	movs	r1, #0
2000080a:	f7ff ffbd 	bl	20000788 <sync_ep_buffer>
2000080e:	6863      	ldr	r3, [r4, #4]
20000810:	681b      	ldr	r3, [r3, #0]
20000812:	005b      	lsls	r3, r3, #1
20000814:	d502      	bpl.n	2000081c <_hw_endpoint_xfer_sync+0x1c>
20000816:	8b23      	ldrh	r3, [r4, #24]
20000818:	4283      	cmp	r3, r0
2000081a:	d000      	beq.n	2000081e <_hw_endpoint_xfer_sync+0x1e>
2000081c:	bd10      	pop	{r4, pc}
2000081e:	2101      	movs	r1, #1
20000820:	0020      	movs	r0, r4
20000822:	f7ff ffb1 	bl	20000788 <sync_ep_buffer>
20000826:	e7f9      	b.n	2000081c <_hw_endpoint_xfer_sync+0x1c>

20000828 <hw_endpoint_reset_transfer>:
20000828:	2300      	movs	r3, #0
2000082a:	7683      	strb	r3, [r0, #26]
2000082c:	8283      	strh	r3, [r0, #20]
2000082e:	82c3      	strh	r3, [r0, #22]
20000830:	6103      	str	r3, [r0, #16]
20000832:	4770      	bx	lr

20000834 <_hw_endpoint_buffer_control_update32>:
20000834:	b510      	push	{r4, lr}
20000836:	2900      	cmp	r1, #0
20000838:	d002      	beq.n	20000840 <_hw_endpoint_buffer_control_update32+0xc>
2000083a:	6883      	ldr	r3, [r0, #8]
2000083c:	681b      	ldr	r3, [r3, #0]
2000083e:	4019      	ands	r1, r3
20000840:	2a00      	cmp	r2, #0
20000842:	d010      	beq.n	20000866 <_hw_endpoint_buffer_control_update32+0x32>
20000844:	4311      	orrs	r1, r2
20000846:	0552      	lsls	r2, r2, #21
20000848:	d50d      	bpl.n	20000866 <_hw_endpoint_buffer_control_update32+0x32>
2000084a:	6882      	ldr	r2, [r0, #8]
2000084c:	6813      	ldr	r3, [r2, #0]
2000084e:	055b      	lsls	r3, r3, #21
20000850:	d40c      	bmi.n	2000086c <_hw_endpoint_buffer_control_update32+0x38>
20000852:	4b08      	ldr	r3, [pc, #32]	@ (20000874 <_hw_endpoint_buffer_control_update32+0x40>)
20000854:	400b      	ands	r3, r1
20000856:	6013      	str	r3, [r2, #0]
20000858:	4b07      	ldr	r3, [pc, #28]	@ (20000878 <_hw_endpoint_buffer_control_update32+0x44>)
2000085a:	6c1b      	ldr	r3, [r3, #64]	@ 0x40
2000085c:	079b      	lsls	r3, r3, #30
2000085e:	d402      	bmi.n	20000866 <_hw_endpoint_buffer_control_update32+0x32>
20000860:	230c      	movs	r3, #12
20000862:	3b03      	subs	r3, #3
20000864:	d2fd      	bcs.n	20000862 <_hw_endpoint_buffer_control_update32+0x2e>
20000866:	6883      	ldr	r3, [r0, #8]
20000868:	6019      	str	r1, [r3, #0]
2000086a:	bd10      	pop	{r4, pc}
2000086c:	7881      	ldrb	r1, [r0, #2]
2000086e:	4803      	ldr	r0, [pc, #12]	@ (2000087c <_hw_endpoint_buffer_control_update32+0x48>)
20000870:	f000 f982 	bl	20000b78 <__panic_veneer>
20000874:	fffffbff 	.word	0xfffffbff
20000878:	50110000 	.word	0x50110000
2000087c:	100075ec 	.word	0x100075ec

20000880 <hw_endpoint_start_next_buffer>:
20000880:	b570      	push	{r4, r5, r6, lr}
20000882:	0004      	movs	r4, r0
20000884:	6843      	ldr	r3, [r0, #4]
20000886:	681e      	ldr	r6, [r3, #0]
20000888:	2100      	movs	r1, #0
2000088a:	f7ff ff19 	bl	200006c0 <prepare_ep_buffer>
2000088e:	2580      	movs	r5, #128	@ 0x80
20000890:	016d      	lsls	r5, r5, #5
20000892:	4305      	orrs	r5, r0
20000894:	4b16      	ldr	r3, [pc, #88]	@ (200008f0 <hw_endpoint_start_next_buffer+0x70>)
20000896:	6c1b      	ldr	r3, [r3, #64]	@ 0x40
20000898:	079b      	lsls	r3, r3, #30
2000089a:	d515      	bpl.n	200008c8 <hw_endpoint_start_next_buffer+0x48>
2000089c:	78a3      	ldrb	r3, [r4, #2]
2000089e:	065b      	lsls	r3, r3, #25
200008a0:	d117      	bne.n	200008d2 <hw_endpoint_start_next_buffer+0x52>
200008a2:	2300      	movs	r3, #0
200008a4:	8aa2      	ldrh	r2, [r4, #20]
200008a6:	2a00      	cmp	r2, #0
200008a8:	d001      	beq.n	200008ae <hw_endpoint_start_next_buffer+0x2e>
200008aa:	2b00      	cmp	r3, #0
200008ac:	d015      	beq.n	200008da <hw_endpoint_start_next_buffer+0x5a>
200008ae:	4b11      	ldr	r3, [pc, #68]	@ (200008f4 <hw_endpoint_start_next_buffer+0x74>)
200008b0:	401e      	ands	r6, r3
200008b2:	2380      	movs	r3, #128	@ 0x80
200008b4:	059b      	lsls	r3, r3, #22
200008b6:	4333      	orrs	r3, r6
200008b8:	6862      	ldr	r2, [r4, #4]
200008ba:	6013      	str	r3, [r2, #0]
200008bc:	002a      	movs	r2, r5
200008be:	2100      	movs	r1, #0
200008c0:	0020      	movs	r0, r4
200008c2:	f7ff ffb7 	bl	20000834 <_hw_endpoint_buffer_control_update32>
200008c6:	bd70      	pop	{r4, r5, r6, pc}
200008c8:	78a3      	ldrb	r3, [r4, #2]
200008ca:	09db      	lsrs	r3, r3, #7
200008cc:	d103      	bne.n	200008d6 <hw_endpoint_start_next_buffer+0x56>
200008ce:	3301      	adds	r3, #1
200008d0:	e7e8      	b.n	200008a4 <hw_endpoint_start_next_buffer+0x24>
200008d2:	2301      	movs	r3, #1
200008d4:	e7e6      	b.n	200008a4 <hw_endpoint_start_next_buffer+0x24>
200008d6:	2300      	movs	r3, #0
200008d8:	e7e4      	b.n	200008a4 <hw_endpoint_start_next_buffer+0x24>
200008da:	2101      	movs	r1, #1
200008dc:	0020      	movs	r0, r4
200008de:	f7ff feef 	bl	200006c0 <prepare_ep_buffer>
200008e2:	4305      	orrs	r5, r0
200008e4:	4a04      	ldr	r2, [pc, #16]	@ (200008f8 <hw_endpoint_start_next_buffer+0x78>)
200008e6:	4032      	ands	r2, r6
200008e8:	23a0      	movs	r3, #160	@ 0xa0
200008ea:	05db      	lsls	r3, r3, #23
200008ec:	4313      	orrs	r3, r2
200008ee:	e7e3      	b.n	200008b8 <hw_endpoint_start_next_buffer+0x38>
200008f0:	50110000 	.word	0x50110000
200008f4:	afffffff 	.word	0xafffffff
200008f8:	dfffffff 	.word	0xdfffffff

200008fc <hw_endpoint_xfer_continue>:
200008fc:	b570      	push	{r4, r5, r6, lr}
200008fe:	0004      	movs	r4, r0
20000900:	7e85      	ldrb	r5, [r0, #26]
20000902:	2d00      	cmp	r5, #0
20000904:	d006      	beq.n	20000914 <hw_endpoint_xfer_continue+0x18>
20000906:	f7ff ff7b 	bl	20000800 <_hw_endpoint_xfer_sync>
2000090a:	8aa3      	ldrh	r3, [r4, #20]
2000090c:	2b00      	cmp	r3, #0
2000090e:	d105      	bne.n	2000091c <hw_endpoint_xfer_continue+0x20>
20000910:	0028      	movs	r0, r5
20000912:	bd70      	pop	{r4, r5, r6, pc}
20000914:	7881      	ldrb	r1, [r0, #2]
20000916:	4808      	ldr	r0, [pc, #32]	@ (20000938 <hw_endpoint_xfer_continue+0x3c>)
20000918:	f000 f92e 	bl	20000b78 <__panic_veneer>
2000091c:	0020      	movs	r0, r4
2000091e:	f7ff ff1b 	bl	20000758 <e15_is_critical_frame_period>
20000922:	1e05      	subs	r5, r0, #0
20000924:	d003      	beq.n	2000092e <hw_endpoint_xfer_continue+0x32>
20000926:	2301      	movs	r3, #1
20000928:	7723      	strb	r3, [r4, #28]
2000092a:	2500      	movs	r5, #0
2000092c:	e7f0      	b.n	20000910 <hw_endpoint_xfer_continue+0x14>
2000092e:	0020      	movs	r0, r4
20000930:	f7ff ffa6 	bl	20000880 <hw_endpoint_start_next_buffer>
20000934:	e7ec      	b.n	20000910 <hw_endpoint_xfer_continue+0x14>
20000936:	46c0      	nop			@ (mov r8, r8)
20000938:	1000760c 	.word	0x1000760c

2000093c <dcd_event_handler>:
2000093c:	b570      	push	{r4, r5, r6, lr}
2000093e:	b084      	sub	sp, #16
20000940:	0006      	movs	r6, r0
20000942:	000c      	movs	r4, r1
20000944:	7843      	ldrb	r3, [r0, #1]
20000946:	2b06      	cmp	r3, #6
20000948:	d812      	bhi.n	20000970 <dcd_event_handler+0x34>
2000094a:	009b      	lsls	r3, r3, #2
2000094c:	4a70      	ldr	r2, [pc, #448]	@ (20000b10 <dcd_event_handler+0x1d4>)
2000094e:	58d3      	ldr	r3, [r2, r3]
20000950:	469f      	mov	pc, r3
20000952:	4b70      	ldr	r3, [pc, #448]	@ (20000b14 <dcd_event_handler+0x1d8>)
20000954:	781a      	ldrb	r2, [r3, #0]
20000956:	2101      	movs	r1, #1
20000958:	438a      	bics	r2, r1
2000095a:	701a      	strb	r2, [r3, #0]
2000095c:	781a      	ldrb	r2, [r3, #0]
2000095e:	3101      	adds	r1, #1
20000960:	438a      	bics	r2, r1
20000962:	701a      	strb	r2, [r3, #0]
20000964:	2200      	movs	r2, #0
20000966:	705a      	strb	r2, [r3, #1]
20000968:	781a      	ldrb	r2, [r3, #0]
2000096a:	3102      	adds	r1, #2
2000096c:	438a      	bics	r2, r1
2000096e:	701a      	strb	r2, [r3, #0]
20000970:	4b69      	ldr	r3, [pc, #420]	@ (20000b18 <dcd_event_handler+0x1dc>)
20000972:	681d      	ldr	r5, [r3, #0]
20000974:	696a      	ldr	r2, [r5, #20]
20000976:	f3ef 8110 	mrs	r1, PRIMASK
2000097a:	b672      	cpsid	i
2000097c:	6813      	ldr	r3, [r2, #0]
2000097e:	2b00      	cmp	r3, #0
20000980:	d0fc      	beq.n	2000097c <dcd_event_handler+0x40>
20000982:	f3bf 8f5f 	dmb	sy
20000986:	61a9      	str	r1, [r5, #24]
20000988:	0031      	movs	r1, r6
2000098a:	0028      	movs	r0, r5
2000098c:	f000 f90c 	bl	20000ba8 <__tu_fifo_write_veneer>
20000990:	696a      	ldr	r2, [r5, #20]
20000992:	69ab      	ldr	r3, [r5, #24]
20000994:	f3bf 8f5f 	dmb	sy
20000998:	2100      	movs	r1, #0
2000099a:	6011      	str	r1, [r2, #0]
2000099c:	f383 8810 	msr	PRIMASK, r3
200009a0:	2800      	cmp	r0, #0
200009a2:	d100      	bne.n	200009a6 <dcd_event_handler+0x6a>
200009a4:	e0ad      	b.n	20000b02 <dcd_event_handler+0x1c6>
200009a6:	7830      	ldrb	r0, [r6, #0]
200009a8:	7871      	ldrb	r1, [r6, #1]
200009aa:	0022      	movs	r2, r4
200009ac:	f000 f90c 	bl	20000bc8 <__tud_event_hook_cb_veneer>
200009b0:	b004      	add	sp, #16
200009b2:	bd70      	pop	{r4, r5, r6, pc}
200009b4:	4b57      	ldr	r3, [pc, #348]	@ (20000b14 <dcd_event_handler+0x1d8>)
200009b6:	781b      	ldrb	r3, [r3, #0]
200009b8:	07db      	lsls	r3, r3, #31
200009ba:	d5f9      	bpl.n	200009b0 <dcd_event_handler+0x74>
200009bc:	4a55      	ldr	r2, [pc, #340]	@ (20000b14 <dcd_event_handler+0x1d8>)
200009be:	7813      	ldrb	r3, [r2, #0]
200009c0:	2104      	movs	r1, #4
200009c2:	430b      	orrs	r3, r1
200009c4:	7013      	strb	r3, [r2, #0]
200009c6:	e7d3      	b.n	20000970 <dcd_event_handler+0x34>
200009c8:	4b52      	ldr	r3, [pc, #328]	@ (20000b14 <dcd_event_handler+0x1d8>)
200009ca:	781b      	ldrb	r3, [r3, #0]
200009cc:	07db      	lsls	r3, r3, #31
200009ce:	d5ef      	bpl.n	200009b0 <dcd_event_handler+0x74>
200009d0:	4a50      	ldr	r2, [pc, #320]	@ (20000b14 <dcd_event_handler+0x1d8>)
200009d2:	7813      	ldrb	r3, [r2, #0]
200009d4:	2104      	movs	r1, #4
200009d6:	438b      	bics	r3, r1
200009d8:	7013      	strb	r3, [r2, #0]
200009da:	e7c9      	b.n	20000970 <dcd_event_handler+0x34>
200009dc:	1aeb      	subs	r3, r5, r3
200009de:	015b      	lsls	r3, r3, #5
200009e0:	4a4e      	ldr	r2, [pc, #312]	@ (20000b1c <dcd_event_handler+0x1e0>)
200009e2:	189b      	adds	r3, r3, r2
200009e4:	69db      	ldr	r3, [r3, #28]
200009e6:	2b00      	cmp	r3, #0
200009e8:	d002      	beq.n	200009f0 <dcd_event_handler+0xb4>
200009ea:	7830      	ldrb	r0, [r6, #0]
200009ec:	6871      	ldr	r1, [r6, #4]
200009ee:	4798      	blx	r3
200009f0:	3501      	adds	r5, #1
200009f2:	b2ed      	uxtb	r5, r5
200009f4:	4b4a      	ldr	r3, [pc, #296]	@ (20000b20 <dcd_event_handler+0x1e4>)
200009f6:	781b      	ldrb	r3, [r3, #0]
200009f8:	42ab      	cmp	r3, r5
200009fa:	d309      	bcc.n	20000a10 <dcd_event_handler+0xd4>
200009fc:	d9ee      	bls.n	200009dc <dcd_event_handler+0xa0>
200009fe:	4b49      	ldr	r3, [pc, #292]	@ (20000b24 <dcd_event_handler+0x1e8>)
20000a00:	681b      	ldr	r3, [r3, #0]
20000a02:	016a      	lsls	r2, r5, #5
20000a04:	189b      	adds	r3, r3, r2
20000a06:	2b00      	cmp	r3, #0
20000a08:	d1ec      	bne.n	200009e4 <dcd_event_handler+0xa8>
20000a0a:	e7f1      	b.n	200009f0 <dcd_event_handler+0xb4>
20000a0c:	2500      	movs	r5, #0
20000a0e:	e7f1      	b.n	200009f4 <dcd_event_handler+0xb8>
20000a10:	4b40      	ldr	r3, [pc, #256]	@ (20000b14 <dcd_event_handler+0x1d8>)
20000a12:	781b      	ldrb	r3, [r3, #0]
20000a14:	075b      	lsls	r3, r3, #29
20000a16:	d52e      	bpl.n	20000a76 <dcd_event_handler+0x13a>
20000a18:	4a3e      	ldr	r2, [pc, #248]	@ (20000b14 <dcd_event_handler+0x1d8>)
20000a1a:	7813      	ldrb	r3, [r2, #0]
20000a1c:	2104      	movs	r1, #4
20000a1e:	438b      	bics	r3, r1
20000a20:	7013      	strb	r3, [r2, #0]
20000a22:	ad01      	add	r5, sp, #4
20000a24:	220c      	movs	r2, #12
20000a26:	2100      	movs	r1, #0
20000a28:	0028      	movs	r0, r5
20000a2a:	f000 f88d 	bl	20000b48 <____wrap_memset_veneer>
20000a2e:	7833      	ldrb	r3, [r6, #0]
20000a30:	702b      	strb	r3, [r5, #0]
20000a32:	2305      	movs	r3, #5
20000a34:	706b      	strb	r3, [r5, #1]
20000a36:	4b38      	ldr	r3, [pc, #224]	@ (20000b18 <dcd_event_handler+0x1dc>)
20000a38:	681d      	ldr	r5, [r3, #0]
20000a3a:	696a      	ldr	r2, [r5, #20]
20000a3c:	f3ef 8110 	mrs	r1, PRIMASK
20000a40:	b672      	cpsid	i
20000a42:	6813      	ldr	r3, [r2, #0]
20000a44:	2b00      	cmp	r3, #0
20000a46:	d0fc      	beq.n	20000a42 <dcd_event_handler+0x106>
20000a48:	f3bf 8f5f 	dmb	sy
20000a4c:	61a9      	str	r1, [r5, #24]
20000a4e:	a901      	add	r1, sp, #4
20000a50:	0028      	movs	r0, r5
20000a52:	f000 f8a9 	bl	20000ba8 <__tu_fifo_write_veneer>
20000a56:	696a      	ldr	r2, [r5, #20]
20000a58:	69ab      	ldr	r3, [r5, #24]
20000a5a:	f3bf 8f5f 	dmb	sy
20000a5e:	2100      	movs	r1, #0
20000a60:	6011      	str	r1, [r2, #0]
20000a62:	f383 8810 	msr	PRIMASK, r3
20000a66:	2800      	cmp	r0, #0
20000a68:	d037      	beq.n	20000ada <dcd_event_handler+0x19e>
20000a6a:	ab01      	add	r3, sp, #4
20000a6c:	7818      	ldrb	r0, [r3, #0]
20000a6e:	7859      	ldrb	r1, [r3, #1]
20000a70:	0022      	movs	r2, r4
20000a72:	f000 f8a9 	bl	20000bc8 <__tud_event_hook_cb_veneer>
20000a76:	4b27      	ldr	r3, [pc, #156]	@ (20000b14 <dcd_event_handler+0x1d8>)
20000a78:	78db      	ldrb	r3, [r3, #3]
20000a7a:	07db      	lsls	r3, r3, #31
20000a7c:	d400      	bmi.n	20000a80 <dcd_event_handler+0x144>
20000a7e:	e797      	b.n	200009b0 <dcd_event_handler+0x74>
20000a80:	ad01      	add	r5, sp, #4
20000a82:	220c      	movs	r2, #12
20000a84:	2100      	movs	r1, #0
20000a86:	0028      	movs	r0, r5
20000a88:	f000 f85e 	bl	20000b48 <____wrap_memset_veneer>
20000a8c:	7833      	ldrb	r3, [r6, #0]
20000a8e:	702b      	strb	r3, [r5, #0]
20000a90:	2303      	movs	r3, #3
20000a92:	706b      	strb	r3, [r5, #1]
20000a94:	6873      	ldr	r3, [r6, #4]
20000a96:	9302      	str	r3, [sp, #8]
20000a98:	4b1f      	ldr	r3, [pc, #124]	@ (20000b18 <dcd_event_handler+0x1dc>)
20000a9a:	681d      	ldr	r5, [r3, #0]
20000a9c:	696a      	ldr	r2, [r5, #20]
20000a9e:	f3ef 8110 	mrs	r1, PRIMASK
20000aa2:	b672      	cpsid	i
20000aa4:	6813      	ldr	r3, [r2, #0]
20000aa6:	2b00      	cmp	r3, #0
20000aa8:	d0fc      	beq.n	20000aa4 <dcd_event_handler+0x168>
20000aaa:	f3bf 8f5f 	dmb	sy
20000aae:	61a9      	str	r1, [r5, #24]
20000ab0:	a901      	add	r1, sp, #4
20000ab2:	0028      	movs	r0, r5
20000ab4:	f000 f878 	bl	20000ba8 <__tu_fifo_write_veneer>
20000ab8:	696a      	ldr	r2, [r5, #20]
20000aba:	69ab      	ldr	r3, [r5, #24]
20000abc:	f3bf 8f5f 	dmb	sy
20000ac0:	2100      	movs	r1, #0
20000ac2:	6011      	str	r1, [r2, #0]
20000ac4:	f383 8810 	msr	PRIMASK, r3
20000ac8:	2800      	cmp	r0, #0
20000aca:	d00d      	beq.n	20000ae8 <dcd_event_handler+0x1ac>
20000acc:	ab01      	add	r3, sp, #4
20000ace:	7818      	ldrb	r0, [r3, #0]
20000ad0:	7859      	ldrb	r1, [r3, #1]
20000ad2:	0022      	movs	r2, r4
20000ad4:	f000 f878 	bl	20000bc8 <__tud_event_hook_cb_veneer>
20000ad8:	e76a      	b.n	200009b0 <dcd_event_handler+0x74>
20000ada:	2266      	movs	r2, #102	@ 0x66
20000adc:	4912      	ldr	r1, [pc, #72]	@ (20000b28 <dcd_event_handler+0x1ec>)
20000ade:	4813      	ldr	r0, [pc, #76]	@ (20000b2c <dcd_event_handler+0x1f0>)
20000ae0:	32ff      	adds	r2, #255	@ 0xff
20000ae2:	f000 f851 	bl	20000b88 <____wrap_printf_veneer>
20000ae6:	e7c6      	b.n	20000a76 <dcd_event_handler+0x13a>
20000ae8:	2266      	movs	r2, #102	@ 0x66
20000aea:	490f      	ldr	r1, [pc, #60]	@ (20000b28 <dcd_event_handler+0x1ec>)
20000aec:	480f      	ldr	r0, [pc, #60]	@ (20000b2c <dcd_event_handler+0x1f0>)
20000aee:	32ff      	adds	r2, #255	@ 0xff
20000af0:	f000 f84a 	bl	20000b88 <____wrap_printf_veneer>
20000af4:	e75c      	b.n	200009b0 <dcd_event_handler+0x74>
20000af6:	4a0e      	ldr	r2, [pc, #56]	@ (20000b30 <dcd_event_handler+0x1f4>)
20000af8:	7813      	ldrb	r3, [r2, #0]
20000afa:	3301      	adds	r3, #1
20000afc:	b2db      	uxtb	r3, r3
20000afe:	7013      	strb	r3, [r2, #0]
20000b00:	e736      	b.n	20000970 <dcd_event_handler+0x34>
20000b02:	2266      	movs	r2, #102	@ 0x66
20000b04:	4908      	ldr	r1, [pc, #32]	@ (20000b28 <dcd_event_handler+0x1ec>)
20000b06:	4809      	ldr	r0, [pc, #36]	@ (20000b2c <dcd_event_handler+0x1f0>)
20000b08:	32ff      	adds	r2, #255	@ 0xff
20000b0a:	f000 f83d 	bl	20000b88 <____wrap_printf_veneer>
20000b0e:	e74f      	b.n	200009b0 <dcd_event_handler+0x74>
20000b10:	10007bc4 	.word	0x10007bc4
20000b14:	20001920 	.word	0x20001920
20000b18:	20001978 	.word	0x20001978
20000b1c:	10007ce4 	.word	0x10007ce4
20000b20:	20003226 	.word	0x20003226
20000b24:	20000ff0 	.word	0x20000ff0
20000b28:	10007c60 	.word	0x10007c60
20000b2c:	1000766c 	.word	0x1000766c
20000b30:	20003228 	.word	0x20003228

20000b34 <__aeabi_idiv0>:
20000b34:	4770      	bx	lr
20000b36:	46c0      	nop			@ (mov r8, r8)

20000b38 <__time_us_64_veneer>:
20000b38:	b401      	push	{r0}
20000b3a:	4802      	ldr	r0, [pc, #8]	@ (20000b44 <__time_us_64_veneer+0xc>)
20000b3c:	4684      	mov	ip, r0
20000b3e:	bc01      	pop	{r0}
20000b40:	4760      	bx	ip
20000b42:	bf00      	nop
20000b44:	10001681 	.word	0x10001681

20000b48 <____wrap_memset_veneer>:
20000b48:	b401      	push	{r0}
20000b4a:	4802      	ldr	r0, [pc, #8]	@ (20000b54 <____wrap_memset_veneer+0xc>)
20000b4c:	4684      	mov	ip, r0
20000b4e:	bc01      	pop	{r0}
20000b50:	4760      	bx	ip
20000b52:	bf00      	nop
20000b54:	10002b1d 	.word	0x10002b1d

20000b58 <____wrap___aeabi_lmul_veneer>:
20000b58:	b401      	push	{r0}
20000b5a:	4802      	ldr	r0, [pc, #8]	@ (20000b64 <____wrap___aeabi_lmul_veneer+0xc>)
20000b5c:	4684      	mov	ip, r0
20000b5e:	bc01      	pop	{r0}
20000b60:	4760      	bx	ip
20000b62:	bf00      	nop
20000b64:	100029a9 	.word	0x100029a9

20000b68 <__rp2040_chip_version_veneer>:
20000b68:	b401      	push	{r0}
20000b6a:	4802      	ldr	r0, [pc, #8]	@ (20000b74 <__rp2040_chip_version_veneer+0xc>)
20000b6c:	4684      	mov	ip, r0
20000b6e:	bc01      	pop	{r0}
20000b70:	4760      	bx	ip
20000b72:	bf00      	nop
20000b74:	1000065d 	.word	0x1000065d

20000b78 <__panic_veneer>:
20000b78:	b401      	push	{r0}
20000b7a:	4802      	ldr	r0, [pc, #8]	@ (20000b84 <__panic_veneer+0xc>)
20000b7c:	4684      	mov	ip, r0
20000b7e:	bc01      	pop	{r0}
20000b80:	4760      	bx	ip
20000b82:	bf00      	nop
20000b84:	100006b1 	.word	0x100006b1

20000b88 <____wrap_printf_veneer>:
20000b88:	b401      	push	{r0}
20000b8a:	4802      	ldr	r0, [pc, #8]	@ (20000b94 <____wrap_printf_veneer+0xc>)
20000b8c:	4684      	mov	ip, r0
20000b8e:	bc01      	pop	{r0}
20000b90:	4760      	bx	ip
20000b92:	bf00      	nop
20000b94:	10004015 	.word	0x10004015

20000b98 <____assert_func_veneer>:
20000b98:	b401      	push	{r0}
20000b9a:	4802      	ldr	r0, [pc, #8]	@ (20000ba4 <____assert_func_veneer+0xc>)
20000b9c:	4684      	mov	ip, r0
20000b9e:	bc01      	pop	{r0}
20000ba0:	4760      	bx	ip
20000ba2:	bf00      	nop
20000ba4:	10003d31 	.word	0x10003d31

20000ba8 <__tu_fifo_write_veneer>:
20000ba8:	b401      	push	{r0}
20000baa:	4802      	ldr	r0, [pc, #8]	@ (20000bb4 <__tu_fifo_write_veneer+0xc>)
20000bac:	4684      	mov	ip, r0
20000bae:	bc01      	pop	{r0}
20000bb0:	4760      	bx	ip
20000bb2:	bf00      	nop
20000bb4:	10006551 	.word	0x10006551

20000bb8 <__unaligned_memcpy_veneer>:
20000bb8:	b401      	push	{r0}
20000bba:	4802      	ldr	r0, [pc, #8]	@ (20000bc4 <__unaligned_memcpy_veneer+0xc>)
20000bbc:	4684      	mov	ip, r0
20000bbe:	bc01      	pop	{r0}
20000bc0:	4760      	bx	ip
20000bc2:	bf00      	nop
20000bc4:	10004879 	.word	0x10004879

20000bc8 <__tud_event_hook_cb_veneer>:
20000bc8:	b401      	push	{r0}
20000bca:	4802      	ldr	r0, [pc, #8]	@ (20000bd4 <__tud_event_hook_cb_veneer+0xc>)
20000bcc:	4684      	mov	ip, r0
20000bce:	bc01      	pop	{r0}
20000bd0:	4760      	bx	ip
20000bd2:	bf00      	nop
20000bd4:	10004b69 	.word	0x10004b69

20000bd8 <__best_effort_wfe_or_timeout_veneer>:
20000bd8:	b401      	push	{r0}
20000bda:	4802      	ldr	r0, [pc, #8]	@ (20000be4 <__best_effort_wfe_or_timeout_veneer+0xc>)
20000bdc:	4684      	mov	ip, r0
20000bde:	bc01      	pop	{r0}
20000be0:	4760      	bx	ip
20000be2:	bf00      	nop
20000be4:	100014ad 	.word	0x100014ad

20000be8 <tx_cmd>:
20000be8:	                                         ...

20000beb <striped_spin_lock_num>:
20000beb:	                                         .

20000bec <irq_handler_chain_slots>:
20000bec:	00000000 	.word	0x00000000
20000bf0:	00010000 	.word	0x00010000
	...
20000bfc:	00020000 	.word	0x00020000
	...
20000c08:	00030000 	.word	0x00030000
	...
20000c14:	00ff0000 	.word	0x00ff0000
20000c18:	00000000 	.word	0x00000000

20000c1c <irq_handler_chain_first_slot>:
20000c1c:	b501      	push	{r0, lr}
20000c1e:	6848      	ldr	r0, [r1, #4]
20000c20:	3101      	adds	r1, #1
20000c22:	468e      	mov	lr, r1
20000c24:	4700      	bx	r0

20000c26 <irq_handler_chain_remove_tail>:
20000c26:	4670      	mov	r0, lr
20000c28:	3809      	subs	r0, #9
20000c2a:	4901      	ldr	r1, [pc, #4]	@ (20000c30 <irq_handler_chain_remove_tail+0xa>)
20000c2c:	4788      	blx	r1
20000c2e:	bd01      	pop	{r0, pc}
20000c30:	10000d45 	.word	0x10000d45

20000c34 <default_alarm_pool>:
	...
20000c48:	20000cd0 00000000                       ... ....

20000c50 <aeabi_bits_funcs>:
20000c50:	00003350 	.word	0x00003350
20000c54:	0000334c 	.word	0x0000334c
20000c58:	00003354 	.word	0x00003354
20000c5c:	00003352 	.word	0x00003352

20000c60 <aeabi_bits_funcs_end>:
20000c60:	0000534d 	.word	0x0000534d
20000c64:	0000434d 	.word	0x0000434d
20000c68:	00003453 	.word	0x00003453
20000c6c:	00003443 	.word	0x00003443

20000c70 <stdio_uart>:
20000c70:	100040b1 10004155 100040d1 10004165     .@..UA...@..eA..
20000c80:	00000000 00000100                       ........

20000c88 <stdio_usb>:
20000c88:	100043dd 1000427d 10004345 10004269     .C..}B..EC..iB..
20000c98:	00000000 00000100                       ........

20000ca0 <_usbd_qdef>:
20000ca0:	2000197c 000c0010 00000000 00000000     |.. ............
	...

20000cbc <_usbd_rhport>:
20000cbc:	000000ff                                ....

20000cc0 <__atexit_recursive_mutex>:
20000cc0:	20000fec                                ... 

20000cc4 <print_mutex>:
	...
