
/home/acid/Clones/pico/John-ADC-Git/build/John-ADC-Git.elf:     file format elf32-littlearm

Sections:
Idx Name          Size      VMA       LMA       File off  Algn
  0 .boot2        00000100  10000000  10000000  00001000  2**0
                  CONTENTS, ALLOC, LOAD, READONLY, CODE
  1 .text         00008d5c  10000100  10000100  00001100  2**3
                  CONTENTS, ALLOC, LOAD, READONLY, CODE
  2 .rodata       000018c4  10008e60  10008e60  00009e60  2**3
                  CONTENTS, ALLOC, LOAD, READONLY, DATA
  3 .binary_info  00000020  1000a724  1000a724  0000b724  2**2
                  CONTENTS, ALLOC, LOAD, READONLY, DATA
  4 .ram_vector_table 000000c0  20000000  20000000  0000e000  2**2
                  ALLOC
  5 .uninitialized_data 00000000  200000c0  200000c0  0000d5c8  2**0
                  CONTENTS
  6 .data         00001508  200000c0  1000a744  0000c0c0  2**4
                  CONTENTS, ALLOC, LOAD, READONLY, CODE
  7 .tdata        00000000  200015c8  200015c8  0000d5c8  2**0
                  CONTENTS, ALLOC, LOAD, DATA, THREAD_LOCAL
  8 .tbss         00000000  200015c8  200015c8  00000000  2**0
                  ALLOC, THREAD_LOCAL
  9 .bss          00004f64  200015c8  1000bc4c  0000d5c8  2**3
                  ALLOC
 10 .heap         00000800  2000652c  1000bc4c  0000e52c  2**2
                  ALLOC, READONLY
 11 .scratch_x    00000000  20040000  20040000  0000d5c8  2**0
                  CONTENTS
 12 .scratch_y    00000000  20041000  20041000  0000d5c8  2**0
                  CONTENTS
 13 .stack1_dummy 00000800  20040000  20040000  0000e000  2**2
                  ALLOC
 14 .stack_dummy  00000800  20041000  20041000  0000e000  2**5
                  ALLOC, READONLY
 15 .ARM.attributes 00000028  00000000  00000000  0000d5c8  2**0
                  CONTENTS, READONLY
 16 .comment      00000049  00000000  00000000  0000d5f0  2**0
                  CONTENTS, READONLY
 17 .debug_info   000305ce  00000000  00000000  0000d639  2**0
                  CONTENTS, READONLY, DEBUGGING, OCTETS
 18 .debug_abbrev 0000886f  00000000  00000000  0003dc07  2**0
                  CONTENTS, READONLY, DEBUGGING, OCTETS
 19 .debug_loc    0001c6e3  00000000  00000000  00046476  2**0
                  CONTENTS, READONLY, DEBUGGING, OCTETS
 20 .debug_aranges 00001970  00000000  00000000  00062b60  2**3
                  CONTENTS, READONLY, DEBUGGING, OCTETS
 21 .debug_ranges 000055f8  00000000  00000000  000644d0  2**0
                  CONTENTS, READONLY, DEBUGGING, OCTETS
 22 .debug_line   0001e6ff  00000000  00000000  00069ac8  2**0
                  CONTENTS, READONLY, DEBUGGING, OCTETS
 23 .debug_str    000099db  00000000  00000000  000881c7  2**0
                  CONTENTS, READONLY, DEBUGGING, OCTETS
 24 .debug_frame  00003e58  00000000  00000000  00091ba4  2**2
                  CONTENTS, READONLY, DEBUGGING, OCTETS
 25 .debug_line_str 0000027d  00000000  00000000  000959fc  2**0
                  CONTENTS, READONLY, DEBUGGING, OCTETS
 26 .debug_rnglists 0000035e  00000000  00000000  00095c79  2**0
                  CONTENTS, READONLY, DEBUGGING, OCTETS

/home/acid/Clones/pico/John-ADC-Git/build/John-ADC-Git.elf:     file format elf32-littlearm


Disassembly of section .boot2:

10000000 <__boot2_start__>:
10000000:	4b32b500 	.word	0x4b32b500
10000004:	60582021 	.word	0x60582021
10000008:	21026898 	.word	0x21026898
1000000c:	60984388 	.word	0x60984388
10000010:	611860d8 	.word	0x611860d8
10000014:	4b2e6158 	.word	0x4b2e6158
10000018:	60992100 	.word	0x60992100
1000001c:	61592102 	.word	0x61592102
10000020:	22f02101 	.word	0x22f02101
10000024:	492b5099 	.word	0x492b5099
10000028:	21016019 	.word	0x21016019
1000002c:	20356099 	.word	0x20356099
10000030:	f844f000 	.word	0xf844f000
10000034:	42902202 	.word	0x42902202
10000038:	2106d014 	.word	0x2106d014
1000003c:	f0006619 	.word	0xf0006619
10000040:	6e19f834 	.word	0x6e19f834
10000044:	66192101 	.word	0x66192101
10000048:	66182000 	.word	0x66182000
1000004c:	f000661a 	.word	0xf000661a
10000050:	6e19f82c 	.word	0x6e19f82c
10000054:	6e196e19 	.word	0x6e196e19
10000058:	f0002005 	.word	0xf0002005
1000005c:	2101f82f 	.word	0x2101f82f
10000060:	d1f94208 	.word	0xd1f94208
10000064:	60992100 	.word	0x60992100
10000068:	6019491b 	.word	0x6019491b
1000006c:	60592100 	.word	0x60592100
10000070:	481b491a 	.word	0x481b491a
10000074:	21016001 	.word	0x21016001
10000078:	21eb6099 	.word	0x21eb6099
1000007c:	21a06619 	.word	0x21a06619
10000080:	f0006619 	.word	0xf0006619
10000084:	2100f812 	.word	0x2100f812
10000088:	49166099 	.word	0x49166099
1000008c:	60014814 	.word	0x60014814
10000090:	60992101 	.word	0x60992101
10000094:	2800bc01 	.word	0x2800bc01
10000098:	4700d000 	.word	0x4700d000
1000009c:	49134812 	.word	0x49134812
100000a0:	c8036008 	.word	0xc8036008
100000a4:	8808f380 	.word	0x8808f380
100000a8:	b5034708 	.word	0xb5034708
100000ac:	20046a99 	.word	0x20046a99
100000b0:	d0fb4201 	.word	0xd0fb4201
100000b4:	42012001 	.word	0x42012001
100000b8:	bd03d1f8 	.word	0xbd03d1f8
100000bc:	6618b502 	.word	0x6618b502
100000c0:	f7ff6618 	.word	0xf7ff6618
100000c4:	6e18fff2 	.word	0x6e18fff2
100000c8:	bd026e18 	.word	0xbd026e18
100000cc:	40020000 	.word	0x40020000
100000d0:	18000000 	.word	0x18000000
100000d4:	00070000 	.word	0x00070000
100000d8:	005f0300 	.word	0x005f0300
100000dc:	00002221 	.word	0x00002221
100000e0:	180000f4 	.word	0x180000f4
100000e4:	a0002022 	.word	0xa0002022
100000e8:	10000100 	.word	0x10000100
100000ec:	e000ed08 	.word	0xe000ed08
	...
100000fc:	7a4eb274 	.word	0x7a4eb274

Disassembly of section .text:

10000100 <__VECTOR_TABLE>:
10000100:	20042000 	.word	0x20042000
10000104:	100001f7 	.word	0x100001f7
10000108:	100001cb 	.word	0x100001cb
1000010c:	100001cd 	.word	0x100001cd
10000110:	100001c9 	.word	0x100001c9
10000114:	100001c9 	.word	0x100001c9
10000118:	100001c9 	.word	0x100001c9
1000011c:	100001c9 	.word	0x100001c9
10000120:	100001c9 	.word	0x100001c9
10000124:	100001c9 	.word	0x100001c9
10000128:	100001c9 	.word	0x100001c9
1000012c:	100001cf 	.word	0x100001cf
10000130:	100001c9 	.word	0x100001c9
10000134:	100001c9 	.word	0x100001c9
10000138:	100001d1 	.word	0x100001d1
1000013c:	100001d3 	.word	0x100001d3
10000140:	100001c1 	.word	0x100001c1
10000144:	100001c1 	.word	0x100001c1
10000148:	100001c1 	.word	0x100001c1
1000014c:	100001c1 	.word	0x100001c1
10000150:	100001c1 	.word	0x100001c1
10000154:	100001c1 	.word	0x100001c1
10000158:	100001c1 	.word	0x100001c1
1000015c:	100001c1 	.word	0x100001c1
10000160:	100001c1 	.word	0x100001c1
10000164:	100001c1 	.word	0x100001c1
10000168:	100001c1 	.word	0x100001c1
1000016c:	100001c1 	.word	0x100001c1
10000170:	100001c1 	.word	0x100001c1
10000174:	100001c1 	.word	0x100001c1
10000178:	100001c1 	.word	0x100001c1
1000017c:	100001c1 	.word	0x100001c1
10000180:	100001c1 	.word	0x100001c1
10000184:	100001c1 	.word	0x100001c1
10000188:	100001c1 	.word	0x100001c1
1000018c:	100001c1 	.word	0x100001c1
10000190:	100001c1 	.word	0x100001c1
10000194:	100001c1 	.word	0x100001c1
10000198:	100001c1 	.word	0x100001c1
1000019c:	100001c1 	.word	0x100001c1
100001a0:	100001c1 	.word	0x100001c1
100001a4:	100001c1 	.word	0x100001c1
100001a8:	100001c1 	.word	0x100001c1
100001ac:	100001c1 	.word	0x100001c1
100001b0:	100001c1 	.word	0x100001c1
100001b4:	100001c1 	.word	0x100001c1
100001b8:	100001c1 	.word	0x100001c1
100001bc:	100001c1 	.word	0x100001c1

100001c0 <__unhandled_user_irq>:
100001c0:	f3ef 8005 	mrs	r0, IPSR
100001c4:	3810      	subs	r0, #16

100001c6 <unhandled_user_irq_num_in_r0>:
100001c6:	be00      	bkpt	0x0000

100001c8 <isr_invalid>:
100001c8:	be00      	bkpt	0x0000

100001ca <isr_nmi>:
100001ca:	be00      	bkpt	0x0000

100001cc <isr_hardfault>:
100001cc:	be00      	bkpt	0x0000

100001ce <isr_svcall>:
100001ce:	be00      	bkpt	0x0000

100001d0 <isr_pendsv>:
100001d0:	be00      	bkpt	0x0000

100001d2 <isr_systick>:
100001d2:	be00      	bkpt	0x0000

100001d4 <__default_isrs_end>:
100001d4:	7188ebf2 	.word	0x7188ebf2
100001d8:	1000a724 	.word	0x1000a724
100001dc:	1000a744 	.word	0x1000a744
100001e0:	10000238 	.word	0x10000238
100001e4:	e71aa390 	.word	0xe71aa390

100001e8 <_entry_point>:
100001e8:	481e      	ldr	r0, [pc, #120]	@ (10000264 <data_cpy_table+0x2c>)

100001ea <_enter_vtable_in_r0>:
100001ea:	491f      	ldr	r1, [pc, #124]	@ (10000268 <data_cpy_table+0x30>)
100001ec:	6008      	str	r0, [r1, #0]
100001ee:	c806      	ldmia	r0!, {r1, r2}
100001f0:	f381 8808 	msr	MSP, r1
100001f4:	4710      	bx	r2

100001f6 <_reset_handler>:
100001f6:	481d      	ldr	r0, [pc, #116]	@ (1000026c <data_cpy_table+0x34>)
100001f8:	6800      	ldr	r0, [r0, #0]
100001fa:	2800      	cmp	r0, #0
100001fc:	d001      	beq.n	10000202 <hold_non_core0_in_bootrom+0x4>

100001fe <hold_non_core0_in_bootrom>:
100001fe:	4819      	ldr	r0, [pc, #100]	@ (10000264 <data_cpy_table+0x2c>)
10000200:	e7f3      	b.n	100001ea <_enter_vtable_in_r0>
10000202:	a40d      	add	r4, pc, #52	@ (adr r4, 10000238 <data_cpy_table>)
10000204:	cc0e      	ldmia	r4!, {r1, r2, r3}
10000206:	2900      	cmp	r1, #0
10000208:	d002      	beq.n	10000210 <hold_non_core0_in_bootrom+0x12>
1000020a:	f000 f812 	bl	10000232 <data_cpy>
1000020e:	e7f9      	b.n	10000204 <hold_non_core0_in_bootrom+0x6>
10000210:	4917      	ldr	r1, [pc, #92]	@ (10000270 <data_cpy_table+0x38>)
10000212:	4a18      	ldr	r2, [pc, #96]	@ (10000274 <data_cpy_table+0x3c>)
10000214:	2000      	movs	r0, #0
10000216:	e000      	b.n	1000021a <bss_fill_test>

10000218 <bss_fill_loop>:
10000218:	c101      	stmia	r1!, {r0}

1000021a <bss_fill_test>:
1000021a:	4291      	cmp	r1, r2
1000021c:	d1fc      	bne.n	10000218 <bss_fill_loop>

1000021e <platform_entry>:
1000021e:	4916      	ldr	r1, [pc, #88]	@ (10000278 <data_cpy_table+0x40>)
10000220:	4788      	blx	r1
10000222:	4916      	ldr	r1, [pc, #88]	@ (1000027c <data_cpy_table+0x44>)
10000224:	4788      	blx	r1
10000226:	4916      	ldr	r1, [pc, #88]	@ (10000280 <data_cpy_table+0x48>)
10000228:	4788      	blx	r1
1000022a:	be00      	bkpt	0x0000
1000022c:	e7fd      	b.n	1000022a <platform_entry+0xc>

1000022e <data_cpy_loop>:
1000022e:	c901      	ldmia	r1!, {r0}
10000230:	c201      	stmia	r2!, {r0}

10000232 <data_cpy>:
10000232:	429a      	cmp	r2, r3
10000234:	d3fb      	bcc.n	1000022e <data_cpy_loop>
10000236:	4770      	bx	lr

10000238 <data_cpy_table>:
10000238:	1000a744 	.word	0x1000a744
1000023c:	200000c0 	.word	0x200000c0
10000240:	200015c8 	.word	0x200015c8
10000244:	1000bc4c 	.word	0x1000bc4c
10000248:	20040000 	.word	0x20040000
1000024c:	20040000 	.word	0x20040000
10000250:	1000bc4c 	.word	0x1000bc4c
10000254:	20041000 	.word	0x20041000
10000258:	20041000 	.word	0x20041000
1000025c:	00000000 	.word	0x00000000
10000260:	4770      	bx	lr
10000262:	0000      	.short	0x0000
10000264:	00000000 	.word	0x00000000
10000268:	e000ed08 	.word	0xe000ed08
1000026c:	d0000000 	.word	0xd0000000
10000270:	200015c8 	.word	0x200015c8
10000274:	2000652c 	.word	0x2000652c
10000278:	100043b5 	.word	0x100043b5
1000027c:	10000701 	.word	0x10000701
10000280:	10004371 	.word	0x10004371

10000284 <_init>:
10000284:	b5f8      	push	{r3, r4, r5, r6, r7, lr}
10000286:	46c0      	nop			@ (mov r8, r8)

10000288 <__do_global_dtors_aux>:
10000288:	b510      	push	{r4, lr}
1000028a:	4c06      	ldr	r4, [pc, #24]	@ (100002a4 <__do_global_dtors_aux+0x1c>)
1000028c:	7823      	ldrb	r3, [r4, #0]
1000028e:	2b00      	cmp	r3, #0
10000290:	d107      	bne.n	100002a2 <__do_global_dtors_aux+0x1a>
10000292:	4b05      	ldr	r3, [pc, #20]	@ (100002a8 <__do_global_dtors_aux+0x20>)
10000294:	2b00      	cmp	r3, #0
10000296:	d002      	beq.n	1000029e <__do_global_dtors_aux+0x16>
10000298:	4804      	ldr	r0, [pc, #16]	@ (100002ac <__do_global_dtors_aux+0x24>)
1000029a:	e000      	b.n	1000029e <__do_global_dtors_aux+0x16>
1000029c:	bf00      	nop
1000029e:	2301      	movs	r3, #1
100002a0:	7023      	strb	r3, [r4, #0]
100002a2:	bd10      	pop	{r4, pc}
100002a4:	20001750 	.word	0x20001750
100002a8:	00000000 	.word	0x00000000
100002ac:	10008e5c 	.word	0x10008e5c

100002b0 <frame_dummy>:
100002b0:	4b04      	ldr	r3, [pc, #16]	@ (100002c4 <frame_dummy+0x14>)
100002b2:	b510      	push	{r4, lr}
100002b4:	2b00      	cmp	r3, #0
100002b6:	d003      	beq.n	100002c0 <frame_dummy+0x10>
100002b8:	4903      	ldr	r1, [pc, #12]	@ (100002c8 <frame_dummy+0x18>)
100002ba:	4804      	ldr	r0, [pc, #16]	@ (100002cc <frame_dummy+0x1c>)
100002bc:	e000      	b.n	100002c0 <frame_dummy+0x10>
100002be:	bf00      	nop
100002c0:	bd10      	pop	{r4, pc}
100002c2:	46c0      	nop			@ (mov r8, r8)
100002c4:	00000000 	.word	0x00000000
100002c8:	20001754 	.word	0x20001754
100002cc:	10008e5c 	.word	0x10008e5c

100002d0 <drdy_handler>:
100002d0:	b570      	push	{r4, r5, r6, lr}
100002d2:	2200      	movs	r2, #0
100002d4:	2104      	movs	r1, #4
100002d6:	2003      	movs	r0, #3
100002d8:	f000 fbf6 	bl	10000ac8 <gpio_set_irq_enabled>
100002dc:	23d0      	movs	r3, #208	@ 0xd0
100002de:	061b      	lsls	r3, r3, #24
100002e0:	2220      	movs	r2, #32
100002e2:	619a      	str	r2, [r3, #24]
100002e4:	4c3f      	ldr	r4, [pc, #252]	@ (100003e4 <drdy_handler+0x114>)
100002e6:	6823      	ldr	r3, [r4, #0]
100002e8:	019b      	lsls	r3, r3, #6
100002ea:	22a0      	movs	r2, #160	@ 0xa0
100002ec:	05d2      	lsls	r2, r2, #23
100002ee:	4694      	mov	ip, r2
100002f0:	4463      	add	r3, ip
100002f2:	4a3d      	ldr	r2, [pc, #244]	@ (100003e8 <drdy_handler+0x118>)
100002f4:	601a      	str	r2, [r3, #0]
100002f6:	4b3d      	ldr	r3, [pc, #244]	@ (100003ec <drdy_handler+0x11c>)
100002f8:	681a      	ldr	r2, [r3, #0]
100002fa:	0193      	lsls	r3, r2, #6
100002fc:	4463      	add	r3, ip
100002fe:	493c      	ldr	r1, [pc, #240]	@ (100003f0 <drdy_handler+0x120>)
10000300:	6059      	str	r1, [r3, #4]
10000302:	2301      	movs	r3, #1
10000304:	001d      	movs	r5, r3
10000306:	4095      	lsls	r5, r2
10000308:	4660      	mov	r0, ip
1000030a:	2186      	movs	r1, #134	@ 0x86
1000030c:	00c9      	lsls	r1, r1, #3
1000030e:	5045      	str	r5, [r0, r1]
10000310:	6824      	ldr	r4, [r4, #0]
10000312:	40a3      	lsls	r3, r4
10000314:	5043      	str	r3, [r0, r1]
10000316:	0193      	lsls	r3, r2, #6
10000318:	21a0      	movs	r1, #160	@ 0xa0
1000031a:	05c9      	lsls	r1, r1, #23
1000031c:	468c      	mov	ip, r1
1000031e:	4463      	add	r3, ip
10000320:	691b      	ldr	r3, [r3, #16]
10000322:	01db      	lsls	r3, r3, #7
10000324:	d4f7      	bmi.n	10000316 <drdy_handler+0x46>
10000326:	4b2f      	ldr	r3, [pc, #188]	@ (100003e4 <drdy_handler+0x114>)
10000328:	681a      	ldr	r2, [r3, #0]
1000032a:	0193      	lsls	r3, r2, #6
1000032c:	21a0      	movs	r1, #160	@ 0xa0
1000032e:	05c9      	lsls	r1, r1, #23
10000330:	468c      	mov	ip, r1
10000332:	4463      	add	r3, ip
10000334:	691b      	ldr	r3, [r3, #16]
10000336:	01db      	lsls	r3, r3, #7
10000338:	d4f7      	bmi.n	1000032a <drdy_handler+0x5a>
1000033a:	23d0      	movs	r3, #208	@ 0xd0
1000033c:	061b      	lsls	r3, r3, #24
1000033e:	2220      	movs	r2, #32
10000340:	615a      	str	r2, [r3, #20]
10000342:	4b2a      	ldr	r3, [pc, #168]	@ (100003ec <drdy_handler+0x11c>)
10000344:	681b      	ldr	r3, [r3, #0]
10000346:	019b      	lsls	r3, r3, #6
10000348:	4463      	add	r3, ip
1000034a:	68dc      	ldr	r4, [r3, #12]
1000034c:	23c0      	movs	r3, #192	@ 0xc0
1000034e:	05db      	lsls	r3, r3, #23
10000350:	421c      	tst	r4, r3
10000352:	d128      	bne.n	100003a6 <drdy_handler+0xd6>
10000354:	4b27      	ldr	r3, [pc, #156]	@ (100003f4 <drdy_handler+0x124>)
10000356:	681c      	ldr	r4, [r3, #0]
10000358:	3404      	adds	r4, #4
1000035a:	04a4      	lsls	r4, r4, #18
1000035c:	0ca4      	lsrs	r4, r4, #18
1000035e:	4b26      	ldr	r3, [pc, #152]	@ (100003f8 <drdy_handler+0x128>)
10000360:	681a      	ldr	r2, [r3, #0]
10000362:	f3ef 8510 	mrs	r5, PRIMASK
10000366:	b672      	cpsid	i
10000368:	6813      	ldr	r3, [r2, #0]
1000036a:	2b00      	cmp	r3, #0
1000036c:	d0fc      	beq.n	10000368 <drdy_handler+0x98>
1000036e:	f3bf 8f5f 	dmb	sy
10000372:	4b22      	ldr	r3, [pc, #136]	@ (100003fc <drdy_handler+0x12c>)
10000374:	681b      	ldr	r3, [r3, #0]
10000376:	42a3      	cmp	r3, r4
10000378:	d02f      	beq.n	100003da <drdy_handler+0x10a>
1000037a:	4b1d      	ldr	r3, [pc, #116]	@ (100003f0 <drdy_handler+0x120>)
1000037c:	785b      	ldrb	r3, [r3, #1]
1000037e:	0919      	lsrs	r1, r3, #4
10000380:	2b1f      	cmp	r3, #31
10000382:	d91f      	bls.n	100003c4 <drdy_handler+0xf4>
10000384:	481e      	ldr	r0, [pc, #120]	@ (10000400 <drdy_handler+0x130>)
10000386:	f004 f9ab 	bl	100046e0 <__wrap_printf>
1000038a:	4b1b      	ldr	r3, [pc, #108]	@ (100003f8 <drdy_handler+0x128>)
1000038c:	681b      	ldr	r3, [r3, #0]
1000038e:	f3bf 8f5f 	dmb	sy
10000392:	2200      	movs	r2, #0
10000394:	601a      	str	r2, [r3, #0]
10000396:	f385 8810 	msr	PRIMASK, r5
1000039a:	3201      	adds	r2, #1
1000039c:	2104      	movs	r1, #4
1000039e:	2003      	movs	r0, #3
100003a0:	f000 fb92 	bl	10000ac8 <gpio_set_irq_enabled>
100003a4:	bd70      	pop	{r4, r5, r6, pc}
100003a6:	0021      	movs	r1, r4
100003a8:	4816      	ldr	r0, [pc, #88]	@ (10000404 <drdy_handler+0x134>)
100003aa:	f004 f999 	bl	100046e0 <__wrap_printf>
100003ae:	4b0f      	ldr	r3, [pc, #60]	@ (100003ec <drdy_handler+0x11c>)
100003b0:	681b      	ldr	r3, [r3, #0]
100003b2:	4a15      	ldr	r2, [pc, #84]	@ (10000408 <drdy_handler+0x138>)
100003b4:	4014      	ands	r4, r2
100003b6:	019b      	lsls	r3, r3, #6
100003b8:	22a0      	movs	r2, #160	@ 0xa0
100003ba:	05d2      	lsls	r2, r2, #23
100003bc:	4694      	mov	ip, r2
100003be:	4463      	add	r3, ip
100003c0:	60dc      	str	r4, [r3, #12]
100003c2:	e7ef      	b.n	100003a4 <drdy_handler+0xd4>
100003c4:	4e0b      	ldr	r6, [pc, #44]	@ (100003f4 <drdy_handler+0x124>)
100003c6:	6830      	ldr	r0, [r6, #0]
100003c8:	4b10      	ldr	r3, [pc, #64]	@ (1000040c <drdy_handler+0x13c>)
100003ca:	18c0      	adds	r0, r0, r3
100003cc:	4908      	ldr	r1, [pc, #32]	@ (100003f0 <drdy_handler+0x120>)
100003ce:	2204      	movs	r2, #4
100003d0:	3101      	adds	r1, #1
100003d2:	f002 fed7 	bl	10003184 <__wrap___aeabi_memcpy>
100003d6:	6034      	str	r4, [r6, #0]
100003d8:	e7d7      	b.n	1000038a <drdy_handler+0xba>
100003da:	4a0d      	ldr	r2, [pc, #52]	@ (10000410 <drdy_handler+0x140>)
100003dc:	6813      	ldr	r3, [r2, #0]
100003de:	3301      	adds	r3, #1
100003e0:	6013      	str	r3, [r2, #0]
100003e2:	e7d2      	b.n	1000038a <drdy_handler+0xba>
100003e4:	20006504 	.word	0x20006504
100003e8:	20000cb8 	.word	0x20000cb8
100003ec:	200062f0 	.word	0x200062f0
100003f0:	200062e8 	.word	0x200062e8
100003f4:	2000651c 	.word	0x2000651c
100003f8:	20001e30 	.word	0x20001e30
100003fc:	200062dc 	.word	0x200062dc
10000400:	10008e80 	.word	0x10008e80
10000404:	10008e60 	.word	0x10008e60
10000408:	9fffffff 	.word	0x9fffffff
1000040c:	20001e74 	.word	0x20001e74
10000410:	20005ea0 	.word	0x20005ea0

10000414 <core1_main>:
10000414:	b510      	push	{r4, lr}
10000416:	4b3c      	ldr	r3, [pc, #240]	@ (10000508 <core1_main+0xf4>)
10000418:	681a      	ldr	r2, [r3, #0]
1000041a:	4b3c      	ldr	r3, [pc, #240]	@ (1000050c <core1_main+0xf8>)
1000041c:	2a0c      	cmp	r2, #12
1000041e:	d865      	bhi.n	100004ec <core1_main+0xd8>
10000420:	493b      	ldr	r1, [pc, #236]	@ (10000510 <core1_main+0xfc>)
10000422:	400b      	ands	r3, r1
10000424:	02d2      	lsls	r2, r2, #11
10000426:	4313      	orrs	r3, r2
10000428:	220c      	movs	r2, #12
1000042a:	4393      	bics	r3, r2
1000042c:	2108      	movs	r1, #8
1000042e:	430b      	orrs	r3, r1
10000430:	4938      	ldr	r1, [pc, #224]	@ (10000514 <core1_main+0x100>)
10000432:	400b      	ands	r3, r1
10000434:	4938      	ldr	r1, [pc, #224]	@ (10000518 <core1_main+0x104>)
10000436:	400b      	ands	r3, r1
10000438:	4938      	ldr	r1, [pc, #224]	@ (1000051c <core1_main+0x108>)
1000043a:	400b      	ands	r3, r1
1000043c:	2101      	movs	r1, #1
1000043e:	430b      	orrs	r3, r1
10000440:	4937      	ldr	r1, [pc, #220]	@ (10000520 <core1_main+0x10c>)
10000442:	400b      	ands	r3, r1
10000444:	2102      	movs	r1, #2
10000446:	438b      	bics	r3, r1
10000448:	4393      	bics	r3, r2
1000044a:	4a36      	ldr	r2, [pc, #216]	@ (10000524 <core1_main+0x110>)
1000044c:	4013      	ands	r3, r2
1000044e:	2280      	movs	r2, #128	@ 0x80
10000450:	0312      	lsls	r2, r2, #12
10000452:	4313      	orrs	r3, r2
10000454:	2210      	movs	r2, #16
10000456:	4393      	bics	r3, r2
10000458:	4313      	orrs	r3, r2
1000045a:	3210      	adds	r2, #16
1000045c:	4393      	bics	r3, r2
1000045e:	4a2a      	ldr	r2, [pc, #168]	@ (10000508 <core1_main+0xf4>)
10000460:	6811      	ldr	r1, [r2, #0]
10000462:	4a31      	ldr	r2, [pc, #196]	@ (10000528 <core1_main+0x114>)
10000464:	0189      	lsls	r1, r1, #6
10000466:	20a0      	movs	r0, #160	@ 0xa0
10000468:	05c0      	lsls	r0, r0, #23
1000046a:	4684      	mov	ip, r0
1000046c:	4461      	add	r1, ip
1000046e:	2000      	movs	r0, #0
10000470:	6008      	str	r0, [r1, #0]
10000472:	604a      	str	r2, [r1, #4]
10000474:	3005      	adds	r0, #5
10000476:	6088      	str	r0, [r1, #8]
10000478:	610b      	str	r3, [r1, #16]
1000047a:	4b2c      	ldr	r3, [pc, #176]	@ (1000052c <core1_main+0x118>)
1000047c:	6819      	ldr	r1, [r3, #0]
1000047e:	4b23      	ldr	r3, [pc, #140]	@ (1000050c <core1_main+0xf8>)
10000480:	290c      	cmp	r1, #12
10000482:	d83a      	bhi.n	100004fa <core1_main+0xe6>
10000484:	4822      	ldr	r0, [pc, #136]	@ (10000510 <core1_main+0xfc>)
10000486:	4003      	ands	r3, r0
10000488:	02c9      	lsls	r1, r1, #11
1000048a:	430b      	orrs	r3, r1
1000048c:	210c      	movs	r1, #12
1000048e:	438b      	bics	r3, r1
10000490:	2008      	movs	r0, #8
10000492:	4303      	orrs	r3, r0
10000494:	481f      	ldr	r0, [pc, #124]	@ (10000514 <core1_main+0x100>)
10000496:	4003      	ands	r3, r0
10000498:	481f      	ldr	r0, [pc, #124]	@ (10000518 <core1_main+0x104>)
1000049a:	4003      	ands	r3, r0
1000049c:	481f      	ldr	r0, [pc, #124]	@ (1000051c <core1_main+0x108>)
1000049e:	4003      	ands	r3, r0
100004a0:	2001      	movs	r0, #1
100004a2:	4303      	orrs	r3, r0
100004a4:	481e      	ldr	r0, [pc, #120]	@ (10000520 <core1_main+0x10c>)
100004a6:	4003      	ands	r3, r0
100004a8:	2002      	movs	r0, #2
100004aa:	4383      	bics	r3, r0
100004ac:	438b      	bics	r3, r1
100004ae:	491d      	ldr	r1, [pc, #116]	@ (10000524 <core1_main+0x110>)
100004b0:	400b      	ands	r3, r1
100004b2:	2188      	movs	r1, #136	@ 0x88
100004b4:	0309      	lsls	r1, r1, #12
100004b6:	430b      	orrs	r3, r1
100004b8:	2110      	movs	r1, #16
100004ba:	438b      	bics	r3, r1
100004bc:	3110      	adds	r1, #16
100004be:	438b      	bics	r3, r1
100004c0:	430b      	orrs	r3, r1
100004c2:	491a      	ldr	r1, [pc, #104]	@ (1000052c <core1_main+0x118>)
100004c4:	6809      	ldr	r1, [r1, #0]
100004c6:	0189      	lsls	r1, r1, #6
100004c8:	20a0      	movs	r0, #160	@ 0xa0
100004ca:	05c0      	lsls	r0, r0, #23
100004cc:	4684      	mov	ip, r0
100004ce:	4461      	add	r1, ip
100004d0:	600a      	str	r2, [r1, #0]
100004d2:	2200      	movs	r2, #0
100004d4:	604a      	str	r2, [r1, #4]
100004d6:	3205      	adds	r2, #5
100004d8:	608a      	str	r2, [r1, #8]
100004da:	610b      	str	r3, [r1, #16]
100004dc:	4b14      	ldr	r3, [pc, #80]	@ (10000530 <core1_main+0x11c>)
100004de:	3a04      	subs	r2, #4
100004e0:	2104      	movs	r1, #4
100004e2:	2003      	movs	r0, #3
100004e4:	f000 fb3c 	bl	10000b60 <gpio_set_irq_enabled_with_callback>
100004e8:	bf30      	wfi
100004ea:	bd10      	pop	{r4, pc}
100004ec:	212a      	movs	r1, #42	@ 0x2a
100004ee:	4b11      	ldr	r3, [pc, #68]	@ (10000534 <core1_main+0x120>)
100004f0:	4a11      	ldr	r2, [pc, #68]	@ (10000538 <core1_main+0x124>)
100004f2:	31ff      	adds	r1, #255	@ 0xff
100004f4:	4811      	ldr	r0, [pc, #68]	@ (1000053c <core1_main+0x128>)
100004f6:	f003 ff3f 	bl	10004378 <__assert_func>
100004fa:	212a      	movs	r1, #42	@ 0x2a
100004fc:	4b0d      	ldr	r3, [pc, #52]	@ (10000534 <core1_main+0x120>)
100004fe:	4a0e      	ldr	r2, [pc, #56]	@ (10000538 <core1_main+0x124>)
10000500:	31ff      	adds	r1, #255	@ 0xff
10000502:	480e      	ldr	r0, [pc, #56]	@ (1000053c <core1_main+0x128>)
10000504:	f003 ff38 	bl	10004378 <__assert_func>
10000508:	20006504 	.word	0x20006504
1000050c:	001f8010 	.word	0x001f8010
10000510:	ffff87ff 	.word	0xffff87ff
10000514:	fffff83f 	.word	0xfffff83f
10000518:	ffbfffff 	.word	0xffbfffff
1000051c:	ffdfffff 	.word	0xffdfffff
10000520:	ff7fffff 	.word	0xff7fffff
10000524:	ffe07fff 	.word	0xffe07fff
10000528:	4003c008 	.word	0x4003c008
1000052c:	200062f0 	.word	0x200062f0
10000530:	100002d1 	.word	0x100002d1
10000534:	10008e98 	.word	0x10008e98
10000538:	10009080 	.word	0x10009080
1000053c:	10008eb8 	.word	0x10008eb8

10000540 <write_reg>:
10000540:	b5f0      	push	{r4, r5, r6, r7, lr}
10000542:	46c6      	mov	lr, r8
10000544:	b500      	push	{lr}
10000546:	b082      	sub	sp, #8
10000548:	000b      	movs	r3, r1
1000054a:	0015      	movs	r5, r2
1000054c:	0080      	lsls	r0, r0, #2
1000054e:	2242      	movs	r2, #66	@ 0x42
10000550:	4310      	orrs	r0, r2
10000552:	466a      	mov	r2, sp
10000554:	1dd1      	adds	r1, r2, #7
10000556:	7008      	strb	r0, [r1, #0]
10000558:	0c1a      	lsrs	r2, r3, #16
1000055a:	ac01      	add	r4, sp, #4
1000055c:	7022      	strb	r2, [r4, #0]
1000055e:	0a1a      	lsrs	r2, r3, #8
10000560:	7062      	strb	r2, [r4, #1]
10000562:	70a3      	strb	r3, [r4, #2]
10000564:	26d0      	movs	r6, #208	@ 0xd0
10000566:	0636      	lsls	r6, r6, #24
10000568:	2720      	movs	r7, #32
1000056a:	61b7      	str	r7, [r6, #24]
1000056c:	4b0a      	ldr	r3, [pc, #40]	@ (10000598 <write_reg+0x58>)
1000056e:	4698      	mov	r8, r3
10000570:	2201      	movs	r2, #1
10000572:	0018      	movs	r0, r3
10000574:	f008 fc10 	bl	10008d98 <__spi_write_blocking_veneer>
10000578:	2103      	movs	r1, #3
1000057a:	1b49      	subs	r1, r1, r5
1000057c:	1861      	adds	r1, r4, r1
1000057e:	002a      	movs	r2, r5
10000580:	4640      	mov	r0, r8
10000582:	f008 fc09 	bl	10008d98 <__spi_write_blocking_veneer>
10000586:	6177      	str	r7, [r6, #20]
10000588:	200a      	movs	r0, #10
1000058a:	2100      	movs	r1, #0
1000058c:	f001 fac4 	bl	10001b18 <sleep_us>
10000590:	b002      	add	sp, #8
10000592:	bc80      	pop	{r7}
10000594:	46b8      	mov	r8, r7
10000596:	bdf0      	pop	{r4, r5, r6, r7, pc}
10000598:	4003c000 	.word	0x4003c000

1000059c <Setup_PWM_Clock>:
1000059c:	b5f0      	push	{r4, r5, r6, r7, lr}
1000059e:	b087      	sub	sp, #28
100005a0:	2104      	movs	r1, #4
100005a2:	2000      	movs	r0, #0
100005a4:	f000 fa5a 	bl	10000a5c <gpio_set_function>
100005a8:	2005      	movs	r0, #5
100005aa:	f001 fc67 	bl	10001e7c <clock_get_hz>
100005ae:	4916      	ldr	r1, [pc, #88]	@ (10000608 <Setup_PWM_Clock+0x6c>)
100005b0:	f001 feee 	bl	10002390 <__wrap___aeabi_uidiv>
100005b4:	b283      	uxth	r3, r0
100005b6:	469c      	mov	ip, r3
100005b8:	466a      	mov	r2, sp
100005ba:	2400      	movs	r4, #0
100005bc:	9400      	str	r4, [sp, #0]
100005be:	6054      	str	r4, [r2, #4]
100005c0:	6094      	str	r4, [r2, #8]
100005c2:	2110      	movs	r1, #16
100005c4:	6051      	str	r1, [r2, #4]
100005c6:	4911      	ldr	r1, [pc, #68]	@ (1000060c <Setup_PWM_Clock+0x70>)
100005c8:	6091      	str	r1, [r2, #8]
100005ca:	a903      	add	r1, sp, #12
100005cc:	000d      	movs	r5, r1
100005ce:	cac8      	ldmia	r2!, {r3, r6, r7}
100005d0:	c5c8      	stmia	r5!, {r3, r6, r7}
100005d2:	0400      	lsls	r0, r0, #16
100005d4:	0c00      	lsrs	r0, r0, #16
100005d6:	9005      	str	r0, [sp, #20]
100005d8:	4a0d      	ldr	r2, [pc, #52]	@ (10000610 <Setup_PWM_Clock+0x74>)
100005da:	6014      	str	r4, [r2, #0]
100005dc:	6094      	str	r4, [r2, #8]
100005de:	60d4      	str	r4, [r2, #12]
100005e0:	9805      	ldr	r0, [sp, #20]
100005e2:	6110      	str	r0, [r2, #16]
100005e4:	9904      	ldr	r1, [sp, #16]
100005e6:	6051      	str	r1, [r2, #4]
100005e8:	2101      	movs	r1, #1
100005ea:	9803      	ldr	r0, [sp, #12]
100005ec:	4301      	orrs	r1, r0
100005ee:	6011      	str	r1, [r2, #0]
100005f0:	4663      	mov	r3, ip
100005f2:	085b      	lsrs	r3, r3, #1
100005f4:	4a07      	ldr	r2, [pc, #28]	@ (10000614 <Setup_PWM_Clock+0x78>)
100005f6:	6812      	ldr	r2, [r2, #0]
100005f8:	4053      	eors	r3, r2
100005fa:	041b      	lsls	r3, r3, #16
100005fc:	0c1b      	lsrs	r3, r3, #16
100005fe:	4a06      	ldr	r2, [pc, #24]	@ (10000618 <Setup_PWM_Clock+0x7c>)
10000600:	6013      	str	r3, [r2, #0]
10000602:	b007      	add	sp, #28
10000604:	bdf0      	pop	{r4, r5, r6, r7, pc}
10000606:	46c0      	nop			@ (mov r8, r8)
10000608:	00989680 	.word	0x00989680
1000060c:	0000ffff 	.word	0x0000ffff
10000610:	40050000 	.word	0x40050000
10000614:	4005000c 	.word	0x4005000c
10000618:	4005100c 	.word	0x4005100c

1000061c <read_reg>:
1000061c:	b5f0      	push	{r4, r5, r6, r7, lr}
1000061e:	b083      	sub	sp, #12
10000620:	000c      	movs	r4, r1
10000622:	0080      	lsls	r0, r0, #2
10000624:	2341      	movs	r3, #65	@ 0x41
10000626:	4318      	orrs	r0, r3
10000628:	466b      	mov	r3, sp
1000062a:	1dd9      	adds	r1, r3, #7
1000062c:	7008      	strb	r0, [r1, #0]
1000062e:	4b14      	ldr	r3, [pc, #80]	@ (10000680 <read_reg+0x64>)
10000630:	881b      	ldrh	r3, [r3, #0]
10000632:	466a      	mov	r2, sp
10000634:	8093      	strh	r3, [r2, #4]
10000636:	2300      	movs	r3, #0
10000638:	7193      	strb	r3, [r2, #6]
1000063a:	4b12      	ldr	r3, [pc, #72]	@ (10000684 <read_reg+0x68>)
1000063c:	881a      	ldrh	r2, [r3, #0]
1000063e:	4668      	mov	r0, sp
10000640:	8002      	strh	r2, [r0, #0]
10000642:	789b      	ldrb	r3, [r3, #2]
10000644:	7083      	strb	r3, [r0, #2]
10000646:	25d0      	movs	r5, #208	@ 0xd0
10000648:	062d      	lsls	r5, r5, #24
1000064a:	2620      	movs	r6, #32
1000064c:	61ae      	str	r6, [r5, #24]
1000064e:	4f0e      	ldr	r7, [pc, #56]	@ (10000688 <read_reg+0x6c>)
10000650:	2201      	movs	r2, #1
10000652:	0038      	movs	r0, r7
10000654:	f008 fba0 	bl	10008d98 <__spi_write_blocking_veneer>
10000658:	0023      	movs	r3, r4
1000065a:	aa01      	add	r2, sp, #4
1000065c:	4669      	mov	r1, sp
1000065e:	0038      	movs	r0, r7
10000660:	f008 fba2 	bl	10008da8 <__spi_write_read_blocking_veneer>
10000664:	616e      	str	r6, [r5, #20]
10000666:	2200      	movs	r2, #0
10000668:	2000      	movs	r0, #0
1000066a:	e005      	b.n	10000678 <read_reg+0x5c>
1000066c:	0200      	lsls	r0, r0, #8
1000066e:	ab01      	add	r3, sp, #4
10000670:	5c9b      	ldrb	r3, [r3, r2]
10000672:	4318      	orrs	r0, r3
10000674:	3201      	adds	r2, #1
10000676:	b2d2      	uxtb	r2, r2
10000678:	42a2      	cmp	r2, r4
1000067a:	d3f7      	bcc.n	1000066c <read_reg+0x50>
1000067c:	b003      	add	sp, #12
1000067e:	bdf0      	pop	{r4, r5, r6, r7, pc}
10000680:	1000907c 	.word	0x1000907c
10000684:	10008f0c 	.word	0x10008f0c
10000688:	4003c000 	.word	0x4003c000

1000068c <verify_config>:
1000068c:	b510      	push	{r4, lr}
1000068e:	4816      	ldr	r0, [pc, #88]	@ (100006e8 <verify_config+0x5c>)
10000690:	f003 fff6 	bl	10004680 <__wrap_puts>
10000694:	2101      	movs	r1, #1
10000696:	2001      	movs	r0, #1
10000698:	f7ff ffc0 	bl	1000061c <read_reg>
1000069c:	0001      	movs	r1, r0
1000069e:	4813      	ldr	r0, [pc, #76]	@ (100006ec <verify_config+0x60>)
100006a0:	f004 f81e 	bl	100046e0 <__wrap_printf>
100006a4:	2101      	movs	r1, #1
100006a6:	2002      	movs	r0, #2
100006a8:	f7ff ffb8 	bl	1000061c <read_reg>
100006ac:	0001      	movs	r1, r0
100006ae:	4810      	ldr	r0, [pc, #64]	@ (100006f0 <verify_config+0x64>)
100006b0:	f004 f816 	bl	100046e0 <__wrap_printf>
100006b4:	2101      	movs	r1, #1
100006b6:	2003      	movs	r0, #3
100006b8:	f7ff ffb0 	bl	1000061c <read_reg>
100006bc:	0001      	movs	r1, r0
100006be:	480d      	ldr	r0, [pc, #52]	@ (100006f4 <verify_config+0x68>)
100006c0:	f004 f80e 	bl	100046e0 <__wrap_printf>
100006c4:	2101      	movs	r1, #1
100006c6:	2004      	movs	r0, #4
100006c8:	f7ff ffa8 	bl	1000061c <read_reg>
100006cc:	0001      	movs	r1, r0
100006ce:	480a      	ldr	r0, [pc, #40]	@ (100006f8 <verify_config+0x6c>)
100006d0:	f004 f806 	bl	100046e0 <__wrap_printf>
100006d4:	2103      	movs	r1, #3
100006d6:	2007      	movs	r0, #7
100006d8:	f7ff ffa0 	bl	1000061c <read_reg>
100006dc:	0001      	movs	r1, r0
100006de:	4807      	ldr	r0, [pc, #28]	@ (100006fc <verify_config+0x70>)
100006e0:	f003 fffe 	bl	100046e0 <__wrap_printf>
100006e4:	bd10      	pop	{r4, pc}
100006e6:	46c0      	nop			@ (mov r8, r8)
100006e8:	10008f10 	.word	0x10008f10
100006ec:	10008f34 	.word	0x10008f34
100006f0:	10008f58 	.word	0x10008f58
100006f4:	10008f7c 	.word	0x10008f7c
100006f8:	10008fa0 	.word	0x10008fa0
100006fc:	10008fc4 	.word	0x10008fc4

10000700 <main>:
10000700:	b5f0      	push	{r4, r5, r6, r7, lr}
10000702:	46c6      	mov	lr, r8
10000704:	b500      	push	{lr}
10000706:	b0c0      	sub	sp, #256	@ 0x100
10000708:	f003 ffb6 	bl	10004678 <stdio_init_all>
1000070c:	f7ff ff46 	bl	1000059c <Setup_PWM_Clock>
10000710:	4988      	ldr	r1, [pc, #544]	@ (10000934 <main+0x234>)
10000712:	4889      	ldr	r0, [pc, #548]	@ (10000938 <main+0x238>)
10000714:	f006 fdca 	bl	100072ac <spi_init>
10000718:	2800      	cmp	r0, #0
1000071a:	d103      	bne.n	10000724 <main+0x24>
1000071c:	4887      	ldr	r0, [pc, #540]	@ (1000093c <main+0x23c>)
1000071e:	f003 ffaf 	bl	10004680 <__wrap_puts>
10000722:	e7fe      	b.n	10000722 <main+0x22>
10000724:	4b84      	ldr	r3, [pc, #528]	@ (10000938 <main+0x238>)
10000726:	6858      	ldr	r0, [r3, #4]
10000728:	2202      	movs	r2, #2
1000072a:	4010      	ands	r0, r2
1000072c:	4984      	ldr	r1, [pc, #528]	@ (10000940 <main+0x240>)
1000072e:	24c0      	movs	r4, #192	@ 0xc0
10000730:	01a4      	lsls	r4, r4, #6
10000732:	190c      	adds	r4, r1, r4
10000734:	6022      	str	r2, [r4, #0]
10000736:	681a      	ldr	r2, [r3, #0]
10000738:	2407      	movs	r4, #7
1000073a:	4062      	eors	r2, r4
1000073c:	25cf      	movs	r5, #207	@ 0xcf
1000073e:	402a      	ands	r2, r5
10000740:	2580      	movs	r5, #128	@ 0x80
10000742:	016d      	lsls	r5, r5, #5
10000744:	46ac      	mov	ip, r5
10000746:	4463      	add	r3, ip
10000748:	601a      	str	r2, [r3, #0]
1000074a:	2380      	movs	r3, #128	@ 0x80
1000074c:	019b      	lsls	r3, r3, #6
1000074e:	469c      	mov	ip, r3
10000750:	4461      	add	r1, ip
10000752:	6008      	str	r0, [r1, #0]
10000754:	2101      	movs	r1, #1
10000756:	2004      	movs	r0, #4
10000758:	f000 f980 	bl	10000a5c <gpio_set_function>
1000075c:	2101      	movs	r1, #1
1000075e:	2006      	movs	r0, #6
10000760:	f000 f97c 	bl	10000a5c <gpio_set_function>
10000764:	2101      	movs	r1, #1
10000766:	0020      	movs	r0, r4
10000768:	f000 f978 	bl	10000a5c <gpio_set_function>
1000076c:	2005      	movs	r0, #5
1000076e:	f000 fa0b 	bl	10000b88 <gpio_init>
10000772:	24d0      	movs	r4, #208	@ 0xd0
10000774:	0624      	lsls	r4, r4, #24
10000776:	2320      	movs	r3, #32
10000778:	6263      	str	r3, [r4, #36]	@ 0x24
1000077a:	6163      	str	r3, [r4, #20]
1000077c:	2003      	movs	r0, #3
1000077e:	f000 fa03 	bl	10000b88 <gpio_init>
10000782:	2308      	movs	r3, #8
10000784:	62a3      	str	r3, [r4, #40]	@ 0x28
10000786:	2200      	movs	r2, #0
10000788:	2101      	movs	r1, #1
1000078a:	2003      	movs	r0, #3
1000078c:	f000 f980 	bl	10000a90 <gpio_set_pulls>
10000790:	2064      	movs	r0, #100	@ 0x64
10000792:	f001 f9d3 	bl	10001b3c <sleep_ms>
10000796:	2001      	movs	r0, #1
10000798:	f006 fdce 	bl	10007338 <dma_claim_unused_channel>
1000079c:	4c69      	ldr	r4, [pc, #420]	@ (10000944 <main+0x244>)
1000079e:	6020      	str	r0, [r4, #0]
100007a0:	2001      	movs	r0, #1
100007a2:	f006 fdc9 	bl	10007338 <dma_claim_unused_channel>
100007a6:	4b68      	ldr	r3, [pc, #416]	@ (10000948 <main+0x248>)
100007a8:	6018      	str	r0, [r3, #0]
100007aa:	6823      	ldr	r3, [r4, #0]
100007ac:	2b00      	cmp	r3, #0
100007ae:	db01      	blt.n	100007b4 <main+0xb4>
100007b0:	2800      	cmp	r0, #0
100007b2:	da03      	bge.n	100007bc <main+0xbc>
100007b4:	4865      	ldr	r0, [pc, #404]	@ (1000094c <main+0x24c>)
100007b6:	f003 ff63 	bl	10004680 <__wrap_puts>
100007ba:	e7fe      	b.n	100007ba <main+0xba>
100007bc:	2001      	movs	r0, #1
100007be:	f000 fa93 	bl	10000ce8 <spin_lock_claim_unused>
100007c2:	f000 fab1 	bl	10000d28 <spin_lock_init>
100007c6:	4b62      	ldr	r3, [pc, #392]	@ (10000950 <main+0x250>)
100007c8:	6018      	str	r0, [r3, #0]
100007ca:	2201      	movs	r2, #1
100007cc:	21a5      	movs	r1, #165	@ 0xa5
100007ce:	200d      	movs	r0, #13
100007d0:	f7ff feb6 	bl	10000540 <write_reg>
100007d4:	2201      	movs	r2, #1
100007d6:	2103      	movs	r1, #3
100007d8:	0010      	movs	r0, r2
100007da:	f7ff feb1 	bl	10000540 <write_reg>
100007de:	2201      	movs	r2, #1
100007e0:	2100      	movs	r1, #0
100007e2:	2002      	movs	r0, #2
100007e4:	f7ff feac 	bl	10000540 <write_reg>
100007e8:	2201      	movs	r2, #1
100007ea:	21c0      	movs	r1, #192	@ 0xc0
100007ec:	2003      	movs	r0, #3
100007ee:	f7ff fea7 	bl	10000540 <write_reg>
100007f2:	2201      	movs	r2, #1
100007f4:	21f0      	movs	r1, #240	@ 0xf0
100007f6:	2004      	movs	r0, #4
100007f8:	f7ff fea2 	bl	10000540 <write_reg>
100007fc:	2203      	movs	r2, #3
100007fe:	0011      	movs	r1, r2
10000800:	2007      	movs	r0, #7
10000802:	f7ff fe9d 	bl	10000540 <write_reg>
10000806:	f7ff ff41 	bl	1000068c <verify_config>
1000080a:	4852      	ldr	r0, [pc, #328]	@ (10000954 <main+0x254>)
1000080c:	f006 fe20 	bl	10007450 <multicore_launch_core1>
10000810:	e024      	b.n	1000085c <main+0x15c>
10000812:	4b51      	ldr	r3, [pc, #324]	@ (10000958 <main+0x258>)
10000814:	681b      	ldr	r3, [r3, #0]
10000816:	4a51      	ldr	r2, [pc, #324]	@ (1000095c <main+0x25c>)
10000818:	6812      	ldr	r2, [r2, #0]
1000081a:	1a9b      	subs	r3, r3, r2
1000081c:	2280      	movs	r2, #128	@ 0x80
1000081e:	01d2      	lsls	r2, r2, #7
10000820:	4694      	mov	ip, r2
10000822:	4463      	add	r3, ip
10000824:	e02f      	b.n	10000886 <main+0x186>
10000826:	4f4d      	ldr	r7, [pc, #308]	@ (1000095c <main+0x25c>)
10000828:	683c      	ldr	r4, [r7, #0]
1000082a:	1b16      	subs	r6, r2, r4
1000082c:	6839      	ldr	r1, [r7, #0]
1000082e:	4b4c      	ldr	r3, [pc, #304]	@ (10000960 <main+0x260>)
10000830:	4698      	mov	r8, r3
10000832:	4441      	add	r1, r8
10000834:	0032      	movs	r2, r6
10000836:	4668      	mov	r0, sp
10000838:	f002 fca4 	bl	10003184 <__wrap___aeabi_memcpy>
1000083c:	4b49      	ldr	r3, [pc, #292]	@ (10000964 <main+0x264>)
1000083e:	469c      	mov	ip, r3
10000840:	4464      	add	r4, ip
10000842:	0030      	movs	r0, r6
10000844:	4468      	add	r0, sp
10000846:	0022      	movs	r2, r4
10000848:	4641      	mov	r1, r8
1000084a:	f002 fc9b 	bl	10003184 <__wrap___aeabi_memcpy>
1000084e:	603c      	str	r4, [r7, #0]
10000850:	e044      	b.n	100008dc <main+0x1dc>
10000852:	4b45      	ldr	r3, [pc, #276]	@ (10000968 <main+0x268>)
10000854:	681b      	ldr	r3, [r3, #0]
10000856:	6898      	ldr	r0, [r3, #8]
10000858:	f006 fee2 	bl	10007620 <fflush>
1000085c:	4b3c      	ldr	r3, [pc, #240]	@ (10000950 <main+0x250>)
1000085e:	681a      	ldr	r2, [r3, #0]
10000860:	f3ef 8110 	mrs	r1, PRIMASK
10000864:	b672      	cpsid	i
10000866:	6813      	ldr	r3, [r2, #0]
10000868:	2b00      	cmp	r3, #0
1000086a:	d0fc      	beq.n	10000866 <main+0x166>
1000086c:	f3bf 8f5f 	dmb	sy
10000870:	4b39      	ldr	r3, [pc, #228]	@ (10000958 <main+0x258>)
10000872:	681a      	ldr	r2, [r3, #0]
10000874:	4b39      	ldr	r3, [pc, #228]	@ (1000095c <main+0x25c>)
10000876:	681b      	ldr	r3, [r3, #0]
10000878:	429a      	cmp	r2, r3
1000087a:	d3ca      	bcc.n	10000812 <main+0x112>
1000087c:	4b36      	ldr	r3, [pc, #216]	@ (10000958 <main+0x258>)
1000087e:	681b      	ldr	r3, [r3, #0]
10000880:	4a36      	ldr	r2, [pc, #216]	@ (1000095c <main+0x25c>)
10000882:	6812      	ldr	r2, [r2, #0]
10000884:	1a9b      	subs	r3, r3, r2
10000886:	4a32      	ldr	r2, [pc, #200]	@ (10000950 <main+0x250>)
10000888:	6812      	ldr	r2, [r2, #0]
1000088a:	f3bf 8f5f 	dmb	sy
1000088e:	2000      	movs	r0, #0
10000890:	6010      	str	r0, [r2, #0]
10000892:	f381 8810 	msr	PRIMASK, r1
10000896:	2bff      	cmp	r3, #255	@ 0xff
10000898:	d93b      	bls.n	10000912 <main+0x212>
1000089a:	4b2d      	ldr	r3, [pc, #180]	@ (10000950 <main+0x250>)
1000089c:	681a      	ldr	r2, [r3, #0]
1000089e:	f3ef 8510 	mrs	r5, PRIMASK
100008a2:	b672      	cpsid	i
100008a4:	6813      	ldr	r3, [r2, #0]
100008a6:	2b00      	cmp	r3, #0
100008a8:	d0fc      	beq.n	100008a4 <main+0x1a4>
100008aa:	f3bf 8f5f 	dmb	sy
100008ae:	4b2b      	ldr	r3, [pc, #172]	@ (1000095c <main+0x25c>)
100008b0:	681b      	ldr	r3, [r3, #0]
100008b2:	3301      	adds	r3, #1
100008b4:	33ff      	adds	r3, #255	@ 0xff
100008b6:	2280      	movs	r2, #128	@ 0x80
100008b8:	01d2      	lsls	r2, r2, #7
100008ba:	4293      	cmp	r3, r2
100008bc:	d8b3      	bhi.n	10000826 <main+0x126>
100008be:	4c27      	ldr	r4, [pc, #156]	@ (1000095c <main+0x25c>)
100008c0:	6821      	ldr	r1, [r4, #0]
100008c2:	4b27      	ldr	r3, [pc, #156]	@ (10000960 <main+0x260>)
100008c4:	18c9      	adds	r1, r1, r3
100008c6:	2280      	movs	r2, #128	@ 0x80
100008c8:	0052      	lsls	r2, r2, #1
100008ca:	4668      	mov	r0, sp
100008cc:	f002 fc5a 	bl	10003184 <__wrap___aeabi_memcpy>
100008d0:	6823      	ldr	r3, [r4, #0]
100008d2:	3301      	adds	r3, #1
100008d4:	33ff      	adds	r3, #255	@ 0xff
100008d6:	049b      	lsls	r3, r3, #18
100008d8:	0c9b      	lsrs	r3, r3, #18
100008da:	6023      	str	r3, [r4, #0]
100008dc:	4b1c      	ldr	r3, [pc, #112]	@ (10000950 <main+0x250>)
100008de:	681b      	ldr	r3, [r3, #0]
100008e0:	f3bf 8f5f 	dmb	sy
100008e4:	2200      	movs	r2, #0
100008e6:	601a      	str	r2, [r3, #0]
100008e8:	f385 8810 	msr	PRIMASK, r5
100008ec:	4b1e      	ldr	r3, [pc, #120]	@ (10000968 <main+0x268>)
100008ee:	681b      	ldr	r3, [r3, #0]
100008f0:	689b      	ldr	r3, [r3, #8]
100008f2:	2480      	movs	r4, #128	@ 0x80
100008f4:	0064      	lsls	r4, r4, #1
100008f6:	0022      	movs	r2, r4
100008f8:	2101      	movs	r1, #1
100008fa:	4668      	mov	r0, sp
100008fc:	f007 f920 	bl	10007b40 <fwrite>
10000900:	0001      	movs	r1, r0
10000902:	42a0      	cmp	r0, r4
10000904:	d0a5      	beq.n	10000852 <main+0x152>
10000906:	2280      	movs	r2, #128	@ 0x80
10000908:	0052      	lsls	r2, r2, #1
1000090a:	4818      	ldr	r0, [pc, #96]	@ (1000096c <main+0x26c>)
1000090c:	f003 fee8 	bl	100046e0 <__wrap_printf>
10000910:	e79f      	b.n	10000852 <main+0x152>
10000912:	4b17      	ldr	r3, [pc, #92]	@ (10000970 <main+0x270>)
10000914:	681b      	ldr	r3, [r3, #0]
10000916:	2b00      	cmp	r3, #0
10000918:	d103      	bne.n	10000922 <main+0x222>
1000091a:	2001      	movs	r0, #1
1000091c:	f001 f90e 	bl	10001b3c <sleep_ms>
10000920:	e79c      	b.n	1000085c <main+0x15c>
10000922:	4c13      	ldr	r4, [pc, #76]	@ (10000970 <main+0x270>)
10000924:	6821      	ldr	r1, [r4, #0]
10000926:	4813      	ldr	r0, [pc, #76]	@ (10000974 <main+0x274>)
10000928:	f003 feda 	bl	100046e0 <__wrap_printf>
1000092c:	2300      	movs	r3, #0
1000092e:	6023      	str	r3, [r4, #0]
10000930:	e7f3      	b.n	1000091a <main+0x21a>
10000932:	46c0      	nop			@ (mov r8, r8)
10000934:	00989680 	.word	0x00989680
10000938:	4003c000 	.word	0x4003c000
1000093c:	10008fe8 	.word	0x10008fe8
10000940:	4003c004 	.word	0x4003c004
10000944:	20006504 	.word	0x20006504
10000948:	200062f0 	.word	0x200062f0
1000094c:	10009004 	.word	0x10009004
10000950:	20001e30 	.word	0x20001e30
10000954:	10000415 	.word	0x10000415
10000958:	2000651c 	.word	0x2000651c
1000095c:	200062dc 	.word	0x200062dc
10000960:	20001e74 	.word	0x20001e74
10000964:	ffffc100 	.word	0xffffc100
10000968:	20000d78 	.word	0x20000d78
1000096c:	10009024 	.word	0x10009024
10000970:	20005ea0 	.word	0x20005ea0
10000974:	10009050 	.word	0x10009050

10000978 <gpio_default_irq_handler>:
10000978:	b5f8      	push	{r3, r4, r5, r6, r7, lr}
1000097a:	46ce      	mov	lr, r9
1000097c:	4647      	mov	r7, r8
1000097e:	b580      	push	{r7, lr}
10000980:	23d0      	movs	r3, #208	@ 0xd0
10000982:	061b      	lsls	r3, r3, #24
10000984:	681f      	ldr	r7, [r3, #0]
10000986:	00ba      	lsls	r2, r7, #2
10000988:	4b20      	ldr	r3, [pc, #128]	@ (10000a0c <gpio_default_irq_handler+0x94>)
1000098a:	58d3      	ldr	r3, [r2, r3]
1000098c:	4698      	mov	r8, r3
1000098e:	2f00      	cmp	r7, #0
10000990:	d003      	beq.n	1000099a <gpio_default_irq_handler+0x22>
10000992:	4b1f      	ldr	r3, [pc, #124]	@ (10000a10 <gpio_default_irq_handler+0x98>)
10000994:	4699      	mov	r9, r3
10000996:	2600      	movs	r6, #0
10000998:	e02a      	b.n	100009f0 <gpio_default_irq_handler+0x78>
1000099a:	4b1e      	ldr	r3, [pc, #120]	@ (10000a14 <gpio_default_irq_handler+0x9c>)
1000099c:	4699      	mov	r9, r3
1000099e:	e7fa      	b.n	10000996 <gpio_default_irq_handler+0x1e>
100009a0:	40eb      	lsrs	r3, r5
100009a2:	e012      	b.n	100009ca <gpio_default_irq_handler+0x52>
100009a4:	0924      	lsrs	r4, r4, #4
100009a6:	3501      	adds	r5, #1
100009a8:	2c00      	cmp	r4, #0
100009aa:	d020      	beq.n	100009ee <gpio_default_irq_handler+0x76>
100009ac:	0033      	movs	r3, r6
100009ae:	3308      	adds	r3, #8
100009b0:	42ab      	cmp	r3, r5
100009b2:	d91c      	bls.n	100009ee <gpio_default_irq_handler+0x76>
100009b4:	230f      	movs	r3, #15
100009b6:	0019      	movs	r1, r3
100009b8:	4021      	ands	r1, r4
100009ba:	4223      	tst	r3, r4
100009bc:	d0f2      	beq.n	100009a4 <gpio_default_irq_handler+0x2c>
100009be:	00bb      	lsls	r3, r7, #2
100009c0:	4a15      	ldr	r2, [pc, #84]	@ (10000a18 <gpio_default_irq_handler+0xa0>)
100009c2:	589b      	ldr	r3, [r3, r2]
100009c4:	2d20      	cmp	r5, #32
100009c6:	d4eb      	bmi.n	100009a0 <gpio_default_irq_handler+0x28>
100009c8:	2300      	movs	r3, #0
100009ca:	07db      	lsls	r3, r3, #31
100009cc:	d4ea      	bmi.n	100009a4 <gpio_default_irq_handler+0x2c>
100009ce:	2207      	movs	r2, #7
100009d0:	402a      	ands	r2, r5
100009d2:	0092      	lsls	r2, r2, #2
100009d4:	08eb      	lsrs	r3, r5, #3
100009d6:	0008      	movs	r0, r1
100009d8:	4090      	lsls	r0, r2
100009da:	333c      	adds	r3, #60	@ 0x3c
100009dc:	009b      	lsls	r3, r3, #2
100009de:	4a0f      	ldr	r2, [pc, #60]	@ (10000a1c <gpio_default_irq_handler+0xa4>)
100009e0:	5098      	str	r0, [r3, r2]
100009e2:	4643      	mov	r3, r8
100009e4:	2b00      	cmp	r3, #0
100009e6:	d0dd      	beq.n	100009a4 <gpio_default_irq_handler+0x2c>
100009e8:	0028      	movs	r0, r5
100009ea:	47c0      	blx	r8
100009ec:	e7da      	b.n	100009a4 <gpio_default_irq_handler+0x2c>
100009ee:	3608      	adds	r6, #8
100009f0:	2e1d      	cmp	r6, #29
100009f2:	d806      	bhi.n	10000a02 <gpio_default_irq_handler+0x8a>
100009f4:	08f3      	lsrs	r3, r6, #3
100009f6:	3308      	adds	r3, #8
100009f8:	009b      	lsls	r3, r3, #2
100009fa:	464a      	mov	r2, r9
100009fc:	589c      	ldr	r4, [r3, r2]
100009fe:	0035      	movs	r5, r6
10000a00:	e7d2      	b.n	100009a8 <gpio_default_irq_handler+0x30>
10000a02:	bcc0      	pop	{r6, r7}
10000a04:	46b9      	mov	r9, r7
10000a06:	46b0      	mov	r8, r6
10000a08:	bdf8      	pop	{r3, r4, r5, r6, r7, pc}
10000a0a:	46c0      	nop			@ (mov r8, r8)
10000a0c:	20001e34 	.word	0x20001e34
10000a10:	40014130 	.word	0x40014130
10000a14:	40014100 	.word	0x40014100
10000a18:	200062d4 	.word	0x200062d4
10000a1c:	40014000 	.word	0x40014000

10000a20 <_gpio_set_irq_enabled>:
10000a20:	b530      	push	{r4, r5, lr}
10000a22:	2407      	movs	r4, #7
10000a24:	4004      	ands	r4, r0
10000a26:	00a4      	lsls	r4, r4, #2
10000a28:	08c0      	lsrs	r0, r0, #3
10000a2a:	40a1      	lsls	r1, r4
10000a2c:	0004      	movs	r4, r0
10000a2e:	343c      	adds	r4, #60	@ 0x3c
10000a30:	00a4      	lsls	r4, r4, #2
10000a32:	4d09      	ldr	r5, [pc, #36]	@ (10000a58 <_gpio_set_irq_enabled+0x38>)
10000a34:	5161      	str	r1, [r4, r5]
10000a36:	0080      	lsls	r0, r0, #2
10000a38:	1818      	adds	r0, r3, r0
10000a3a:	2a00      	cmp	r2, #0
10000a3c:	d005      	beq.n	10000a4a <_gpio_set_irq_enabled+0x2a>
10000a3e:	2380      	movs	r3, #128	@ 0x80
10000a40:	019b      	lsls	r3, r3, #6
10000a42:	469c      	mov	ip, r3
10000a44:	4460      	add	r0, ip
10000a46:	6001      	str	r1, [r0, #0]
10000a48:	bd30      	pop	{r4, r5, pc}
10000a4a:	23c0      	movs	r3, #192	@ 0xc0
10000a4c:	019b      	lsls	r3, r3, #6
10000a4e:	469c      	mov	ip, r3
10000a50:	4460      	add	r0, ip
10000a52:	6001      	str	r1, [r0, #0]
10000a54:	e7f8      	b.n	10000a48 <_gpio_set_irq_enabled+0x28>
10000a56:	46c0      	nop			@ (mov r8, r8)
10000a58:	40014000 	.word	0x40014000

10000a5c <gpio_set_function>:
10000a5c:	b510      	push	{r4, lr}
10000a5e:	0083      	lsls	r3, r0, #2
10000a60:	4a08      	ldr	r2, [pc, #32]	@ (10000a84 <gpio_set_function+0x28>)
10000a62:	189a      	adds	r2, r3, r2
10000a64:	6812      	ldr	r2, [r2, #0]
10000a66:	2440      	movs	r4, #64	@ 0x40
10000a68:	4054      	eors	r4, r2
10000a6a:	22c0      	movs	r2, #192	@ 0xc0
10000a6c:	4022      	ands	r2, r4
10000a6e:	4c06      	ldr	r4, [pc, #24]	@ (10000a88 <gpio_set_function+0x2c>)
10000a70:	46a4      	mov	ip, r4
10000a72:	4463      	add	r3, ip
10000a74:	601a      	str	r2, [r3, #0]
10000a76:	00c0      	lsls	r0, r0, #3
10000a78:	4b04      	ldr	r3, [pc, #16]	@ (10000a8c <gpio_set_function+0x30>)
10000a7a:	469c      	mov	ip, r3
10000a7c:	4460      	add	r0, ip
10000a7e:	6041      	str	r1, [r0, #4]
10000a80:	bd10      	pop	{r4, pc}
10000a82:	46c0      	nop			@ (mov r8, r8)
10000a84:	4001c004 	.word	0x4001c004
10000a88:	4001d004 	.word	0x4001d004
10000a8c:	40014000 	.word	0x40014000

10000a90 <gpio_set_pulls>:
10000a90:	0080      	lsls	r0, r0, #2
10000a92:	4b0c      	ldr	r3, [pc, #48]	@ (10000ac4 <gpio_set_pulls+0x34>)
10000a94:	469c      	mov	ip, r3
10000a96:	4460      	add	r0, ip
10000a98:	2900      	cmp	r1, #0
10000a9a:	d00e      	beq.n	10000aba <gpio_set_pulls+0x2a>
10000a9c:	2308      	movs	r3, #8
10000a9e:	2a00      	cmp	r2, #0
10000aa0:	d00d      	beq.n	10000abe <gpio_set_pulls+0x2e>
10000aa2:	2204      	movs	r2, #4
10000aa4:	4313      	orrs	r3, r2
10000aa6:	6802      	ldr	r2, [r0, #0]
10000aa8:	4053      	eors	r3, r2
10000aaa:	220c      	movs	r2, #12
10000aac:	4013      	ands	r3, r2
10000aae:	2280      	movs	r2, #128	@ 0x80
10000ab0:	0152      	lsls	r2, r2, #5
10000ab2:	4694      	mov	ip, r2
10000ab4:	4460      	add	r0, ip
10000ab6:	6003      	str	r3, [r0, #0]
10000ab8:	4770      	bx	lr
10000aba:	2300      	movs	r3, #0
10000abc:	e7ef      	b.n	10000a9e <gpio_set_pulls+0xe>
10000abe:	2200      	movs	r2, #0
10000ac0:	e7f0      	b.n	10000aa4 <gpio_set_pulls+0x14>
10000ac2:	46c0      	nop			@ (mov r8, r8)
10000ac4:	4001c004 	.word	0x4001c004

10000ac8 <gpio_set_irq_enabled>:
10000ac8:	b570      	push	{r4, r5, r6, lr}
10000aca:	0006      	movs	r6, r0
10000acc:	000d      	movs	r5, r1
10000ace:	1e14      	subs	r4, r2, #0
10000ad0:	d10b      	bne.n	10000aea <gpio_set_irq_enabled+0x22>
10000ad2:	23d0      	movs	r3, #208	@ 0xd0
10000ad4:	061b      	lsls	r3, r3, #24
10000ad6:	681b      	ldr	r3, [r3, #0]
10000ad8:	2b00      	cmp	r3, #0
10000ada:	d011      	beq.n	10000b00 <gpio_set_irq_enabled+0x38>
10000adc:	4b09      	ldr	r3, [pc, #36]	@ (10000b04 <gpio_set_irq_enabled+0x3c>)
10000ade:	0022      	movs	r2, r4
10000ae0:	0029      	movs	r1, r5
10000ae2:	0030      	movs	r0, r6
10000ae4:	f7ff ff9c 	bl	10000a20 <_gpio_set_irq_enabled>
10000ae8:	bd70      	pop	{r4, r5, r6, pc}
10000aea:	200d      	movs	r0, #13
10000aec:	f000 f9e4 	bl	10000eb8 <irq_has_handler>
10000af0:	2800      	cmp	r0, #0
10000af2:	d1ee      	bne.n	10000ad2 <gpio_set_irq_enabled+0xa>
10000af4:	4b04      	ldr	r3, [pc, #16]	@ (10000b08 <gpio_set_irq_enabled+0x40>)
10000af6:	4a05      	ldr	r2, [pc, #20]	@ (10000b0c <gpio_set_irq_enabled+0x44>)
10000af8:	21bd      	movs	r1, #189	@ 0xbd
10000afa:	4805      	ldr	r0, [pc, #20]	@ (10000b10 <gpio_set_irq_enabled+0x48>)
10000afc:	f003 fc3c 	bl	10004378 <__assert_func>
10000b00:	4b04      	ldr	r3, [pc, #16]	@ (10000b14 <gpio_set_irq_enabled+0x4c>)
10000b02:	e7ec      	b.n	10000ade <gpio_set_irq_enabled+0x16>
10000b04:	40014130 	.word	0x40014130
10000b08:	1000909c 	.word	0x1000909c
10000b0c:	1000910c 	.word	0x1000910c
10000b10:	100090c8 	.word	0x100090c8
10000b14:	40014100 	.word	0x40014100

10000b18 <gpio_set_irq_callback>:
10000b18:	b570      	push	{r4, r5, r6, lr}
10000b1a:	0004      	movs	r4, r0
10000b1c:	23d0      	movs	r3, #208	@ 0xd0
10000b1e:	061b      	lsls	r3, r3, #24
10000b20:	681d      	ldr	r5, [r3, #0]
10000b22:	00aa      	lsls	r2, r5, #2
10000b24:	4b0c      	ldr	r3, [pc, #48]	@ (10000b58 <gpio_set_irq_callback+0x40>)
10000b26:	58d3      	ldr	r3, [r2, r3]
10000b28:	2b00      	cmp	r3, #0
10000b2a:	d00a      	beq.n	10000b42 <gpio_set_irq_callback+0x2a>
10000b2c:	2800      	cmp	r0, #0
10000b2e:	d003      	beq.n	10000b38 <gpio_set_irq_callback+0x20>
10000b30:	00ad      	lsls	r5, r5, #2
10000b32:	4b09      	ldr	r3, [pc, #36]	@ (10000b58 <gpio_set_irq_callback+0x40>)
10000b34:	50ec      	str	r4, [r5, r3]
10000b36:	bd70      	pop	{r4, r5, r6, pc}
10000b38:	4908      	ldr	r1, [pc, #32]	@ (10000b5c <gpio_set_irq_callback+0x44>)
10000b3a:	200d      	movs	r0, #13
10000b3c:	f000 fb12 	bl	10001164 <irq_remove_handler>
10000b40:	e7f6      	b.n	10000b30 <gpio_set_irq_callback+0x18>
10000b42:	2800      	cmp	r0, #0
10000b44:	d0f7      	beq.n	10000b36 <gpio_set_irq_callback+0x1e>
10000b46:	00ad      	lsls	r5, r5, #2
10000b48:	4b03      	ldr	r3, [pc, #12]	@ (10000b58 <gpio_set_irq_callback+0x40>)
10000b4a:	50e8      	str	r0, [r5, r3]
10000b4c:	2200      	movs	r2, #0
10000b4e:	4903      	ldr	r1, [pc, #12]	@ (10000b5c <gpio_set_irq_callback+0x44>)
10000b50:	200d      	movs	r0, #13
10000b52:	f000 f9eb 	bl	10000f2c <irq_add_shared_handler>
10000b56:	e7ee      	b.n	10000b36 <gpio_set_irq_callback+0x1e>
10000b58:	20001e34 	.word	0x20001e34
10000b5c:	10000979 	.word	0x10000979

10000b60 <gpio_set_irq_enabled_with_callback>:
10000b60:	b570      	push	{r4, r5, r6, lr}
10000b62:	0005      	movs	r5, r0
10000b64:	000e      	movs	r6, r1
10000b66:	0014      	movs	r4, r2
10000b68:	0018      	movs	r0, r3
10000b6a:	f7ff ffd5 	bl	10000b18 <gpio_set_irq_callback>
10000b6e:	0022      	movs	r2, r4
10000b70:	0031      	movs	r1, r6
10000b72:	0028      	movs	r0, r5
10000b74:	f7ff ffa8 	bl	10000ac8 <gpio_set_irq_enabled>
10000b78:	2c00      	cmp	r4, #0
10000b7a:	d100      	bne.n	10000b7e <gpio_set_irq_enabled_with_callback+0x1e>
10000b7c:	bd70      	pop	{r4, r5, r6, pc}
10000b7e:	2101      	movs	r1, #1
10000b80:	200d      	movs	r0, #13
10000b82:	f000 f971 	bl	10000e68 <irq_set_enabled>
10000b86:	e7f9      	b.n	10000b7c <gpio_set_irq_enabled_with_callback+0x1c>

10000b88 <gpio_init>:
10000b88:	b510      	push	{r4, lr}
10000b8a:	2301      	movs	r3, #1
10000b8c:	4083      	lsls	r3, r0
10000b8e:	22d0      	movs	r2, #208	@ 0xd0
10000b90:	0612      	lsls	r2, r2, #24
10000b92:	6293      	str	r3, [r2, #40]	@ 0x28
10000b94:	6193      	str	r3, [r2, #24]
10000b96:	2105      	movs	r1, #5
10000b98:	f7ff ff60 	bl	10000a5c <gpio_set_function>
10000b9c:	bd10      	pop	{r4, pc}
	...

10000ba0 <rp2040_chip_version>:
10000ba0:	b510      	push	{r4, lr}
10000ba2:	2380      	movs	r3, #128	@ 0x80
10000ba4:	05db      	lsls	r3, r3, #23
10000ba6:	6818      	ldr	r0, [r3, #0]
10000ba8:	0502      	lsls	r2, r0, #20
10000baa:	0d12      	lsrs	r2, r2, #20
10000bac:	0b03      	lsrs	r3, r0, #12
10000bae:	041b      	lsls	r3, r3, #16
10000bb0:	0c1b      	lsrs	r3, r3, #16
10000bb2:	4909      	ldr	r1, [pc, #36]	@ (10000bd8 <rp2040_chip_version+0x38>)
10000bb4:	428a      	cmp	r2, r1
10000bb6:	d103      	bne.n	10000bc0 <rp2040_chip_version+0x20>
10000bb8:	2b02      	cmp	r3, #2
10000bba:	d107      	bne.n	10000bcc <rp2040_chip_version+0x2c>
10000bbc:	0f00      	lsrs	r0, r0, #28
10000bbe:	bd10      	pop	{r4, pc}
10000bc0:	4b06      	ldr	r3, [pc, #24]	@ (10000bdc <rp2040_chip_version+0x3c>)
10000bc2:	4a07      	ldr	r2, [pc, #28]	@ (10000be0 <rp2040_chip_version+0x40>)
10000bc4:	2113      	movs	r1, #19
10000bc6:	4807      	ldr	r0, [pc, #28]	@ (10000be4 <rp2040_chip_version+0x44>)
10000bc8:	f003 fbd6 	bl	10004378 <__assert_func>
10000bcc:	4b06      	ldr	r3, [pc, #24]	@ (10000be8 <rp2040_chip_version+0x48>)
10000bce:	4a04      	ldr	r2, [pc, #16]	@ (10000be0 <rp2040_chip_version+0x40>)
10000bd0:	2114      	movs	r1, #20
10000bd2:	4804      	ldr	r0, [pc, #16]	@ (10000be4 <rp2040_chip_version+0x44>)
10000bd4:	f003 fbd0 	bl	10004378 <__assert_func>
10000bd8:	00000927 	.word	0x00000927
10000bdc:	10009124 	.word	0x10009124
10000be0:	100091a0 	.word	0x100091a0
10000be4:	10009148 	.word	0x10009148
10000be8:	1000918c 	.word	0x1000918c

10000bec <panic>:
10000bec:	b40f      	push	{r0, r1, r2, r3}
10000bee:	b500      	push	{lr}
10000bf0:	b083      	sub	sp, #12
10000bf2:	4808      	ldr	r0, [pc, #32]	@ (10000c14 <panic+0x28>)
10000bf4:	f003 fd44 	bl	10004680 <__wrap_puts>
10000bf8:	9b04      	ldr	r3, [sp, #16]
10000bfa:	2b00      	cmp	r3, #0
10000bfc:	d007      	beq.n	10000c0e <panic+0x22>
10000bfe:	a905      	add	r1, sp, #20
10000c00:	9101      	str	r1, [sp, #4]
10000c02:	0018      	movs	r0, r3
10000c04:	f003 fd4c 	bl	100046a0 <__wrap_vprintf>
10000c08:	4803      	ldr	r0, [pc, #12]	@ (10000c18 <panic+0x2c>)
10000c0a:	f003 fd39 	bl	10004680 <__wrap_puts>
10000c0e:	2001      	movs	r0, #1
10000c10:	f003 fb5e 	bl	100042d0 <_exit>
10000c14:	100091b4 	.word	0x100091b4
10000c18:	10008fe4 	.word	0x10008fe4

10000c1c <hw_claim_lock>:
10000c1c:	f3ef 8010 	mrs	r0, PRIMASK
10000c20:	b672      	cpsid	i
10000c22:	4b03      	ldr	r3, [pc, #12]	@ (10000c30 <hw_claim_lock+0x14>)
10000c24:	681b      	ldr	r3, [r3, #0]
10000c26:	2b00      	cmp	r3, #0
10000c28:	d0fb      	beq.n	10000c22 <hw_claim_lock+0x6>
10000c2a:	f3bf 8f5f 	dmb	sy
10000c2e:	4770      	bx	lr
10000c30:	d000012c 	.word	0xd000012c

10000c34 <hw_claim_unlock>:
10000c34:	f3bf 8f5f 	dmb	sy
10000c38:	4b02      	ldr	r3, [pc, #8]	@ (10000c44 <hw_claim_unlock+0x10>)
10000c3a:	2200      	movs	r2, #0
10000c3c:	601a      	str	r2, [r3, #0]
10000c3e:	f380 8810 	msr	PRIMASK, r0
10000c42:	4770      	bx	lr
10000c44:	d000012c 	.word	0xd000012c

10000c48 <hw_claim_or_assert>:
10000c48:	b5f8      	push	{r3, r4, r5, r6, r7, lr}
10000c4a:	0006      	movs	r6, r0
10000c4c:	000c      	movs	r4, r1
10000c4e:	0015      	movs	r5, r2
10000c50:	f7ff ffe4 	bl	10000c1c <hw_claim_lock>
10000c54:	08e3      	lsrs	r3, r4, #3
10000c56:	18f7      	adds	r7, r6, r3
10000c58:	5cf1      	ldrb	r1, [r6, r3]
10000c5a:	2207      	movs	r2, #7
10000c5c:	4022      	ands	r2, r4
10000c5e:	2301      	movs	r3, #1
10000c60:	4093      	lsls	r3, r2
10000c62:	420b      	tst	r3, r1
10000c64:	d105      	bne.n	10000c72 <hw_claim_or_assert+0x2a>
10000c66:	b2db      	uxtb	r3, r3
10000c68:	430b      	orrs	r3, r1
10000c6a:	703b      	strb	r3, [r7, #0]
10000c6c:	f7ff ffe2 	bl	10000c34 <hw_claim_unlock>
10000c70:	bdf8      	pop	{r3, r4, r5, r6, r7, pc}
10000c72:	0021      	movs	r1, r4
10000c74:	0028      	movs	r0, r5
10000c76:	f7ff ffb9 	bl	10000bec <panic>

10000c7a <hw_claim_unused_from_range>:
10000c7a:	b5f0      	push	{r4, r5, r6, r7, lr}
10000c7c:	b083      	sub	sp, #12
10000c7e:	0006      	movs	r6, r0
10000c80:	9101      	str	r1, [sp, #4]
10000c82:	0014      	movs	r4, r2
10000c84:	001f      	movs	r7, r3
10000c86:	f7ff ffc9 	bl	10000c1c <hw_claim_lock>
10000c8a:	e000      	b.n	10000c8e <hw_claim_unused_from_range+0x14>
10000c8c:	3401      	adds	r4, #1
10000c8e:	42bc      	cmp	r4, r7
10000c90:	d80c      	bhi.n	10000cac <hw_claim_unused_from_range+0x32>
10000c92:	08e3      	lsrs	r3, r4, #3
10000c94:	18f5      	adds	r5, r6, r3
10000c96:	5cf3      	ldrb	r3, [r6, r3]
10000c98:	2107      	movs	r1, #7
10000c9a:	4021      	ands	r1, r4
10000c9c:	2201      	movs	r2, #1
10000c9e:	408a      	lsls	r2, r1
10000ca0:	421a      	tst	r2, r3
10000ca2:	d1f3      	bne.n	10000c8c <hw_claim_unused_from_range+0x12>
10000ca4:	b2d2      	uxtb	r2, r2
10000ca6:	431a      	orrs	r2, r3
10000ca8:	702a      	strb	r2, [r5, #0]
10000caa:	e001      	b.n	10000cb0 <hw_claim_unused_from_range+0x36>
10000cac:	2401      	movs	r4, #1
10000cae:	4264      	negs	r4, r4
10000cb0:	f7ff ffc0 	bl	10000c34 <hw_claim_unlock>
10000cb4:	2c00      	cmp	r4, #0
10000cb6:	db02      	blt.n	10000cbe <hw_claim_unused_from_range+0x44>
10000cb8:	0020      	movs	r0, r4
10000cba:	b003      	add	sp, #12
10000cbc:	bdf0      	pop	{r4, r5, r6, r7, pc}
10000cbe:	9b01      	ldr	r3, [sp, #4]
10000cc0:	2b00      	cmp	r3, #0
10000cc2:	d0f9      	beq.n	10000cb8 <hw_claim_unused_from_range+0x3e>
10000cc4:	9808      	ldr	r0, [sp, #32]
10000cc6:	f7ff ff91 	bl	10000bec <panic>
	...

10000ccc <next_striped_spin_lock_num>:
10000ccc:	4a05      	ldr	r2, [pc, #20]	@ (10000ce4 <next_striped_spin_lock_num+0x18>)
10000cce:	7810      	ldrb	r0, [r2, #0]
10000cd0:	1c43      	adds	r3, r0, #1
10000cd2:	b2db      	uxtb	r3, r3
10000cd4:	7013      	strb	r3, [r2, #0]
10000cd6:	2b17      	cmp	r3, #23
10000cd8:	d902      	bls.n	10000ce0 <next_striped_spin_lock_num+0x14>
10000cda:	0013      	movs	r3, r2
10000cdc:	2210      	movs	r2, #16
10000cde:	701a      	strb	r2, [r3, #0]
10000ce0:	4770      	bx	lr
10000ce2:	46c0      	nop			@ (mov r8, r8)
10000ce4:	20000cbd 	.word	0x20000cbd

10000ce8 <spin_lock_claim_unused>:
10000ce8:	b500      	push	{lr}
10000cea:	b083      	sub	sp, #12
10000cec:	0001      	movs	r1, r0
10000cee:	4b04      	ldr	r3, [pc, #16]	@ (10000d00 <spin_lock_claim_unused+0x18>)
10000cf0:	9300      	str	r3, [sp, #0]
10000cf2:	231f      	movs	r3, #31
10000cf4:	2218      	movs	r2, #24
10000cf6:	4803      	ldr	r0, [pc, #12]	@ (10000d04 <spin_lock_claim_unused+0x1c>)
10000cf8:	f7ff ffbf 	bl	10000c7a <hw_claim_unused_from_range>
10000cfc:	b003      	add	sp, #12
10000cfe:	bd00      	pop	{pc}
10000d00:	100091c4 	.word	0x100091c4
10000d04:	20001e44 	.word	0x20001e44

10000d08 <spin_locks_reset>:
10000d08:	2300      	movs	r3, #0
10000d0a:	e007      	b.n	10000d1c <spin_locks_reset+0x14>
10000d0c:	4a05      	ldr	r2, [pc, #20]	@ (10000d24 <spin_locks_reset+0x1c>)
10000d0e:	189a      	adds	r2, r3, r2
10000d10:	0092      	lsls	r2, r2, #2
10000d12:	f3bf 8f5f 	dmb	sy
10000d16:	2100      	movs	r1, #0
10000d18:	6011      	str	r1, [r2, #0]
10000d1a:	3301      	adds	r3, #1
10000d1c:	2b1f      	cmp	r3, #31
10000d1e:	d9f5      	bls.n	10000d0c <spin_locks_reset+0x4>
10000d20:	4770      	bx	lr
10000d22:	46c0      	nop			@ (mov r8, r8)
10000d24:	34000040 	.word	0x34000040

10000d28 <spin_lock_init>:
10000d28:	b510      	push	{r4, lr}
10000d2a:	281f      	cmp	r0, #31
10000d2c:	d808      	bhi.n	10000d40 <spin_lock_init+0x18>
10000d2e:	4b07      	ldr	r3, [pc, #28]	@ (10000d4c <spin_lock_init+0x24>)
10000d30:	469c      	mov	ip, r3
10000d32:	4460      	add	r0, ip
10000d34:	0080      	lsls	r0, r0, #2
10000d36:	f3bf 8f5f 	dmb	sy
10000d3a:	2300      	movs	r3, #0
10000d3c:	6003      	str	r3, [r0, #0]
10000d3e:	bd10      	pop	{r4, pc}
10000d40:	4b03      	ldr	r3, [pc, #12]	@ (10000d50 <spin_lock_init+0x28>)
10000d42:	4a04      	ldr	r2, [pc, #16]	@ (10000d54 <spin_lock_init+0x2c>)
10000d44:	210f      	movs	r1, #15
10000d46:	4804      	ldr	r0, [pc, #16]	@ (10000d58 <spin_lock_init+0x30>)
10000d48:	f003 fb16 	bl	10004378 <__assert_func>
10000d4c:	34000040 	.word	0x34000040
10000d50:	100091e0 	.word	0x100091e0
10000d54:	10009254 	.word	0x10009254
10000d58:	100091fc 	.word	0x100091fc

10000d5c <set_raw_irq_handler_and_unlock>:
10000d5c:	4b07      	ldr	r3, [pc, #28]	@ (10000d7c <set_raw_irq_handler_and_unlock+0x20>)
10000d5e:	689b      	ldr	r3, [r3, #8]
10000d60:	3010      	adds	r0, #16
10000d62:	0080      	lsls	r0, r0, #2
10000d64:	5019      	str	r1, [r3, r0]
10000d66:	f3bf 8f5f 	dmb	sy
10000d6a:	f3bf 8f5f 	dmb	sy
10000d6e:	4b04      	ldr	r3, [pc, #16]	@ (10000d80 <set_raw_irq_handler_and_unlock+0x24>)
10000d70:	2100      	movs	r1, #0
10000d72:	6019      	str	r1, [r3, #0]
10000d74:	f382 8810 	msr	PRIMASK, r2
10000d78:	4770      	bx	lr
10000d7a:	46c0      	nop			@ (mov r8, r8)
10000d7c:	e000ed00 	.word	0xe000ed00
10000d80:	d0000124 	.word	0xd0000124

10000d84 <nvic_ipr0>:
10000d84:	4800      	ldr	r0, [pc, #0]	@ (10000d88 <nvic_ipr0+0x4>)
10000d86:	4770      	bx	lr
10000d88:	e000e400 	.word	0xe000e400

10000d8c <runtime_init_per_core_irq_priorities>:
10000d8c:	b510      	push	{r4, lr}
10000d8e:	f7ff fff9 	bl	10000d84 <nvic_ipr0>
10000d92:	2300      	movs	r3, #0
10000d94:	e002      	b.n	10000d9c <runtime_init_per_core_irq_priorities+0x10>
10000d96:	4a03      	ldr	r2, [pc, #12]	@ (10000da4 <runtime_init_per_core_irq_priorities+0x18>)
10000d98:	c004      	stmia	r0!, {r2}
10000d9a:	3301      	adds	r3, #1
10000d9c:	2b07      	cmp	r3, #7
10000d9e:	d9fa      	bls.n	10000d96 <runtime_init_per_core_irq_priorities+0xa>
10000da0:	bd10      	pop	{r4, pc}
10000da2:	46c0      	nop			@ (mov r8, r8)
10000da4:	80808080 	.word	0x80808080

10000da8 <make_j_16>:
10000da8:	b510      	push	{r4, lr}
10000daa:	1a09      	subs	r1, r1, r0
10000dac:	1f08      	subs	r0, r1, #4
10000dae:	4b0b      	ldr	r3, [pc, #44]	@ (10000ddc <make_j_16+0x34>)
10000db0:	469c      	mov	ip, r3
10000db2:	4461      	add	r1, ip
10000db4:	4a0a      	ldr	r2, [pc, #40]	@ (10000de0 <make_j_16+0x38>)
10000db6:	4291      	cmp	r1, r2
10000db8:	d808      	bhi.n	10000dcc <make_j_16+0x24>
10000dba:	07c3      	lsls	r3, r0, #31
10000dbc:	d406      	bmi.n	10000dcc <make_j_16+0x24>
10000dbe:	1040      	asrs	r0, r0, #1
10000dc0:	0540      	lsls	r0, r0, #21
10000dc2:	0d40      	lsrs	r0, r0, #21
10000dc4:	4b07      	ldr	r3, [pc, #28]	@ (10000de4 <make_j_16+0x3c>)
10000dc6:	4318      	orrs	r0, r3
10000dc8:	b280      	uxth	r0, r0
10000dca:	bd10      	pop	{r4, pc}
10000dcc:	2187      	movs	r1, #135	@ 0x87
10000dce:	4b06      	ldr	r3, [pc, #24]	@ (10000de8 <make_j_16+0x40>)
10000dd0:	4a06      	ldr	r2, [pc, #24]	@ (10000dec <make_j_16+0x44>)
10000dd2:	0049      	lsls	r1, r1, #1
10000dd4:	4806      	ldr	r0, [pc, #24]	@ (10000df0 <make_j_16+0x48>)
10000dd6:	f003 facf 	bl	10004378 <__assert_func>
10000dda:	46c0      	nop			@ (mov r8, r8)
10000ddc:	000007fc 	.word	0x000007fc
10000de0:	00000ffe 	.word	0x00000ffe
10000de4:	ffffe000 	.word	0xffffe000
10000de8:	10009264 	.word	0x10009264
10000dec:	100094e0 	.word	0x100094e0
10000df0:	10009294 	.word	0x10009294

10000df4 <insert_bl_32>:
10000df4:	b510      	push	{r4, lr}
10000df6:	1a09      	subs	r1, r1, r0
10000df8:	3904      	subs	r1, #4
10000dfa:	084c      	lsrs	r4, r1, #1
10000dfc:	0b09      	lsrs	r1, r1, #12
10000dfe:	d108      	bne.n	10000e12 <insert_bl_32+0x1e>
10000e00:	0549      	lsls	r1, r1, #21
10000e02:	0d49      	lsrs	r1, r1, #21
10000e04:	4a06      	ldr	r2, [pc, #24]	@ (10000e20 <insert_bl_32+0x2c>)
10000e06:	4311      	orrs	r1, r2
10000e08:	8001      	strh	r1, [r0, #0]
10000e0a:	4b06      	ldr	r3, [pc, #24]	@ (10000e24 <insert_bl_32+0x30>)
10000e0c:	4323      	orrs	r3, r4
10000e0e:	8043      	strh	r3, [r0, #2]
10000e10:	bd10      	pop	{r4, pc}
10000e12:	218b      	movs	r1, #139	@ 0x8b
10000e14:	4b04      	ldr	r3, [pc, #16]	@ (10000e28 <insert_bl_32+0x34>)
10000e16:	4a05      	ldr	r2, [pc, #20]	@ (10000e2c <insert_bl_32+0x38>)
10000e18:	0049      	lsls	r1, r1, #1
10000e1a:	4805      	ldr	r0, [pc, #20]	@ (10000e30 <insert_bl_32+0x3c>)
10000e1c:	f003 faac 	bl	10004378 <__assert_func>
10000e20:	fffff000 	.word	0xfffff000
10000e24:	fffff800 	.word	0xfffff800
10000e28:	100092d8 	.word	0x100092d8
10000e2c:	100094bc 	.word	0x100094bc
10000e30:	10009294 	.word	0x10009294

10000e34 <irq_is_enabled>:
10000e34:	2301      	movs	r3, #1
10000e36:	4083      	lsls	r3, r0
10000e38:	4a03      	ldr	r2, [pc, #12]	@ (10000e48 <irq_is_enabled+0x14>)
10000e3a:	6810      	ldr	r0, [r2, #0]
10000e3c:	4018      	ands	r0, r3
10000e3e:	1e43      	subs	r3, r0, #1
10000e40:	4198      	sbcs	r0, r3
10000e42:	b2c0      	uxtb	r0, r0
10000e44:	4770      	bx	lr
10000e46:	46c0      	nop			@ (mov r8, r8)
10000e48:	e000e100 	.word	0xe000e100

10000e4c <irq_set_mask_n_enabled>:
10000e4c:	2a00      	cmp	r2, #0
10000e4e:	d005      	beq.n	10000e5c <irq_set_mask_n_enabled+0x10>
10000e50:	4b04      	ldr	r3, [pc, #16]	@ (10000e64 <irq_set_mask_n_enabled+0x18>)
10000e52:	22c0      	movs	r2, #192	@ 0xc0
10000e54:	0052      	lsls	r2, r2, #1
10000e56:	5099      	str	r1, [r3, r2]
10000e58:	6019      	str	r1, [r3, #0]
10000e5a:	4770      	bx	lr
10000e5c:	4a01      	ldr	r2, [pc, #4]	@ (10000e64 <irq_set_mask_n_enabled+0x18>)
10000e5e:	2380      	movs	r3, #128	@ 0x80
10000e60:	50d1      	str	r1, [r2, r3]
10000e62:	e7fa      	b.n	10000e5a <irq_set_mask_n_enabled+0xe>
10000e64:	e000e100 	.word	0xe000e100

10000e68 <irq_set_enabled>:
10000e68:	b510      	push	{r4, lr}
10000e6a:	000a      	movs	r2, r1
10000e6c:	231f      	movs	r3, #31
10000e6e:	4003      	ands	r3, r0
10000e70:	2101      	movs	r1, #1
10000e72:	4099      	lsls	r1, r3
10000e74:	0940      	lsrs	r0, r0, #5
10000e76:	f7ff ffe9 	bl	10000e4c <irq_set_mask_n_enabled>
10000e7a:	bd10      	pop	{r4, pc}

10000e7c <irq_set_pending>:
10000e7c:	2301      	movs	r3, #1
10000e7e:	4083      	lsls	r3, r0
10000e80:	4a01      	ldr	r2, [pc, #4]	@ (10000e88 <irq_set_pending+0xc>)
10000e82:	6013      	str	r3, [r2, #0]
10000e84:	4770      	bx	lr
10000e86:	46c0      	nop			@ (mov r8, r8)
10000e88:	e000e200 	.word	0xe000e200

10000e8c <irq_get_vtable_handler>:
10000e8c:	4b02      	ldr	r3, [pc, #8]	@ (10000e98 <irq_get_vtable_handler+0xc>)
10000e8e:	689b      	ldr	r3, [r3, #8]
10000e90:	3010      	adds	r0, #16
10000e92:	0080      	lsls	r0, r0, #2
10000e94:	58c0      	ldr	r0, [r0, r3]
10000e96:	4770      	bx	lr
10000e98:	e000ed00 	.word	0xe000ed00

10000e9c <irq_has_shared_handler>:
10000e9c:	b510      	push	{r4, lr}
10000e9e:	f7ff fff5 	bl	10000e8c <irq_get_vtable_handler>
10000ea2:	4b04      	ldr	r3, [pc, #16]	@ (10000eb4 <irq_has_shared_handler+0x18>)
10000ea4:	1ac3      	subs	r3, r0, r3
10000ea6:	2000      	movs	r0, #0
10000ea8:	222f      	movs	r2, #47	@ 0x2f
10000eaa:	429a      	cmp	r2, r3
10000eac:	4140      	adcs	r0, r0
10000eae:	b2c0      	uxtb	r0, r0
10000eb0:	bd10      	pop	{r4, pc}
10000eb2:	46c0      	nop			@ (mov r8, r8)
10000eb4:	20000cc0 	.word	0x20000cc0

10000eb8 <irq_has_handler>:
10000eb8:	b510      	push	{r4, lr}
10000eba:	f7ff ffe7 	bl	10000e8c <irq_get_vtable_handler>
10000ebe:	2800      	cmp	r0, #0
10000ec0:	d006      	beq.n	10000ed0 <irq_has_handler+0x18>
10000ec2:	4b04      	ldr	r3, [pc, #16]	@ (10000ed4 <irq_has_handler+0x1c>)
10000ec4:	4298      	cmp	r0, r3
10000ec6:	d001      	beq.n	10000ecc <irq_has_handler+0x14>
10000ec8:	2001      	movs	r0, #1
10000eca:	bd10      	pop	{r4, pc}
10000ecc:	2000      	movs	r0, #0
10000ece:	e7fc      	b.n	10000eca <irq_has_handler+0x12>
10000ed0:	2000      	movs	r0, #0
10000ed2:	e7fa      	b.n	10000eca <irq_has_handler+0x12>
10000ed4:	100001c1 	.word	0x100001c1

10000ed8 <irq_set_exclusive_handler>:
10000ed8:	b570      	push	{r4, r5, r6, lr}
10000eda:	0004      	movs	r4, r0
10000edc:	000d      	movs	r5, r1
10000ede:	f3ef 8610 	mrs	r6, PRIMASK
10000ee2:	b672      	cpsid	i
10000ee4:	4b0c      	ldr	r3, [pc, #48]	@ (10000f18 <irq_set_exclusive_handler+0x40>)
10000ee6:	681b      	ldr	r3, [r3, #0]
10000ee8:	2b00      	cmp	r3, #0
10000eea:	d0fb      	beq.n	10000ee4 <irq_set_exclusive_handler+0xc>
10000eec:	f3bf 8f5f 	dmb	sy
10000ef0:	0020      	movs	r0, r4
10000ef2:	f7ff ffcb 	bl	10000e8c <irq_get_vtable_handler>
10000ef6:	4b09      	ldr	r3, [pc, #36]	@ (10000f1c <irq_set_exclusive_handler+0x44>)
10000ef8:	4298      	cmp	r0, r3
10000efa:	d001      	beq.n	10000f00 <irq_set_exclusive_handler+0x28>
10000efc:	42a8      	cmp	r0, r5
10000efe:	d105      	bne.n	10000f0c <irq_set_exclusive_handler+0x34>
10000f00:	0032      	movs	r2, r6
10000f02:	0029      	movs	r1, r5
10000f04:	0020      	movs	r0, r4
10000f06:	f7ff ff29 	bl	10000d5c <set_raw_irq_handler_and_unlock>
10000f0a:	bd70      	pop	{r4, r5, r6, pc}
10000f0c:	4b04      	ldr	r3, [pc, #16]	@ (10000f20 <irq_set_exclusive_handler+0x48>)
10000f0e:	4a05      	ldr	r2, [pc, #20]	@ (10000f24 <irq_set_exclusive_handler+0x4c>)
10000f10:	21ed      	movs	r1, #237	@ 0xed
10000f12:	4805      	ldr	r0, [pc, #20]	@ (10000f28 <irq_set_exclusive_handler+0x50>)
10000f14:	f003 fa30 	bl	10004378 <__assert_func>
10000f18:	d0000124 	.word	0xd0000124
10000f1c:	100001c1 	.word	0x100001c1
10000f20:	100092e8 	.word	0x100092e8
10000f24:	10009514 	.word	0x10009514
10000f28:	10009294 	.word	0x10009294

10000f2c <irq_add_shared_handler>:
10000f2c:	b5f0      	push	{r4, r5, r6, r7, lr}
10000f2e:	46de      	mov	lr, fp
10000f30:	4657      	mov	r7, sl
10000f32:	464e      	mov	r6, r9
10000f34:	4645      	mov	r5, r8
10000f36:	b5e0      	push	{r5, r6, r7, lr}
10000f38:	b089      	sub	sp, #36	@ 0x24
10000f3a:	4681      	mov	r9, r0
10000f3c:	9101      	str	r1, [sp, #4]
10000f3e:	0015      	movs	r5, r2
10000f40:	f3ef 8b10 	mrs	fp, PRIMASK
10000f44:	b672      	cpsid	i
10000f46:	4b75      	ldr	r3, [pc, #468]	@ (1000111c <irq_add_shared_handler+0x1f0>)
10000f48:	681b      	ldr	r3, [r3, #0]
10000f4a:	2b00      	cmp	r3, #0
10000f4c:	d0fb      	beq.n	10000f46 <irq_add_shared_handler+0x1a>
10000f4e:	f3bf 8f5f 	dmb	sy
10000f52:	4b73      	ldr	r3, [pc, #460]	@ (10001120 <irq_add_shared_handler+0x1f4>)
10000f54:	2700      	movs	r7, #0
10000f56:	57df      	ldrsb	r7, [r3, r7]
10000f58:	2f00      	cmp	r7, #0
10000f5a:	db3f      	blt.n	10000fdc <irq_add_shared_handler+0xb0>
10000f5c:	007c      	lsls	r4, r7, #1
10000f5e:	19e4      	adds	r4, r4, r7
10000f60:	00a4      	lsls	r4, r4, #2
10000f62:	4870      	ldr	r0, [pc, #448]	@ (10001124 <irq_add_shared_handler+0x1f8>)
10000f64:	1824      	adds	r4, r4, r0
10000f66:	2206      	movs	r2, #6
10000f68:	56a2      	ldrsb	r2, [r4, r2]
10000f6a:	4b6d      	ldr	r3, [pc, #436]	@ (10001120 <irq_add_shared_handler+0x1f4>)
10000f6c:	701a      	strb	r2, [r3, #0]
10000f6e:	4b6e      	ldr	r3, [pc, #440]	@ (10001128 <irq_add_shared_handler+0x1fc>)
10000f70:	689a      	ldr	r2, [r3, #8]
10000f72:	464b      	mov	r3, r9
10000f74:	3310      	adds	r3, #16
10000f76:	009b      	lsls	r3, r3, #2
10000f78:	58d3      	ldr	r3, [r2, r3]
10000f7a:	4698      	mov	r8, r3
10000f7c:	1a1b      	subs	r3, r3, r0
10000f7e:	2b2f      	cmp	r3, #47	@ 0x2f
10000f80:	d93a      	bls.n	10000ff8 <irq_add_shared_handler+0xcc>
10000f82:	4b6a      	ldr	r3, [pc, #424]	@ (1000112c <irq_add_shared_handler+0x200>)
10000f84:	4598      	cmp	r8, r3
10000f86:	d130      	bne.n	10000fea <irq_add_shared_handler+0xbe>
10000f88:	ae05      	add	r6, sp, #20
10000f8a:	4b69      	ldr	r3, [pc, #420]	@ (10001130 <irq_add_shared_handler+0x204>)
10000f8c:	8033      	strh	r3, [r6, #0]
10000f8e:	007b      	lsls	r3, r7, #1
10000f90:	469a      	mov	sl, r3
10000f92:	19d8      	adds	r0, r3, r7
10000f94:	0080      	lsls	r0, r0, #2
10000f96:	4b63      	ldr	r3, [pc, #396]	@ (10001124 <irq_add_shared_handler+0x1f8>)
10000f98:	4698      	mov	r8, r3
10000f9a:	4440      	add	r0, r8
10000f9c:	3002      	adds	r0, #2
10000f9e:	4965      	ldr	r1, [pc, #404]	@ (10001134 <irq_add_shared_handler+0x208>)
10000fa0:	f7ff ff02 	bl	10000da8 <make_j_16>
10000fa4:	8070      	strh	r0, [r6, #2]
10000fa6:	4b64      	ldr	r3, [pc, #400]	@ (10001138 <irq_add_shared_handler+0x20c>)
10000fa8:	80b3      	strh	r3, [r6, #4]
10000faa:	23ff      	movs	r3, #255	@ 0xff
10000fac:	71b3      	strb	r3, [r6, #6]
10000fae:	71f5      	strb	r5, [r6, #7]
10000fb0:	9b01      	ldr	r3, [sp, #4]
10000fb2:	9307      	str	r3, [sp, #28]
10000fb4:	4457      	add	r7, sl
10000fb6:	00bf      	lsls	r7, r7, #2
10000fb8:	4447      	add	r7, r8
10000fba:	ce0e      	ldmia	r6!, {r1, r2, r3}
10000fbc:	c70e      	stmia	r7!, {r1, r2, r3}
10000fbe:	2301      	movs	r3, #1
10000fc0:	431c      	orrs	r4, r3
10000fc2:	46a0      	mov	r8, r4
10000fc4:	465a      	mov	r2, fp
10000fc6:	4641      	mov	r1, r8
10000fc8:	4648      	mov	r0, r9
10000fca:	f7ff fec7 	bl	10000d5c <set_raw_irq_handler_and_unlock>
10000fce:	b009      	add	sp, #36	@ 0x24
10000fd0:	bcf0      	pop	{r4, r5, r6, r7}
10000fd2:	46bb      	mov	fp, r7
10000fd4:	46b2      	mov	sl, r6
10000fd6:	46a9      	mov	r9, r5
10000fd8:	46a0      	mov	r8, r4
10000fda:	bdf0      	pop	{r4, r5, r6, r7, pc}
10000fdc:	21be      	movs	r1, #190	@ 0xbe
10000fde:	4b57      	ldr	r3, [pc, #348]	@ (1000113c <irq_add_shared_handler+0x210>)
10000fe0:	4a57      	ldr	r2, [pc, #348]	@ (10001140 <irq_add_shared_handler+0x214>)
10000fe2:	0049      	lsls	r1, r1, #1
10000fe4:	4857      	ldr	r0, [pc, #348]	@ (10001144 <irq_add_shared_handler+0x218>)
10000fe6:	f003 f9c7 	bl	10004378 <__assert_func>
10000fea:	2184      	movs	r1, #132	@ 0x84
10000fec:	4b56      	ldr	r3, [pc, #344]	@ (10001148 <irq_add_shared_handler+0x21c>)
10000fee:	4a54      	ldr	r2, [pc, #336]	@ (10001140 <irq_add_shared_handler+0x214>)
10000ff0:	31ff      	adds	r1, #255	@ 0xff
10000ff2:	4854      	ldr	r0, [pc, #336]	@ (10001144 <irq_add_shared_handler+0x218>)
10000ff4:	f003 f9c0 	bl	10004378 <__assert_func>
10000ff8:	2301      	movs	r3, #1
10000ffa:	4642      	mov	r2, r8
10000ffc:	439a      	bics	r2, r3
10000ffe:	4692      	mov	sl, r2
10001000:	1a10      	subs	r0, r2, r0
10001002:	210c      	movs	r1, #12
10001004:	f001 f9c4 	bl	10002390 <__wrap___aeabi_uidiv>
10001008:	2900      	cmp	r1, #0
1000100a:	d10f      	bne.n	1000102c <irq_add_shared_handler+0x100>
1000100c:	4653      	mov	r3, sl
1000100e:	2600      	movs	r6, #0
10001010:	79da      	ldrb	r2, [r3, #7]
10001012:	42aa      	cmp	r2, r5
10001014:	d912      	bls.n	1000103c <irq_add_shared_handler+0x110>
10001016:	2106      	movs	r1, #6
10001018:	5659      	ldrsb	r1, [r3, r1]
1000101a:	2900      	cmp	r1, #0
1000101c:	db0d      	blt.n	1000103a <irq_add_shared_handler+0x10e>
1000101e:	004a      	lsls	r2, r1, #1
10001020:	1852      	adds	r2, r2, r1
10001022:	0092      	lsls	r2, r2, #2
10001024:	001e      	movs	r6, r3
10001026:	4b3f      	ldr	r3, [pc, #252]	@ (10001124 <irq_add_shared_handler+0x1f8>)
10001028:	189b      	adds	r3, r3, r2
1000102a:	e7f1      	b.n	10001010 <irq_add_shared_handler+0xe4>
1000102c:	21ca      	movs	r1, #202	@ 0xca
1000102e:	4b47      	ldr	r3, [pc, #284]	@ (1000114c <irq_add_shared_handler+0x220>)
10001030:	4a43      	ldr	r2, [pc, #268]	@ (10001140 <irq_add_shared_handler+0x214>)
10001032:	0049      	lsls	r1, r1, #1
10001034:	4843      	ldr	r0, [pc, #268]	@ (10001144 <irq_add_shared_handler+0x218>)
10001036:	f003 f99f 	bl	10004378 <__assert_func>
1000103a:	001e      	movs	r6, r3
1000103c:	2e00      	cmp	r6, #0
1000103e:	d03b      	beq.n	100010b8 <irq_add_shared_handler+0x18c>
10001040:	ab05      	add	r3, sp, #20
10001042:	4a43      	ldr	r2, [pc, #268]	@ (10001150 <irq_add_shared_handler+0x224>)
10001044:	801a      	strh	r2, [r3, #0]
10001046:	3a81      	subs	r2, #129	@ 0x81
10001048:	805a      	strh	r2, [r3, #2]
1000104a:	2306      	movs	r3, #6
1000104c:	56f3      	ldrsb	r3, [r6, r3]
1000104e:	9302      	str	r3, [sp, #8]
10001050:	2b00      	cmp	r3, #0
10001052:	da17      	bge.n	10001084 <irq_add_shared_handler+0x158>
10001054:	483f      	ldr	r0, [pc, #252]	@ (10001154 <irq_add_shared_handler+0x228>)
10001056:	ab05      	add	r3, sp, #20
10001058:	469a      	mov	sl, r3
1000105a:	8098      	strh	r0, [r3, #4]
1000105c:	9a02      	ldr	r2, [sp, #8]
1000105e:	719a      	strb	r2, [r3, #6]
10001060:	71dd      	strb	r5, [r3, #7]
10001062:	9a01      	ldr	r2, [sp, #4]
10001064:	9207      	str	r2, [sp, #28]
10001066:	1d30      	adds	r0, r6, #4
10001068:	0021      	movs	r1, r4
1000106a:	f7ff fe9d 	bl	10000da8 <make_j_16>
1000106e:	80b0      	strh	r0, [r6, #4]
10001070:	71b7      	strb	r7, [r6, #6]
10001072:	007b      	lsls	r3, r7, #1
10001074:	19db      	adds	r3, r3, r7
10001076:	009b      	lsls	r3, r3, #2
10001078:	4f2a      	ldr	r7, [pc, #168]	@ (10001124 <irq_add_shared_handler+0x1f8>)
1000107a:	18ff      	adds	r7, r7, r3
1000107c:	4653      	mov	r3, sl
1000107e:	cb07      	ldmia	r3!, {r0, r1, r2}
10001080:	c707      	stmia	r7!, {r0, r1, r2}
10001082:	e79f      	b.n	10000fc4 <irq_add_shared_handler+0x98>
10001084:	0078      	lsls	r0, r7, #1
10001086:	19c0      	adds	r0, r0, r7
10001088:	0080      	lsls	r0, r0, #2
1000108a:	4b26      	ldr	r3, [pc, #152]	@ (10001124 <irq_add_shared_handler+0x1f8>)
1000108c:	18c0      	adds	r0, r0, r3
1000108e:	3004      	adds	r0, #4
10001090:	1d32      	adds	r2, r6, #4
10001092:	88b3      	ldrh	r3, [r6, #4]
10001094:	0ad9      	lsrs	r1, r3, #11
10001096:	291c      	cmp	r1, #28
10001098:	d107      	bne.n	100010aa <irq_add_shared_handler+0x17e>
1000109a:	055b      	lsls	r3, r3, #21
1000109c:	1559      	asrs	r1, r3, #21
1000109e:	3102      	adds	r1, #2
100010a0:	0049      	lsls	r1, r1, #1
100010a2:	1851      	adds	r1, r2, r1
100010a4:	f7ff fe80 	bl	10000da8 <make_j_16>
100010a8:	e7d5      	b.n	10001056 <irq_add_shared_handler+0x12a>
100010aa:	218e      	movs	r1, #142	@ 0x8e
100010ac:	4b2a      	ldr	r3, [pc, #168]	@ (10001158 <irq_add_shared_handler+0x22c>)
100010ae:	4a2b      	ldr	r2, [pc, #172]	@ (1000115c <irq_add_shared_handler+0x230>)
100010b0:	0049      	lsls	r1, r1, #1
100010b2:	4824      	ldr	r0, [pc, #144]	@ (10001144 <irq_add_shared_handler+0x218>)
100010b4:	f003 f960 	bl	10004378 <__assert_func>
100010b8:	ae05      	add	r6, sp, #20
100010ba:	4b1d      	ldr	r3, [pc, #116]	@ (10001130 <irq_add_shared_handler+0x204>)
100010bc:	8033      	strh	r3, [r6, #0]
100010be:	007b      	lsls	r3, r7, #1
100010c0:	9302      	str	r3, [sp, #8]
100010c2:	19d8      	adds	r0, r3, r7
100010c4:	0080      	lsls	r0, r0, #2
100010c6:	4a17      	ldr	r2, [pc, #92]	@ (10001124 <irq_add_shared_handler+0x1f8>)
100010c8:	4690      	mov	r8, r2
100010ca:	0002      	movs	r2, r0
100010cc:	4442      	add	r2, r8
100010ce:	9203      	str	r2, [sp, #12]
100010d0:	1c90      	adds	r0, r2, #2
100010d2:	4918      	ldr	r1, [pc, #96]	@ (10001134 <irq_add_shared_handler+0x208>)
100010d4:	f7ff fe68 	bl	10000da8 <make_j_16>
100010d8:	8070      	strh	r0, [r6, #2]
100010da:	9a03      	ldr	r2, [sp, #12]
100010dc:	1d10      	adds	r0, r2, #4
100010de:	4651      	mov	r1, sl
100010e0:	f7ff fe62 	bl	10000da8 <make_j_16>
100010e4:	80b0      	strh	r0, [r6, #4]
100010e6:	4b1e      	ldr	r3, [pc, #120]	@ (10001160 <irq_add_shared_handler+0x234>)
100010e8:	4652      	mov	r2, sl
100010ea:	4641      	mov	r1, r8
100010ec:	1a52      	subs	r2, r2, r1
100010ee:	4152      	adcs	r2, r2
100010f0:	4353      	muls	r3, r2
100010f2:	0d1b      	lsrs	r3, r3, #20
100010f4:	71b3      	strb	r3, [r6, #6]
100010f6:	71f5      	strb	r5, [r6, #7]
100010f8:	9a01      	ldr	r2, [sp, #4]
100010fa:	9207      	str	r2, [sp, #28]
100010fc:	9b02      	ldr	r3, [sp, #8]
100010fe:	469c      	mov	ip, r3
10001100:	4467      	add	r7, ip
10001102:	00bf      	lsls	r7, r7, #2
10001104:	4447      	add	r7, r8
10001106:	ce0e      	ldmia	r6!, {r1, r2, r3}
10001108:	c70e      	stmia	r7!, {r1, r2, r3}
1000110a:	4b11      	ldr	r3, [pc, #68]	@ (10001150 <irq_add_shared_handler+0x224>)
1000110c:	4652      	mov	r2, sl
1000110e:	8013      	strh	r3, [r2, #0]
10001110:	3b81      	subs	r3, #129	@ 0x81
10001112:	8053      	strh	r3, [r2, #2]
10001114:	2301      	movs	r3, #1
10001116:	431c      	orrs	r4, r3
10001118:	46a0      	mov	r8, r4
1000111a:	e753      	b.n	10000fc4 <irq_add_shared_handler+0x98>
1000111c:	d0000124 	.word	0xd0000124
10001120:	20006526 	.word	0x20006526
10001124:	20000cc0 	.word	0x20000cc0
10001128:	e000ed00 	.word	0xe000ed00
1000112c:	100001c1 	.word	0x100001c1
10001130:	ffffa100 	.word	0xffffa100
10001134:	20000cf0 	.word	0x20000cf0
10001138:	ffffbd01 	.word	0xffffbd01
1000113c:	10009320 	.word	0x10009320
10001140:	100094fc 	.word	0x100094fc
10001144:	10009294 	.word	0x10009294
10001148:	10009348 	.word	0x10009348
1000114c:	10009370 	.word	0x10009370
10001150:	00004801 	.word	0x00004801
10001154:	0000bd01 	.word	0x0000bd01
10001158:	100093f4 	.word	0x100093f4
1000115c:	100094ec 	.word	0x100094ec
10001160:	0000aaaa 	.word	0x0000aaaa

10001164 <irq_remove_handler>:
10001164:	b5f0      	push	{r4, r5, r6, r7, lr}
10001166:	46ce      	mov	lr, r9
10001168:	4647      	mov	r7, r8
1000116a:	b580      	push	{r7, lr}
1000116c:	b083      	sub	sp, #12
1000116e:	0006      	movs	r6, r0
10001170:	000d      	movs	r5, r1
10001172:	f3ef 8810 	mrs	r8, PRIMASK
10001176:	b672      	cpsid	i
10001178:	4b56      	ldr	r3, [pc, #344]	@ (100012d4 <irq_remove_handler+0x170>)
1000117a:	681b      	ldr	r3, [r3, #0]
1000117c:	2b00      	cmp	r3, #0
1000117e:	d0fb      	beq.n	10001178 <irq_remove_handler+0x14>
10001180:	f3bf 8f5f 	dmb	sy
10001184:	4b54      	ldr	r3, [pc, #336]	@ (100012d8 <irq_remove_handler+0x174>)
10001186:	689a      	ldr	r2, [r3, #8]
10001188:	0034      	movs	r4, r6
1000118a:	3410      	adds	r4, #16
1000118c:	00a3      	lsls	r3, r4, #2
1000118e:	58d7      	ldr	r7, [r2, r3]
10001190:	4b52      	ldr	r3, [pc, #328]	@ (100012dc <irq_remove_handler+0x178>)
10001192:	429f      	cmp	r7, r3
10001194:	d007      	beq.n	100011a6 <irq_remove_handler+0x42>
10001196:	42af      	cmp	r7, r5
10001198:	d100      	bne.n	1000119c <irq_remove_handler+0x38>
1000119a:	e098      	b.n	100012ce <irq_remove_handler+0x16a>
1000119c:	9701      	str	r7, [sp, #4]
1000119e:	4b50      	ldr	r3, [pc, #320]	@ (100012e0 <irq_remove_handler+0x17c>)
100011a0:	1afb      	subs	r3, r7, r3
100011a2:	2b2f      	cmp	r3, #47	@ 0x2f
100011a4:	d909      	bls.n	100011ba <irq_remove_handler+0x56>
100011a6:	4642      	mov	r2, r8
100011a8:	0039      	movs	r1, r7
100011aa:	0030      	movs	r0, r6
100011ac:	f7ff fdd6 	bl	10000d5c <set_raw_irq_handler_and_unlock>
100011b0:	b003      	add	sp, #12
100011b2:	bcc0      	pop	{r6, r7}
100011b4:	46b9      	mov	r9, r7
100011b6:	46b0      	mov	r8, r6
100011b8:	bdf0      	pop	{r4, r5, r6, r7, pc}
100011ba:	0030      	movs	r0, r6
100011bc:	f7ff fe3a 	bl	10000e34 <irq_is_enabled>
100011c0:	4681      	mov	r9, r0
100011c2:	2100      	movs	r1, #0
100011c4:	0030      	movs	r0, r6
100011c6:	f7ff fe4f 	bl	10000e68 <irq_set_enabled>
100011ca:	f3bf 8f5f 	dmb	sy
100011ce:	f3ef 8105 	mrs	r1, IPSR
100011d2:	2900      	cmp	r1, #0
100011d4:	d001      	beq.n	100011da <irq_remove_handler+0x76>
100011d6:	428c      	cmp	r4, r1
100011d8:	d111      	bne.n	100011fe <irq_remove_handler+0x9a>
100011da:	2301      	movs	r3, #1
100011dc:	9c01      	ldr	r4, [sp, #4]
100011de:	439c      	bics	r4, r3
100011e0:	2200      	movs	r2, #0
100011e2:	68a3      	ldr	r3, [r4, #8]
100011e4:	429d      	cmp	r5, r3
100011e6:	d011      	beq.n	1000120c <irq_remove_handler+0xa8>
100011e8:	2206      	movs	r2, #6
100011ea:	56a2      	ldrsb	r2, [r4, r2]
100011ec:	2a00      	cmp	r2, #0
100011ee:	db0c      	blt.n	1000120a <irq_remove_handler+0xa6>
100011f0:	0053      	lsls	r3, r2, #1
100011f2:	189b      	adds	r3, r3, r2
100011f4:	009b      	lsls	r3, r3, #2
100011f6:	0022      	movs	r2, r4
100011f8:	4c39      	ldr	r4, [pc, #228]	@ (100012e0 <irq_remove_handler+0x17c>)
100011fa:	18e4      	adds	r4, r4, r3
100011fc:	e7f1      	b.n	100011e2 <irq_remove_handler+0x7e>
100011fe:	4b39      	ldr	r3, [pc, #228]	@ (100012e4 <irq_remove_handler+0x180>)
10001200:	4a39      	ldr	r2, [pc, #228]	@ (100012e8 <irq_remove_handler+0x184>)
10001202:	493a      	ldr	r1, [pc, #232]	@ (100012ec <irq_remove_handler+0x188>)
10001204:	483a      	ldr	r0, [pc, #232]	@ (100012f0 <irq_remove_handler+0x18c>)
10001206:	f003 f8b7 	bl	10004378 <__assert_func>
1000120a:	0022      	movs	r2, r4
1000120c:	429d      	cmp	r5, r3
1000120e:	d157      	bne.n	100012c0 <irq_remove_handler+0x15c>
10001210:	2506      	movs	r5, #6
10001212:	5765      	ldrsb	r5, [r4, r5]
10001214:	2d00      	cmp	r5, #0
10001216:	db39      	blt.n	1000128c <irq_remove_handler+0x128>
10001218:	006b      	lsls	r3, r5, #1
1000121a:	195b      	adds	r3, r3, r5
1000121c:	009a      	lsls	r2, r3, #2
1000121e:	4b30      	ldr	r3, [pc, #192]	@ (100012e0 <irq_remove_handler+0x17c>)
10001220:	189b      	adds	r3, r3, r2
10001222:	689a      	ldr	r2, [r3, #8]
10001224:	60a2      	str	r2, [r4, #8]
10001226:	79da      	ldrb	r2, [r3, #7]
10001228:	71e2      	strb	r2, [r4, #7]
1000122a:	2206      	movs	r2, #6
1000122c:	569a      	ldrsb	r2, [r3, r2]
1000122e:	71a2      	strb	r2, [r4, #6]
10001230:	799b      	ldrb	r3, [r3, #6]
10001232:	b25b      	sxtb	r3, r3
10001234:	2b00      	cmp	r3, #0
10001236:	da0f      	bge.n	10001258 <irq_remove_handler+0xf4>
10001238:	482e      	ldr	r0, [pc, #184]	@ (100012f4 <irq_remove_handler+0x190>)
1000123a:	80a0      	strh	r0, [r4, #4]
1000123c:	006b      	lsls	r3, r5, #1
1000123e:	195b      	adds	r3, r3, r5
10001240:	009b      	lsls	r3, r3, #2
10001242:	4a27      	ldr	r2, [pc, #156]	@ (100012e0 <irq_remove_handler+0x17c>)
10001244:	18d3      	adds	r3, r2, r3
10001246:	4a2c      	ldr	r2, [pc, #176]	@ (100012f8 <irq_remove_handler+0x194>)
10001248:	7811      	ldrb	r1, [r2, #0]
1000124a:	7199      	strb	r1, [r3, #6]
1000124c:	7015      	strb	r5, [r2, #0]
1000124e:	4649      	mov	r1, r9
10001250:	0030      	movs	r0, r6
10001252:	f7ff fe09 	bl	10000e68 <irq_set_enabled>
10001256:	e7a6      	b.n	100011a6 <irq_remove_handler+0x42>
10001258:	1d20      	adds	r0, r4, #4
1000125a:	006b      	lsls	r3, r5, #1
1000125c:	195b      	adds	r3, r3, r5
1000125e:	009b      	lsls	r3, r3, #2
10001260:	4a1f      	ldr	r2, [pc, #124]	@ (100012e0 <irq_remove_handler+0x17c>)
10001262:	189b      	adds	r3, r3, r2
10001264:	1d1a      	adds	r2, r3, #4
10001266:	889b      	ldrh	r3, [r3, #4]
10001268:	0ad9      	lsrs	r1, r3, #11
1000126a:	291c      	cmp	r1, #28
1000126c:	d107      	bne.n	1000127e <irq_remove_handler+0x11a>
1000126e:	055b      	lsls	r3, r3, #21
10001270:	155b      	asrs	r3, r3, #21
10001272:	3302      	adds	r3, #2
10001274:	0059      	lsls	r1, r3, #1
10001276:	1851      	adds	r1, r2, r1
10001278:	f7ff fd96 	bl	10000da8 <make_j_16>
1000127c:	e7dd      	b.n	1000123a <irq_remove_handler+0xd6>
1000127e:	218e      	movs	r1, #142	@ 0x8e
10001280:	4b1e      	ldr	r3, [pc, #120]	@ (100012fc <irq_remove_handler+0x198>)
10001282:	4a1f      	ldr	r2, [pc, #124]	@ (10001300 <irq_remove_handler+0x19c>)
10001284:	0049      	lsls	r1, r1, #1
10001286:	481a      	ldr	r0, [pc, #104]	@ (100012f0 <irq_remove_handler+0x18c>)
10001288:	f003 f876 	bl	10004378 <__assert_func>
1000128c:	2900      	cmp	r1, #0
1000128e:	d112      	bne.n	100012b6 <irq_remove_handler+0x152>
10001290:	2a00      	cmp	r2, #0
10001292:	d00e      	beq.n	100012b2 <irq_remove_handler+0x14e>
10001294:	23ff      	movs	r3, #255	@ 0xff
10001296:	7193      	strb	r3, [r2, #6]
10001298:	4b1a      	ldr	r3, [pc, #104]	@ (10001304 <irq_remove_handler+0x1a0>)
1000129a:	8093      	strh	r3, [r2, #4]
1000129c:	4a16      	ldr	r2, [pc, #88]	@ (100012f8 <irq_remove_handler+0x194>)
1000129e:	7813      	ldrb	r3, [r2, #0]
100012a0:	71a3      	strb	r3, [r4, #6]
100012a2:	4b19      	ldr	r3, [pc, #100]	@ (10001308 <irq_remove_handler+0x1a4>)
100012a4:	490e      	ldr	r1, [pc, #56]	@ (100012e0 <irq_remove_handler+0x17c>)
100012a6:	1a64      	subs	r4, r4, r1
100012a8:	4164      	adcs	r4, r4
100012aa:	4363      	muls	r3, r4
100012ac:	0d1b      	lsrs	r3, r3, #20
100012ae:	7013      	strb	r3, [r2, #0]
100012b0:	e7cd      	b.n	1000124e <irq_remove_handler+0xea>
100012b2:	4f0a      	ldr	r7, [pc, #40]	@ (100012dc <irq_remove_handler+0x178>)
100012b4:	e7f2      	b.n	1000129c <irq_remove_handler+0x138>
100012b6:	1d20      	adds	r0, r4, #4
100012b8:	4914      	ldr	r1, [pc, #80]	@ (1000130c <irq_remove_handler+0x1a8>)
100012ba:	f7ff fd9b 	bl	10000df4 <insert_bl_32>
100012be:	e7c6      	b.n	1000124e <irq_remove_handler+0xea>
100012c0:	2191      	movs	r1, #145	@ 0x91
100012c2:	4b13      	ldr	r3, [pc, #76]	@ (10001310 <irq_remove_handler+0x1ac>)
100012c4:	4a08      	ldr	r2, [pc, #32]	@ (100012e8 <irq_remove_handler+0x184>)
100012c6:	0089      	lsls	r1, r1, #2
100012c8:	4809      	ldr	r0, [pc, #36]	@ (100012f0 <irq_remove_handler+0x18c>)
100012ca:	f003 f855 	bl	10004378 <__assert_func>
100012ce:	4f03      	ldr	r7, [pc, #12]	@ (100012dc <irq_remove_handler+0x178>)
100012d0:	e769      	b.n	100011a6 <irq_remove_handler+0x42>
100012d2:	46c0      	nop			@ (mov r8, r8)
100012d4:	d0000124 	.word	0xd0000124
100012d8:	e000ed00 	.word	0xe000ed00
100012dc:	100001c1 	.word	0x100001c1
100012e0:	20000cc0 	.word	0x20000cc0
100012e4:	1000940c 	.word	0x1000940c
100012e8:	100094cc 	.word	0x100094cc
100012ec:	00000202 	.word	0x00000202
100012f0:	10009294 	.word	0x10009294
100012f4:	0000bd01 	.word	0x0000bd01
100012f8:	20006526 	.word	0x20006526
100012fc:	100093f4 	.word	0x100093f4
10001300:	100094ec 	.word	0x100094ec
10001304:	ffffbd01 	.word	0xffffbd01
10001308:	0000aaaa 	.word	0x0000aaaa
1000130c:	20000cfa 	.word	0x20000cfa
10001310:	10009440 	.word	0x10009440

10001314 <irq_add_tail_to_free_list>:
10001314:	b570      	push	{r4, r5, r6, lr}
10001316:	2101      	movs	r1, #1
10001318:	4301      	orrs	r1, r0
1000131a:	4b2c      	ldr	r3, [pc, #176]	@ (100013cc <irq_add_tail_to_free_list+0xb8>)
1000131c:	1acb      	subs	r3, r1, r3
1000131e:	2b2f      	cmp	r3, #47	@ 0x2f
10001320:	d828      	bhi.n	10001374 <irq_add_tail_to_free_list+0x60>
10001322:	f3ef 8305 	mrs	r3, IPSR
10001326:	2b00      	cmp	r3, #0
10001328:	d02a      	beq.n	10001380 <irq_add_tail_to_free_list+0x6c>
1000132a:	f3ef 8c10 	mrs	ip, PRIMASK
1000132e:	b672      	cpsid	i
10001330:	4a27      	ldr	r2, [pc, #156]	@ (100013d0 <irq_add_tail_to_free_list+0xbc>)
10001332:	6812      	ldr	r2, [r2, #0]
10001334:	2a00      	cmp	r2, #0
10001336:	d0fb      	beq.n	10001330 <irq_add_tail_to_free_list+0x1c>
10001338:	f3bf 8f5f 	dmb	sy
1000133c:	4a25      	ldr	r2, [pc, #148]	@ (100013d4 <irq_add_tail_to_free_list+0xc0>)
1000133e:	0004      	movs	r4, r0
10001340:	4d22      	ldr	r5, [pc, #136]	@ (100013cc <irq_add_tail_to_free_list+0xb8>)
10001342:	1b64      	subs	r4, r4, r5
10001344:	4164      	adcs	r4, r4
10001346:	4362      	muls	r2, r4
10001348:	0d12      	lsrs	r2, r2, #20
1000134a:	b254      	sxtb	r4, r2
1000134c:	4a22      	ldr	r2, [pc, #136]	@ (100013d8 <irq_add_tail_to_free_list+0xc4>)
1000134e:	6892      	ldr	r2, [r2, #8]
10001350:	009b      	lsls	r3, r3, #2
10001352:	58d2      	ldr	r2, [r2, r3]
10001354:	428a      	cmp	r2, r1
10001356:	d019      	beq.n	1000138c <irq_add_tail_to_free_list+0x78>
10001358:	2200      	movs	r2, #0
1000135a:	2a03      	cmp	r2, #3
1000135c:	d830      	bhi.n	100013c0 <irq_add_tail_to_free_list+0xac>
1000135e:	0053      	lsls	r3, r2, #1
10001360:	189b      	adds	r3, r3, r2
10001362:	009b      	lsls	r3, r3, #2
10001364:	4919      	ldr	r1, [pc, #100]	@ (100013cc <irq_add_tail_to_free_list+0xb8>)
10001366:	18cb      	adds	r3, r1, r3
10001368:	799b      	ldrb	r3, [r3, #6]
1000136a:	b25b      	sxtb	r3, r3
1000136c:	42a3      	cmp	r3, r4
1000136e:	d01d      	beq.n	100013ac <irq_add_tail_to_free_list+0x98>
10001370:	3201      	adds	r2, #1
10001372:	e7f2      	b.n	1000135a <irq_add_tail_to_free_list+0x46>
10001374:	4b19      	ldr	r3, [pc, #100]	@ (100013dc <irq_add_tail_to_free_list+0xc8>)
10001376:	4a1a      	ldr	r2, [pc, #104]	@ (100013e0 <irq_add_tail_to_free_list+0xcc>)
10001378:	491a      	ldr	r1, [pc, #104]	@ (100013e4 <irq_add_tail_to_free_list+0xd0>)
1000137a:	481b      	ldr	r0, [pc, #108]	@ (100013e8 <irq_add_tail_to_free_list+0xd4>)
1000137c:	f002 fffc 	bl	10004378 <__assert_func>
10001380:	4b1a      	ldr	r3, [pc, #104]	@ (100013ec <irq_add_tail_to_free_list+0xd8>)
10001382:	4a17      	ldr	r2, [pc, #92]	@ (100013e0 <irq_add_tail_to_free_list+0xcc>)
10001384:	491a      	ldr	r1, [pc, #104]	@ (100013f0 <irq_add_tail_to_free_list+0xdc>)
10001386:	4818      	ldr	r0, [pc, #96]	@ (100013e8 <irq_add_tail_to_free_list+0xd4>)
10001388:	f002 fff6 	bl	10004378 <__assert_func>
1000138c:	4a12      	ldr	r2, [pc, #72]	@ (100013d8 <irq_add_tail_to_free_list+0xc4>)
1000138e:	6892      	ldr	r2, [r2, #8]
10001390:	4918      	ldr	r1, [pc, #96]	@ (100013f4 <irq_add_tail_to_free_list+0xe0>)
10001392:	50d1      	str	r1, [r2, r3]
10001394:	4b18      	ldr	r3, [pc, #96]	@ (100013f8 <irq_add_tail_to_free_list+0xe4>)
10001396:	781a      	ldrb	r2, [r3, #0]
10001398:	7182      	strb	r2, [r0, #6]
1000139a:	701c      	strb	r4, [r3, #0]
1000139c:	f3bf 8f5f 	dmb	sy
100013a0:	4b0b      	ldr	r3, [pc, #44]	@ (100013d0 <irq_add_tail_to_free_list+0xbc>)
100013a2:	2200      	movs	r2, #0
100013a4:	601a      	str	r2, [r3, #0]
100013a6:	f38c 8810 	msr	PRIMASK, ip
100013aa:	bd70      	pop	{r4, r5, r6, pc}
100013ac:	000d      	movs	r5, r1
100013ae:	0053      	lsls	r3, r2, #1
100013b0:	1899      	adds	r1, r3, r2
100013b2:	0089      	lsls	r1, r1, #2
100013b4:	1869      	adds	r1, r5, r1
100013b6:	26ff      	movs	r6, #255	@ 0xff
100013b8:	718e      	strb	r6, [r1, #6]
100013ba:	4a10      	ldr	r2, [pc, #64]	@ (100013fc <irq_add_tail_to_free_list+0xe8>)
100013bc:	808a      	strh	r2, [r1, #4]
100013be:	e7e9      	b.n	10001394 <irq_add_tail_to_free_list+0x80>
100013c0:	4b0f      	ldr	r3, [pc, #60]	@ (10001400 <irq_add_tail_to_free_list+0xec>)
100013c2:	4a07      	ldr	r2, [pc, #28]	@ (100013e0 <irq_add_tail_to_free_list+0xcc>)
100013c4:	490f      	ldr	r1, [pc, #60]	@ (10001404 <irq_add_tail_to_free_list+0xf0>)
100013c6:	4808      	ldr	r0, [pc, #32]	@ (100013e8 <irq_add_tail_to_free_list+0xd4>)
100013c8:	f002 ffd6 	bl	10004378 <__assert_func>
100013cc:	20000cc0 	.word	0x20000cc0
100013d0:	d0000124 	.word	0xd0000124
100013d4:	0000aaaa 	.word	0x0000aaaa
100013d8:	e000ed00 	.word	0xe000ed00
100013dc:	10009448 	.word	0x10009448
100013e0:	100094a0 	.word	0x100094a0
100013e4:	0000027f 	.word	0x0000027f
100013e8:	10009294 	.word	0x10009294
100013ec:	10009470 	.word	0x10009470
100013f0:	00000282 	.word	0x00000282
100013f4:	100001c1 	.word	0x100001c1
100013f8:	20006526 	.word	0x20006526
100013fc:	ffffbd01 	.word	0xffffbd01
10001400:	1000947c 	.word	0x1000947c
10001404:	00000293 	.word	0x00000293

10001408 <user_irq_claim_unused>:
10001408:	b500      	push	{lr}
1000140a:	b083      	sub	sp, #12
1000140c:	0001      	movs	r1, r0
1000140e:	4b06      	ldr	r3, [pc, #24]	@ (10001428 <user_irq_claim_unused+0x20>)
10001410:	9300      	str	r3, [sp, #0]
10001412:	2305      	movs	r3, #5
10001414:	2200      	movs	r2, #0
10001416:	4805      	ldr	r0, [pc, #20]	@ (1000142c <user_irq_claim_unused+0x24>)
10001418:	f7ff fc2f 	bl	10000c7a <hw_claim_unused_from_range>
1000141c:	2800      	cmp	r0, #0
1000141e:	db01      	blt.n	10001424 <user_irq_claim_unused+0x1c>
10001420:	231f      	movs	r3, #31
10001422:	1a18      	subs	r0, r3, r0
10001424:	b003      	add	sp, #12
10001426:	bd00      	pop	{pc}
10001428:	10009484 	.word	0x10009484
1000142c:	2000652a 	.word	0x2000652a

10001430 <lock_init>:
10001430:	4b02      	ldr	r3, [pc, #8]	@ (1000143c <lock_init+0xc>)
10001432:	469c      	mov	ip, r3
10001434:	4461      	add	r1, ip
10001436:	0089      	lsls	r1, r1, #2
10001438:	6001      	str	r1, [r0, #0]
1000143a:	4770      	bx	lr
1000143c:	34000040 	.word	0x34000040

10001440 <mutex_init>:
10001440:	b510      	push	{r4, lr}
10001442:	0004      	movs	r4, r0
10001444:	f7ff fc42 	bl	10000ccc <next_striped_spin_lock_num>
10001448:	0001      	movs	r1, r0
1000144a:	0020      	movs	r0, r4
1000144c:	f7ff fff0 	bl	10001430 <lock_init>
10001450:	23ff      	movs	r3, #255	@ 0xff
10001452:	7123      	strb	r3, [r4, #4]
10001454:	f3bf 8f5f 	dmb	sy
10001458:	bd10      	pop	{r4, pc}

1000145a <recursive_mutex_init>:
1000145a:	b510      	push	{r4, lr}
1000145c:	0004      	movs	r4, r0
1000145e:	f7ff fc35 	bl	10000ccc <next_striped_spin_lock_num>
10001462:	0001      	movs	r1, r0
10001464:	0020      	movs	r0, r4
10001466:	f7ff ffe3 	bl	10001430 <lock_init>
1000146a:	23ff      	movs	r3, #255	@ 0xff
1000146c:	7123      	strb	r3, [r4, #4]
1000146e:	2300      	movs	r3, #0
10001470:	7163      	strb	r3, [r4, #5]
10001472:	f3bf 8f5f 	dmb	sy
10001476:	bd10      	pop	{r4, pc}

10001478 <runtime_init_mutex>:
10001478:	b510      	push	{r4, lr}
1000147a:	4c0d      	ldr	r4, [pc, #52]	@ (100014b0 <runtime_init_mutex+0x38>)
1000147c:	e009      	b.n	10001492 <runtime_init_mutex+0x1a>
1000147e:	4b0d      	ldr	r3, [pc, #52]	@ (100014b4 <runtime_init_mutex+0x3c>)
10001480:	4a0d      	ldr	r2, [pc, #52]	@ (100014b8 <runtime_init_mutex+0x40>)
10001482:	211a      	movs	r1, #26
10001484:	480d      	ldr	r0, [pc, #52]	@ (100014bc <runtime_init_mutex+0x44>)
10001486:	f002 ff77 	bl	10004378 <__assert_func>
1000148a:	0020      	movs	r0, r4
1000148c:	f7ff ffd8 	bl	10001440 <mutex_init>
10001490:	3408      	adds	r4, #8
10001492:	4b0b      	ldr	r3, [pc, #44]	@ (100014c0 <runtime_init_mutex+0x48>)
10001494:	429c      	cmp	r4, r3
10001496:	d209      	bcs.n	100014ac <runtime_init_mutex+0x34>
10001498:	6823      	ldr	r3, [r4, #0]
1000149a:	2b00      	cmp	r3, #0
1000149c:	d0f5      	beq.n	1000148a <runtime_init_mutex+0x12>
1000149e:	2b01      	cmp	r3, #1
100014a0:	d1ed      	bne.n	1000147e <runtime_init_mutex+0x6>
100014a2:	0020      	movs	r0, r4
100014a4:	f7ff ffd9 	bl	1000145a <recursive_mutex_init>
100014a8:	3408      	adds	r4, #8
100014aa:	e7f2      	b.n	10001492 <runtime_init_mutex+0x1a>
100014ac:	bd10      	pop	{r4, pc}
100014ae:	46c0      	nop			@ (mov r8, r8)
100014b0:	200015b8 	.word	0x200015b8
100014b4:	10009530 	.word	0x10009530
100014b8:	10009608 	.word	0x10009608
100014bc:	10009550 	.word	0x10009550
100014c0:	200015c8 	.word	0x200015c8

100014c4 <critical_section_init_with_lock_num>:
100014c4:	4b03      	ldr	r3, [pc, #12]	@ (100014d4 <critical_section_init_with_lock_num+0x10>)
100014c6:	469c      	mov	ip, r3
100014c8:	4461      	add	r1, ip
100014ca:	0089      	lsls	r1, r1, #2
100014cc:	6001      	str	r1, [r0, #0]
100014ce:	f3bf 8f5f 	dmb	sy
100014d2:	4770      	bx	lr
100014d4:	34000040 	.word	0x34000040

100014d8 <critical_section_init>:
100014d8:	b510      	push	{r4, lr}
100014da:	0004      	movs	r4, r0
100014dc:	2001      	movs	r0, #1
100014de:	f7ff fc03 	bl	10000ce8 <spin_lock_claim_unused>
100014e2:	0001      	movs	r1, r0
100014e4:	0020      	movs	r0, r4
100014e6:	f7ff ffed 	bl	100014c4 <critical_section_init_with_lock_num>
100014ea:	bd10      	pop	{r4, pc}

100014ec <make_alarm_id>:
100014ec:	0400      	lsls	r0, r0, #16
100014ee:	4308      	orrs	r0, r1
100014f0:	4770      	bx	lr
	...

100014f4 <sleep_until_callback>:
100014f4:	4b0a      	ldr	r3, [pc, #40]	@ (10001520 <sleep_until_callback+0x2c>)
100014f6:	681a      	ldr	r2, [r3, #0]
100014f8:	f3ef 8110 	mrs	r1, PRIMASK
100014fc:	b672      	cpsid	i
100014fe:	6813      	ldr	r3, [r2, #0]
10001500:	2b00      	cmp	r3, #0
10001502:	d0fc      	beq.n	100014fe <sleep_until_callback+0xa>
10001504:	f3bf 8f5f 	dmb	sy
10001508:	4b05      	ldr	r3, [pc, #20]	@ (10001520 <sleep_until_callback+0x2c>)
1000150a:	681b      	ldr	r3, [r3, #0]
1000150c:	f3bf 8f5f 	dmb	sy
10001510:	2200      	movs	r2, #0
10001512:	601a      	str	r2, [r3, #0]
10001514:	f381 8810 	msr	PRIMASK, r1
10001518:	bf40      	sev
1000151a:	2000      	movs	r0, #0
1000151c:	2100      	movs	r1, #0
1000151e:	4770      	bx	lr
10001520:	200064f8 	.word	0x200064f8

10001524 <alarm_pool_irq_handler>:
10001524:	b5f0      	push	{r4, r5, r6, r7, lr}
10001526:	46de      	mov	lr, fp
10001528:	4657      	mov	r7, sl
1000152a:	464e      	mov	r6, r9
1000152c:	4645      	mov	r5, r8
1000152e:	b5e0      	push	{r5, r6, r7, lr}
10001530:	b085      	sub	sp, #20
10001532:	f3ef 8305 	mrs	r3, IPSR
10001536:	2203      	movs	r2, #3
10001538:	401a      	ands	r2, r3
1000153a:	4693      	mov	fp, r2
1000153c:	0092      	lsls	r2, r2, #2
1000153e:	4bb3      	ldr	r3, [pc, #716]	@ (1000180c <alarm_pool_irq_handler+0x2e8>)
10001540:	58d3      	ldr	r3, [r2, r3]
10001542:	4698      	mov	r8, r3
10001544:	781b      	ldrb	r3, [r3, #0]
10001546:	455b      	cmp	r3, fp
10001548:	d107      	bne.n	1000155a <alarm_pool_irq_handler+0x36>
1000154a:	2301      	movs	r3, #1
1000154c:	465a      	mov	r2, fp
1000154e:	4093      	lsls	r3, r2
10001550:	001a      	movs	r2, r3
10001552:	9303      	str	r3, [sp, #12]
10001554:	4bae      	ldr	r3, [pc, #696]	@ (10001810 <alarm_pool_irq_handler+0x2ec>)
10001556:	601a      	str	r2, [r3, #0]
10001558:	e115      	b.n	10001786 <alarm_pool_irq_handler+0x262>
1000155a:	4bae      	ldr	r3, [pc, #696]	@ (10001814 <alarm_pool_irq_handler+0x2f0>)
1000155c:	4aae      	ldr	r2, [pc, #696]	@ (10001818 <alarm_pool_irq_handler+0x2f4>)
1000155e:	2192      	movs	r1, #146	@ 0x92
10001560:	48ae      	ldr	r0, [pc, #696]	@ (1000181c <alarm_pool_irq_handler+0x2f8>)
10001562:	f002 ff09 	bl	10004378 <__assert_func>
10001566:	005b      	lsls	r3, r3, #1
10001568:	444b      	add	r3, r9
1000156a:	00db      	lsls	r3, r3, #3
1000156c:	4642      	mov	r2, r8
1000156e:	6952      	ldr	r2, [r2, #20]
10001570:	4692      	mov	sl, r2
10001572:	449a      	add	sl, r3
10001574:	4653      	mov	r3, sl
10001576:	689e      	ldr	r6, [r3, #8]
10001578:	68df      	ldr	r7, [r3, #12]
1000157a:	48a9      	ldr	r0, [pc, #676]	@ (10001820 <alarm_pool_irq_handler+0x2fc>)
1000157c:	f000 fbb0 	bl	10001ce0 <timer_time_us_64>
10001580:	1b80      	subs	r0, r0, r6
10001582:	41b9      	sbcs	r1, r7
10001584:	2900      	cmp	r1, #0
10001586:	da00      	bge.n	1000158a <alarm_pool_irq_handler+0x66>
10001588:	e107      	b.n	1000179a <alarm_pool_irq_handler+0x276>
1000158a:	2f00      	cmp	r7, #0
1000158c:	db60      	blt.n	10001650 <alarm_pool_irq_handler+0x12c>
1000158e:	4653      	mov	r3, sl
10001590:	691c      	ldr	r4, [r3, #16]
10001592:	4ba4      	ldr	r3, [pc, #656]	@ (10001824 <alarm_pool_irq_handler+0x300>)
10001594:	429c      	cmp	r4, r3
10001596:	d044      	beq.n	10001622 <alarm_pool_irq_handler+0xfe>
10001598:	4643      	mov	r3, r8
1000159a:	2008      	movs	r0, #8
1000159c:	5e18      	ldrsh	r0, [r3, r0]
1000159e:	4653      	mov	r3, sl
100015a0:	8859      	ldrh	r1, [r3, #2]
100015a2:	b289      	uxth	r1, r1
100015a4:	f7ff ffa2 	bl	100014ec <make_alarm_id>
100015a8:	4653      	mov	r3, sl
100015aa:	6959      	ldr	r1, [r3, #20]
100015ac:	47a0      	blx	r4
100015ae:	0004      	movs	r4, r0
100015b0:	000d      	movs	r5, r1
100015b2:	0023      	movs	r3, r4
100015b4:	432b      	orrs	r3, r5
100015b6:	d04b      	beq.n	10001650 <alarm_pool_irq_handler+0x12c>
100015b8:	2d00      	cmp	r5, #0
100015ba:	da3c      	bge.n	10001636 <alarm_pool_irq_handler+0x112>
100015bc:	0030      	movs	r0, r6
100015be:	0039      	movs	r1, r7
100015c0:	1b00      	subs	r0, r0, r4
100015c2:	41a9      	sbcs	r1, r5
100015c4:	9000      	str	r0, [sp, #0]
100015c6:	9101      	str	r1, [sp, #4]
100015c8:	4653      	mov	r3, sl
100015ca:	9800      	ldr	r0, [sp, #0]
100015cc:	9901      	ldr	r1, [sp, #4]
100015ce:	6098      	str	r0, [r3, #8]
100015d0:	60d9      	str	r1, [r3, #12]
100015d2:	2500      	movs	r5, #0
100015d4:	5f5d      	ldrsh	r5, [r3, r5]
100015d6:	2d00      	cmp	r5, #0
100015d8:	da00      	bge.n	100015dc <alarm_pool_irq_handler+0xb8>
100015da:	e0de      	b.n	1000179a <alarm_pool_irq_handler+0x276>
100015dc:	4643      	mov	r3, r8
100015de:	695c      	ldr	r4, [r3, #20]
100015e0:	006b      	lsls	r3, r5, #1
100015e2:	195b      	adds	r3, r3, r5
100015e4:	00db      	lsls	r3, r3, #3
100015e6:	18e3      	adds	r3, r4, r3
100015e8:	689a      	ldr	r2, [r3, #8]
100015ea:	68db      	ldr	r3, [r3, #12]
100015ec:	1a80      	subs	r0, r0, r2
100015ee:	4199      	sbcs	r1, r3
100015f0:	2900      	cmp	r1, #0
100015f2:	da00      	bge.n	100015f6 <alarm_pool_irq_handler+0xd2>
100015f4:	e0d1      	b.n	1000179a <alarm_pool_irq_handler+0x276>
100015f6:	4643      	mov	r3, r8
100015f8:	811d      	strh	r5, [r3, #8]
100015fa:	4647      	mov	r7, r8
100015fc:	3708      	adds	r7, #8
100015fe:	2300      	movs	r3, #0
10001600:	5efe      	ldrsh	r6, [r7, r3]
10001602:	2e00      	cmp	r6, #0
10001604:	db1f      	blt.n	10001646 <alarm_pool_irq_handler+0x122>
10001606:	0075      	lsls	r5, r6, #1
10001608:	19ad      	adds	r5, r5, r6
1000160a:	00ed      	lsls	r5, r5, #3
1000160c:	1965      	adds	r5, r4, r5
1000160e:	9a00      	ldr	r2, [sp, #0]
10001610:	9b01      	ldr	r3, [sp, #4]
10001612:	68a8      	ldr	r0, [r5, #8]
10001614:	68e9      	ldr	r1, [r5, #12]
10001616:	1a12      	subs	r2, r2, r0
10001618:	418b      	sbcs	r3, r1
1000161a:	2b00      	cmp	r3, #0
1000161c:	db13      	blt.n	10001646 <alarm_pool_irq_handler+0x122>
1000161e:	002f      	movs	r7, r5
10001620:	e7ed      	b.n	100015fe <alarm_pool_irq_handler+0xda>
10001622:	4653      	mov	r3, sl
10001624:	695c      	ldr	r4, [r3, #20]
10001626:	0020      	movs	r0, r4
10001628:	6923      	ldr	r3, [r4, #16]
1000162a:	4798      	blx	r3
1000162c:	2800      	cmp	r0, #0
1000162e:	d00f      	beq.n	10001650 <alarm_pool_irq_handler+0x12c>
10001630:	6865      	ldr	r5, [r4, #4]
10001632:	6824      	ldr	r4, [r4, #0]
10001634:	e7bd      	b.n	100015b2 <alarm_pool_irq_handler+0x8e>
10001636:	487a      	ldr	r0, [pc, #488]	@ (10001820 <alarm_pool_irq_handler+0x2fc>)
10001638:	f000 fb52 	bl	10001ce0 <timer_time_us_64>
1000163c:	1900      	adds	r0, r0, r4
1000163e:	4169      	adcs	r1, r5
10001640:	9000      	str	r0, [sp, #0]
10001642:	9101      	str	r1, [sp, #4]
10001644:	e7c0      	b.n	100015c8 <alarm_pool_irq_handler+0xa4>
10001646:	4653      	mov	r3, sl
10001648:	801e      	strh	r6, [r3, #0]
1000164a:	464b      	mov	r3, r9
1000164c:	803b      	strh	r3, [r7, #0]
1000164e:	e0a4      	b.n	1000179a <alarm_pool_irq_handler+0x276>
10001650:	4653      	mov	r3, sl
10001652:	2200      	movs	r2, #0
10001654:	5e9b      	ldrsh	r3, [r3, r2]
10001656:	4642      	mov	r2, r8
10001658:	8113      	strh	r3, [r2, #8]
1000165a:	6912      	ldr	r2, [r2, #16]
1000165c:	f3ef 8310 	mrs	r3, PRIMASK
10001660:	b672      	cpsid	i
10001662:	6811      	ldr	r1, [r2, #0]
10001664:	2900      	cmp	r1, #0
10001666:	d0fc      	beq.n	10001662 <alarm_pool_irq_handler+0x13e>
10001668:	f3bf 8f5f 	dmb	sy
1000166c:	4642      	mov	r2, r8
1000166e:	2102      	movs	r1, #2
10001670:	5e52      	ldrsh	r2, [r2, r1]
10001672:	4651      	mov	r1, sl
10001674:	800a      	strh	r2, [r1, #0]
10001676:	4642      	mov	r2, r8
10001678:	4649      	mov	r1, r9
1000167a:	8051      	strh	r1, [r2, #2]
1000167c:	6912      	ldr	r2, [r2, #16]
1000167e:	f3bf 8f5f 	dmb	sy
10001682:	2100      	movs	r1, #0
10001684:	6011      	str	r1, [r2, #0]
10001686:	f383 8810 	msr	PRIMASK, r3
1000168a:	e086      	b.n	1000179a <alarm_pool_irq_handler+0x276>
1000168c:	4643      	mov	r3, r8
1000168e:	691a      	ldr	r2, [r3, #16]
10001690:	f3ef 8110 	mrs	r1, PRIMASK
10001694:	b672      	cpsid	i
10001696:	6813      	ldr	r3, [r2, #0]
10001698:	2b00      	cmp	r3, #0
1000169a:	d0fc      	beq.n	10001696 <alarm_pool_irq_handler+0x172>
1000169c:	f3bf 8f5f 	dmb	sy
100016a0:	4643      	mov	r3, r8
100016a2:	889b      	ldrh	r3, [r3, #4]
100016a4:	b21b      	sxth	r3, r3
100016a6:	4699      	mov	r9, r3
100016a8:	2301      	movs	r3, #1
100016aa:	425b      	negs	r3, r3
100016ac:	4642      	mov	r2, r8
100016ae:	8093      	strh	r3, [r2, #4]
100016b0:	6913      	ldr	r3, [r2, #16]
100016b2:	f3bf 8f5f 	dmb	sy
100016b6:	2200      	movs	r2, #0
100016b8:	601a      	str	r2, [r3, #0]
100016ba:	f381 8810 	msr	PRIMASK, r1
100016be:	e018      	b.n	100016f2 <alarm_pool_irq_handler+0x1ce>
100016c0:	0026      	movs	r6, r4
100016c2:	2300      	movs	r3, #0
100016c4:	5ef5      	ldrsh	r5, [r6, r3]
100016c6:	2d00      	cmp	r5, #0
100016c8:	db0b      	blt.n	100016e2 <alarm_pool_irq_handler+0x1be>
100016ca:	006c      	lsls	r4, r5, #1
100016cc:	1964      	adds	r4, r4, r5
100016ce:	00e4      	lsls	r4, r4, #3
100016d0:	193c      	adds	r4, r7, r4
100016d2:	9a00      	ldr	r2, [sp, #0]
100016d4:	9b01      	ldr	r3, [sp, #4]
100016d6:	68a0      	ldr	r0, [r4, #8]
100016d8:	68e1      	ldr	r1, [r4, #12]
100016da:	1a12      	subs	r2, r2, r0
100016dc:	418b      	sbcs	r3, r1
100016de:	2b00      	cmp	r3, #0
100016e0:	daee      	bge.n	100016c0 <alarm_pool_irq_handler+0x19c>
100016e2:	464b      	mov	r3, r9
100016e4:	8033      	strh	r3, [r6, #0]
100016e6:	4663      	mov	r3, ip
100016e8:	2200      	movs	r2, #0
100016ea:	5e9b      	ldrsh	r3, [r3, r2]
100016ec:	4699      	mov	r9, r3
100016ee:	4663      	mov	r3, ip
100016f0:	801d      	strh	r5, [r3, #0]
100016f2:	464b      	mov	r3, r9
100016f4:	2b00      	cmp	r3, #0
100016f6:	db56      	blt.n	100017a6 <alarm_pool_irq_handler+0x282>
100016f8:	4643      	mov	r3, r8
100016fa:	695f      	ldr	r7, [r3, #20]
100016fc:	464b      	mov	r3, r9
100016fe:	005b      	lsls	r3, r3, #1
10001700:	444b      	add	r3, r9
10001702:	00db      	lsls	r3, r3, #3
10001704:	469c      	mov	ip, r3
10001706:	44bc      	add	ip, r7
10001708:	4663      	mov	r3, ip
1000170a:	68dc      	ldr	r4, [r3, #12]
1000170c:	689b      	ldr	r3, [r3, #8]
1000170e:	9300      	str	r3, [sp, #0]
10001710:	9401      	str	r4, [sp, #4]
10001712:	4646      	mov	r6, r8
10001714:	3608      	adds	r6, #8
10001716:	e7d4      	b.n	100016c2 <alarm_pool_irq_handler+0x19e>
10001718:	2300      	movs	r3, #0
1000171a:	4642      	mov	r2, r8
1000171c:	7193      	strb	r3, [r2, #6]
1000171e:	4641      	mov	r1, r8
10001720:	3108      	adds	r1, #8
10001722:	4643      	mov	r3, r8
10001724:	2008      	movs	r0, #8
10001726:	5e18      	ldrsh	r0, [r3, r0]
10001728:	e011      	b.n	1000174e <alarm_pool_irq_handler+0x22a>
1000172a:	2201      	movs	r2, #1
1000172c:	4252      	negs	r2, r2
1000172e:	17d3      	asrs	r3, r2, #31
10001730:	60a2      	str	r2, [r4, #8]
10001732:	60e3      	str	r3, [r4, #12]
10001734:	4643      	mov	r3, r8
10001736:	2208      	movs	r2, #8
10001738:	5e9b      	ldrsh	r3, [r3, r2]
1000173a:	4283      	cmp	r3, r0
1000173c:	d006      	beq.n	1000174c <alarm_pool_irq_handler+0x228>
1000173e:	800d      	strh	r5, [r1, #0]
10001740:	4643      	mov	r3, r8
10001742:	2208      	movs	r2, #8
10001744:	5e9b      	ldrsh	r3, [r3, r2]
10001746:	8023      	strh	r3, [r4, #0]
10001748:	4643      	mov	r3, r8
1000174a:	8118      	strh	r0, [r3, #8]
1000174c:	0028      	movs	r0, r5
1000174e:	1c43      	adds	r3, r0, #1
10001750:	d02d      	beq.n	100017ae <alarm_pool_irq_handler+0x28a>
10001752:	4643      	mov	r3, r8
10001754:	695a      	ldr	r2, [r3, #20]
10001756:	0043      	lsls	r3, r0, #1
10001758:	181b      	adds	r3, r3, r0
1000175a:	00db      	lsls	r3, r3, #3
1000175c:	18d4      	adds	r4, r2, r3
1000175e:	5ed5      	ldrsh	r5, [r2, r3]
10001760:	8863      	ldrh	r3, [r4, #2]
10001762:	b21b      	sxth	r3, r3
10001764:	2b00      	cmp	r3, #0
10001766:	dbe0      	blt.n	1000172a <alarm_pool_irq_handler+0x206>
10001768:	0021      	movs	r1, r4
1000176a:	e7ef      	b.n	1000174c <alarm_pool_irq_handler+0x228>
1000176c:	465b      	mov	r3, fp
1000176e:	3304      	adds	r3, #4
10001770:	009b      	lsls	r3, r3, #2
10001772:	4a2b      	ldr	r2, [pc, #172]	@ (10001820 <alarm_pool_irq_handler+0x2fc>)
10001774:	509c      	str	r4, [r3, r2]
10001776:	482a      	ldr	r0, [pc, #168]	@ (10001820 <alarm_pool_irq_handler+0x2fc>)
10001778:	f000 fab2 	bl	10001ce0 <timer_time_us_64>
1000177c:	1a24      	subs	r4, r4, r0
1000177e:	418d      	sbcs	r5, r1
10001780:	2d00      	cmp	r5, #0
10001782:	dc3a      	bgt.n	100017fa <alarm_pool_irq_handler+0x2d6>
10001784:	d037      	beq.n	100017f6 <alarm_pool_irq_handler+0x2d2>
10001786:	4b26      	ldr	r3, [pc, #152]	@ (10001820 <alarm_pool_irq_handler+0x2fc>)
10001788:	9a03      	ldr	r2, [sp, #12]
1000178a:	635a      	str	r2, [r3, #52]	@ 0x34
1000178c:	4643      	mov	r3, r8
1000178e:	2208      	movs	r2, #8
10001790:	5e9b      	ldrsh	r3, [r3, r2]
10001792:	4699      	mov	r9, r3
10001794:	2b00      	cmp	r3, #0
10001796:	db00      	blt.n	1000179a <alarm_pool_irq_handler+0x276>
10001798:	e6e5      	b.n	10001566 <alarm_pool_irq_handler+0x42>
1000179a:	4643      	mov	r3, r8
1000179c:	889b      	ldrh	r3, [r3, #4]
1000179e:	b21b      	sxth	r3, r3
100017a0:	2b00      	cmp	r3, #0
100017a2:	db00      	blt.n	100017a6 <alarm_pool_irq_handler+0x282>
100017a4:	e772      	b.n	1000168c <alarm_pool_irq_handler+0x168>
100017a6:	4643      	mov	r3, r8
100017a8:	799b      	ldrb	r3, [r3, #6]
100017aa:	2b00      	cmp	r3, #0
100017ac:	d1b4      	bne.n	10001718 <alarm_pool_irq_handler+0x1f4>
100017ae:	4643      	mov	r3, r8
100017b0:	2208      	movs	r2, #8
100017b2:	5e9a      	ldrsh	r2, [r3, r2]
100017b4:	2a00      	cmp	r2, #0
100017b6:	db20      	blt.n	100017fa <alarm_pool_irq_handler+0x2d6>
100017b8:	0053      	lsls	r3, r2, #1
100017ba:	189b      	adds	r3, r3, r2
100017bc:	00db      	lsls	r3, r3, #3
100017be:	4642      	mov	r2, r8
100017c0:	6952      	ldr	r2, [r2, #20]
100017c2:	4694      	mov	ip, r2
100017c4:	4463      	add	r3, ip
100017c6:	689c      	ldr	r4, [r3, #8]
100017c8:	68dd      	ldr	r5, [r3, #12]
100017ca:	1c63      	adds	r3, r4, #1
100017cc:	d101      	bne.n	100017d2 <alarm_pool_irq_handler+0x2ae>
100017ce:	1c6b      	adds	r3, r5, #1
100017d0:	d0d1      	beq.n	10001776 <alarm_pool_irq_handler+0x252>
100017d2:	4b13      	ldr	r3, [pc, #76]	@ (10001820 <alarm_pool_irq_handler+0x2fc>)
100017d4:	6a99      	ldr	r1, [r3, #40]	@ 0x28
100017d6:	1a60      	subs	r0, r4, r1
100017d8:	465a      	mov	r2, fp
100017da:	3204      	adds	r2, #4
100017dc:	0092      	lsls	r2, r2, #2
100017de:	58d3      	ldr	r3, [r2, r3]
100017e0:	1a5b      	subs	r3, r3, r1
100017e2:	4298      	cmp	r0, r3
100017e4:	d3c2      	bcc.n	1000176c <alarm_pool_irq_handler+0x248>
100017e6:	4b0e      	ldr	r3, [pc, #56]	@ (10001820 <alarm_pool_irq_handler+0x2fc>)
100017e8:	6a1a      	ldr	r2, [r3, #32]
100017ea:	2301      	movs	r3, #1
100017ec:	4659      	mov	r1, fp
100017ee:	408b      	lsls	r3, r1
100017f0:	4213      	tst	r3, r2
100017f2:	d1c0      	bne.n	10001776 <alarm_pool_irq_handler+0x252>
100017f4:	e7ba      	b.n	1000176c <alarm_pool_irq_handler+0x248>
100017f6:	2c00      	cmp	r4, #0
100017f8:	d0c5      	beq.n	10001786 <alarm_pool_irq_handler+0x262>
100017fa:	bf40      	sev
100017fc:	b005      	add	sp, #20
100017fe:	bcf0      	pop	{r4, r5, r6, r7}
10001800:	46bb      	mov	fp, r7
10001802:	46b2      	mov	sl, r6
10001804:	46a9      	mov	r9, r5
10001806:	46a0      	mov	r8, r4
10001808:	bdf0      	pop	{r4, r5, r6, r7, pc}
1000180a:	46c0      	nop			@ (mov r8, r8)
1000180c:	200062c4 	.word	0x200062c4
10001810:	4005703c 	.word	0x4005703c
10001814:	1000961c 	.word	0x1000961c
10001818:	10009710 	.word	0x10009710
1000181c:	10009648 	.word	0x10009648
10001820:	40054000 	.word	0x40054000
10001824:	10001525 	.word	0x10001525

10001828 <alarm_pool_post_alloc_init>:
10001828:	b5f8      	push	{r3, r4, r5, r6, r7, lr}
1000182a:	46ce      	mov	lr, r9
1000182c:	4647      	mov	r7, r8
1000182e:	b580      	push	{r7, lr}
10001830:	0006      	movs	r6, r0
10001832:	4688      	mov	r8, r1
10001834:	4691      	mov	r9, r2
10001836:	001f      	movs	r7, r3
10001838:	60c1      	str	r1, [r0, #12]
1000183a:	f7ff fa47 	bl	10000ccc <next_striped_spin_lock_num>
1000183e:	4b1b      	ldr	r3, [pc, #108]	@ (100018ac <alarm_pool_post_alloc_init+0x84>)
10001840:	469c      	mov	ip, r3
10001842:	4460      	add	r0, ip
10001844:	0080      	lsls	r0, r0, #2
10001846:	6130      	str	r0, [r6, #16]
10001848:	464b      	mov	r3, r9
1000184a:	7033      	strb	r3, [r6, #0]
1000184c:	b2bb      	uxth	r3, r7
1000184e:	8173      	strh	r3, [r6, #10]
10001850:	22d0      	movs	r2, #208	@ 0xd0
10001852:	0612      	lsls	r2, r2, #24
10001854:	7812      	ldrb	r2, [r2, #0]
10001856:	7072      	strb	r2, [r6, #1]
10001858:	2201      	movs	r2, #1
1000185a:	4252      	negs	r2, r2
1000185c:	8132      	strh	r2, [r6, #8]
1000185e:	80b2      	strh	r2, [r6, #4]
10001860:	189b      	adds	r3, r3, r2
10001862:	8073      	strh	r3, [r6, #2]
10001864:	2400      	movs	r4, #0
10001866:	e006      	b.n	10001876 <alarm_pool_post_alloc_init+0x4e>
10001868:	1e63      	subs	r3, r4, #1
1000186a:	0065      	lsls	r5, r4, #1
1000186c:	192d      	adds	r5, r5, r4
1000186e:	00ed      	lsls	r5, r5, #3
10001870:	6972      	ldr	r2, [r6, #20]
10001872:	5353      	strh	r3, [r2, r5]
10001874:	3401      	adds	r4, #1
10001876:	42bc      	cmp	r4, r7
10001878:	d3f6      	bcc.n	10001868 <alarm_pool_post_alloc_init+0x40>
1000187a:	464b      	mov	r3, r9
1000187c:	009a      	lsls	r2, r3, #2
1000187e:	4b0c      	ldr	r3, [pc, #48]	@ (100018b0 <alarm_pool_post_alloc_init+0x88>)
10001880:	50d6      	str	r6, [r2, r3]
10001882:	2401      	movs	r4, #1
10001884:	464b      	mov	r3, r9
10001886:	409c      	lsls	r4, r3
10001888:	4643      	mov	r3, r8
1000188a:	621c      	str	r4, [r3, #32]
1000188c:	4909      	ldr	r1, [pc, #36]	@ (100018b4 <alarm_pool_post_alloc_init+0x8c>)
1000188e:	4648      	mov	r0, r9
10001890:	f7ff fb22 	bl	10000ed8 <irq_set_exclusive_handler>
10001894:	2101      	movs	r1, #1
10001896:	4648      	mov	r0, r9
10001898:	f7ff fae6 	bl	10000e68 <irq_set_enabled>
1000189c:	4906      	ldr	r1, [pc, #24]	@ (100018b8 <alarm_pool_post_alloc_init+0x90>)
1000189e:	4441      	add	r1, r8
100018a0:	600c      	str	r4, [r1, #0]
100018a2:	bcc0      	pop	{r6, r7}
100018a4:	46b9      	mov	r9, r7
100018a6:	46b0      	mov	r8, r6
100018a8:	bdf8      	pop	{r3, r4, r5, r6, r7, pc}
100018aa:	46c0      	nop			@ (mov r8, r8)
100018ac:	34000040 	.word	0x34000040
100018b0:	200062c4 	.word	0x200062c4
100018b4:	10001525 	.word	0x10001525
100018b8:	00002038 	.word	0x00002038

100018bc <alarm_pool_get_default>:
100018bc:	b510      	push	{r4, lr}
100018be:	4b06      	ldr	r3, [pc, #24]	@ (100018d8 <alarm_pool_get_default+0x1c>)
100018c0:	691b      	ldr	r3, [r3, #16]
100018c2:	2b00      	cmp	r3, #0
100018c4:	d001      	beq.n	100018ca <alarm_pool_get_default+0xe>
100018c6:	4804      	ldr	r0, [pc, #16]	@ (100018d8 <alarm_pool_get_default+0x1c>)
100018c8:	bd10      	pop	{r4, pc}
100018ca:	4b04      	ldr	r3, [pc, #16]	@ (100018dc <alarm_pool_get_default+0x20>)
100018cc:	4a04      	ldr	r2, [pc, #16]	@ (100018e0 <alarm_pool_get_default+0x24>)
100018ce:	2165      	movs	r1, #101	@ 0x65
100018d0:	4804      	ldr	r0, [pc, #16]	@ (100018e4 <alarm_pool_get_default+0x28>)
100018d2:	f002 fd51 	bl	10004378 <__assert_func>
100018d6:	46c0      	nop			@ (mov r8, r8)
100018d8:	20000d08 	.word	0x20000d08
100018dc:	10009684 	.word	0x10009684
100018e0:	100096f8 	.word	0x100096f8
100018e4:	10009648 	.word	0x10009648

100018e8 <alarm_pool_add_alarm_at_force_in_context>:
100018e8:	b5f0      	push	{r4, r5, r6, r7, lr}
100018ea:	46c6      	mov	lr, r8
100018ec:	b500      	push	{lr}
100018ee:	0004      	movs	r4, r0
100018f0:	6900      	ldr	r0, [r0, #16]
100018f2:	f3ef 8c10 	mrs	ip, PRIMASK
100018f6:	b672      	cpsid	i
100018f8:	6801      	ldr	r1, [r0, #0]
100018fa:	2900      	cmp	r1, #0
100018fc:	d0fc      	beq.n	100018f8 <alarm_pool_add_alarm_at_force_in_context+0x10>
100018fe:	f3bf 8f5f 	dmb	sy
10001902:	2102      	movs	r1, #2
10001904:	5e66      	ldrsh	r6, [r4, r1]
10001906:	0075      	lsls	r5, r6, #1
10001908:	19ad      	adds	r5, r5, r6
1000190a:	00ed      	lsls	r5, r5, #3
1000190c:	6961      	ldr	r1, [r4, #20]
1000190e:	4688      	mov	r8, r1
10001910:	4445      	add	r5, r8
10001912:	2e00      	cmp	r6, #0
10001914:	db02      	blt.n	1000191c <alarm_pool_add_alarm_at_force_in_context+0x34>
10001916:	2000      	movs	r0, #0
10001918:	5e29      	ldrsh	r1, [r5, r0]
1000191a:	8061      	strh	r1, [r4, #2]
1000191c:	6921      	ldr	r1, [r4, #16]
1000191e:	f3bf 8f5f 	dmb	sy
10001922:	2000      	movs	r0, #0
10001924:	6008      	str	r0, [r1, #0]
10001926:	f38c 8810 	msr	PRIMASK, ip
1000192a:	2e00      	cmp	r6, #0
1000192c:	db2e      	blt.n	1000198c <alarm_pool_add_alarm_at_force_in_context+0xa4>
1000192e:	9906      	ldr	r1, [sp, #24]
10001930:	6129      	str	r1, [r5, #16]
10001932:	9907      	ldr	r1, [sp, #28]
10001934:	6169      	str	r1, [r5, #20]
10001936:	60aa      	str	r2, [r5, #8]
10001938:	60eb      	str	r3, [r5, #12]
1000193a:	886b      	ldrh	r3, [r5, #2]
1000193c:	3301      	adds	r3, #1
1000193e:	045b      	lsls	r3, r3, #17
10001940:	0c59      	lsrs	r1, r3, #17
10001942:	2b00      	cmp	r3, #0
10001944:	d100      	bne.n	10001948 <alarm_pool_add_alarm_at_force_in_context+0x60>
10001946:	2101      	movs	r1, #1
10001948:	8069      	strh	r1, [r5, #2]
1000194a:	0030      	movs	r0, r6
1000194c:	f7ff fdce 	bl	100014ec <make_alarm_id>
10001950:	6922      	ldr	r2, [r4, #16]
10001952:	f3ef 8110 	mrs	r1, PRIMASK
10001956:	b672      	cpsid	i
10001958:	6813      	ldr	r3, [r2, #0]
1000195a:	2b00      	cmp	r3, #0
1000195c:	d0fc      	beq.n	10001958 <alarm_pool_add_alarm_at_force_in_context+0x70>
1000195e:	f3bf 8f5f 	dmb	sy
10001962:	88a3      	ldrh	r3, [r4, #4]
10001964:	802b      	strh	r3, [r5, #0]
10001966:	80a6      	strh	r6, [r4, #4]
10001968:	6923      	ldr	r3, [r4, #16]
1000196a:	f3bf 8f5f 	dmb	sy
1000196e:	2200      	movs	r2, #0
10001970:	601a      	str	r2, [r3, #0]
10001972:	f381 8810 	msr	PRIMASK, r1
10001976:	68e3      	ldr	r3, [r4, #12]
10001978:	7821      	ldrb	r1, [r4, #0]
1000197a:	3201      	adds	r2, #1
1000197c:	408a      	lsls	r2, r1
1000197e:	4905      	ldr	r1, [pc, #20]	@ (10001994 <alarm_pool_add_alarm_at_force_in_context+0xac>)
10001980:	468c      	mov	ip, r1
10001982:	4463      	add	r3, ip
10001984:	601a      	str	r2, [r3, #0]
10001986:	bc80      	pop	{r7}
10001988:	46b8      	mov	r8, r7
1000198a:	bdf0      	pop	{r4, r5, r6, r7, pc}
1000198c:	2001      	movs	r0, #1
1000198e:	4240      	negs	r0, r0
10001990:	e7f9      	b.n	10001986 <alarm_pool_add_alarm_at_force_in_context+0x9e>
10001992:	46c0      	nop			@ (mov r8, r8)
10001994:	0000203c 	.word	0x0000203c

10001998 <alarm_pool_add_alarm_at>:
10001998:	b570      	push	{r4, r5, r6, lr}
1000199a:	b082      	sub	sp, #8
1000199c:	0006      	movs	r6, r0
1000199e:	0014      	movs	r4, r2
100019a0:	001d      	movs	r5, r3
100019a2:	ab08      	add	r3, sp, #32
100019a4:	781b      	ldrb	r3, [r3, #0]
100019a6:	2b00      	cmp	r3, #0
100019a8:	d107      	bne.n	100019ba <alarm_pool_add_alarm_at+0x22>
100019aa:	f000 f9cb 	bl	10001d44 <time_us_64>
100019ae:	0022      	movs	r2, r4
100019b0:	002b      	movs	r3, r5
100019b2:	1a12      	subs	r2, r2, r0
100019b4:	418b      	sbcs	r3, r1
100019b6:	2b00      	cmp	r3, #0
100019b8:	db0a      	blt.n	100019d0 <alarm_pool_add_alarm_at+0x38>
100019ba:	9b07      	ldr	r3, [sp, #28]
100019bc:	9301      	str	r3, [sp, #4]
100019be:	9b06      	ldr	r3, [sp, #24]
100019c0:	9300      	str	r3, [sp, #0]
100019c2:	0022      	movs	r2, r4
100019c4:	002b      	movs	r3, r5
100019c6:	0030      	movs	r0, r6
100019c8:	f7ff ff8e 	bl	100018e8 <alarm_pool_add_alarm_at_force_in_context>
100019cc:	b002      	add	sp, #8
100019ce:	bd70      	pop	{r4, r5, r6, pc}
100019d0:	2000      	movs	r0, #0
100019d2:	e7fb      	b.n	100019cc <alarm_pool_add_alarm_at+0x34>

100019d4 <alarm_pool_cancel_alarm>:
100019d4:	b510      	push	{r4, lr}
100019d6:	0003      	movs	r3, r0
100019d8:	1408      	asrs	r0, r1, #16
100019da:	895a      	ldrh	r2, [r3, #10]
100019dc:	4290      	cmp	r0, r2
100019de:	da2f      	bge.n	10001a40 <alarm_pool_cancel_alarm+0x6c>
100019e0:	0042      	lsls	r2, r0, #1
100019e2:	1812      	adds	r2, r2, r0
100019e4:	00d2      	lsls	r2, r2, #3
100019e6:	6958      	ldr	r0, [r3, #20]
100019e8:	4684      	mov	ip, r0
100019ea:	4462      	add	r2, ip
100019ec:	691c      	ldr	r4, [r3, #16]
100019ee:	f3ef 8c10 	mrs	ip, PRIMASK
100019f2:	b672      	cpsid	i
100019f4:	6820      	ldr	r0, [r4, #0]
100019f6:	2800      	cmp	r0, #0
100019f8:	d0fc      	beq.n	100019f4 <alarm_pool_cancel_alarm+0x20>
100019fa:	f3bf 8f5f 	dmb	sy
100019fe:	8850      	ldrh	r0, [r2, #2]
10001a00:	b280      	uxth	r0, r0
10001a02:	0409      	lsls	r1, r1, #16
10001a04:	0c09      	lsrs	r1, r1, #16
10001a06:	4288      	cmp	r0, r1
10001a08:	d012      	beq.n	10001a30 <alarm_pool_cancel_alarm+0x5c>
10001a0a:	2000      	movs	r0, #0
10001a0c:	691a      	ldr	r2, [r3, #16]
10001a0e:	f3bf 8f5f 	dmb	sy
10001a12:	2100      	movs	r1, #0
10001a14:	6011      	str	r1, [r2, #0]
10001a16:	f38c 8810 	msr	PRIMASK, ip
10001a1a:	2800      	cmp	r0, #0
10001a1c:	d011      	beq.n	10001a42 <alarm_pool_cancel_alarm+0x6e>
10001a1e:	68da      	ldr	r2, [r3, #12]
10001a20:	781b      	ldrb	r3, [r3, #0]
10001a22:	3101      	adds	r1, #1
10001a24:	4099      	lsls	r1, r3
10001a26:	4b07      	ldr	r3, [pc, #28]	@ (10001a44 <alarm_pool_cancel_alarm+0x70>)
10001a28:	469c      	mov	ip, r3
10001a2a:	4462      	add	r2, ip
10001a2c:	6011      	str	r1, [r2, #0]
10001a2e:	e008      	b.n	10001a42 <alarm_pool_cancel_alarm+0x6e>
10001a30:	4905      	ldr	r1, [pc, #20]	@ (10001a48 <alarm_pool_cancel_alarm+0x74>)
10001a32:	4308      	orrs	r0, r1
10001a34:	b280      	uxth	r0, r0
10001a36:	8050      	strh	r0, [r2, #2]
10001a38:	2201      	movs	r2, #1
10001a3a:	719a      	strb	r2, [r3, #6]
10001a3c:	2001      	movs	r0, #1
10001a3e:	e7e5      	b.n	10001a0c <alarm_pool_cancel_alarm+0x38>
10001a40:	2000      	movs	r0, #0
10001a42:	bd10      	pop	{r4, pc}
10001a44:	0000203c 	.word	0x0000203c
10001a48:	ffff8000 	.word	0xffff8000

10001a4c <alarm_pool_core_num>:
10001a4c:	7840      	ldrb	r0, [r0, #1]
10001a4e:	4770      	bx	lr

10001a50 <sleep_until>:
10001a50:	b5f0      	push	{r4, r5, r6, r7, lr}
10001a52:	b085      	sub	sp, #20
10001a54:	0006      	movs	r6, r0
10001a56:	000f      	movs	r7, r1
10001a58:	f3ef 8305 	mrs	r3, IPSR
10001a5c:	2b00      	cmp	r3, #0
10001a5e:	d11a      	bne.n	10001a96 <sleep_until+0x46>
10001a60:	2406      	movs	r4, #6
10001a62:	4264      	negs	r4, r4
10001a64:	17e5      	asrs	r5, r4, #31
10001a66:	19a4      	adds	r4, r4, r6
10001a68:	417d      	adcs	r5, r7
10001a6a:	428d      	cmp	r5, r1
10001a6c:	d802      	bhi.n	10001a74 <sleep_until+0x24>
10001a6e:	d103      	bne.n	10001a78 <sleep_until+0x28>
10001a70:	4284      	cmp	r4, r0
10001a72:	d901      	bls.n	10001a78 <sleep_until+0x28>
10001a74:	2400      	movs	r4, #0
10001a76:	2500      	movs	r5, #0
10001a78:	f000 f964 	bl	10001d44 <time_us_64>
10001a7c:	0022      	movs	r2, r4
10001a7e:	002b      	movs	r3, r5
10001a80:	1a12      	subs	r2, r2, r0
10001a82:	418b      	sbcs	r3, r1
10001a84:	2b00      	cmp	r3, #0
10001a86:	dc0b      	bgt.n	10001aa0 <sleep_until+0x50>
10001a88:	d008      	beq.n	10001a9c <sleep_until+0x4c>
10001a8a:	0030      	movs	r0, r6
10001a8c:	0039      	movs	r1, r7
10001a8e:	f000 f96b 	bl	10001d68 <busy_wait_until>
10001a92:	b005      	add	sp, #20
10001a94:	bdf0      	pop	{r4, r5, r6, r7, pc}
10001a96:	481c      	ldr	r0, [pc, #112]	@ (10001b08 <sleep_until+0xb8>)
10001a98:	f7ff f8a8 	bl	10000bec <panic>
10001a9c:	2a00      	cmp	r2, #0
10001a9e:	d0f4      	beq.n	10001a8a <sleep_until+0x3a>
10001aa0:	f7ff ff0c 	bl	100018bc <alarm_pool_get_default>
10001aa4:	2300      	movs	r3, #0
10001aa6:	9302      	str	r3, [sp, #8]
10001aa8:	9301      	str	r3, [sp, #4]
10001aaa:	4b18      	ldr	r3, [pc, #96]	@ (10001b0c <sleep_until+0xbc>)
10001aac:	9300      	str	r3, [sp, #0]
10001aae:	0022      	movs	r2, r4
10001ab0:	002b      	movs	r3, r5
10001ab2:	f7ff ff71 	bl	10001998 <alarm_pool_add_alarm_at>
10001ab6:	2800      	cmp	r0, #0
10001ab8:	da18      	bge.n	10001aec <sleep_until+0x9c>
10001aba:	e7e6      	b.n	10001a8a <sleep_until+0x3a>
10001abc:	2300      	movs	r3, #0
10001abe:	e000      	b.n	10001ac2 <sleep_until+0x72>
10001ac0:	2300      	movs	r3, #0
10001ac2:	2b00      	cmp	r3, #0
10001ac4:	d1e1      	bne.n	10001a8a <sleep_until+0x3a>
10001ac6:	4b12      	ldr	r3, [pc, #72]	@ (10001b10 <sleep_until+0xc0>)
10001ac8:	681a      	ldr	r2, [r3, #0]
10001aca:	f3ef 8110 	mrs	r1, PRIMASK
10001ace:	b672      	cpsid	i
10001ad0:	6813      	ldr	r3, [r2, #0]
10001ad2:	2b00      	cmp	r3, #0
10001ad4:	d0fc      	beq.n	10001ad0 <sleep_until+0x80>
10001ad6:	f3bf 8f5f 	dmb	sy
10001ada:	4b0d      	ldr	r3, [pc, #52]	@ (10001b10 <sleep_until+0xc0>)
10001adc:	681b      	ldr	r3, [r3, #0]
10001ade:	f3bf 8f5f 	dmb	sy
10001ae2:	2200      	movs	r2, #0
10001ae4:	601a      	str	r2, [r3, #0]
10001ae6:	f381 8810 	msr	PRIMASK, r1
10001aea:	bf20      	wfe
10001aec:	4b09      	ldr	r3, [pc, #36]	@ (10001b14 <sleep_until+0xc4>)
10001aee:	6a5b      	ldr	r3, [r3, #36]	@ 0x24
10001af0:	429d      	cmp	r5, r3
10001af2:	d8e5      	bhi.n	10001ac0 <sleep_until+0x70>
10001af4:	4907      	ldr	r1, [pc, #28]	@ (10001b14 <sleep_until+0xc4>)
10001af6:	6a89      	ldr	r1, [r1, #40]	@ 0x28
10001af8:	42a1      	cmp	r1, r4
10001afa:	d203      	bcs.n	10001b04 <sleep_until+0xb4>
10001afc:	429d      	cmp	r5, r3
10001afe:	d0dd      	beq.n	10001abc <sleep_until+0x6c>
10001b00:	2301      	movs	r3, #1
10001b02:	e7de      	b.n	10001ac2 <sleep_until+0x72>
10001b04:	2301      	movs	r3, #1
10001b06:	e7dc      	b.n	10001ac2 <sleep_until+0x72>
10001b08:	100096a8 	.word	0x100096a8
10001b0c:	100014f5 	.word	0x100014f5
10001b10:	200064f8 	.word	0x200064f8
10001b14:	40054000 	.word	0x40054000

10001b18 <sleep_us>:
10001b18:	b570      	push	{r4, r5, r6, lr}
10001b1a:	0004      	movs	r4, r0
10001b1c:	000d      	movs	r5, r1
10001b1e:	f000 f911 	bl	10001d44 <time_us_64>
10001b22:	1900      	adds	r0, r0, r4
10001b24:	4169      	adcs	r1, r5
10001b26:	2900      	cmp	r1, #0
10001b28:	db02      	blt.n	10001b30 <sleep_us+0x18>
10001b2a:	f7ff ff91 	bl	10001a50 <sleep_until>
10001b2e:	bd70      	pop	{r4, r5, r6, pc}
10001b30:	2001      	movs	r0, #1
10001b32:	4240      	negs	r0, r0
10001b34:	4900      	ldr	r1, [pc, #0]	@ (10001b38 <sleep_us+0x20>)
10001b36:	e7f8      	b.n	10001b2a <sleep_us+0x12>
10001b38:	7fffffff 	.word	0x7fffffff

10001b3c <sleep_ms>:
10001b3c:	b510      	push	{r4, lr}
10001b3e:	22fa      	movs	r2, #250	@ 0xfa
10001b40:	0092      	lsls	r2, r2, #2
10001b42:	2300      	movs	r3, #0
10001b44:	2100      	movs	r1, #0
10001b46:	f001 fa5d 	bl	10003004 <__wrap___aeabi_lmul>
10001b4a:	f7ff ffe5 	bl	10001b18 <sleep_us>
10001b4e:	bd10      	pop	{r4, pc}

10001b50 <best_effort_wfe_or_timeout>:
10001b50:	b5f0      	push	{r4, r5, r6, r7, lr}
10001b52:	46ce      	mov	lr, r9
10001b54:	4647      	mov	r7, r8
10001b56:	b580      	push	{r7, lr}
10001b58:	b085      	sub	sp, #20
10001b5a:	0005      	movs	r5, r0
10001b5c:	000c      	movs	r4, r1
10001b5e:	f3ef 8305 	mrs	r3, IPSR
10001b62:	2b00      	cmp	r3, #0
10001b64:	d015      	beq.n	10001b92 <best_effort_wfe_or_timeout+0x42>
10001b66:	4b47      	ldr	r3, [pc, #284]	@ (10001c84 <best_effort_wfe_or_timeout+0x134>)
10001b68:	6a5b      	ldr	r3, [r3, #36]	@ 0x24
10001b6a:	428b      	cmp	r3, r1
10001b6c:	d309      	bcc.n	10001b82 <best_effort_wfe_or_timeout+0x32>
10001b6e:	4a45      	ldr	r2, [pc, #276]	@ (10001c84 <best_effort_wfe_or_timeout+0x134>)
10001b70:	6a92      	ldr	r2, [r2, #40]	@ 0x28
10001b72:	4282      	cmp	r2, r0
10001b74:	d20b      	bcs.n	10001b8e <best_effort_wfe_or_timeout+0x3e>
10001b76:	428b      	cmp	r3, r1
10001b78:	d001      	beq.n	10001b7e <best_effort_wfe_or_timeout+0x2e>
10001b7a:	2001      	movs	r0, #1
10001b7c:	e002      	b.n	10001b84 <best_effort_wfe_or_timeout+0x34>
10001b7e:	2000      	movs	r0, #0
10001b80:	e000      	b.n	10001b84 <best_effort_wfe_or_timeout+0x34>
10001b82:	2000      	movs	r0, #0
10001b84:	b005      	add	sp, #20
10001b86:	bcc0      	pop	{r6, r7}
10001b88:	46b9      	mov	r9, r7
10001b8a:	46b0      	mov	r8, r6
10001b8c:	bdf0      	pop	{r4, r5, r6, r7, pc}
10001b8e:	2001      	movs	r0, #1
10001b90:	e7f8      	b.n	10001b84 <best_effort_wfe_or_timeout+0x34>
10001b92:	f7ff fe93 	bl	100018bc <alarm_pool_get_default>
10001b96:	68c3      	ldr	r3, [r0, #12]
10001b98:	4699      	mov	r9, r3
10001b9a:	7803      	ldrb	r3, [r0, #0]
10001b9c:	4698      	mov	r8, r3
10001b9e:	002e      	movs	r6, r5
10001ba0:	0027      	movs	r7, r4
10001ba2:	4648      	mov	r0, r9
10001ba4:	f000 f89c 	bl	10001ce0 <timer_time_us_64>
10001ba8:	0002      	movs	r2, r0
10001baa:	000b      	movs	r3, r1
10001bac:	1ab6      	subs	r6, r6, r2
10001bae:	419f      	sbcs	r7, r3
10001bb0:	4643      	mov	r3, r8
10001bb2:	3304      	adds	r3, #4
10001bb4:	009b      	lsls	r3, r3, #2
10001bb6:	464a      	mov	r2, r9
10001bb8:	589b      	ldr	r3, [r3, r2]
10001bba:	1a18      	subs	r0, r3, r0
10001bbc:	2300      	movs	r3, #0
10001bbe:	42bb      	cmp	r3, r7
10001bc0:	dc0f      	bgt.n	10001be2 <best_effort_wfe_or_timeout+0x92>
10001bc2:	d00c      	beq.n	10001bde <best_effort_wfe_or_timeout+0x8e>
10001bc4:	bf20      	wfe
10001bc6:	4b2f      	ldr	r3, [pc, #188]	@ (10001c84 <best_effort_wfe_or_timeout+0x134>)
10001bc8:	6a5b      	ldr	r3, [r3, #36]	@ 0x24
10001bca:	429c      	cmp	r4, r3
10001bcc:	d824      	bhi.n	10001c18 <best_effort_wfe_or_timeout+0xc8>
10001bce:	4a2d      	ldr	r2, [pc, #180]	@ (10001c84 <best_effort_wfe_or_timeout+0x134>)
10001bd0:	6a92      	ldr	r2, [r2, #40]	@ 0x28
10001bd2:	42aa      	cmp	r2, r5
10001bd4:	d222      	bcs.n	10001c1c <best_effort_wfe_or_timeout+0xcc>
10001bd6:	429c      	cmp	r4, r3
10001bd8:	d01c      	beq.n	10001c14 <best_effort_wfe_or_timeout+0xc4>
10001bda:	2001      	movs	r0, #1
10001bdc:	e7d2      	b.n	10001b84 <best_effort_wfe_or_timeout+0x34>
10001bde:	42b0      	cmp	r0, r6
10001be0:	d9f0      	bls.n	10001bc4 <best_effort_wfe_or_timeout+0x74>
10001be2:	f7ff fe6b 	bl	100018bc <alarm_pool_get_default>
10001be6:	2300      	movs	r3, #0
10001be8:	9302      	str	r3, [sp, #8]
10001bea:	9301      	str	r3, [sp, #4]
10001bec:	4b26      	ldr	r3, [pc, #152]	@ (10001c88 <best_effort_wfe_or_timeout+0x138>)
10001bee:	9300      	str	r3, [sp, #0]
10001bf0:	002a      	movs	r2, r5
10001bf2:	0023      	movs	r3, r4
10001bf4:	f7ff fed0 	bl	10001998 <alarm_pool_add_alarm_at>
10001bf8:	1e06      	subs	r6, r0, #0
10001bfa:	dd11      	ble.n	10001c20 <best_effort_wfe_or_timeout+0xd0>
10001bfc:	4b21      	ldr	r3, [pc, #132]	@ (10001c84 <best_effort_wfe_or_timeout+0x134>)
10001bfe:	6a5b      	ldr	r3, [r3, #36]	@ 0x24
10001c00:	429c      	cmp	r4, r3
10001c02:	d821      	bhi.n	10001c48 <best_effort_wfe_or_timeout+0xf8>
10001c04:	4a1f      	ldr	r2, [pc, #124]	@ (10001c84 <best_effort_wfe_or_timeout+0x134>)
10001c06:	6a92      	ldr	r2, [r2, #40]	@ 0x28
10001c08:	42aa      	cmp	r2, r5
10001c0a:	d232      	bcs.n	10001c72 <best_effort_wfe_or_timeout+0x122>
10001c0c:	429c      	cmp	r4, r3
10001c0e:	d019      	beq.n	10001c44 <best_effort_wfe_or_timeout+0xf4>
10001c10:	2301      	movs	r3, #1
10001c12:	e01a      	b.n	10001c4a <best_effort_wfe_or_timeout+0xfa>
10001c14:	2000      	movs	r0, #0
10001c16:	e7b5      	b.n	10001b84 <best_effort_wfe_or_timeout+0x34>
10001c18:	2000      	movs	r0, #0
10001c1a:	e7b3      	b.n	10001b84 <best_effort_wfe_or_timeout+0x34>
10001c1c:	2001      	movs	r0, #1
10001c1e:	e7b1      	b.n	10001b84 <best_effort_wfe_or_timeout+0x34>
10001c20:	4b18      	ldr	r3, [pc, #96]	@ (10001c84 <best_effort_wfe_or_timeout+0x134>)
10001c22:	6a5b      	ldr	r3, [r3, #36]	@ 0x24
10001c24:	429c      	cmp	r4, r3
10001c26:	d809      	bhi.n	10001c3c <best_effort_wfe_or_timeout+0xec>
10001c28:	4a16      	ldr	r2, [pc, #88]	@ (10001c84 <best_effort_wfe_or_timeout+0x134>)
10001c2a:	6a92      	ldr	r2, [r2, #40]	@ 0x28
10001c2c:	42aa      	cmp	r2, r5
10001c2e:	d207      	bcs.n	10001c40 <best_effort_wfe_or_timeout+0xf0>
10001c30:	429c      	cmp	r4, r3
10001c32:	d001      	beq.n	10001c38 <best_effort_wfe_or_timeout+0xe8>
10001c34:	2001      	movs	r0, #1
10001c36:	e7a5      	b.n	10001b84 <best_effort_wfe_or_timeout+0x34>
10001c38:	2000      	movs	r0, #0
10001c3a:	e7a3      	b.n	10001b84 <best_effort_wfe_or_timeout+0x34>
10001c3c:	2000      	movs	r0, #0
10001c3e:	e7a1      	b.n	10001b84 <best_effort_wfe_or_timeout+0x34>
10001c40:	2001      	movs	r0, #1
10001c42:	e79f      	b.n	10001b84 <best_effort_wfe_or_timeout+0x34>
10001c44:	2300      	movs	r3, #0
10001c46:	e000      	b.n	10001c4a <best_effort_wfe_or_timeout+0xfa>
10001c48:	2300      	movs	r3, #0
10001c4a:	2b00      	cmp	r3, #0
10001c4c:	d100      	bne.n	10001c50 <best_effort_wfe_or_timeout+0x100>
10001c4e:	bf20      	wfe
10001c50:	f7ff fe34 	bl	100018bc <alarm_pool_get_default>
10001c54:	0031      	movs	r1, r6
10001c56:	f7ff febd 	bl	100019d4 <alarm_pool_cancel_alarm>
10001c5a:	4b0a      	ldr	r3, [pc, #40]	@ (10001c84 <best_effort_wfe_or_timeout+0x134>)
10001c5c:	6a5b      	ldr	r3, [r3, #36]	@ 0x24
10001c5e:	429c      	cmp	r4, r3
10001c60:	d80b      	bhi.n	10001c7a <best_effort_wfe_or_timeout+0x12a>
10001c62:	4a08      	ldr	r2, [pc, #32]	@ (10001c84 <best_effort_wfe_or_timeout+0x134>)
10001c64:	6a92      	ldr	r2, [r2, #40]	@ 0x28
10001c66:	42aa      	cmp	r2, r5
10001c68:	d209      	bcs.n	10001c7e <best_effort_wfe_or_timeout+0x12e>
10001c6a:	429c      	cmp	r4, r3
10001c6c:	d003      	beq.n	10001c76 <best_effort_wfe_or_timeout+0x126>
10001c6e:	2001      	movs	r0, #1
10001c70:	e788      	b.n	10001b84 <best_effort_wfe_or_timeout+0x34>
10001c72:	2301      	movs	r3, #1
10001c74:	e7e9      	b.n	10001c4a <best_effort_wfe_or_timeout+0xfa>
10001c76:	2000      	movs	r0, #0
10001c78:	e784      	b.n	10001b84 <best_effort_wfe_or_timeout+0x34>
10001c7a:	2000      	movs	r0, #0
10001c7c:	e782      	b.n	10001b84 <best_effort_wfe_or_timeout+0x34>
10001c7e:	2001      	movs	r0, #1
10001c80:	e780      	b.n	10001b84 <best_effort_wfe_or_timeout+0x34>
10001c82:	46c0      	nop			@ (mov r8, r8)
10001c84:	40054000 	.word	0x40054000
10001c88:	100014f5 	.word	0x100014f5

10001c8c <alarm_pool_get_default_timer>:
10001c8c:	4800      	ldr	r0, [pc, #0]	@ (10001c90 <alarm_pool_get_default_timer+0x4>)
10001c8e:	4770      	bx	lr
10001c90:	40054000 	.word	0x40054000

10001c94 <runtime_init_default_alarm_pool>:
10001c94:	b510      	push	{r4, lr}
10001c96:	4b0b      	ldr	r3, [pc, #44]	@ (10001cc4 <runtime_init_default_alarm_pool+0x30>)
10001c98:	691b      	ldr	r3, [r3, #16]
10001c9a:	2b00      	cmp	r3, #0
10001c9c:	d004      	beq.n	10001ca8 <runtime_init_default_alarm_pool+0x14>
10001c9e:	210a      	movs	r1, #10
10001ca0:	4809      	ldr	r0, [pc, #36]	@ (10001cc8 <runtime_init_default_alarm_pool+0x34>)
10001ca2:	f7ff fbc5 	bl	10001430 <lock_init>
10001ca6:	bd10      	pop	{r4, pc}
10001ca8:	f7ff fff0 	bl	10001c8c <alarm_pool_get_default_timer>
10001cac:	0004      	movs	r4, r0
10001cae:	2103      	movs	r1, #3
10001cb0:	f000 f80c 	bl	10001ccc <timer_hardware_alarm_claim>
10001cb4:	2310      	movs	r3, #16
10001cb6:	2203      	movs	r2, #3
10001cb8:	0021      	movs	r1, r4
10001cba:	4802      	ldr	r0, [pc, #8]	@ (10001cc4 <runtime_init_default_alarm_pool+0x30>)
10001cbc:	f7ff fdb4 	bl	10001828 <alarm_pool_post_alloc_init>
10001cc0:	e7ed      	b.n	10001c9e <runtime_init_default_alarm_pool+0xa>
10001cc2:	46c0      	nop			@ (mov r8, r8)
10001cc4:	20000d08 	.word	0x20000d08
10001cc8:	200064f8 	.word	0x200064f8

10001ccc <timer_hardware_alarm_claim>:
10001ccc:	b510      	push	{r4, lr}
10001cce:	4a02      	ldr	r2, [pc, #8]	@ (10001cd8 <timer_hardware_alarm_claim+0xc>)
10001cd0:	4802      	ldr	r0, [pc, #8]	@ (10001cdc <timer_hardware_alarm_claim+0x10>)
10001cd2:	f7fe ffb9 	bl	10000c48 <hw_claim_or_assert>
10001cd6:	bd10      	pop	{r4, pc}
10001cd8:	10009730 	.word	0x10009730
10001cdc:	20001e48 	.word	0x20001e48

10001ce0 <timer_time_us_64>:
10001ce0:	0002      	movs	r2, r0
10001ce2:	6a43      	ldr	r3, [r0, #36]	@ 0x24
10001ce4:	6a90      	ldr	r0, [r2, #40]	@ 0x28
10001ce6:	0019      	movs	r1, r3
10001ce8:	6a53      	ldr	r3, [r2, #36]	@ 0x24
10001cea:	4299      	cmp	r1, r3
10001cec:	d1fa      	bne.n	10001ce4 <timer_time_us_64+0x4>
10001cee:	4770      	bx	lr

10001cf0 <timer_busy_wait_until>:
10001cf0:	6a41      	ldr	r1, [r0, #36]	@ 0x24
10001cf2:	e000      	b.n	10001cf6 <timer_busy_wait_until+0x6>
10001cf4:	6a41      	ldr	r1, [r0, #36]	@ 0x24
10001cf6:	4299      	cmp	r1, r3
10001cf8:	d3fc      	bcc.n	10001cf4 <timer_busy_wait_until+0x4>
10001cfa:	e000      	b.n	10001cfe <timer_busy_wait_until+0xe>
10001cfc:	6a41      	ldr	r1, [r0, #36]	@ 0x24
10001cfe:	4299      	cmp	r1, r3
10001d00:	d102      	bne.n	10001d08 <timer_busy_wait_until+0x18>
10001d02:	6a81      	ldr	r1, [r0, #40]	@ 0x28
10001d04:	4291      	cmp	r1, r2
10001d06:	d3f9      	bcc.n	10001cfc <timer_busy_wait_until+0xc>
10001d08:	4770      	bx	lr

10001d0a <timer_busy_wait_us>:
10001d0a:	b5f0      	push	{r4, r5, r6, r7, lr}
10001d0c:	46c6      	mov	lr, r8
10001d0e:	b500      	push	{lr}
10001d10:	4680      	mov	r8, r0
10001d12:	0014      	movs	r4, r2
10001d14:	001d      	movs	r5, r3
10001d16:	f7ff ffe3 	bl	10001ce0 <timer_time_us_64>
10001d1a:	0006      	movs	r6, r0
10001d1c:	000f      	movs	r7, r1
10001d1e:	0022      	movs	r2, r4
10001d20:	002b      	movs	r3, r5
10001d22:	1992      	adds	r2, r2, r6
10001d24:	417b      	adcs	r3, r7
10001d26:	4299      	cmp	r1, r3
10001d28:	d802      	bhi.n	10001d30 <timer_busy_wait_us+0x26>
10001d2a:	d104      	bne.n	10001d36 <timer_busy_wait_us+0x2c>
10001d2c:	4290      	cmp	r0, r2
10001d2e:	d902      	bls.n	10001d36 <timer_busy_wait_us+0x2c>
10001d30:	2201      	movs	r2, #1
10001d32:	4252      	negs	r2, r2
10001d34:	17d3      	asrs	r3, r2, #31
10001d36:	4640      	mov	r0, r8
10001d38:	f7ff ffda 	bl	10001cf0 <timer_busy_wait_until>
10001d3c:	bc80      	pop	{r7}
10001d3e:	46b8      	mov	r8, r7
10001d40:	bdf0      	pop	{r4, r5, r6, r7, pc}
	...

10001d44 <time_us_64>:
10001d44:	b510      	push	{r4, lr}
10001d46:	4802      	ldr	r0, [pc, #8]	@ (10001d50 <time_us_64+0xc>)
10001d48:	f7ff ffca 	bl	10001ce0 <timer_time_us_64>
10001d4c:	bd10      	pop	{r4, pc}
10001d4e:	46c0      	nop			@ (mov r8, r8)
10001d50:	40054000 	.word	0x40054000

10001d54 <busy_wait_us>:
10001d54:	b510      	push	{r4, lr}
10001d56:	0002      	movs	r2, r0
10001d58:	000b      	movs	r3, r1
10001d5a:	4802      	ldr	r0, [pc, #8]	@ (10001d64 <busy_wait_us+0x10>)
10001d5c:	f7ff ffd5 	bl	10001d0a <timer_busy_wait_us>
10001d60:	bd10      	pop	{r4, pc}
10001d62:	46c0      	nop			@ (mov r8, r8)
10001d64:	40054000 	.word	0x40054000

10001d68 <busy_wait_until>:
10001d68:	b510      	push	{r4, lr}
10001d6a:	0002      	movs	r2, r0
10001d6c:	000b      	movs	r3, r1
10001d6e:	4802      	ldr	r0, [pc, #8]	@ (10001d78 <busy_wait_until+0x10>)
10001d70:	f7ff ffbe 	bl	10001cf0 <timer_busy_wait_until>
10001d74:	bd10      	pop	{r4, pc}
10001d76:	46c0      	nop			@ (mov r8, r8)
10001d78:	40054000 	.word	0x40054000

10001d7c <clock_configure_internal>:
10001d7c:	b5f8      	push	{r3, r4, r5, r6, r7, lr}
10001d7e:	46d6      	mov	lr, sl
10001d80:	4647      	mov	r7, r8
10001d82:	b580      	push	{r7, lr}
10001d84:	0006      	movs	r6, r0
10001d86:	000d      	movs	r5, r1
10001d88:	0017      	movs	r7, r2
10001d8a:	4698      	mov	r8, r3
10001d8c:	0044      	lsls	r4, r0, #1
10001d8e:	1824      	adds	r4, r4, r0
10001d90:	00a4      	lsls	r4, r4, #2
10001d92:	4b29      	ldr	r3, [pc, #164]	@ (10001e38 <clock_configure_internal+0xbc>)
10001d94:	469c      	mov	ip, r3
10001d96:	4464      	add	r4, ip
10001d98:	6863      	ldr	r3, [r4, #4]
10001d9a:	9a08      	ldr	r2, [sp, #32]
10001d9c:	4293      	cmp	r3, r2
10001d9e:	d200      	bcs.n	10001da2 <clock_configure_internal+0x26>
10001da0:	6062      	str	r2, [r4, #4]
10001da2:	1f33      	subs	r3, r6, #4
10001da4:	b2db      	uxtb	r3, r3
10001da6:	469a      	mov	sl, r3
10001da8:	2b01      	cmp	r3, #1
10001daa:	d92e      	bls.n	10001e0a <clock_configure_internal+0x8e>
10001dac:	2280      	movs	r2, #128	@ 0x80
10001dae:	0112      	lsls	r2, r2, #4
10001db0:	23c0      	movs	r3, #192	@ 0xc0
10001db2:	019b      	lsls	r3, r3, #6
10001db4:	18e3      	adds	r3, r4, r3
10001db6:	601a      	str	r2, [r3, #0]
10001db8:	00b3      	lsls	r3, r6, #2
10001dba:	4a20      	ldr	r2, [pc, #128]	@ (10001e3c <clock_configure_internal+0xc0>)
10001dbc:	5899      	ldr	r1, [r3, r2]
10001dbe:	2900      	cmp	r1, #0
10001dc0:	d007      	beq.n	10001dd2 <clock_configure_internal+0x56>
10001dc2:	6950      	ldr	r0, [r2, #20]
10001dc4:	f000 fae4 	bl	10002390 <__wrap___aeabi_uidiv>
10001dc8:	1c43      	adds	r3, r0, #1
10001dca:	0058      	lsls	r0, r3, #1
10001dcc:	18c0      	adds	r0, r0, r3
10001dce:	3803      	subs	r0, #3
10001dd0:	d2fd      	bcs.n	10001dce <clock_configure_internal+0x52>
10001dd2:	017f      	lsls	r7, r7, #5
10001dd4:	6822      	ldr	r2, [r4, #0]
10001dd6:	4057      	eors	r7, r2
10001dd8:	22e0      	movs	r2, #224	@ 0xe0
10001dda:	4017      	ands	r7, r2
10001ddc:	2380      	movs	r3, #128	@ 0x80
10001dde:	015b      	lsls	r3, r3, #5
10001de0:	18e3      	adds	r3, r4, r3
10001de2:	601f      	str	r7, [r3, #0]
10001de4:	4652      	mov	r2, sl
10001de6:	2a01      	cmp	r2, #1
10001de8:	d91a      	bls.n	10001e20 <clock_configure_internal+0xa4>
10001dea:	2380      	movs	r3, #128	@ 0x80
10001dec:	019b      	lsls	r3, r3, #6
10001dee:	18e3      	adds	r3, r4, r3
10001df0:	2280      	movs	r2, #128	@ 0x80
10001df2:	0112      	lsls	r2, r2, #4
10001df4:	601a      	str	r2, [r3, #0]
10001df6:	9b08      	ldr	r3, [sp, #32]
10001df8:	6063      	str	r3, [r4, #4]
10001dfa:	00b6      	lsls	r6, r6, #2
10001dfc:	4b0f      	ldr	r3, [pc, #60]	@ (10001e3c <clock_configure_internal+0xc0>)
10001dfe:	4642      	mov	r2, r8
10001e00:	50f2      	str	r2, [r6, r3]
10001e02:	bcc0      	pop	{r6, r7}
10001e04:	46ba      	mov	sl, r7
10001e06:	46b0      	mov	r8, r6
10001e08:	bdf8      	pop	{r3, r4, r5, r6, r7, pc}
10001e0a:	2d01      	cmp	r5, #1
10001e0c:	d1ce      	bne.n	10001dac <clock_configure_internal+0x30>
10001e0e:	2203      	movs	r2, #3
10001e10:	23c0      	movs	r3, #192	@ 0xc0
10001e12:	019b      	lsls	r3, r3, #6
10001e14:	18e3      	adds	r3, r4, r3
10001e16:	601a      	str	r2, [r3, #0]
10001e18:	68a3      	ldr	r3, [r4, #8]
10001e1a:	07db      	lsls	r3, r3, #31
10001e1c:	d5fc      	bpl.n	10001e18 <clock_configure_internal+0x9c>
10001e1e:	e7d8      	b.n	10001dd2 <clock_configure_internal+0x56>
10001e20:	6821      	ldr	r1, [r4, #0]
10001e22:	4069      	eors	r1, r5
10001e24:	2203      	movs	r2, #3
10001e26:	400a      	ands	r2, r1
10001e28:	601a      	str	r2, [r3, #0]
10001e2a:	68a3      	ldr	r3, [r4, #8]
10001e2c:	2201      	movs	r2, #1
10001e2e:	40aa      	lsls	r2, r5
10001e30:	421a      	tst	r2, r3
10001e32:	d0fa      	beq.n	10001e2a <clock_configure_internal+0xae>
10001e34:	e7d9      	b.n	10001dea <clock_configure_internal+0x6e>
10001e36:	46c0      	nop			@ (mov r8, r8)
10001e38:	40008000 	.word	0x40008000
10001e3c:	20001e4c 	.word	0x20001e4c

10001e40 <clock_configure_int_divider>:
10001e40:	b5f0      	push	{r4, r5, r6, r7, lr}
10001e42:	b083      	sub	sp, #12
10001e44:	0005      	movs	r5, r0
10001e46:	000e      	movs	r6, r1
10001e48:	0017      	movs	r7, r2
10001e4a:	0018      	movs	r0, r3
10001e4c:	9908      	ldr	r1, [sp, #32]
10001e4e:	f000 fa9f 	bl	10002390 <__wrap___aeabi_uidiv>
10001e52:	0003      	movs	r3, r0
10001e54:	9a08      	ldr	r2, [sp, #32]
10001e56:	0214      	lsls	r4, r2, #8
10001e58:	9400      	str	r4, [sp, #0]
10001e5a:	003a      	movs	r2, r7
10001e5c:	0031      	movs	r1, r6
10001e5e:	0028      	movs	r0, r5
10001e60:	f7ff ff8c 	bl	10001d7c <clock_configure_internal>
10001e64:	b003      	add	sp, #12
10001e66:	bdf0      	pop	{r4, r5, r6, r7, pc}

10001e68 <clock_configure_undivided>:
10001e68:	b510      	push	{r4, lr}
10001e6a:	b082      	sub	sp, #8
10001e6c:	2480      	movs	r4, #128	@ 0x80
10001e6e:	0064      	lsls	r4, r4, #1
10001e70:	9400      	str	r4, [sp, #0]
10001e72:	f7ff ff83 	bl	10001d7c <clock_configure_internal>
10001e76:	b002      	add	sp, #8
10001e78:	bd10      	pop	{r4, pc}
	...

10001e7c <clock_get_hz>:
10001e7c:	0080      	lsls	r0, r0, #2
10001e7e:	4b01      	ldr	r3, [pc, #4]	@ (10001e84 <clock_get_hz+0x8>)
10001e80:	58c0      	ldr	r0, [r0, r3]
10001e82:	4770      	bx	lr
10001e84:	20001e4c 	.word	0x20001e4c

10001e88 <pll_init>:
10001e88:	b5f0      	push	{r4, r5, r6, r7, lr}
10001e8a:	46c6      	mov	lr, r8
10001e8c:	b500      	push	{lr}
10001e8e:	0004      	movs	r4, r0
10001e90:	000e      	movs	r6, r1
10001e92:	0017      	movs	r7, r2
10001e94:	001d      	movs	r5, r3
10001e96:	4836      	ldr	r0, [pc, #216]	@ (10001f70 <pll_init+0xe8>)
10001e98:	f000 fa7a 	bl	10002390 <__wrap___aeabi_uidiv>
10001e9c:	4680      	mov	r8, r0
10001e9e:	4b35      	ldr	r3, [pc, #212]	@ (10001f74 <pll_init+0xec>)
10001ea0:	18fa      	adds	r2, r7, r3
10001ea2:	4b35      	ldr	r3, [pc, #212]	@ (10001f78 <pll_init+0xf0>)
10001ea4:	429a      	cmp	r2, r3
10001ea6:	d838      	bhi.n	10001f1a <pll_init+0x92>
10001ea8:	0001      	movs	r1, r0
10001eaa:	0038      	movs	r0, r7
10001eac:	f000 fa70 	bl	10002390 <__wrap___aeabi_uidiv>
10001eb0:	0002      	movs	r2, r0
10001eb2:	3a10      	subs	r2, #16
10001eb4:	2398      	movs	r3, #152	@ 0x98
10001eb6:	005b      	lsls	r3, r3, #1
10001eb8:	429a      	cmp	r2, r3
10001eba:	d834      	bhi.n	10001f26 <pll_init+0x9e>
10001ebc:	1e6b      	subs	r3, r5, #1
10001ebe:	2b06      	cmp	r3, #6
10001ec0:	d837      	bhi.n	10001f32 <pll_init+0xaa>
10001ec2:	9b06      	ldr	r3, [sp, #24]
10001ec4:	3b01      	subs	r3, #1
10001ec6:	2b06      	cmp	r3, #6
10001ec8:	d833      	bhi.n	10001f32 <pll_init+0xaa>
10001eca:	093f      	lsrs	r7, r7, #4
10001ecc:	4547      	cmp	r7, r8
10001ece:	d336      	bcc.n	10001f3e <pll_init+0xb6>
10001ed0:	042d      	lsls	r5, r5, #16
10001ed2:	9b06      	ldr	r3, [sp, #24]
10001ed4:	031a      	lsls	r2, r3, #12
10001ed6:	4315      	orrs	r5, r2
10001ed8:	6823      	ldr	r3, [r4, #0]
10001eda:	2b00      	cmp	r3, #0
10001edc:	db35      	blt.n	10001f4a <pll_init+0xc2>
10001ede:	4b27      	ldr	r3, [pc, #156]	@ (10001f7c <pll_init+0xf4>)
10001ee0:	429c      	cmp	r4, r3
10001ee2:	d043      	beq.n	10001f6c <pll_init+0xe4>
10001ee4:	230c      	movs	r3, #12
10001ee6:	2201      	movs	r2, #1
10001ee8:	409a      	lsls	r2, r3
10001eea:	4b25      	ldr	r3, [pc, #148]	@ (10001f80 <pll_init+0xf8>)
10001eec:	601a      	str	r2, [r3, #0]
10001eee:	4b25      	ldr	r3, [pc, #148]	@ (10001f84 <pll_init+0xfc>)
10001ef0:	601a      	str	r2, [r3, #0]
10001ef2:	4b25      	ldr	r3, [pc, #148]	@ (10001f88 <pll_init+0x100>)
10001ef4:	681b      	ldr	r3, [r3, #0]
10001ef6:	0011      	movs	r1, r2
10001ef8:	4399      	bics	r1, r3
10001efa:	d1fa      	bne.n	10001ef2 <pll_init+0x6a>
10001efc:	6026      	str	r6, [r4, #0]
10001efe:	60a0      	str	r0, [r4, #8]
10001f00:	4b22      	ldr	r3, [pc, #136]	@ (10001f8c <pll_init+0x104>)
10001f02:	18e2      	adds	r2, r4, r3
10001f04:	2321      	movs	r3, #33	@ 0x21
10001f06:	6013      	str	r3, [r2, #0]
10001f08:	6823      	ldr	r3, [r4, #0]
10001f0a:	2b00      	cmp	r3, #0
10001f0c:	dafc      	bge.n	10001f08 <pll_init+0x80>
10001f0e:	60e5      	str	r5, [r4, #12]
10001f10:	2308      	movs	r3, #8
10001f12:	6013      	str	r3, [r2, #0]
10001f14:	bc80      	pop	{r7}
10001f16:	46b8      	mov	r8, r7
10001f18:	bdf0      	pop	{r4, r5, r6, r7, pc}
10001f1a:	4b1d      	ldr	r3, [pc, #116]	@ (10001f90 <pll_init+0x108>)
10001f1c:	4a1d      	ldr	r2, [pc, #116]	@ (10001f94 <pll_init+0x10c>)
10001f1e:	2111      	movs	r1, #17
10001f20:	481d      	ldr	r0, [pc, #116]	@ (10001f98 <pll_init+0x110>)
10001f22:	f002 fa29 	bl	10004378 <__assert_func>
10001f26:	4b1d      	ldr	r3, [pc, #116]	@ (10001f9c <pll_init+0x114>)
10001f28:	4a1a      	ldr	r2, [pc, #104]	@ (10001f94 <pll_init+0x10c>)
10001f2a:	2119      	movs	r1, #25
10001f2c:	481a      	ldr	r0, [pc, #104]	@ (10001f98 <pll_init+0x110>)
10001f2e:	f002 fa23 	bl	10004378 <__assert_func>
10001f32:	4b1b      	ldr	r3, [pc, #108]	@ (10001fa0 <pll_init+0x118>)
10001f34:	4a17      	ldr	r2, [pc, #92]	@ (10001f94 <pll_init+0x10c>)
10001f36:	211c      	movs	r1, #28
10001f38:	4817      	ldr	r0, [pc, #92]	@ (10001f98 <pll_init+0x110>)
10001f3a:	f002 fa1d 	bl	10004378 <__assert_func>
10001f3e:	4b19      	ldr	r3, [pc, #100]	@ (10001fa4 <pll_init+0x11c>)
10001f40:	4a14      	ldr	r2, [pc, #80]	@ (10001f94 <pll_init+0x10c>)
10001f42:	2123      	movs	r1, #35	@ 0x23
10001f44:	4814      	ldr	r0, [pc, #80]	@ (10001f98 <pll_init+0x110>)
10001f46:	f002 fa17 	bl	10004378 <__assert_func>
10001f4a:	6822      	ldr	r2, [r4, #0]
10001f4c:	233f      	movs	r3, #63	@ 0x3f
10001f4e:	4013      	ands	r3, r2
10001f50:	42b3      	cmp	r3, r6
10001f52:	d1c4      	bne.n	10001ede <pll_init+0x56>
10001f54:	68a3      	ldr	r3, [r4, #8]
10001f56:	051b      	lsls	r3, r3, #20
10001f58:	0d1b      	lsrs	r3, r3, #20
10001f5a:	4283      	cmp	r3, r0
10001f5c:	d1bf      	bne.n	10001ede <pll_init+0x56>
10001f5e:	68e3      	ldr	r3, [r4, #12]
10001f60:	22ee      	movs	r2, #238	@ 0xee
10001f62:	02d2      	lsls	r2, r2, #11
10001f64:	4013      	ands	r3, r2
10001f66:	42ab      	cmp	r3, r5
10001f68:	d1b9      	bne.n	10001ede <pll_init+0x56>
10001f6a:	e7d3      	b.n	10001f14 <pll_init+0x8c>
10001f6c:	230d      	movs	r3, #13
10001f6e:	e7ba      	b.n	10001ee6 <pll_init+0x5e>
10001f70:	00b71b00 	.word	0x00b71b00
10001f74:	d34be880 	.word	0xd34be880
10001f78:	32a9f880 	.word	0x32a9f880
10001f7c:	4002c000 	.word	0x4002c000
10001f80:	4000e000 	.word	0x4000e000
10001f84:	4000f000 	.word	0x4000f000
10001f88:	4000c008 	.word	0x4000c008
10001f8c:	00003004 	.word	0x00003004
10001f90:	10009754 	.word	0x10009754
10001f94:	1000986c 	.word	0x1000986c
10001f98:	100097a4 	.word	0x100097a4
10001f9c:	100097e8 	.word	0x100097e8
10001fa0:	10009804 	.word	0x10009804
10001fa4:	10009850 	.word	0x10009850

10001fa8 <watchdog_update>:
10001fa8:	4b02      	ldr	r3, [pc, #8]	@ (10001fb4 <watchdog_update+0xc>)
10001faa:	681a      	ldr	r2, [r3, #0]
10001fac:	4b02      	ldr	r3, [pc, #8]	@ (10001fb8 <watchdog_update+0x10>)
10001fae:	605a      	str	r2, [r3, #4]
10001fb0:	4770      	bx	lr
10001fb2:	46c0      	nop			@ (mov r8, r8)
10001fb4:	200062b4 	.word	0x200062b4
10001fb8:	40058000 	.word	0x40058000

10001fbc <_watchdog_enable>:
10001fbc:	b510      	push	{r4, lr}
10001fbe:	0002      	movs	r2, r0
10001fc0:	4b16      	ldr	r3, [pc, #88]	@ (1000201c <_watchdog_enable+0x60>)
10001fc2:	2080      	movs	r0, #128	@ 0x80
10001fc4:	05c0      	lsls	r0, r0, #23
10001fc6:	6018      	str	r0, [r3, #0]
10001fc8:	4b15      	ldr	r3, [pc, #84]	@ (10002020 <_watchdog_enable+0x64>)
10001fca:	4816      	ldr	r0, [pc, #88]	@ (10002024 <_watchdog_enable+0x68>)
10001fcc:	6018      	str	r0, [r3, #0]
10001fce:	2900      	cmp	r1, #0
10001fd0:	d00a      	beq.n	10001fe8 <_watchdog_enable+0x2c>
10001fd2:	4b15      	ldr	r3, [pc, #84]	@ (10002028 <_watchdog_enable+0x6c>)
10001fd4:	21e0      	movs	r1, #224	@ 0xe0
10001fd6:	04c9      	lsls	r1, r1, #19
10001fd8:	6019      	str	r1, [r3, #0]
10001fda:	2a00      	cmp	r2, #0
10001fdc:	d109      	bne.n	10001ff2 <_watchdog_enable+0x36>
10001fde:	4b12      	ldr	r3, [pc, #72]	@ (10002028 <_watchdog_enable+0x6c>)
10001fe0:	2280      	movs	r2, #128	@ 0x80
10001fe2:	0612      	lsls	r2, r2, #24
10001fe4:	601a      	str	r2, [r3, #0]
10001fe6:	bd10      	pop	{r4, pc}
10001fe8:	4b0c      	ldr	r3, [pc, #48]	@ (1000201c <_watchdog_enable+0x60>)
10001fea:	21e0      	movs	r1, #224	@ 0xe0
10001fec:	04c9      	lsls	r1, r1, #19
10001fee:	6019      	str	r1, [r3, #0]
10001ff0:	e7f3      	b.n	10001fda <_watchdog_enable+0x1e>
10001ff2:	0153      	lsls	r3, r2, #5
10001ff4:	1a9b      	subs	r3, r3, r2
10001ff6:	0098      	lsls	r0, r3, #2
10001ff8:	1880      	adds	r0, r0, r2
10001ffa:	0100      	lsls	r0, r0, #4
10001ffc:	4b0b      	ldr	r3, [pc, #44]	@ (1000202c <_watchdog_enable+0x70>)
10001ffe:	6018      	str	r0, [r3, #0]
10002000:	2380      	movs	r3, #128	@ 0x80
10002002:	045b      	lsls	r3, r3, #17
10002004:	4298      	cmp	r0, r3
10002006:	d302      	bcc.n	1000200e <_watchdog_enable+0x52>
10002008:	4b08      	ldr	r3, [pc, #32]	@ (1000202c <_watchdog_enable+0x70>)
1000200a:	4a09      	ldr	r2, [pc, #36]	@ (10002030 <_watchdog_enable+0x74>)
1000200c:	601a      	str	r2, [r3, #0]
1000200e:	f7ff ffcb 	bl	10001fa8 <watchdog_update>
10002012:	4b05      	ldr	r3, [pc, #20]	@ (10002028 <_watchdog_enable+0x6c>)
10002014:	2280      	movs	r2, #128	@ 0x80
10002016:	05d2      	lsls	r2, r2, #23
10002018:	601a      	str	r2, [r3, #0]
1000201a:	e7e4      	b.n	10001fe6 <_watchdog_enable+0x2a>
1000201c:	4005b000 	.word	0x4005b000
10002020:	40012008 	.word	0x40012008
10002024:	0001fffc 	.word	0x0001fffc
10002028:	4005a000 	.word	0x4005a000
1000202c:	200062b4 	.word	0x200062b4
10002030:	00ffffff 	.word	0x00ffffff

10002034 <watchdog_reboot>:
10002034:	b510      	push	{r4, lr}
10002036:	0003      	movs	r3, r0
10002038:	0010      	movs	r0, r2
1000203a:	4a0c      	ldr	r2, [pc, #48]	@ (1000206c <watchdog_reboot+0x38>)
1000203c:	2480      	movs	r4, #128	@ 0x80
1000203e:	05e4      	lsls	r4, r4, #23
10002040:	6014      	str	r4, [r2, #0]
10002042:	2b00      	cmp	r3, #0
10002044:	d00d      	beq.n	10002062 <watchdog_reboot+0x2e>
10002046:	2201      	movs	r2, #1
10002048:	4313      	orrs	r3, r2
1000204a:	4a09      	ldr	r2, [pc, #36]	@ (10002070 <watchdog_reboot+0x3c>)
1000204c:	4c09      	ldr	r4, [pc, #36]	@ (10002074 <watchdog_reboot+0x40>)
1000204e:	61d4      	str	r4, [r2, #28]
10002050:	4c09      	ldr	r4, [pc, #36]	@ (10002078 <watchdog_reboot+0x44>)
10002052:	405c      	eors	r4, r3
10002054:	6214      	str	r4, [r2, #32]
10002056:	6251      	str	r1, [r2, #36]	@ 0x24
10002058:	6293      	str	r3, [r2, #40]	@ 0x28
1000205a:	2100      	movs	r1, #0
1000205c:	f7ff ffae 	bl	10001fbc <_watchdog_enable>
10002060:	bd10      	pop	{r4, pc}
10002062:	4b03      	ldr	r3, [pc, #12]	@ (10002070 <watchdog_reboot+0x3c>)
10002064:	2200      	movs	r2, #0
10002066:	61da      	str	r2, [r3, #28]
10002068:	e7f7      	b.n	1000205a <watchdog_reboot+0x26>
1000206a:	46c0      	nop			@ (mov r8, r8)
1000206c:	4005b000 	.word	0x4005b000
10002070:	40058000 	.word	0x40058000
10002074:	b007c0d3 	.word	0xb007c0d3
10002078:	4ff83f2d 	.word	0x4ff83f2d

1000207c <tick_start>:
1000207c:	2380      	movs	r3, #128	@ 0x80
1000207e:	009b      	lsls	r3, r3, #2
10002080:	430b      	orrs	r3, r1
10002082:	4a01      	ldr	r2, [pc, #4]	@ (10002088 <tick_start+0xc>)
10002084:	62d3      	str	r3, [r2, #44]	@ 0x2c
10002086:	4770      	bx	lr
10002088:	40058000 	.word	0x40058000

1000208c <rom_func_lookup>:
1000208c:	b510      	push	{r4, lr}
1000208e:	0001      	movs	r1, r0
10002090:	2318      	movs	r3, #24
10002092:	881b      	ldrh	r3, [r3, #0]
10002094:	2214      	movs	r2, #20
10002096:	8810      	ldrh	r0, [r2, #0]
10002098:	4798      	blx	r3
1000209a:	bd10      	pop	{r4, pc}

1000209c <rom_data_lookup>:
1000209c:	b510      	push	{r4, lr}
1000209e:	0001      	movs	r1, r0
100020a0:	2318      	movs	r3, #24
100020a2:	881b      	ldrh	r3, [r3, #0]
100020a4:	2216      	movs	r2, #22
100020a6:	8810      	ldrh	r0, [r2, #0]
100020a8:	4798      	blx	r3
100020aa:	bd10      	pop	{r4, pc}

100020ac <rom_funcs_lookup>:
100020ac:	b5f0      	push	{r4, r5, r6, r7, lr}
100020ae:	46c6      	mov	lr, r8
100020b0:	b500      	push	{lr}
100020b2:	0007      	movs	r7, r0
100020b4:	000e      	movs	r6, r1
100020b6:	2500      	movs	r5, #0
100020b8:	2301      	movs	r3, #1
100020ba:	4698      	mov	r8, r3
100020bc:	e000      	b.n	100020c0 <rom_funcs_lookup+0x14>
100020be:	3501      	adds	r5, #1
100020c0:	42b5      	cmp	r5, r6
100020c2:	d20a      	bcs.n	100020da <rom_funcs_lookup+0x2e>
100020c4:	00ac      	lsls	r4, r5, #2
100020c6:	193c      	adds	r4, r7, r4
100020c8:	6820      	ldr	r0, [r4, #0]
100020ca:	f7ff ffdf 	bl	1000208c <rom_func_lookup>
100020ce:	6020      	str	r0, [r4, #0]
100020d0:	2800      	cmp	r0, #0
100020d2:	d1f4      	bne.n	100020be <rom_funcs_lookup+0x12>
100020d4:	2300      	movs	r3, #0
100020d6:	4698      	mov	r8, r3
100020d8:	e7f1      	b.n	100020be <rom_funcs_lookup+0x12>
100020da:	4640      	mov	r0, r8
100020dc:	bc80      	pop	{r7}
100020de:	46b8      	mov	r8, r7
100020e0:	bdf0      	pop	{r4, r5, r6, r7, pc}
	...

100020e4 <rom_reset_usb_boot_extra>:
100020e4:	b570      	push	{r4, r5, r6, lr}
100020e6:	0004      	movs	r4, r0
100020e8:	000d      	movs	r5, r1
100020ea:	4806      	ldr	r0, [pc, #24]	@ (10002104 <rom_reset_usb_boot_extra+0x20>)
100020ec:	f7ff ffce 	bl	1000208c <rom_func_lookup>
100020f0:	0003      	movs	r3, r0
100020f2:	2c00      	cmp	r4, #0
100020f4:	db03      	blt.n	100020fe <rom_reset_usb_boot_extra+0x1a>
100020f6:	2001      	movs	r0, #1
100020f8:	40a0      	lsls	r0, r4
100020fa:	0029      	movs	r1, r5
100020fc:	4798      	blx	r3
100020fe:	2000      	movs	r0, #0
10002100:	e7fb      	b.n	100020fa <rom_reset_usb_boot_extra+0x16>
10002102:	46c0      	nop			@ (mov r8, r8)
10002104:	00004255 	.word	0x00004255

10002108 <xosc_init>:
10002108:	4b07      	ldr	r3, [pc, #28]	@ (10002128 <xosc_init+0x20>)
1000210a:	22aa      	movs	r2, #170	@ 0xaa
1000210c:	0112      	lsls	r2, r2, #4
1000210e:	601a      	str	r2, [r3, #0]
10002110:	228d      	movs	r2, #141	@ 0x8d
10002112:	0052      	lsls	r2, r2, #1
10002114:	60da      	str	r2, [r3, #12]
10002116:	4b05      	ldr	r3, [pc, #20]	@ (1000212c <xosc_init+0x24>)
10002118:	4a05      	ldr	r2, [pc, #20]	@ (10002130 <xosc_init+0x28>)
1000211a:	601a      	str	r2, [r3, #0]
1000211c:	4b02      	ldr	r3, [pc, #8]	@ (10002128 <xosc_init+0x20>)
1000211e:	685b      	ldr	r3, [r3, #4]
10002120:	2b00      	cmp	r3, #0
10002122:	dafb      	bge.n	1000211c <xosc_init+0x14>
10002124:	4770      	bx	lr
10002126:	46c0      	nop			@ (mov r8, r8)
10002128:	40024000 	.word	0x40024000
1000212c:	40026000 	.word	0x40026000
10002130:	00fab000 	.word	0x00fab000

10002134 <runtime_run_initializers_from>:
10002134:	b510      	push	{r4, lr}
10002136:	0004      	movs	r4, r0
10002138:	e001      	b.n	1000213e <runtime_run_initializers_from+0xa>
1000213a:	cc08      	ldmia	r4!, {r3}
1000213c:	4798      	blx	r3
1000213e:	4b02      	ldr	r3, [pc, #8]	@ (10002148 <runtime_run_initializers_from+0x14>)
10002140:	429c      	cmp	r4, r3
10002142:	d3fa      	bcc.n	1000213a <runtime_run_initializers_from+0x6>
10002144:	bd10      	pop	{r4, pc}
10002146:	46c0      	nop			@ (mov r8, r8)
10002148:	10008e54 	.word	0x10008e54

1000214c <first_per_core_initializer>:
1000214c:	4770      	bx	lr
	...

10002150 <runtime_run_initializers>:
10002150:	b510      	push	{r4, lr}
10002152:	4802      	ldr	r0, [pc, #8]	@ (1000215c <runtime_run_initializers+0xc>)
10002154:	f7ff ffee 	bl	10002134 <runtime_run_initializers_from>
10002158:	bd10      	pop	{r4, pc}
1000215a:	46c0      	nop			@ (mov r8, r8)
1000215c:	10008e18 	.word	0x10008e18

10002160 <runtime_run_per_core_initializers>:
10002160:	b510      	push	{r4, lr}
10002162:	4802      	ldr	r0, [pc, #8]	@ (1000216c <runtime_run_per_core_initializers+0xc>)
10002164:	f7ff ffe6 	bl	10002134 <runtime_run_initializers_from>
10002168:	bd10      	pop	{r4, pc}
1000216a:	46c0      	nop			@ (mov r8, r8)
1000216c:	10008e4c 	.word	0x10008e4c

10002170 <runtime_init_early_resets>:
10002170:	4b05      	ldr	r3, [pc, #20]	@ (10002188 <runtime_init_early_resets+0x18>)
10002172:	4a06      	ldr	r2, [pc, #24]	@ (1000218c <runtime_init_early_resets+0x1c>)
10002174:	601a      	str	r2, [r3, #0]
10002176:	4b06      	ldr	r3, [pc, #24]	@ (10002190 <runtime_init_early_resets+0x20>)
10002178:	4a06      	ldr	r2, [pc, #24]	@ (10002194 <runtime_init_early_resets+0x24>)
1000217a:	601a      	str	r2, [r3, #0]
1000217c:	4b06      	ldr	r3, [pc, #24]	@ (10002198 <runtime_init_early_resets+0x28>)
1000217e:	681a      	ldr	r2, [r3, #0]
10002180:	4b04      	ldr	r3, [pc, #16]	@ (10002194 <runtime_init_early_resets+0x24>)
10002182:	4393      	bics	r3, r2
10002184:	d1fa      	bne.n	1000217c <runtime_init_early_resets+0xc>
10002186:	4770      	bx	lr
10002188:	4000e000 	.word	0x4000e000
1000218c:	fefbcdbf 	.word	0xfefbcdbf
10002190:	4000f000 	.word	0x4000f000
10002194:	003c7ffe 	.word	0x003c7ffe
10002198:	4000c008 	.word	0x4000c008

1000219c <runtime_init_usb_power_down>:
1000219c:	4b04      	ldr	r3, [pc, #16]	@ (100021b0 <runtime_init_usb_power_down+0x14>)
1000219e:	6cdb      	ldr	r3, [r3, #76]	@ 0x4c
100021a0:	2b00      	cmp	r3, #0
100021a2:	d103      	bne.n	100021ac <runtime_init_usb_power_down+0x10>
100021a4:	4b03      	ldr	r3, [pc, #12]	@ (100021b4 <runtime_init_usb_power_down+0x18>)
100021a6:	2280      	movs	r2, #128	@ 0x80
100021a8:	02d2      	lsls	r2, r2, #11
100021aa:	601a      	str	r2, [r3, #0]
100021ac:	4770      	bx	lr
100021ae:	46c0      	nop			@ (mov r8, r8)
100021b0:	50110000 	.word	0x50110000
100021b4:	5011204c 	.word	0x5011204c

100021b8 <runtime_init_post_clock_resets>:
100021b8:	4b04      	ldr	r3, [pc, #16]	@ (100021cc <runtime_init_post_clock_resets+0x14>)
100021ba:	4a05      	ldr	r2, [pc, #20]	@ (100021d0 <runtime_init_post_clock_resets+0x18>)
100021bc:	601a      	str	r2, [r3, #0]
100021be:	4b05      	ldr	r3, [pc, #20]	@ (100021d4 <runtime_init_post_clock_resets+0x1c>)
100021c0:	681b      	ldr	r3, [r3, #0]
100021c2:	43db      	mvns	r3, r3
100021c4:	01db      	lsls	r3, r3, #7
100021c6:	d1fa      	bne.n	100021be <runtime_init_post_clock_resets+0x6>
100021c8:	4770      	bx	lr
100021ca:	46c0      	nop			@ (mov r8, r8)
100021cc:	4000f000 	.word	0x4000f000
100021d0:	01ffffff 	.word	0x01ffffff
100021d4:	4000c008 	.word	0x4000c008

100021d8 <runtime_init_rp2040_gpio_ie_disable>:
100021d8:	4b03      	ldr	r3, [pc, #12]	@ (100021e8 <runtime_init_rp2040_gpio_ie_disable+0x10>)
100021da:	2240      	movs	r2, #64	@ 0x40
100021dc:	679a      	str	r2, [r3, #120]	@ 0x78
100021de:	675a      	str	r2, [r3, #116]	@ 0x74
100021e0:	671a      	str	r2, [r3, #112]	@ 0x70
100021e2:	66da      	str	r2, [r3, #108]	@ 0x6c
100021e4:	4770      	bx	lr
100021e6:	46c0      	nop			@ (mov r8, r8)
100021e8:	4001f000 	.word	0x4001f000

100021ec <runtime_init_spin_locks_reset>:
100021ec:	b510      	push	{r4, lr}
100021ee:	f7fe fd8b 	bl	10000d08 <spin_locks_reset>
100021f2:	bd10      	pop	{r4, pc}

100021f4 <runtime_init_install_ram_vector_table>:
100021f4:	b510      	push	{r4, lr}
100021f6:	4a0c      	ldr	r2, [pc, #48]	@ (10002228 <runtime_init_install_ram_vector_table+0x34>)
100021f8:	4b0c      	ldr	r3, [pc, #48]	@ (1000222c <runtime_init_install_ram_vector_table+0x38>)
100021fa:	1ad2      	subs	r2, r2, r3
100021fc:	1092      	asrs	r2, r2, #2
100021fe:	0014      	movs	r4, r2
10002200:	2a30      	cmp	r2, #48	@ 0x30
10002202:	d900      	bls.n	10002206 <runtime_init_install_ram_vector_table+0x12>
10002204:	2230      	movs	r2, #48	@ 0x30
10002206:	0092      	lsls	r2, r2, #2
10002208:	4908      	ldr	r1, [pc, #32]	@ (1000222c <runtime_init_install_ram_vector_table+0x38>)
1000220a:	4809      	ldr	r0, [pc, #36]	@ (10002230 <runtime_init_install_ram_vector_table+0x3c>)
1000220c:	f000 ffba 	bl	10003184 <__wrap___aeabi_memcpy>
10002210:	e004      	b.n	1000221c <runtime_init_install_ram_vector_table+0x28>
10002212:	00a2      	lsls	r2, r4, #2
10002214:	4907      	ldr	r1, [pc, #28]	@ (10002234 <runtime_init_install_ram_vector_table+0x40>)
10002216:	4b06      	ldr	r3, [pc, #24]	@ (10002230 <runtime_init_install_ram_vector_table+0x3c>)
10002218:	50d1      	str	r1, [r2, r3]
1000221a:	3401      	adds	r4, #1
1000221c:	2c2f      	cmp	r4, #47	@ 0x2f
1000221e:	d9f8      	bls.n	10002212 <runtime_init_install_ram_vector_table+0x1e>
10002220:	4a03      	ldr	r2, [pc, #12]	@ (10002230 <runtime_init_install_ram_vector_table+0x3c>)
10002222:	4b05      	ldr	r3, [pc, #20]	@ (10002238 <runtime_init_install_ram_vector_table+0x44>)
10002224:	609a      	str	r2, [r3, #8]
10002226:	bd10      	pop	{r4, pc}
10002228:	100001c0 	.word	0x100001c0
1000222c:	10000100 	.word	0x10000100
10002230:	20000000 	.word	0x20000000
10002234:	100001c1 	.word	0x100001c1
10002238:	e000ed00 	.word	0xe000ed00

1000223c <start_all_ticks>:
1000223c:	b570      	push	{r4, r5, r6, lr}
1000223e:	2004      	movs	r0, #4
10002240:	f7ff fe1c 	bl	10001e7c <clock_get_hz>
10002244:	4906      	ldr	r1, [pc, #24]	@ (10002260 <start_all_ticks+0x24>)
10002246:	f000 f8a3 	bl	10002390 <__wrap___aeabi_uidiv>
1000224a:	0005      	movs	r5, r0
1000224c:	2400      	movs	r4, #0
1000224e:	2c00      	cmp	r4, #0
10002250:	dd00      	ble.n	10002254 <start_all_ticks+0x18>
10002252:	bd70      	pop	{r4, r5, r6, pc}
10002254:	b2e0      	uxtb	r0, r4
10002256:	0029      	movs	r1, r5
10002258:	f7ff ff10 	bl	1000207c <tick_start>
1000225c:	3401      	adds	r4, #1
1000225e:	e7f6      	b.n	1000224e <start_all_ticks+0x12>
10002260:	000f4240 	.word	0x000f4240

10002264 <runtime_init_clocks>:
10002264:	b530      	push	{r4, r5, lr}
10002266:	b083      	sub	sp, #12
10002268:	4b27      	ldr	r3, [pc, #156]	@ (10002308 <runtime_init_clocks+0xa4>)
1000226a:	2200      	movs	r2, #0
1000226c:	679a      	str	r2, [r3, #120]	@ 0x78
1000226e:	f7ff ff4b 	bl	10002108 <xosc_init>
10002272:	4b26      	ldr	r3, [pc, #152]	@ (1000230c <runtime_init_clocks+0xa8>)
10002274:	2201      	movs	r2, #1
10002276:	601a      	str	r2, [r3, #0]
10002278:	4b23      	ldr	r3, [pc, #140]	@ (10002308 <runtime_init_clocks+0xa4>)
1000227a:	6c5b      	ldr	r3, [r3, #68]	@ 0x44
1000227c:	2b01      	cmp	r3, #1
1000227e:	d1fb      	bne.n	10002278 <runtime_init_clocks+0x14>
10002280:	4b23      	ldr	r3, [pc, #140]	@ (10002310 <runtime_init_clocks+0xac>)
10002282:	2203      	movs	r2, #3
10002284:	601a      	str	r2, [r3, #0]
10002286:	4b20      	ldr	r3, [pc, #128]	@ (10002308 <runtime_init_clocks+0xa4>)
10002288:	6b9b      	ldr	r3, [r3, #56]	@ 0x38
1000228a:	2b01      	cmp	r3, #1
1000228c:	d1fb      	bne.n	10002286 <runtime_init_clocks+0x22>
1000228e:	3301      	adds	r3, #1
10002290:	9300      	str	r3, [sp, #0]
10002292:	3304      	adds	r3, #4
10002294:	4a1f      	ldr	r2, [pc, #124]	@ (10002314 <runtime_init_clocks+0xb0>)
10002296:	2101      	movs	r1, #1
10002298:	481f      	ldr	r0, [pc, #124]	@ (10002318 <runtime_init_clocks+0xb4>)
1000229a:	f7ff fdf5 	bl	10001e88 <pll_init>
1000229e:	2305      	movs	r3, #5
100022a0:	9300      	str	r3, [sp, #0]
100022a2:	4a1e      	ldr	r2, [pc, #120]	@ (1000231c <runtime_init_clocks+0xb8>)
100022a4:	2101      	movs	r1, #1
100022a6:	481e      	ldr	r0, [pc, #120]	@ (10002320 <runtime_init_clocks+0xbc>)
100022a8:	f7ff fdee 	bl	10001e88 <pll_init>
100022ac:	4b1d      	ldr	r3, [pc, #116]	@ (10002324 <runtime_init_clocks+0xc0>)
100022ae:	2200      	movs	r2, #0
100022b0:	2102      	movs	r1, #2
100022b2:	2004      	movs	r0, #4
100022b4:	f7ff fdd8 	bl	10001e68 <clock_configure_undivided>
100022b8:	4d1b      	ldr	r5, [pc, #108]	@ (10002328 <runtime_init_clocks+0xc4>)
100022ba:	002b      	movs	r3, r5
100022bc:	2200      	movs	r2, #0
100022be:	2101      	movs	r1, #1
100022c0:	2005      	movs	r0, #5
100022c2:	f7ff fdd1 	bl	10001e68 <clock_configure_undivided>
100022c6:	4c19      	ldr	r4, [pc, #100]	@ (1000232c <runtime_init_clocks+0xc8>)
100022c8:	0023      	movs	r3, r4
100022ca:	2200      	movs	r2, #0
100022cc:	2100      	movs	r1, #0
100022ce:	2007      	movs	r0, #7
100022d0:	f7ff fdca 	bl	10001e68 <clock_configure_undivided>
100022d4:	0023      	movs	r3, r4
100022d6:	2200      	movs	r2, #0
100022d8:	2100      	movs	r1, #0
100022da:	2008      	movs	r0, #8
100022dc:	f7ff fdc4 	bl	10001e68 <clock_configure_undivided>
100022e0:	2380      	movs	r3, #128	@ 0x80
100022e2:	00db      	lsls	r3, r3, #3
100022e4:	9300      	str	r3, [sp, #0]
100022e6:	0023      	movs	r3, r4
100022e8:	2200      	movs	r2, #0
100022ea:	2100      	movs	r1, #0
100022ec:	2009      	movs	r0, #9
100022ee:	f7ff fda7 	bl	10001e40 <clock_configure_int_divider>
100022f2:	002b      	movs	r3, r5
100022f4:	2200      	movs	r2, #0
100022f6:	2100      	movs	r1, #0
100022f8:	2006      	movs	r0, #6
100022fa:	f7ff fdb5 	bl	10001e68 <clock_configure_undivided>
100022fe:	f7ff ff9d 	bl	1000223c <start_all_ticks>
10002302:	b003      	add	sp, #12
10002304:	bd30      	pop	{r4, r5, pc}
10002306:	46c0      	nop			@ (mov r8, r8)
10002308:	40008000 	.word	0x40008000
1000230c:	4000b03c 	.word	0x4000b03c
10002310:	4000b030 	.word	0x4000b030
10002314:	59682f00 	.word	0x59682f00
10002318:	40028000 	.word	0x40028000
1000231c:	47868c00 	.word	0x47868c00
10002320:	4002c000 	.word	0x4002c000
10002324:	00b71b00 	.word	0x00b71b00
10002328:	07735940 	.word	0x07735940
1000232c:	02dc6c00 	.word	0x02dc6c00

10002330 <__aeabi_bits_init>:
10002330:	4801      	ldr	r0, [pc, #4]	@ (10002338 <__aeabi_bits_init+0x8>)
10002332:	2104      	movs	r1, #4
10002334:	4b01      	ldr	r3, [pc, #4]	@ (1000233c <__aeabi_bits_init+0xc>)
10002336:	4718      	bx	r3
10002338:	20000d20 	.word	0x20000d20
1000233c:	100020ad 	.word	0x100020ad

10002340 <__wrap___aeabi_idiv>:
10002340:	4a12      	ldr	r2, [pc, #72]	@ (1000238c <divmod_s32s32_savestate+0x18>)
10002342:	6f93      	ldr	r3, [r2, #120]	@ 0x78
10002344:	089b      	lsrs	r3, r3, #2
10002346:	d215      	bcs.n	10002374 <divmod_s32s32_savestate>

10002348 <divmod_s32s32_unsafe>:
10002348:	6690      	str	r0, [r2, #104]	@ 0x68
1000234a:	66d1      	str	r1, [r2, #108]	@ 0x6c
1000234c:	2900      	cmp	r1, #0
1000234e:	d005      	beq.n	1000235c <divmod_s32s32_unsafe+0x14>
10002350:	e7ff      	b.n	10002352 <divmod_s32s32_unsafe+0xa>
10002352:	e7ff      	b.n	10002354 <divmod_s32s32_unsafe+0xc>
10002354:	e7ff      	b.n	10002356 <divmod_s32s32_unsafe+0xe>
10002356:	6f51      	ldr	r1, [r2, #116]	@ 0x74
10002358:	6f10      	ldr	r0, [r2, #112]	@ 0x70
1000235a:	4770      	bx	lr
1000235c:	b504      	push	{r2, lr}
1000235e:	2180      	movs	r1, #128	@ 0x80
10002360:	0609      	lsls	r1, r1, #24
10002362:	17c2      	asrs	r2, r0, #31
10002364:	4051      	eors	r1, r2
10002366:	2800      	cmp	r0, #0
10002368:	d000      	beq.n	1000236c <divmod_s32s32_unsafe+0x24>
1000236a:	43c8      	mvns	r0, r1
1000236c:	f006 fcfc 	bl	10008d68 <____aeabi_idiv0_veneer>
10002370:	2100      	movs	r1, #0
10002372:	bd04      	pop	{r2, pc}

10002374 <divmod_s32s32_savestate>:
10002374:	b5f0      	push	{r4, r5, r6, r7, lr}
10002376:	6e14      	ldr	r4, [r2, #96]	@ 0x60
10002378:	6e55      	ldr	r5, [r2, #100]	@ 0x64
1000237a:	6f57      	ldr	r7, [r2, #116]	@ 0x74
1000237c:	6f16      	ldr	r6, [r2, #112]	@ 0x70
1000237e:	f7ff ffe3 	bl	10002348 <divmod_s32s32_unsafe>
10002382:	6614      	str	r4, [r2, #96]	@ 0x60
10002384:	6655      	str	r5, [r2, #100]	@ 0x64
10002386:	6757      	str	r7, [r2, #116]	@ 0x74
10002388:	6716      	str	r6, [r2, #112]	@ 0x70
1000238a:	bdf0      	pop	{r4, r5, r6, r7, pc}
1000238c:	d0000000 	.word	0xd0000000

10002390 <__wrap___aeabi_uidiv>:
10002390:	4a11      	ldr	r2, [pc, #68]	@ (100023d8 <divmod_u32u32_savestate+0x18>)
10002392:	6f93      	ldr	r3, [r2, #120]	@ 0x78
10002394:	089b      	lsrs	r3, r3, #2
10002396:	d213      	bcs.n	100023c0 <divmod_u32u32_savestate>

10002398 <divmod_u32u32_unsafe>:
10002398:	6610      	str	r0, [r2, #96]	@ 0x60
1000239a:	6651      	str	r1, [r2, #100]	@ 0x64
1000239c:	2900      	cmp	r1, #0
1000239e:	d005      	beq.n	100023ac <divmod_u32u32_unsafe+0x14>
100023a0:	e7ff      	b.n	100023a2 <divmod_u32u32_unsafe+0xa>
100023a2:	e7ff      	b.n	100023a4 <divmod_u32u32_unsafe+0xc>
100023a4:	e7ff      	b.n	100023a6 <divmod_u32u32_unsafe+0xe>
100023a6:	6f51      	ldr	r1, [r2, #116]	@ 0x74
100023a8:	6f10      	ldr	r0, [r2, #112]	@ 0x70
100023aa:	4770      	bx	lr
100023ac:	b504      	push	{r2, lr}
100023ae:	2800      	cmp	r0, #0
100023b0:	d001      	beq.n	100023b6 <divmod_u32u32_unsafe+0x1e>
100023b2:	2000      	movs	r0, #0
100023b4:	43c0      	mvns	r0, r0
100023b6:	f006 fcd7 	bl	10008d68 <____aeabi_idiv0_veneer>
100023ba:	2100      	movs	r1, #0
100023bc:	bd04      	pop	{r2, pc}
100023be:	46c0      	nop			@ (mov r8, r8)

100023c0 <divmod_u32u32_savestate>:
100023c0:	b5f0      	push	{r4, r5, r6, r7, lr}
100023c2:	6e14      	ldr	r4, [r2, #96]	@ 0x60
100023c4:	6e55      	ldr	r5, [r2, #100]	@ 0x64
100023c6:	6f57      	ldr	r7, [r2, #116]	@ 0x74
100023c8:	6f16      	ldr	r6, [r2, #112]	@ 0x70
100023ca:	f7ff ffe5 	bl	10002398 <divmod_u32u32_unsafe>
100023ce:	6614      	str	r4, [r2, #96]	@ 0x60
100023d0:	6655      	str	r5, [r2, #100]	@ 0x64
100023d2:	6757      	str	r7, [r2, #116]	@ 0x74
100023d4:	6716      	str	r6, [r2, #112]	@ 0x70
100023d6:	bdf0      	pop	{r4, r5, r6, r7, pc}
100023d8:	d0000000 	.word	0xd0000000

100023dc <__wrap___aeabi_ldivmod>:
100023dc:	4694      	mov	ip, r2
100023de:	4a4a      	ldr	r2, [pc, #296]	@ (10002508 <udiv0+0x1a>)
100023e0:	6f92      	ldr	r2, [r2, #120]	@ 0x78
100023e2:	0892      	lsrs	r2, r2, #2
100023e4:	4662      	mov	r2, ip
100023e6:	d201      	bcs.n	100023ec <divmod_s64s64_savestate>
100023e8:	e028      	b.n	1000243c <divmod_s64s64_unsafe>
100023ea:	46c0      	nop			@ (mov r8, r8)

100023ec <divmod_s64s64_savestate>:
100023ec:	b5f0      	push	{r4, r5, r6, r7, lr}
100023ee:	4e46      	ldr	r6, [pc, #280]	@ (10002508 <udiv0+0x1a>)
100023f0:	6e34      	ldr	r4, [r6, #96]	@ 0x60
100023f2:	6e75      	ldr	r5, [r6, #100]	@ 0x64
100023f4:	6f77      	ldr	r7, [r6, #116]	@ 0x74
100023f6:	6f36      	ldr	r6, [r6, #112]	@ 0x70
100023f8:	f000 f820 	bl	1000243c <divmod_s64s64_unsafe>
100023fc:	4694      	mov	ip, r2
100023fe:	4a42      	ldr	r2, [pc, #264]	@ (10002508 <udiv0+0x1a>)
10002400:	6614      	str	r4, [r2, #96]	@ 0x60
10002402:	6655      	str	r5, [r2, #100]	@ 0x64
10002404:	6757      	str	r7, [r2, #116]	@ 0x74
10002406:	6716      	str	r6, [r2, #112]	@ 0x70
10002408:	4662      	mov	r2, ip
1000240a:	bdf0      	pop	{r4, r5, r6, r7, pc}

1000240c <__wrap___aeabi_uldivmod>:
1000240c:	4694      	mov	ip, r2
1000240e:	4a3e      	ldr	r2, [pc, #248]	@ (10002508 <udiv0+0x1a>)
10002410:	6f92      	ldr	r2, [r2, #120]	@ 0x78
10002412:	0892      	lsrs	r2, r2, #2
10002414:	4662      	mov	r2, ip
10002416:	d201      	bcs.n	1000241c <divmod_u64u64_savestate>
10002418:	e054      	b.n	100024c4 <divmod_u64u64_unsafe>
1000241a:	46c0      	nop			@ (mov r8, r8)

1000241c <divmod_u64u64_savestate>:
1000241c:	b5f0      	push	{r4, r5, r6, r7, lr}
1000241e:	4e3a      	ldr	r6, [pc, #232]	@ (10002508 <udiv0+0x1a>)
10002420:	6e34      	ldr	r4, [r6, #96]	@ 0x60
10002422:	6e75      	ldr	r5, [r6, #100]	@ 0x64
10002424:	6f77      	ldr	r7, [r6, #116]	@ 0x74
10002426:	6f36      	ldr	r6, [r6, #112]	@ 0x70
10002428:	f000 f84c 	bl	100024c4 <divmod_u64u64_unsafe>
1000242c:	4694      	mov	ip, r2
1000242e:	4a36      	ldr	r2, [pc, #216]	@ (10002508 <udiv0+0x1a>)
10002430:	6614      	str	r4, [r2, #96]	@ 0x60
10002432:	6655      	str	r5, [r2, #100]	@ 0x64
10002434:	6757      	str	r7, [r2, #116]	@ 0x74
10002436:	6716      	str	r6, [r2, #112]	@ 0x70
10002438:	4662      	mov	r2, ip
1000243a:	bdf0      	pop	{r4, r5, r6, r7, pc}

1000243c <divmod_s64s64_unsafe>:
1000243c:	2b00      	cmp	r3, #0
1000243e:	db24      	blt.n	1000248a <l42_1+0x26>
10002440:	d011      	beq.n	10002466 <l42_1+0x2>
10002442:	2900      	cmp	r1, #0
10002444:	da3e      	bge.n	100024c4 <divmod_u64u64_unsafe>
10002446:	b500      	push	{lr}
10002448:	43c9      	mvns	r1, r1
1000244a:	4240      	negs	r0, r0
1000244c:	d100      	bne.n	10002450 <l40_1>
1000244e:	3101      	adds	r1, #1

10002450 <l40_1>:
10002450:	f000 f838 	bl	100024c4 <divmod_u64u64_unsafe>
10002454:	43c9      	mvns	r1, r1
10002456:	4240      	negs	r0, r0
10002458:	d100      	bne.n	1000245c <l41_1>
1000245a:	3101      	adds	r1, #1

1000245c <l41_1>:
1000245c:	43db      	mvns	r3, r3
1000245e:	4252      	negs	r2, r2
10002460:	d100      	bne.n	10002464 <l42_1>
10002462:	3301      	adds	r3, #1

10002464 <l42_1>:
10002464:	bd00      	pop	{pc}
10002466:	2a00      	cmp	r2, #0
10002468:	d1eb      	bne.n	10002442 <divmod_s64s64_unsafe+0x6>
1000246a:	2800      	cmp	r0, #0
1000246c:	d101      	bne.n	10002472 <l42_1+0xe>
1000246e:	2900      	cmp	r1, #0
10002470:	d005      	beq.n	1000247e <l42_1+0x1a>
10002472:	2000      	movs	r0, #0
10002474:	0fc9      	lsrs	r1, r1, #31
10002476:	07c9      	lsls	r1, r1, #31
10002478:	d101      	bne.n	1000247e <l42_1+0x1a>
1000247a:	43c0      	mvns	r0, r0
1000247c:	0841      	lsrs	r1, r0, #1
1000247e:	b500      	push	{lr}
10002480:	f006 fc62 	bl	10008d48 <____aeabi_ldiv0_veneer>
10002484:	2200      	movs	r2, #0
10002486:	2300      	movs	r3, #0
10002488:	bd00      	pop	{pc}
1000248a:	b500      	push	{lr}
1000248c:	2900      	cmp	r1, #0
1000248e:	db0a      	blt.n	100024a6 <l44_1+0x2>
10002490:	43db      	mvns	r3, r3
10002492:	4252      	negs	r2, r2
10002494:	d100      	bne.n	10002498 <l43_1>
10002496:	3301      	adds	r3, #1

10002498 <l43_1>:
10002498:	f000 f814 	bl	100024c4 <divmod_u64u64_unsafe>
1000249c:	43c9      	mvns	r1, r1
1000249e:	4240      	negs	r0, r0
100024a0:	d100      	bne.n	100024a4 <l44_1>
100024a2:	3101      	adds	r1, #1

100024a4 <l44_1>:
100024a4:	bd00      	pop	{pc}
100024a6:	43c9      	mvns	r1, r1
100024a8:	4240      	negs	r0, r0
100024aa:	d100      	bne.n	100024ae <l45_1>
100024ac:	3101      	adds	r1, #1

100024ae <l45_1>:
100024ae:	43db      	mvns	r3, r3
100024b0:	4252      	negs	r2, r2
100024b2:	d100      	bne.n	100024b6 <l46_1>
100024b4:	3301      	adds	r3, #1

100024b6 <l46_1>:
100024b6:	f000 f805 	bl	100024c4 <divmod_u64u64_unsafe>
100024ba:	43db      	mvns	r3, r3
100024bc:	4252      	negs	r2, r2
100024be:	d100      	bne.n	100024c2 <l47_1>
100024c0:	3301      	adds	r3, #1

100024c2 <l47_1>:
100024c2:	bd00      	pop	{pc}

100024c4 <divmod_u64u64_unsafe>:
100024c4:	2900      	cmp	r1, #0
100024c6:	d123      	bne.n	10002510 <y64>
100024c8:	2b00      	cmp	r3, #0
100024ca:	d118      	bne.n	100024fe <udiv0+0x10>
100024cc:	2a00      	cmp	r2, #0
100024ce:	d00c      	beq.n	100024ea <divmod_u64u64_unsafe+0x26>
100024d0:	46bc      	mov	ip, r7
100024d2:	4f0d      	ldr	r7, [pc, #52]	@ (10002508 <udiv0+0x1a>)
100024d4:	6638      	str	r0, [r7, #96]	@ 0x60
100024d6:	667a      	str	r2, [r7, #100]	@ 0x64
100024d8:	2100      	movs	r1, #0
100024da:	2300      	movs	r3, #0
100024dc:	e7ff      	b.n	100024de <divmod_u64u64_unsafe+0x1a>
100024de:	e7ff      	b.n	100024e0 <divmod_u64u64_unsafe+0x1c>
100024e0:	e7ff      	b.n	100024e2 <divmod_u64u64_unsafe+0x1e>
100024e2:	6f7a      	ldr	r2, [r7, #116]	@ 0x74
100024e4:	6f38      	ldr	r0, [r7, #112]	@ 0x70
100024e6:	4667      	mov	r7, ip
100024e8:	4770      	bx	lr
100024ea:	2800      	cmp	r0, #0
100024ec:	d001      	beq.n	100024f2 <udiv0+0x4>

100024ee <udiv0>:
100024ee:	4807      	ldr	r0, [pc, #28]	@ (1000250c <udiv0+0x1e>)
100024f0:	0001      	movs	r1, r0
100024f2:	b500      	push	{lr}
100024f4:	f006 fc28 	bl	10008d48 <____aeabi_ldiv0_veneer>
100024f8:	2200      	movs	r2, #0
100024fa:	2300      	movs	r3, #0
100024fc:	bd00      	pop	{pc}
100024fe:	0002      	movs	r2, r0
10002500:	000b      	movs	r3, r1
10002502:	2000      	movs	r0, #0
10002504:	2100      	movs	r1, #0
10002506:	4770      	bx	lr
10002508:	d0000000 	.word	0xd0000000
1000250c:	ffffffff 	.word	0xffffffff

10002510 <y64>:
10002510:	2b00      	cmp	r3, #0
10002512:	d000      	beq.n	10002516 <y64+0x6>
10002514:	e0bf      	b.n	10002696 <y64_x48>
10002516:	0c13      	lsrs	r3, r2, #16
10002518:	d128      	bne.n	1000256c <y64_x32>
1000251a:	2a00      	cmp	r2, #0
1000251c:	d0e7      	beq.n	100024ee <udiv0>
1000251e:	b480      	push	{r7}
10002520:	4f11      	ldr	r7, [pc, #68]	@ (10002568 <y64+0x58>)
10002522:	6639      	str	r1, [r7, #96]	@ 0x60
10002524:	667a      	str	r2, [r7, #100]	@ 0x64
10002526:	e7ff      	b.n	10002528 <y64+0x18>
10002528:	e7ff      	b.n	1000252a <y64+0x1a>
1000252a:	b430      	push	{r4, r5}
1000252c:	0c04      	lsrs	r4, r0, #16
1000252e:	6f7b      	ldr	r3, [r7, #116]	@ 0x74
10002530:	6f39      	ldr	r1, [r7, #112]	@ 0x70
10002532:	041b      	lsls	r3, r3, #16
10002534:	4323      	orrs	r3, r4
10002536:	663b      	str	r3, [r7, #96]	@ 0x60
10002538:	667a      	str	r2, [r7, #100]	@ 0x64
1000253a:	e7ff      	b.n	1000253c <y64+0x2c>
1000253c:	e7ff      	b.n	1000253e <y64+0x2e>
1000253e:	e7ff      	b.n	10002540 <y64+0x30>
10002540:	46c0      	nop			@ (mov r8, r8)
10002542:	b284      	uxth	r4, r0
10002544:	6f7b      	ldr	r3, [r7, #116]	@ 0x74
10002546:	6f3d      	ldr	r5, [r7, #112]	@ 0x70
10002548:	041b      	lsls	r3, r3, #16
1000254a:	4323      	orrs	r3, r4
1000254c:	663b      	str	r3, [r7, #96]	@ 0x60
1000254e:	667a      	str	r2, [r7, #100]	@ 0x64
10002550:	e7ff      	b.n	10002552 <y64+0x42>
10002552:	e7ff      	b.n	10002554 <y64+0x44>
10002554:	46c0      	nop			@ (mov r8, r8)
10002556:	2300      	movs	r3, #0
10002558:	042c      	lsls	r4, r5, #16
1000255a:	0c2d      	lsrs	r5, r5, #16
1000255c:	6f7a      	ldr	r2, [r7, #116]	@ 0x74
1000255e:	6f38      	ldr	r0, [r7, #112]	@ 0x70
10002560:	1900      	adds	r0, r0, r4
10002562:	4169      	adcs	r1, r5
10002564:	bcb0      	pop	{r4, r5, r7}
10002566:	4770      	bx	lr
10002568:	d0000000 	.word	0xd0000000

1000256c <y64_x32>:
1000256c:	b5f0      	push	{r4, r5, r6, r7, lr}
1000256e:	4694      	mov	ip, r2
10002570:	2500      	movs	r5, #0
10002572:	0e14      	lsrs	r4, r2, #24
10002574:	d101      	bne.n	1000257a <y64_x32+0xe>
10002576:	0212      	lsls	r2, r2, #8
10002578:	3508      	adds	r5, #8
1000257a:	0f14      	lsrs	r4, r2, #28
1000257c:	d101      	bne.n	10002582 <y64_x32+0x16>
1000257e:	0112      	lsls	r2, r2, #4
10002580:	3504      	adds	r5, #4
10002582:	0f94      	lsrs	r4, r2, #30
10002584:	d101      	bne.n	1000258a <y64_x32+0x1e>
10002586:	0092      	lsls	r2, r2, #2
10002588:	3502      	adds	r5, #2
1000258a:	0fd4      	lsrs	r4, r2, #31
1000258c:	d101      	bne.n	10002592 <y64_x32+0x26>
1000258e:	0052      	lsls	r2, r2, #1
10002590:	3501      	adds	r5, #1
10002592:	0bd4      	lsrs	r4, r2, #15
10002594:	3401      	adds	r4, #1
10002596:	4f25      	ldr	r7, [pc, #148]	@ (1000262c <y64_x32+0xc0>)
10002598:	667c      	str	r4, [r7, #100]	@ 0x64
1000259a:	4c25      	ldr	r4, [pc, #148]	@ (10002630 <y64_x32+0xc4>)
1000259c:	663c      	str	r4, [r7, #96]	@ 0x60
1000259e:	0c0e      	lsrs	r6, r1, #16
100025a0:	b293      	uxth	r3, r2
100025a2:	e7ff      	b.n	100025a4 <y64_x32+0x38>
100025a4:	e7ff      	b.n	100025a6 <y64_x32+0x3a>
100025a6:	e7ff      	b.n	100025a8 <y64_x32+0x3c>
100025a8:	6f3c      	ldr	r4, [r7, #112]	@ 0x70
100025aa:	4366      	muls	r6, r4
100025ac:	0c36      	lsrs	r6, r6, #16
100025ae:	0377      	lsls	r7, r6, #13
100025b0:	46be      	mov	lr, r7
100025b2:	4373      	muls	r3, r6
100025b4:	0bdf      	lsrs	r7, r3, #15
100025b6:	045b      	lsls	r3, r3, #17
100025b8:	1ac0      	subs	r0, r0, r3
100025ba:	41b9      	sbcs	r1, r7
100025bc:	0c13      	lsrs	r3, r2, #16
100025be:	4373      	muls	r3, r6
100025c0:	18db      	adds	r3, r3, r3
100025c2:	1ac9      	subs	r1, r1, r3
100025c4:	08ce      	lsrs	r6, r1, #3
100025c6:	4366      	muls	r6, r4
100025c8:	0c36      	lsrs	r6, r6, #16
100025ca:	44b6      	add	lr, r6
100025cc:	b293      	uxth	r3, r2
100025ce:	4373      	muls	r3, r6
100025d0:	0f1f      	lsrs	r7, r3, #28
100025d2:	011b      	lsls	r3, r3, #4
100025d4:	1ac0      	subs	r0, r0, r3
100025d6:	41b9      	sbcs	r1, r7
100025d8:	0c13      	lsrs	r3, r2, #16
100025da:	4373      	muls	r3, r6
100025dc:	0b1f      	lsrs	r7, r3, #12
100025de:	051b      	lsls	r3, r3, #20
100025e0:	1ac0      	subs	r0, r0, r3
100025e2:	41b9      	sbcs	r1, r7
100025e4:	0d86      	lsrs	r6, r0, #22
100025e6:	028f      	lsls	r7, r1, #10
100025e8:	433e      	orrs	r6, r7
100025ea:	4366      	muls	r6, r4
100025ec:	0c36      	lsrs	r6, r6, #16
100025ee:	2d09      	cmp	r5, #9
100025f0:	db24      	blt.n	1000263c <last0>
100025f2:	0a52      	lsrs	r2, r2, #9
100025f4:	4372      	muls	r2, r6
100025f6:	1a80      	subs	r0, r0, r2
100025f8:	0377      	lsls	r7, r6, #13
100025fa:	0a46      	lsrs	r6, r0, #9
100025fc:	4366      	muls	r6, r4
100025fe:	0c36      	lsrs	r6, r6, #16
10002600:	2316      	movs	r3, #22
10002602:	1b5b      	subs	r3, r3, r5
10002604:	40de      	lsrs	r6, r3
10002606:	40df      	lsrs	r7, r3
10002608:	19bf      	adds	r7, r7, r6
1000260a:	4664      	mov	r4, ip
1000260c:	4366      	muls	r6, r4
1000260e:	1b82      	subs	r2, r0, r6
10002610:	4670      	mov	r0, lr
10002612:	3504      	adds	r5, #4
10002614:	3306      	adds	r3, #6
10002616:	0001      	movs	r1, r0
10002618:	40d9      	lsrs	r1, r3
1000261a:	40a8      	lsls	r0, r5
1000261c:	19c0      	adds	r0, r0, r7
1000261e:	d300      	bcc.n	10002622 <y64_x32+0xb6>
10002620:	3101      	adds	r1, #1
10002622:	42a2      	cmp	r2, r4
10002624:	d206      	bcs.n	10002634 <y64_x32+0xc8>
10002626:	2300      	movs	r3, #0
10002628:	bdf0      	pop	{r4, r5, r6, r7, pc}
1000262a:	0000      	.short	0x0000
1000262c:	d0000000 	.word	0xd0000000
10002630:	ffffffff 	.word	0xffffffff
10002634:	1b12      	subs	r2, r2, r4
10002636:	3001      	adds	r0, #1
10002638:	d3f3      	bcc.n	10002622 <y64_x32+0xb6>
1000263a:	e7f1      	b.n	10002620 <y64_x32+0xb4>

1000263c <last0>:
1000263c:	2709      	movs	r7, #9
1000263e:	1b7f      	subs	r7, r7, r5
10002640:	40fe      	lsrs	r6, r7
10002642:	4664      	mov	r4, ip
10002644:	b2a2      	uxth	r2, r4
10002646:	4372      	muls	r2, r6
10002648:	1a80      	subs	r0, r0, r2
1000264a:	d200      	bcs.n	1000264e <last0+0x12>
1000264c:	3901      	subs	r1, #1
1000264e:	0c22      	lsrs	r2, r4, #16
10002650:	4372      	muls	r2, r6
10002652:	0c13      	lsrs	r3, r2, #16
10002654:	0412      	lsls	r2, r2, #16
10002656:	1a82      	subs	r2, r0, r2
10002658:	4199      	sbcs	r1, r3
1000265a:	000b      	movs	r3, r1
1000265c:	4670      	mov	r0, lr
1000265e:	3504      	adds	r5, #4
10002660:	3713      	adds	r7, #19
10002662:	0001      	movs	r1, r0
10002664:	40f9      	lsrs	r1, r7
10002666:	40a8      	lsls	r0, r5
10002668:	1980      	adds	r0, r0, r6
1000266a:	d300      	bcc.n	1000266e <last0+0x32>
1000266c:	3101      	adds	r1, #1
1000266e:	2b00      	cmp	r3, #0
10002670:	d102      	bne.n	10002678 <last0+0x3c>
10002672:	42a2      	cmp	r2, r4
10002674:	d20a      	bcs.n	1000268c <last0+0x50>
10002676:	bdf0      	pop	{r4, r5, r6, r7, pc}
10002678:	3001      	adds	r0, #1
1000267a:	d300      	bcc.n	1000267e <last0+0x42>
1000267c:	3101      	adds	r1, #1
1000267e:	1b12      	subs	r2, r2, r4
10002680:	d2fa      	bcs.n	10002678 <last0+0x3c>
10002682:	3b01      	subs	r3, #1
10002684:	d1f8      	bne.n	10002678 <last0+0x3c>
10002686:	42a2      	cmp	r2, r4
10002688:	d200      	bcs.n	1000268c <last0+0x50>
1000268a:	bdf0      	pop	{r4, r5, r6, r7, pc}
1000268c:	3001      	adds	r0, #1
1000268e:	d300      	bcc.n	10002692 <last0+0x56>
10002690:	3101      	adds	r1, #1
10002692:	1b12      	subs	r2, r2, r4
10002694:	e7f7      	b.n	10002686 <last0+0x4a>

10002696 <y64_x48>:
10002696:	b5f0      	push	{r4, r5, r6, r7, lr}
10002698:	0c1c      	lsrs	r4, r3, #16
1000269a:	d000      	beq.n	1000269e <y64_x48+0x8>
1000269c:	e080      	b.n	100027a0 <y64_x64>
1000269e:	b40c      	push	{r2, r3}
100026a0:	2500      	movs	r5, #0
100026a2:	0a1c      	lsrs	r4, r3, #8
100026a4:	d104      	bne.n	100026b0 <y64_x48+0x1a>
100026a6:	021b      	lsls	r3, r3, #8
100026a8:	0e16      	lsrs	r6, r2, #24
100026aa:	4333      	orrs	r3, r6
100026ac:	0212      	lsls	r2, r2, #8
100026ae:	3508      	adds	r5, #8
100026b0:	0b1c      	lsrs	r4, r3, #12
100026b2:	d104      	bne.n	100026be <y64_x48+0x28>
100026b4:	011b      	lsls	r3, r3, #4
100026b6:	0f16      	lsrs	r6, r2, #28
100026b8:	4333      	orrs	r3, r6
100026ba:	0112      	lsls	r2, r2, #4
100026bc:	3504      	adds	r5, #4
100026be:	0b9c      	lsrs	r4, r3, #14
100026c0:	d104      	bne.n	100026cc <y64_x48+0x36>
100026c2:	009b      	lsls	r3, r3, #2
100026c4:	0f96      	lsrs	r6, r2, #30
100026c6:	4333      	orrs	r3, r6
100026c8:	0092      	lsls	r2, r2, #2
100026ca:	3502      	adds	r5, #2
100026cc:	0bdc      	lsrs	r4, r3, #15
100026ce:	d102      	bne.n	100026d6 <y64_x48+0x40>
100026d0:	1892      	adds	r2, r2, r2
100026d2:	415b      	adcs	r3, r3
100026d4:	3501      	adds	r5, #1
100026d6:	001c      	movs	r4, r3
100026d8:	1897      	adds	r7, r2, r2
100026da:	4164      	adcs	r4, r4
100026dc:	3401      	adds	r4, #1
100026de:	4f46      	ldr	r7, [pc, #280]	@ (100027f8 <y64_x64+0x58>)
100026e0:	667c      	str	r4, [r7, #100]	@ 0x64
100026e2:	4c46      	ldr	r4, [pc, #280]	@ (100027fc <y64_x64+0x5c>)
100026e4:	663c      	str	r4, [r7, #96]	@ 0x60
100026e6:	0c0e      	lsrs	r6, r1, #16
100026e8:	e7ff      	b.n	100026ea <y64_x48+0x54>
100026ea:	e7ff      	b.n	100026ec <y64_x48+0x56>
100026ec:	e7ff      	b.n	100026ee <y64_x48+0x58>
100026ee:	46c0      	nop			@ (mov r8, r8)
100026f0:	6f3c      	ldr	r4, [r7, #112]	@ 0x70
100026f2:	4366      	muls	r6, r4
100026f4:	0c36      	lsrs	r6, r6, #16
100026f6:	0377      	lsls	r7, r6, #13
100026f8:	46be      	mov	lr, r7
100026fa:	b297      	uxth	r7, r2
100026fc:	4377      	muls	r7, r6
100026fe:	1bc0      	subs	r0, r0, r7
10002700:	d200      	bcs.n	10002704 <y64_x48+0x6e>
10002702:	3901      	subs	r1, #1
10002704:	1bc0      	subs	r0, r0, r7
10002706:	d200      	bcs.n	1000270a <y64_x48+0x74>
10002708:	3901      	subs	r1, #1
1000270a:	b29f      	uxth	r7, r3
1000270c:	4377      	muls	r7, r6
1000270e:	1bc9      	subs	r1, r1, r7
10002710:	1bc9      	subs	r1, r1, r7
10002712:	0c17      	lsrs	r7, r2, #16
10002714:	4377      	muls	r7, r6
10002716:	047e      	lsls	r6, r7, #17
10002718:	0bff      	lsrs	r7, r7, #15
1000271a:	1b80      	subs	r0, r0, r6
1000271c:	41b9      	sbcs	r1, r7
1000271e:	08ce      	lsrs	r6, r1, #3
10002720:	4366      	muls	r6, r4
10002722:	0c36      	lsrs	r6, r6, #16
10002724:	2d0c      	cmp	r5, #12
10002726:	db33      	blt.n	10002790 <last1>
10002728:	44b6      	add	lr, r6
1000272a:	0b12      	lsrs	r2, r2, #12
1000272c:	051f      	lsls	r7, r3, #20
1000272e:	433a      	orrs	r2, r7
10002730:	0b1b      	lsrs	r3, r3, #12
10002732:	b297      	uxth	r7, r2
10002734:	4377      	muls	r7, r6
10002736:	1bc0      	subs	r0, r0, r7
10002738:	d200      	bcs.n	1000273c <y64_x48+0xa6>
1000273a:	3901      	subs	r1, #1
1000273c:	b29f      	uxth	r7, r3
1000273e:	4377      	muls	r7, r6
10002740:	1bc9      	subs	r1, r1, r7
10002742:	0c17      	lsrs	r7, r2, #16
10002744:	4377      	muls	r7, r6
10002746:	043e      	lsls	r6, r7, #16
10002748:	0c3f      	lsrs	r7, r7, #16
1000274a:	1b80      	subs	r0, r0, r6
1000274c:	41b9      	sbcs	r1, r7
1000274e:	0d86      	lsrs	r6, r0, #22
10002750:	028f      	lsls	r7, r1, #10
10002752:	433e      	orrs	r6, r7
10002754:	4366      	muls	r6, r4
10002756:	2729      	movs	r7, #41	@ 0x29
10002758:	1b7f      	subs	r7, r7, r5
1000275a:	40fe      	lsrs	r6, r7
1000275c:	3d0c      	subs	r5, #12
1000275e:	4677      	mov	r7, lr
10002760:	40af      	lsls	r7, r5
10002762:	19bf      	adds	r7, r7, r6
10002764:	bc30      	pop	{r4, r5}
10002766:	b2a2      	uxth	r2, r4
10002768:	b2ab      	uxth	r3, r5
1000276a:	4372      	muls	r2, r6
1000276c:	4373      	muls	r3, r6
1000276e:	1a80      	subs	r0, r0, r2
10002770:	4199      	sbcs	r1, r3
10002772:	0c22      	lsrs	r2, r4, #16
10002774:	4372      	muls	r2, r6
10002776:	0c13      	lsrs	r3, r2, #16
10002778:	0412      	lsls	r2, r2, #16
1000277a:	1a80      	subs	r0, r0, r2
1000277c:	4199      	sbcs	r1, r3
1000277e:	0002      	movs	r2, r0
10002780:	000b      	movs	r3, r1
10002782:	3701      	adds	r7, #1
10002784:	1b00      	subs	r0, r0, r4
10002786:	41a9      	sbcs	r1, r5
10002788:	d2f9      	bcs.n	1000277e <y64_x48+0xe8>
1000278a:	1e78      	subs	r0, r7, #1
1000278c:	2100      	movs	r1, #0
1000278e:	bdf0      	pop	{r4, r5, r6, r7, pc}

10002790 <last1>:
10002790:	270c      	movs	r7, #12
10002792:	1b7f      	subs	r7, r7, r5
10002794:	40fe      	lsrs	r6, r7
10002796:	4677      	mov	r7, lr
10002798:	0b7f      	lsrs	r7, r7, #13
1000279a:	40af      	lsls	r7, r5
1000279c:	19ff      	adds	r7, r7, r7
1000279e:	e7e0      	b.n	10002762 <y64_x48+0xcc>

100027a0 <y64_x64>:
100027a0:	2400      	movs	r4, #0
100027a2:	1c5d      	adds	r5, r3, #1
100027a4:	d007      	beq.n	100027b6 <y64_x64+0x16>
100027a6:	4f14      	ldr	r7, [pc, #80]	@ (100027f8 <y64_x64+0x58>)
100027a8:	667d      	str	r5, [r7, #100]	@ 0x64
100027aa:	6639      	str	r1, [r7, #96]	@ 0x60
100027ac:	e7ff      	b.n	100027ae <y64_x64+0xe>
100027ae:	e7ff      	b.n	100027b0 <y64_x64+0x10>
100027b0:	e7ff      	b.n	100027b2 <y64_x64+0x12>
100027b2:	e7ff      	b.n	100027b4 <y64_x64+0x14>
100027b4:	6f3c      	ldr	r4, [r7, #112]	@ 0x70
100027b6:	b295      	uxth	r5, r2
100027b8:	b29e      	uxth	r6, r3
100027ba:	4365      	muls	r5, r4
100027bc:	4366      	muls	r6, r4
100027be:	1b40      	subs	r0, r0, r5
100027c0:	41b1      	sbcs	r1, r6
100027c2:	0c15      	lsrs	r5, r2, #16
100027c4:	0c1e      	lsrs	r6, r3, #16
100027c6:	4365      	muls	r5, r4
100027c8:	4366      	muls	r6, r4
100027ca:	0436      	lsls	r6, r6, #16
100027cc:	0c2f      	lsrs	r7, r5, #16
100027ce:	433e      	orrs	r6, r7
100027d0:	042d      	lsls	r5, r5, #16
100027d2:	1b40      	subs	r0, r0, r5
100027d4:	41b1      	sbcs	r1, r6
100027d6:	4299      	cmp	r1, r3
100027d8:	d204      	bcs.n	100027e4 <y64_x64+0x44>
100027da:	0002      	movs	r2, r0
100027dc:	000b      	movs	r3, r1
100027de:	0020      	movs	r0, r4
100027e0:	2100      	movs	r1, #0
100027e2:	bdf0      	pop	{r4, r5, r6, r7, pc}
100027e4:	d101      	bne.n	100027ea <y64_x64+0x4a>
100027e6:	4290      	cmp	r0, r2
100027e8:	d3f7      	bcc.n	100027da <y64_x64+0x3a>
100027ea:	1a80      	subs	r0, r0, r2
100027ec:	4199      	sbcs	r1, r3
100027ee:	3401      	adds	r4, #1
100027f0:	4299      	cmp	r1, r3
100027f2:	d3f2      	bcc.n	100027da <y64_x64+0x3a>
100027f4:	e7f6      	b.n	100027e4 <y64_x64+0x44>
100027f6:	0000      	.short	0x0000
100027f8:	d0000000 	.word	0xd0000000
100027fc:	ffffffff 	.word	0xffffffff

10002800 <__wrap___aeabi_drsub>:
10002800:	4048      	eors	r0, r1
10002802:	4041      	eors	r1, r0
10002804:	4048      	eors	r0, r1

10002806 <__wrap___aeabi_dsub>:
10002806:	b418      	push	{r3, r4}
10002808:	4b1b      	ldr	r3, [pc, #108]	@ (10002878 <__wrap___aeabi_dmul+0x12>)
1000280a:	685b      	ldr	r3, [r3, #4]
1000280c:	46fc      	mov	ip, pc
1000280e:	9301      	str	r3, [sp, #4]
10002810:	bd08      	pop	{r3, pc}
10002812:	df04      	.short	0xdf04
10002814:	10002ad7 	.word	0x10002ad7

10002818 <__wrap___aeabi_dadd>:
10002818:	b418      	push	{r3, r4}
1000281a:	4b17      	ldr	r3, [pc, #92]	@ (10002878 <__wrap___aeabi_dmul+0x12>)
1000281c:	681b      	ldr	r3, [r3, #0]
1000281e:	46fc      	mov	ip, pc
10002820:	9301      	str	r3, [sp, #4]
10002822:	bd08      	pop	{r3, pc}
10002824:	2ae1df00 	.word	0x2ae1df00
10002828:	1000      	.short	0x1000

1000282a <__wrap___aeabi_ddiv>:
1000282a:	4694      	mov	ip, r2
1000282c:	4a13      	ldr	r2, [pc, #76]	@ (1000287c <__wrap___aeabi_dmul+0x16>)
1000282e:	6f92      	ldr	r2, [r2, #120]	@ 0x78
10002830:	0892      	lsrs	r2, r2, #2
10002832:	d209      	bcs.n	10002848 <ddiv_save_state>
10002834:	4662      	mov	r2, ip

10002836 <ddiv_shim_call>:
10002836:	b418      	push	{r3, r4}
10002838:	4b0f      	ldr	r3, [pc, #60]	@ (10002878 <__wrap___aeabi_dmul+0x12>)
1000283a:	68db      	ldr	r3, [r3, #12]
1000283c:	46fc      	mov	ip, pc
1000283e:	9301      	str	r3, [sp, #4]
10002840:	bd08      	pop	{r3, pc}
10002842:	df0c      	.short	0xdf0c
10002844:	10002d99 	.word	0x10002d99

10002848 <ddiv_save_state>:
10002848:	4a0c      	ldr	r2, [pc, #48]	@ (1000287c <__wrap___aeabi_dmul+0x16>)
1000284a:	b5f0      	push	{r4, r5, r6, r7, lr}
1000284c:	6e14      	ldr	r4, [r2, #96]	@ 0x60
1000284e:	6e55      	ldr	r5, [r2, #100]	@ 0x64
10002850:	6f57      	ldr	r7, [r2, #116]	@ 0x74
10002852:	6f16      	ldr	r6, [r2, #112]	@ 0x70
10002854:	4662      	mov	r2, ip
10002856:	f7ff ffee 	bl	10002836 <ddiv_shim_call>
1000285a:	4a08      	ldr	r2, [pc, #32]	@ (1000287c <__wrap___aeabi_dmul+0x16>)
1000285c:	6614      	str	r4, [r2, #96]	@ 0x60
1000285e:	6655      	str	r5, [r2, #100]	@ 0x64
10002860:	6757      	str	r7, [r2, #116]	@ 0x74
10002862:	6716      	str	r6, [r2, #112]	@ 0x70
10002864:	bdf0      	pop	{r4, r5, r6, r7, pc}

10002866 <__wrap___aeabi_dmul>:
10002866:	b418      	push	{r3, r4}
10002868:	4b03      	ldr	r3, [pc, #12]	@ (10002878 <__wrap___aeabi_dmul+0x12>)
1000286a:	689b      	ldr	r3, [r3, #8]
1000286c:	46fc      	mov	ip, pc
1000286e:	9301      	str	r3, [sp, #4]
10002870:	bd08      	pop	{r3, pc}
10002872:	df08      	.short	0xdf08
10002874:	10002c3d 	.word	0x10002c3d
10002878:	200062f4 	.word	0x200062f4
1000287c:	d0000000 	.word	0xd0000000

10002880 <__wrap___aeabi_cdrcmple>:
10002880:	b5ff      	push	{r0, r1, r2, r3, r4, r5, r6, r7, lr}
10002882:	4050      	eors	r0, r2
10002884:	4042      	eors	r2, r0
10002886:	4050      	eors	r0, r2
10002888:	4059      	eors	r1, r3
1000288a:	404b      	eors	r3, r1
1000288c:	4059      	eors	r1, r3
1000288e:	e000      	b.n	10002892 <__aeabi_dfcmple_guts>

10002890 <__wrap___aeabi_cdcmpeq>:
10002890:	b5ff      	push	{r0, r1, r2, r3, r4, r5, r6, r7, lr}

10002892 <__aeabi_dfcmple_guts>:
10002892:	4f15      	ldr	r7, [pc, #84]	@ (100028e8 <__aeabi_dfcmple_guts+0x56>)
10002894:	004c      	lsls	r4, r1, #1
10002896:	0d64      	lsrs	r4, r4, #21
10002898:	d003      	beq.n	100028a2 <__aeabi_dfcmple_guts+0x10>
1000289a:	42bc      	cmp	r4, r7
1000289c:	d104      	bne.n	100028a8 <__aeabi_dfcmple_guts+0x16>
1000289e:	030c      	lsls	r4, r1, #12
100028a0:	d814      	bhi.n	100028cc <__aeabi_dfcmple_guts+0x3a>
100028a2:	2000      	movs	r0, #0
100028a4:	0d09      	lsrs	r1, r1, #20
100028a6:	0509      	lsls	r1, r1, #20
100028a8:	005c      	lsls	r4, r3, #1
100028aa:	0d64      	lsrs	r4, r4, #21
100028ac:	d003      	beq.n	100028b6 <__aeabi_dfcmple_guts+0x24>
100028ae:	42bc      	cmp	r4, r7
100028b0:	d104      	bne.n	100028bc <__aeabi_dfcmple_guts+0x2a>
100028b2:	031c      	lsls	r4, r3, #12
100028b4:	d80a      	bhi.n	100028cc <__aeabi_dfcmple_guts+0x3a>
100028b6:	2200      	movs	r2, #0
100028b8:	0d1b      	lsrs	r3, r3, #20
100028ba:	051b      	lsls	r3, r3, #20
100028bc:	2601      	movs	r6, #1
100028be:	404b      	eors	r3, r1
100028c0:	d409      	bmi.n	100028d6 <__aeabi_dfcmple_guts+0x44>
100028c2:	404b      	eors	r3, r1
100028c4:	d503      	bpl.n	100028ce <__aeabi_dfcmple_guts+0x3c>
100028c6:	428b      	cmp	r3, r1
100028c8:	d100      	bne.n	100028cc <__aeabi_dfcmple_guts+0x3a>
100028ca:	4282      	cmp	r2, r0
100028cc:	bdff      	pop	{r0, r1, r2, r3, r4, r5, r6, r7, pc}
100028ce:	4299      	cmp	r1, r3
100028d0:	d1fc      	bne.n	100028cc <__aeabi_dfcmple_guts+0x3a>
100028d2:	4290      	cmp	r0, r2
100028d4:	bdff      	pop	{r0, r1, r2, r3, r4, r5, r6, r7, pc}
100028d6:	430b      	orrs	r3, r1
100028d8:	18db      	adds	r3, r3, r3
100028da:	4303      	orrs	r3, r0
100028dc:	4313      	orrs	r3, r2
100028de:	d0f5      	beq.n	100028cc <__aeabi_dfcmple_guts+0x3a>
100028e0:	43c9      	mvns	r1, r1
100028e2:	1849      	adds	r1, r1, r1
100028e4:	bdff      	pop	{r0, r1, r2, r3, r4, r5, r6, r7, pc}
100028e6:	0000      	.short	0x0000
100028e8:	000007ff 	.word	0x000007ff

100028ec <__wrap___aeabi_dcmplt>:
100028ec:	b500      	push	{lr}
100028ee:	f7ff ffcf 	bl	10002890 <__wrap___aeabi_cdcmpeq>
100028f2:	4180      	sbcs	r0, r0
100028f4:	bd00      	pop	{pc}
100028f6:	46c0      	nop			@ (mov r8, r8)

100028f8 <__wrap___aeabi_dcmple>:
100028f8:	b500      	push	{lr}
100028fa:	f7ff ffc9 	bl	10002890 <__wrap___aeabi_cdcmpeq>
100028fe:	d901      	bls.n	10002904 <__wrap___aeabi_dcmple+0xc>
10002900:	2000      	movs	r0, #0
10002902:	bd00      	pop	{pc}
10002904:	2001      	movs	r0, #1
10002906:	bd00      	pop	{pc}

10002908 <__wrap___aeabi_dcmpge>:
10002908:	b500      	push	{lr}
1000290a:	f7ff ffb9 	bl	10002880 <__wrap___aeabi_cdrcmple>
1000290e:	d901      	bls.n	10002914 <__wrap___aeabi_dcmpge+0xc>
10002910:	2000      	movs	r0, #0
10002912:	bd00      	pop	{pc}
10002914:	2001      	movs	r0, #1
10002916:	bd00      	pop	{pc}

10002918 <__wrap___aeabi_dcmpgt>:
10002918:	b500      	push	{lr}
1000291a:	f7ff ffb1 	bl	10002880 <__wrap___aeabi_cdrcmple>
1000291e:	4180      	sbcs	r0, r0
10002920:	bd00      	pop	{pc}

10002922 <__wrap___aeabi_dcmpun>:
10002922:	2001      	movs	r0, #1
10002924:	0540      	lsls	r0, r0, #21
10002926:	004a      	lsls	r2, r1, #1
10002928:	1812      	adds	r2, r2, r0
1000292a:	d804      	bhi.n	10002936 <__wrap___aeabi_dcmpun+0x14>
1000292c:	005a      	lsls	r2, r3, #1
1000292e:	1812      	adds	r2, r2, r0
10002930:	d801      	bhi.n	10002936 <__wrap___aeabi_dcmpun+0x14>
10002932:	2000      	movs	r0, #0
10002934:	4770      	bx	lr
10002936:	2001      	movs	r0, #1
10002938:	4770      	bx	lr
	...

1000293c <__wrap___aeabi_ui2d>:
1000293c:	2100      	movs	r1, #0
1000293e:	2800      	cmp	r0, #0
10002940:	d105      	bne.n	1000294e <__wrap___aeabi_i2d+0xa>
10002942:	4770      	bx	lr

10002944 <__wrap___aeabi_i2d>:
10002944:	17c1      	asrs	r1, r0, #31
10002946:	4048      	eors	r0, r1
10002948:	1a40      	subs	r0, r0, r1
1000294a:	d0fa      	beq.n	10002942 <__wrap___aeabi_ui2d+0x6>
1000294c:	07c9      	lsls	r1, r1, #31
1000294e:	b513      	push	{r0, r1, r4, lr}
10002950:	4b06      	ldr	r3, [pc, #24]	@ (1000296c <__wrap___aeabi_i2d+0x28>)
10002952:	681b      	ldr	r3, [r3, #0]
10002954:	4798      	blx	r3
10002956:	bc0c      	pop	{r2, r3}
10002958:	1c44      	adds	r4, r0, #1
1000295a:	40a2      	lsls	r2, r4
1000295c:	0510      	lsls	r0, r2, #20
1000295e:	0b12      	lsrs	r2, r2, #12
10002960:	4903      	ldr	r1, [pc, #12]	@ (10002970 <__wrap___aeabi_i2d+0x2c>)
10002962:	1b09      	subs	r1, r1, r4
10002964:	0509      	lsls	r1, r1, #20
10002966:	4319      	orrs	r1, r3
10002968:	4311      	orrs	r1, r2
1000296a:	bd10      	pop	{r4, pc}
1000296c:	200063f4 	.word	0x200063f4
10002970:	0000041f 	.word	0x0000041f

10002974 <__wrap___aeabi_d2iz>:
10002974:	b510      	push	{r4, lr}
10002976:	004c      	lsls	r4, r1, #1
10002978:	0d62      	lsrs	r2, r4, #21
1000297a:	2380      	movs	r3, #128	@ 0x80
1000297c:	18d2      	adds	r2, r2, r3
1000297e:	00db      	lsls	r3, r3, #3
10002980:	1ad2      	subs	r2, r2, r3
10002982:	055b      	lsls	r3, r3, #21
10002984:	2a7e      	cmp	r2, #126	@ 0x7e
10002986:	dd10      	ble.n	100029aa <__wrap___aeabi_d2iz+0x36>
10002988:	3a9e      	subs	r2, #158	@ 0x9e
1000298a:	da13      	bge.n	100029b4 <__wrap___aeabi_d2iz+0x40>
1000298c:	17cc      	asrs	r4, r1, #31
1000298e:	0309      	lsls	r1, r1, #12
10002990:	0849      	lsrs	r1, r1, #1
10002992:	4319      	orrs	r1, r3
10002994:	4252      	negs	r2, r2
10002996:	40d1      	lsrs	r1, r2
10002998:	0064      	lsls	r4, r4, #1
1000299a:	3401      	adds	r4, #1
1000299c:	3215      	adds	r2, #21
1000299e:	2a20      	cmp	r2, #32
100029a0:	da05      	bge.n	100029ae <__wrap___aeabi_d2iz+0x3a>
100029a2:	40d0      	lsrs	r0, r2
100029a4:	4308      	orrs	r0, r1
100029a6:	4360      	muls	r0, r4
100029a8:	bd10      	pop	{r4, pc}
100029aa:	2000      	movs	r0, #0
100029ac:	bd10      	pop	{r4, pc}
100029ae:	4608      	mov	r0, r1
100029b0:	4360      	muls	r0, r4
100029b2:	bd10      	pop	{r4, pc}
100029b4:	0fc8      	lsrs	r0, r1, #31
100029b6:	18c0      	adds	r0, r0, r3
100029b8:	3801      	subs	r0, #1
100029ba:	bd10      	pop	{r4, pc}

100029bc <__wrap___aeabi_d2uiz>:
100029bc:	b418      	push	{r3, r4}
100029be:	4b04      	ldr	r3, [pc, #16]	@ (100029d0 <__wrap___aeabi_d2uiz+0x14>)
100029c0:	6a5b      	ldr	r3, [r3, #36]	@ 0x24
100029c2:	46fc      	mov	ip, pc
100029c4:	9301      	str	r3, [sp, #4]
100029c6:	bd08      	pop	{r3, pc}
100029c8:	2f49df24 	.word	0x2f49df24
100029cc:	00001000 	.word	0x00001000
100029d0:	200062f4 	.word	0x200062f4

100029d4 <__aeabi_double_init>:
100029d4:	b570      	push	{r4, r5, r6, lr}
100029d6:	2313      	movs	r3, #19
100029d8:	781c      	ldrb	r4, [r3, #0]
100029da:	2c01      	cmp	r4, #1
100029dc:	d014      	beq.n	10002a08 <__aeabi_double_init+0x34>
100029de:	2c01      	cmp	r4, #1
100029e0:	dc14      	bgt.n	10002a0c <__aeabi_double_init+0x38>
100029e2:	2c02      	cmp	r4, #2
100029e4:	dc02      	bgt.n	100029ec <__aeabi_double_init+0x18>
100029e6:	4a1f      	ldr	r2, [pc, #124]	@ (10002a64 <__aeabi_double_init+0x90>)
100029e8:	4b1f      	ldr	r3, [pc, #124]	@ (10002a68 <__aeabi_double_init+0x94>)
100029ea:	649a      	str	r2, [r3, #72]	@ 0x48
100029ec:	481f      	ldr	r0, [pc, #124]	@ (10002a6c <__aeabi_double_init+0x98>)
100029ee:	f7ff fb4d 	bl	1000208c <rom_func_lookup>
100029f2:	4b1f      	ldr	r3, [pc, #124]	@ (10002a70 <__aeabi_double_init+0x9c>)
100029f4:	6018      	str	r0, [r3, #0]
100029f6:	bd70      	pop	{r4, r5, r6, pc}
100029f8:	0099      	lsls	r1, r3, #2
100029fa:	481a      	ldr	r0, [pc, #104]	@ (10002a64 <__aeabi_double_init+0x90>)
100029fc:	4a1a      	ldr	r2, [pc, #104]	@ (10002a68 <__aeabi_double_init+0x94>)
100029fe:	5088      	str	r0, [r1, r2]
10002a00:	3301      	adds	r3, #1
10002a02:	2b1f      	cmp	r3, #31
10002a04:	d9f8      	bls.n	100029f8 <__aeabi_double_init+0x24>
10002a06:	e7ea      	b.n	100029de <__aeabi_double_init+0xa>
10002a08:	2300      	movs	r3, #0
10002a0a:	e7fa      	b.n	10002a02 <__aeabi_double_init+0x2e>
10002a0c:	4819      	ldr	r0, [pc, #100]	@ (10002a74 <__aeabi_double_init+0xa0>)
10002a0e:	f7ff fb45 	bl	1000209c <rom_data_lookup>
10002a12:	0005      	movs	r5, r0
10002a14:	4818      	ldr	r0, [pc, #96]	@ (10002a78 <__aeabi_double_init+0xa4>)
10002a16:	f7ff fb41 	bl	1000209c <rom_data_lookup>
10002a1a:	3802      	subs	r0, #2
10002a1c:	7803      	ldrb	r3, [r0, #0]
10002a1e:	009b      	lsls	r3, r3, #2
10002a20:	2b7f      	cmp	r3, #127	@ 0x7f
10002a22:	dd19      	ble.n	10002a58 <__aeabi_double_init+0x84>
10002a24:	2280      	movs	r2, #128	@ 0x80
10002a26:	0029      	movs	r1, r5
10002a28:	480f      	ldr	r0, [pc, #60]	@ (10002a68 <__aeabi_double_init+0x94>)
10002a2a:	f000 fbab 	bl	10003184 <__wrap___aeabi_memcpy>
10002a2e:	2c02      	cmp	r4, #2
10002a30:	d1d7      	bne.n	100029e2 <__aeabi_double_init+0xe>
10002a32:	4b12      	ldr	r3, [pc, #72]	@ (10002a7c <__aeabi_double_init+0xa8>)
10002a34:	881a      	ldrh	r2, [r3, #0]
10002a36:	23b5      	movs	r3, #181	@ 0xb5
10002a38:	021b      	lsls	r3, r3, #8
10002a3a:	429a      	cmp	r2, r3
10002a3c:	d109      	bne.n	10002a52 <__aeabi_double_init+0x7e>
10002a3e:	4b10      	ldr	r3, [pc, #64]	@ (10002a80 <__aeabi_double_init+0xac>)
10002a40:	881a      	ldrh	r2, [r3, #0]
10002a42:	4b10      	ldr	r3, [pc, #64]	@ (10002a84 <__aeabi_double_init+0xb0>)
10002a44:	429a      	cmp	r2, r3
10002a46:	d104      	bne.n	10002a52 <__aeabi_double_init+0x7e>
10002a48:	4b0f      	ldr	r3, [pc, #60]	@ (10002a88 <__aeabi_double_init+0xb4>)
10002a4a:	881a      	ldrh	r2, [r3, #0]
10002a4c:	4b0f      	ldr	r3, [pc, #60]	@ (10002a8c <__aeabi_double_init+0xb8>)
10002a4e:	429a      	cmp	r2, r3
10002a50:	d0c7      	beq.n	100029e2 <__aeabi_double_init+0xe>
10002a52:	2000      	movs	r0, #0
10002a54:	f7fe f8ca 	bl	10000bec <panic>
10002a58:	4b0d      	ldr	r3, [pc, #52]	@ (10002a90 <__aeabi_double_init+0xbc>)
10002a5a:	4a0e      	ldr	r2, [pc, #56]	@ (10002a94 <__aeabi_double_init+0xc0>)
10002a5c:	2133      	movs	r1, #51	@ 0x33
10002a5e:	480e      	ldr	r0, [pc, #56]	@ (10002a98 <__aeabi_double_init+0xc4>)
10002a60:	f001 fc8a 	bl	10004378 <__assert_func>
10002a64:	10002a9d 	.word	0x10002a9d
10002a68:	200062f4 	.word	0x200062f4
10002a6c:	0000334c 	.word	0x0000334c
10002a70:	200063f4 	.word	0x200063f4
10002a74:	00004453 	.word	0x00004453
10002a78:	00004653 	.word	0x00004653
10002a7c:	00003854 	.word	0x00003854
10002a80:	000038d8 	.word	0x000038d8
10002a84:	00004649 	.word	0x00004649
10002a88:	0000389c 	.word	0x0000389c
10002a8c:	00004659 	.word	0x00004659
10002a90:	10009878 	.word	0x10009878
10002a94:	10009910 	.word	0x10009910
10002a98:	100098bc 	.word	0x100098bc

10002a9c <double_table_shim_on_use_helper>:
10002a9c:	b507      	push	{r0, r1, r2, lr}
10002a9e:	4660      	mov	r0, ip
10002aa0:	2800      	cmp	r0, #0
10002aa2:	d100      	bne.n	10002aa6 <double_table_shim_on_use_helper+0xa>
10002aa4:	be00      	bkpt	0x0000
10002aa6:	8801      	ldrh	r1, [r0, #0]
10002aa8:	0a0a      	lsrs	r2, r1, #8
10002aaa:	3002      	adds	r0, #2
10002aac:	2adf      	cmp	r2, #223	@ 0xdf
10002aae:	d1fa      	bne.n	10002aa6 <double_table_shim_on_use_helper+0xa>
10002ab0:	b2c9      	uxtb	r1, r1
10002ab2:	0882      	lsrs	r2, r0, #2
10002ab4:	d304      	bcc.n	10002ac0 <double_table_shim_on_use_helper+0x24>
10002ab6:	8802      	ldrh	r2, [r0, #0]
10002ab8:	8840      	ldrh	r0, [r0, #2]
10002aba:	0400      	lsls	r0, r0, #16
10002abc:	4310      	orrs	r0, r2
10002abe:	e000      	b.n	10002ac2 <double_table_shim_on_use_helper+0x26>
10002ac0:	6800      	ldr	r0, [r0, #0]
10002ac2:	4a02      	ldr	r2, [pc, #8]	@ (10002acc <double_table_shim_on_use_helper+0x30>)
10002ac4:	5050      	str	r0, [r2, r1]
10002ac6:	9003      	str	r0, [sp, #12]
10002ac8:	bd07      	pop	{r0, r1, r2, pc}
10002aca:	0000      	.short	0x0000
10002acc:	200062f4 	.word	0x200062f4

10002ad0 <drsub_shim>:
10002ad0:	b40f      	push	{r0, r1, r2, r3}
10002ad2:	bc03      	pop	{r0, r1}
10002ad4:	bc0c      	pop	{r2, r3}

10002ad6 <dsub_shim>:
10002ad6:	b5f0      	push	{r4, r5, r6, r7, lr}
10002ad8:	2401      	movs	r4, #1
10002ada:	07e4      	lsls	r4, r4, #31
10002adc:	4063      	eors	r3, r4
10002ade:	e000      	b.n	10002ae2 <da_entry>

10002ae0 <dadd_shim>:
10002ae0:	b5f0      	push	{r4, r5, r6, r7, lr}

10002ae2 <da_entry>:
10002ae2:	0d0c      	lsrs	r4, r1, #20
10002ae4:	0fcf      	lsrs	r7, r1, #31
10002ae6:	1e66      	subs	r6, r4, #1
10002ae8:	0536      	lsls	r6, r6, #20
10002aea:	1b89      	subs	r1, r1, r6
10002aec:	0564      	lsls	r4, r4, #21
10002aee:	d303      	bcc.n	10002af8 <l8_1>
10002af0:	43c9      	mvns	r1, r1
10002af2:	4240      	negs	r0, r0
10002af4:	d300      	bcc.n	10002af8 <l8_1>
10002af6:	3101      	adds	r1, #1

10002af8 <l8_1>:
10002af8:	0d64      	lsrs	r4, r4, #21
10002afa:	d003      	beq.n	10002b04 <l8_2>
10002afc:	1c66      	adds	r6, r4, #1
10002afe:	0af6      	lsrs	r6, r6, #11
10002b00:	d007      	beq.n	10002b12 <l8_3>
10002b02:	1be4      	subs	r4, r4, r7

10002b04 <l8_2>:
10002b04:	2000      	movs	r0, #0
10002b06:	007f      	lsls	r7, r7, #1
10002b08:	1c79      	adds	r1, r7, #1
10002b0a:	0789      	lsls	r1, r1, #30
10002b0c:	1289      	asrs	r1, r1, #10
10002b0e:	3c80      	subs	r4, #128	@ 0x80
10002b10:	0324      	lsls	r4, r4, #12

10002b12 <l8_3>:
10002b12:	0d1d      	lsrs	r5, r3, #20
10002b14:	0fdf      	lsrs	r7, r3, #31
10002b16:	1e6e      	subs	r6, r5, #1
10002b18:	0536      	lsls	r6, r6, #20
10002b1a:	1b9b      	subs	r3, r3, r6
10002b1c:	056d      	lsls	r5, r5, #21
10002b1e:	d303      	bcc.n	10002b28 <l9_1>
10002b20:	43db      	mvns	r3, r3
10002b22:	4252      	negs	r2, r2
10002b24:	d300      	bcc.n	10002b28 <l9_1>
10002b26:	3301      	adds	r3, #1

10002b28 <l9_1>:
10002b28:	0d6d      	lsrs	r5, r5, #21
10002b2a:	d003      	beq.n	10002b34 <l9_2>
10002b2c:	1c6e      	adds	r6, r5, #1
10002b2e:	0af6      	lsrs	r6, r6, #11
10002b30:	d007      	beq.n	10002b42 <l9_3>
10002b32:	1bed      	subs	r5, r5, r7

10002b34 <l9_2>:
10002b34:	2200      	movs	r2, #0
10002b36:	007f      	lsls	r7, r7, #1
10002b38:	1c7b      	adds	r3, r7, #1
10002b3a:	079b      	lsls	r3, r3, #30
10002b3c:	129b      	asrs	r3, r3, #10
10002b3e:	3d80      	subs	r5, #128	@ 0x80
10002b40:	032d      	lsls	r5, r5, #12

10002b42 <l9_3>:
10002b42:	1b2f      	subs	r7, r5, r4
10002b44:	1b66      	subs	r6, r4, r5
10002b46:	d458      	bmi.n	10002bfa <da_ygtx>
10002b48:	46a4      	mov	ip, r4
10002b4a:	2e20      	cmp	r6, #32
10002b4c:	da46      	bge.n	10002bdc <da_xrgty>
10002b4e:	3720      	adds	r7, #32
10002b50:	0014      	movs	r4, r2
10002b52:	40bc      	lsls	r4, r7

10002b54 <da_xgty0>:
10002b54:	001d      	movs	r5, r3
10002b56:	40bd      	lsls	r5, r7
10002b58:	40f2      	lsrs	r2, r6
10002b5a:	4133      	asrs	r3, r6
10002b5c:	432a      	orrs	r2, r5

10002b5e <da_add>:
10002b5e:	1880      	adds	r0, r0, r2
10002b60:	4159      	adcs	r1, r3

10002b62 <da_pack>:
10002b62:	0fcb      	lsrs	r3, r1, #31
10002b64:	d005      	beq.n	10002b72 <da_pack+0x10>
10002b66:	43c9      	mvns	r1, r1
10002b68:	43c0      	mvns	r0, r0
10002b6a:	2200      	movs	r2, #0
10002b6c:	4264      	negs	r4, r4
10002b6e:	4150      	adcs	r0, r2
10002b70:	4151      	adcs	r1, r2
10002b72:	4662      	mov	r2, ip
10002b74:	0d4d      	lsrs	r5, r1, #21
10002b76:	d128      	bne.n	10002bca <da_0>
10002b78:	0d0d      	lsrs	r5, r1, #20
10002b7a:	d107      	bne.n	10002b8c <da_1>
10002b7c:	2800      	cmp	r0, #0
10002b7e:	d01f      	beq.n	10002bc0 <da_5>

10002b80 <da_2>:
10002b80:	1924      	adds	r4, r4, r4
10002b82:	4140      	adcs	r0, r0
10002b84:	4149      	adcs	r1, r1
10002b86:	3a01      	subs	r2, #1
10002b88:	0d0d      	lsrs	r5, r1, #20
10002b8a:	d0f9      	beq.n	10002b80 <da_2>

10002b8c <da_1>:
10002b8c:	0064      	lsls	r4, r4, #1
10002b8e:	d306      	bcc.n	10002b9e <da_3>

10002b90 <da_4>:
10002b90:	3001      	adds	r0, #1
10002b92:	d300      	bcc.n	10002b96 <da_4+0x6>
10002b94:	3101      	adds	r1, #1
10002b96:	2c00      	cmp	r4, #0
10002b98:	d101      	bne.n	10002b9e <da_3>
10002b9a:	0840      	lsrs	r0, r0, #1
10002b9c:	0040      	lsls	r0, r0, #1

10002b9e <da_3>:
10002b9e:	3a01      	subs	r2, #1
10002ba0:	d40b      	bmi.n	10002bba <da_6>
10002ba2:	1c94      	adds	r4, r2, #2
10002ba4:	0ae4      	lsrs	r4, r4, #11
10002ba6:	d104      	bne.n	10002bb2 <da_7>
10002ba8:	0512      	lsls	r2, r2, #20
10002baa:	4411      	add	r1, r2
10002bac:	07db      	lsls	r3, r3, #31
10002bae:	4419      	add	r1, r3
10002bb0:	bdf0      	pop	{r4, r5, r6, r7, pc}

10002bb2 <da_7>:
10002bb2:	07d9      	lsls	r1, r3, #31
10002bb4:	4b20      	ldr	r3, [pc, #128]	@ (10002c38 <da_xmgty+0x4>)
10002bb6:	4319      	orrs	r1, r3
10002bb8:	e000      	b.n	10002bbc <da_6+0x2>

10002bba <da_6>:
10002bba:	07d9      	lsls	r1, r3, #31
10002bbc:	2000      	movs	r0, #0
10002bbe:	bdf0      	pop	{r4, r5, r6, r7, pc}

10002bc0 <da_5>:
10002bc0:	2900      	cmp	r1, #0
10002bc2:	d1dd      	bne.n	10002b80 <da_2>
10002bc4:	2c00      	cmp	r4, #0
10002bc6:	d1db      	bne.n	10002b80 <da_2>
10002bc8:	bdf0      	pop	{r4, r5, r6, r7, pc}

10002bca <da_0>:
10002bca:	3201      	adds	r2, #1
10002bcc:	07c6      	lsls	r6, r0, #31
10002bce:	0840      	lsrs	r0, r0, #1
10002bd0:	07cd      	lsls	r5, r1, #31
10002bd2:	4328      	orrs	r0, r5
10002bd4:	0849      	lsrs	r1, r1, #1
10002bd6:	2e00      	cmp	r6, #0
10002bd8:	d0e1      	beq.n	10002b9e <da_3>
10002bda:	e7d9      	b.n	10002b90 <da_4>

10002bdc <da_xrgty>:
10002bdc:	2e3c      	cmp	r6, #60	@ 0x3c
10002bde:	da29      	bge.n	10002c34 <da_xmgty>
10002be0:	3e20      	subs	r6, #32
10002be2:	3740      	adds	r7, #64	@ 0x40
10002be4:	0014      	movs	r4, r2
10002be6:	40bc      	lsls	r4, r7
10002be8:	d000      	beq.n	10002bec <da_xrgty+0x10>
10002bea:	2401      	movs	r4, #1
10002bec:	40f2      	lsrs	r2, r6
10002bee:	4314      	orrs	r4, r2
10002bf0:	001a      	movs	r2, r3
10002bf2:	40bb      	lsls	r3, r7
10002bf4:	431c      	orrs	r4, r3
10002bf6:	17d3      	asrs	r3, r2, #31
10002bf8:	e7ac      	b.n	10002b54 <da_xgty0>

10002bfa <da_ygtx>:
10002bfa:	46ac      	mov	ip, r5
10002bfc:	2f20      	cmp	r7, #32
10002bfe:	da08      	bge.n	10002c12 <da_yrgtx>
10002c00:	3620      	adds	r6, #32
10002c02:	0004      	movs	r4, r0
10002c04:	40b4      	lsls	r4, r6

10002c06 <da_ygtx0>:
10002c06:	000d      	movs	r5, r1
10002c08:	40b5      	lsls	r5, r6
10002c0a:	40f8      	lsrs	r0, r7
10002c0c:	4139      	asrs	r1, r7
10002c0e:	4328      	orrs	r0, r5
10002c10:	e7a5      	b.n	10002b5e <da_add>

10002c12 <da_yrgtx>:
10002c12:	2f3c      	cmp	r7, #60	@ 0x3c
10002c14:	da0c      	bge.n	10002c30 <da_ymgtx>
10002c16:	3f20      	subs	r7, #32
10002c18:	3640      	adds	r6, #64	@ 0x40
10002c1a:	0004      	movs	r4, r0
10002c1c:	40b4      	lsls	r4, r6
10002c1e:	d000      	beq.n	10002c22 <da_yrgtx+0x10>
10002c20:	2401      	movs	r4, #1
10002c22:	40f8      	lsrs	r0, r7
10002c24:	4304      	orrs	r4, r0
10002c26:	0008      	movs	r0, r1
10002c28:	40b1      	lsls	r1, r6
10002c2a:	430c      	orrs	r4, r1
10002c2c:	17c1      	asrs	r1, r0, #31
10002c2e:	e7ea      	b.n	10002c06 <da_ygtx0>

10002c30 <da_ymgtx>:
10002c30:	0010      	movs	r0, r2
10002c32:	0019      	movs	r1, r3

10002c34 <da_xmgty>:
10002c34:	2400      	movs	r4, #0
10002c36:	e794      	b.n	10002b62 <da_pack>
10002c38:	7ff00000 	.word	0x7ff00000

10002c3c <dmul_shim>:
10002c3c:	b5f0      	push	{r4, r5, r6, r7, lr}
10002c3e:	0d0c      	lsrs	r4, r1, #20
10002c40:	1e66      	subs	r6, r4, #1
10002c42:	0536      	lsls	r6, r6, #20
10002c44:	1b89      	subs	r1, r1, r6
10002c46:	0ae6      	lsrs	r6, r4, #11
10002c48:	0564      	lsls	r4, r4, #21
10002c4a:	0d64      	lsrs	r4, r4, #21
10002c4c:	d002      	beq.n	10002c54 <l12_1>
10002c4e:	1c65      	adds	r5, r4, #1
10002c50:	0aed      	lsrs	r5, r5, #11
10002c52:	d004      	beq.n	10002c5e <l12_2>

10002c54 <l12_1>:
10002c54:	2000      	movs	r0, #0
10002c56:	2101      	movs	r1, #1
10002c58:	0509      	lsls	r1, r1, #20
10002c5a:	3c80      	subs	r4, #128	@ 0x80
10002c5c:	0324      	lsls	r4, r4, #12

10002c5e <l12_2>:
10002c5e:	46a4      	mov	ip, r4
10002c60:	0d1c      	lsrs	r4, r3, #20
10002c62:	1e67      	subs	r7, r4, #1
10002c64:	053f      	lsls	r7, r7, #20
10002c66:	1bdb      	subs	r3, r3, r7
10002c68:	0ae7      	lsrs	r7, r4, #11
10002c6a:	0564      	lsls	r4, r4, #21
10002c6c:	0d64      	lsrs	r4, r4, #21
10002c6e:	d002      	beq.n	10002c76 <l13_1>
10002c70:	1c65      	adds	r5, r4, #1
10002c72:	0aed      	lsrs	r5, r5, #11
10002c74:	d004      	beq.n	10002c80 <l13_2>

10002c76 <l13_1>:
10002c76:	2200      	movs	r2, #0
10002c78:	2301      	movs	r3, #1
10002c7a:	051b      	lsls	r3, r3, #20
10002c7c:	3c80      	subs	r4, #128	@ 0x80
10002c7e:	0324      	lsls	r4, r4, #12

10002c80 <l13_2>:
10002c80:	4077      	eors	r7, r6
10002c82:	4464      	add	r4, ip
10002c84:	b497      	push	{r0, r1, r2, r4, r7}
10002c86:	b284      	uxth	r4, r0
10002c88:	b296      	uxth	r6, r2
10002c8a:	4374      	muls	r4, r6
10002c8c:	0c07      	lsrs	r7, r0, #16
10002c8e:	437e      	muls	r6, r7
10002c90:	0c15      	lsrs	r5, r2, #16
10002c92:	436f      	muls	r7, r5
10002c94:	b280      	uxth	r0, r0
10002c96:	4368      	muls	r0, r5
10002c98:	1836      	adds	r6, r6, r0
10002c9a:	d302      	bcc.n	10002ca2 <l14_1>
10002c9c:	2001      	movs	r0, #1
10002c9e:	0400      	lsls	r0, r0, #16
10002ca0:	183f      	adds	r7, r7, r0

10002ca2 <l14_1>:
10002ca2:	0430      	lsls	r0, r6, #16
10002ca4:	0c35      	lsrs	r5, r6, #16
10002ca6:	1900      	adds	r0, r0, r4
10002ca8:	417d      	adcs	r5, r7
10002caa:	4684      	mov	ip, r0
10002cac:	b288      	uxth	r0, r1
10002cae:	b29a      	uxth	r2, r3
10002cb0:	4350      	muls	r0, r2
10002cb2:	0c0c      	lsrs	r4, r1, #16
10002cb4:	4362      	muls	r2, r4
10002cb6:	0c1f      	lsrs	r7, r3, #16
10002cb8:	437c      	muls	r4, r7
10002cba:	b28e      	uxth	r6, r1
10002cbc:	437e      	muls	r6, r7
10002cbe:	1992      	adds	r2, r2, r6
10002cc0:	d302      	bcc.n	10002cc8 <l15_1>
10002cc2:	2601      	movs	r6, #1
10002cc4:	0436      	lsls	r6, r6, #16
10002cc6:	19a4      	adds	r4, r4, r6

10002cc8 <l15_1>:
10002cc8:	0416      	lsls	r6, r2, #16
10002cca:	0c17      	lsrs	r7, r2, #16
10002ccc:	1836      	adds	r6, r6, r0
10002cce:	4167      	adcs	r7, r4
10002cd0:	bc01      	pop	{r0}
10002cd2:	b281      	uxth	r1, r0
10002cd4:	b29a      	uxth	r2, r3
10002cd6:	4351      	muls	r1, r2
10002cd8:	0c04      	lsrs	r4, r0, #16
10002cda:	4362      	muls	r2, r4
10002cdc:	0c1b      	lsrs	r3, r3, #16
10002cde:	435c      	muls	r4, r3
10002ce0:	b280      	uxth	r0, r0
10002ce2:	4358      	muls	r0, r3
10002ce4:	1812      	adds	r2, r2, r0
10002ce6:	d302      	bcc.n	10002cee <l16_1>
10002ce8:	2001      	movs	r0, #1
10002cea:	0400      	lsls	r0, r0, #16
10002cec:	1824      	adds	r4, r4, r0

10002cee <l16_1>:
10002cee:	0410      	lsls	r0, r2, #16
10002cf0:	0c13      	lsrs	r3, r2, #16
10002cf2:	1840      	adds	r0, r0, r1
10002cf4:	4163      	adcs	r3, r4
10002cf6:	182d      	adds	r5, r5, r0
10002cf8:	415e      	adcs	r6, r3
10002cfa:	2000      	movs	r0, #0
10002cfc:	4147      	adcs	r7, r0
10002cfe:	bc06      	pop	{r1, r2}
10002d00:	b288      	uxth	r0, r1
10002d02:	b293      	uxth	r3, r2
10002d04:	4358      	muls	r0, r3
10002d06:	0c0c      	lsrs	r4, r1, #16
10002d08:	4363      	muls	r3, r4
10002d0a:	0c12      	lsrs	r2, r2, #16
10002d0c:	4354      	muls	r4, r2
10002d0e:	b289      	uxth	r1, r1
10002d10:	4351      	muls	r1, r2
10002d12:	185b      	adds	r3, r3, r1
10002d14:	d302      	bcc.n	10002d1c <l17_1>
10002d16:	2101      	movs	r1, #1
10002d18:	0409      	lsls	r1, r1, #16
10002d1a:	1864      	adds	r4, r4, r1

10002d1c <l17_1>:
10002d1c:	0419      	lsls	r1, r3, #16
10002d1e:	0c1a      	lsrs	r2, r3, #16
10002d20:	1809      	adds	r1, r1, r0
10002d22:	4162      	adcs	r2, r4
10002d24:	186d      	adds	r5, r5, r1
10002d26:	4156      	adcs	r6, r2
10002d28:	2000      	movs	r0, #0
10002d2a:	4147      	adcs	r7, r0
10002d2c:	bc18      	pop	{r3, r4}
10002d2e:	02f9      	lsls	r1, r7, #11
10002d30:	0d72      	lsrs	r2, r6, #21
10002d32:	4311      	orrs	r1, r2
10002d34:	02f0      	lsls	r0, r6, #11
10002d36:	0d6a      	lsrs	r2, r5, #21
10002d38:	4310      	orrs	r0, r2
10002d3a:	02ed      	lsls	r5, r5, #11
10002d3c:	0d0a      	lsrs	r2, r1, #20
10002d3e:	d103      	bne.n	10002d48 <l17_1+0x2c>
10002d40:	196d      	adds	r5, r5, r5
10002d42:	4140      	adcs	r0, r0
10002d44:	4149      	adcs	r1, r1
10002d46:	3b01      	subs	r3, #1
10002d48:	4e12      	ldr	r6, [pc, #72]	@ (10002d94 <dm_1+0xa>)
10002d4a:	1b9b      	subs	r3, r3, r6
10002d4c:	0076      	lsls	r6, r6, #1
10002d4e:	42b3      	cmp	r3, r6
10002d50:	d20e      	bcs.n	10002d70 <dm_0>
10002d52:	006d      	lsls	r5, r5, #1
10002d54:	d307      	bcc.n	10002d66 <l17_1+0x4a>
10002d56:	3001      	adds	r0, #1
10002d58:	2600      	movs	r6, #0
10002d5a:	4171      	adcs	r1, r6
10002d5c:	4666      	mov	r6, ip
10002d5e:	4335      	orrs	r5, r6
10002d60:	d101      	bne.n	10002d66 <l17_1+0x4a>
10002d62:	0840      	lsrs	r0, r0, #1
10002d64:	0040      	lsls	r0, r0, #1
10002d66:	051b      	lsls	r3, r3, #20
10002d68:	18c9      	adds	r1, r1, r3

10002d6a <dm_2>:
10002d6a:	07e4      	lsls	r4, r4, #31
10002d6c:	4421      	add	r1, r4
10002d6e:	bdf0      	pop	{r4, r5, r6, r7, pc}

10002d70 <dm_0>:
10002d70:	da0b      	bge.n	10002d8a <dm_1>
10002d72:	3301      	adds	r3, #1
10002d74:	d106      	bne.n	10002d84 <dm_0+0x14>
10002d76:	3001      	adds	r0, #1
10002d78:	d104      	bne.n	10002d84 <dm_0+0x14>
10002d7a:	3101      	adds	r1, #1
10002d7c:	0d4f      	lsrs	r7, r1, #21
10002d7e:	d001      	beq.n	10002d84 <dm_0+0x14>
10002d80:	0849      	lsrs	r1, r1, #1
10002d82:	e7f2      	b.n	10002d6a <dm_2>
10002d84:	07e1      	lsls	r1, r4, #31
10002d86:	2000      	movs	r0, #0
10002d88:	bdf0      	pop	{r4, r5, r6, r7, pc}

10002d8a <dm_1>:
10002d8a:	3601      	adds	r6, #1
10002d8c:	0531      	lsls	r1, r6, #20
10002d8e:	2000      	movs	r0, #0
10002d90:	e7eb      	b.n	10002d6a <dm_2>
10002d92:	0000      	.short	0x0000
10002d94:	000003ff 	.word	0x000003ff

10002d98 <ddiv_shim>:
10002d98:	b5f0      	push	{r4, r5, r6, r7, lr}

10002d9a <ddiv0>:
10002d9a:	0d1c      	lsrs	r4, r3, #20
10002d9c:	1e67      	subs	r7, r4, #1
10002d9e:	053f      	lsls	r7, r7, #20
10002da0:	1bdb      	subs	r3, r3, r7
10002da2:	0ae7      	lsrs	r7, r4, #11
10002da4:	0564      	lsls	r4, r4, #21
10002da6:	0d64      	lsrs	r4, r4, #21
10002da8:	d002      	beq.n	10002db0 <l20_1>
10002daa:	1c66      	adds	r6, r4, #1
10002dac:	0af6      	lsrs	r6, r6, #11
10002dae:	d004      	beq.n	10002dba <l20_2>

10002db0 <l20_1>:
10002db0:	2200      	movs	r2, #0
10002db2:	2301      	movs	r3, #1
10002db4:	051b      	lsls	r3, r3, #20
10002db6:	3c80      	subs	r4, #128	@ 0x80
10002db8:	0324      	lsls	r4, r4, #12

10002dba <l20_2>:
10002dba:	25d0      	movs	r5, #208	@ 0xd0
10002dbc:	062d      	lsls	r5, r5, #24
10002dbe:	2600      	movs	r6, #0
10002dc0:	43f6      	mvns	r6, r6
10002dc2:	662e      	str	r6, [r5, #96]	@ 0x60
10002dc4:	091e      	lsrs	r6, r3, #4
10002dc6:	666e      	str	r6, [r5, #100]	@ 0x64
10002dc8:	0fce      	lsrs	r6, r1, #31
10002dca:	19f6      	adds	r6, r6, r7
10002dcc:	46b4      	mov	ip, r6
10002dce:	0049      	lsls	r1, r1, #1
10002dd0:	0d4f      	lsrs	r7, r1, #21
10002dd2:	d002      	beq.n	10002dda <l20_2+0x20>
10002dd4:	1c7e      	adds	r6, r7, #1
10002dd6:	0af6      	lsrs	r6, r6, #11
10002dd8:	d003      	beq.n	10002de2 <l20_2+0x28>
10002dda:	2000      	movs	r0, #0
10002ddc:	2100      	movs	r1, #0
10002dde:	3f40      	subs	r7, #64	@ 0x40
10002de0:	033f      	lsls	r7, r7, #12
10002de2:	1b3e      	subs	r6, r7, r4
10002de4:	00b6      	lsls	r6, r6, #2
10002de6:	44b4      	add	ip, r6
10002de8:	3f01      	subs	r7, #1
10002dea:	057f      	lsls	r7, r7, #21
10002dec:	1bc9      	subs	r1, r1, r7
10002dee:	0849      	lsrs	r1, r1, #1
10002df0:	6f2e      	ldr	r6, [r5, #112]	@ 0x70
10002df2:	3601      	adds	r6, #1
10002df4:	0876      	lsrs	r6, r6, #1
10002df6:	029c      	lsls	r4, r3, #10
10002df8:	0d95      	lsrs	r5, r2, #22
10002dfa:	4325      	orrs	r5, r4
10002dfc:	4375      	muls	r5, r6
10002dfe:	13ed      	asrs	r5, r5, #15
10002e00:	4375      	muls	r5, r6
10002e02:	13ad      	asrs	r5, r5, #14
10002e04:	3501      	adds	r5, #1
10002e06:	106d      	asrs	r5, r5, #1
10002e08:	03f6      	lsls	r6, r6, #15
10002e0a:	1b76      	subs	r6, r6, r5
10002e0c:	b40c      	push	{r2, r3}
10002e0e:	02cc      	lsls	r4, r1, #11
10002e10:	0d45      	lsrs	r5, r0, #21
10002e12:	432c      	orrs	r4, r5
10002e14:	b2a2      	uxth	r2, r4
10002e16:	b2b3      	uxth	r3, r6
10002e18:	435a      	muls	r2, r3
10002e1a:	0c27      	lsrs	r7, r4, #16
10002e1c:	437b      	muls	r3, r7
10002e1e:	0c35      	lsrs	r5, r6, #16
10002e20:	436f      	muls	r7, r5
10002e22:	b2a4      	uxth	r4, r4
10002e24:	436c      	muls	r4, r5
10002e26:	191b      	adds	r3, r3, r4
10002e28:	d302      	bcc.n	10002e30 <l21_1>
10002e2a:	2401      	movs	r4, #1
10002e2c:	0424      	lsls	r4, r4, #16
10002e2e:	193f      	adds	r7, r7, r4

10002e30 <l21_1>:
10002e30:	041c      	lsls	r4, r3, #16
10002e32:	0c1d      	lsrs	r5, r3, #16
10002e34:	18a4      	adds	r4, r4, r2
10002e36:	417d      	adcs	r5, r7
10002e38:	1924      	adds	r4, r4, r4
10002e3a:	416d      	adcs	r5, r5
10002e3c:	9a00      	ldr	r2, [sp, #0]
10002e3e:	b291      	uxth	r1, r2
10002e40:	b2ac      	uxth	r4, r5
10002e42:	4361      	muls	r1, r4
10002e44:	0c17      	lsrs	r7, r2, #16
10002e46:	437c      	muls	r4, r7
10002e48:	0c2b      	lsrs	r3, r5, #16
10002e4a:	435f      	muls	r7, r3
10002e4c:	b292      	uxth	r2, r2
10002e4e:	435a      	muls	r2, r3
10002e50:	18a4      	adds	r4, r4, r2
10002e52:	d302      	bcc.n	10002e5a <l22_1>
10002e54:	2201      	movs	r2, #1
10002e56:	0412      	lsls	r2, r2, #16
10002e58:	18bf      	adds	r7, r7, r2

10002e5a <l22_1>:
10002e5a:	0422      	lsls	r2, r4, #16
10002e5c:	0c23      	lsrs	r3, r4, #16
10002e5e:	1852      	adds	r2, r2, r1
10002e60:	417b      	adcs	r3, r7
10002e62:	9c01      	ldr	r4, [sp, #4]
10002e64:	436c      	muls	r4, r5
10002e66:	191b      	adds	r3, r3, r4
10002e68:	0e52      	lsrs	r2, r2, #25
10002e6a:	01d9      	lsls	r1, r3, #7
10002e6c:	430a      	orrs	r2, r1
10002e6e:	0144      	lsls	r4, r0, #5
10002e70:	1aa0      	subs	r0, r4, r2
10002e72:	b281      	uxth	r1, r0
10002e74:	b2b2      	uxth	r2, r6
10002e76:	4351      	muls	r1, r2
10002e78:	1403      	asrs	r3, r0, #16
10002e7a:	435a      	muls	r2, r3
10002e7c:	0c36      	lsrs	r6, r6, #16
10002e7e:	4373      	muls	r3, r6
10002e80:	b287      	uxth	r7, r0
10002e82:	4377      	muls	r7, r6
10002e84:	17d6      	asrs	r6, r2, #31
10002e86:	19d2      	adds	r2, r2, r7
10002e88:	2700      	movs	r7, #0
10002e8a:	417e      	adcs	r6, r7
10002e8c:	0436      	lsls	r6, r6, #16
10002e8e:	199b      	adds	r3, r3, r6
10002e90:	0417      	lsls	r7, r2, #16
10002e92:	0c16      	lsrs	r6, r2, #16
10002e94:	187f      	adds	r7, r7, r1
10002e96:	415e      	adcs	r6, r3
10002e98:	1673      	asrs	r3, r6, #25
10002e9a:	18ed      	adds	r5, r5, r3
10002e9c:	01f3      	lsls	r3, r6, #7
10002e9e:	2600      	movs	r6, #0
10002ea0:	3380      	adds	r3, #128	@ 0x80
10002ea2:	4175      	adcs	r5, r6
10002ea4:	0fa9      	lsrs	r1, r5, #30
10002ea6:	d106      	bne.n	10002eb6 <dd_0>
10002ea8:	0064      	lsls	r4, r4, #1
10002eaa:	0a69      	lsrs	r1, r5, #9
10002eac:	05e8      	lsls	r0, r5, #23
10002eae:	0a5b      	lsrs	r3, r3, #9
10002eb0:	4318      	orrs	r0, r3
10002eb2:	d209      	bcs.n	10002ec8 <dd_1>
10002eb4:	e02f      	b.n	10002f16 <dd_2>

10002eb6 <dd_0>:
10002eb6:	2204      	movs	r2, #4
10002eb8:	4494      	add	ip, r2
10002eba:	3380      	adds	r3, #128	@ 0x80
10002ebc:	4175      	adcs	r5, r6
10002ebe:	0aa9      	lsrs	r1, r5, #10
10002ec0:	05a8      	lsls	r0, r5, #22
10002ec2:	0a9b      	lsrs	r3, r3, #10
10002ec4:	4318      	orrs	r0, r3
10002ec6:	d326      	bcc.n	10002f16 <dd_2>

10002ec8 <dd_1>:
10002ec8:	4140      	adcs	r0, r0
10002eca:	4149      	adcs	r1, r1
10002ecc:	0424      	lsls	r4, r4, #16
10002ece:	9a00      	ldr	r2, [sp, #0]
10002ed0:	9b01      	ldr	r3, [sp, #4]
10002ed2:	000d      	movs	r5, r1
10002ed4:	4355      	muls	r5, r2
10002ed6:	1b64      	subs	r4, r4, r5
10002ed8:	4343      	muls	r3, r0
10002eda:	1ae4      	subs	r4, r4, r3
10002edc:	b295      	uxth	r5, r2
10002ede:	b286      	uxth	r6, r0
10002ee0:	4375      	muls	r5, r6
10002ee2:	0c17      	lsrs	r7, r2, #16
10002ee4:	437e      	muls	r6, r7
10002ee6:	0c03      	lsrs	r3, r0, #16
10002ee8:	435f      	muls	r7, r3
10002eea:	b292      	uxth	r2, r2
10002eec:	435a      	muls	r2, r3
10002eee:	18b6      	adds	r6, r6, r2
10002ef0:	d302      	bcc.n	10002ef8 <l24_1>
10002ef2:	2201      	movs	r2, #1
10002ef4:	0412      	lsls	r2, r2, #16
10002ef6:	18bf      	adds	r7, r7, r2

10002ef8 <l24_1>:
10002ef8:	0432      	lsls	r2, r6, #16
10002efa:	0c33      	lsrs	r3, r6, #16
10002efc:	1952      	adds	r2, r2, r5
10002efe:	417b      	adcs	r3, r7
10002f00:	4252      	negs	r2, r2
10002f02:	419c      	sbcs	r4, r3
10002f04:	2c00      	cmp	r4, #0
10002f06:	d402      	bmi.n	10002f0e <l24_1+0x16>
10002f08:	2200      	movs	r2, #0
10002f0a:	3001      	adds	r0, #1
10002f0c:	4151      	adcs	r1, r2
10002f0e:	0840      	lsrs	r0, r0, #1
10002f10:	07ca      	lsls	r2, r1, #31
10002f12:	4310      	orrs	r0, r2
10002f14:	0849      	lsrs	r1, r1, #1

10002f16 <dd_2>:
10002f16:	b002      	add	sp, #8
10002f18:	4662      	mov	r2, ip
10002f1a:	07d7      	lsls	r7, r2, #31
10002f1c:	1092      	asrs	r2, r2, #2
10002f1e:	4b08      	ldr	r3, [pc, #32]	@ (10002f40 <dd_4+0x6>)
10002f20:	18d2      	adds	r2, r2, r3
10002f22:	4b08      	ldr	r3, [pc, #32]	@ (10002f44 <dd_4+0xa>)
10002f24:	429a      	cmp	r2, r3
10002f26:	d203      	bcs.n	10002f30 <dd_3>
10002f28:	0512      	lsls	r2, r2, #20
10002f2a:	1889      	adds	r1, r1, r2

10002f2c <dd_5>:
10002f2c:	19c9      	adds	r1, r1, r7
10002f2e:	bdf0      	pop	{r4, r5, r6, r7, pc}

10002f30 <dd_3>:
10002f30:	2000      	movs	r0, #0
10002f32:	2a00      	cmp	r2, #0
10002f34:	dc01      	bgt.n	10002f3a <dd_4>
10002f36:	0039      	movs	r1, r7
10002f38:	bdf0      	pop	{r4, r5, r6, r7, pc}

10002f3a <dd_4>:
10002f3a:	3301      	adds	r3, #1
10002f3c:	0519      	lsls	r1, r3, #20
10002f3e:	e7f5      	b.n	10002f2c <dd_5>
10002f40:	000003fd 	.word	0x000003fd
10002f44:	000007fe 	.word	0x000007fe

10002f48 <double2uint_shim>:
10002f48:	2200      	movs	r2, #0

10002f4a <double2ufix_shim>:
10002f4a:	b500      	push	{lr}
10002f4c:	3220      	adds	r2, #32
10002f4e:	f000 f804 	bl	10002f5a <double2ufix64_shim>
10002f52:	0008      	movs	r0, r1
10002f54:	bd00      	pop	{pc}
	...

10002f58 <double2uint64_shim>:
10002f58:	2200      	movs	r2, #0

10002f5a <double2ufix64_shim>:
10002f5a:	150b      	asrs	r3, r1, #20
10002f5c:	d40a      	bmi.n	10002f74 <ret_dzero>

10002f5e <d2fix>:
10002f5e:	b510      	push	{r4, lr}
10002f60:	4694      	mov	ip, r2
10002f62:	f000 f831 	bl	10002fc8 <dunpacks>
10002f66:	1414      	asrs	r4, r2, #16
10002f68:	3401      	adds	r4, #1
10002f6a:	da00      	bge.n	10002f6e <d2fix+0x10>
10002f6c:	2100      	movs	r1, #0
10002f6e:	17cb      	asrs	r3, r1, #31
10002f70:	4c14      	ldr	r4, [pc, #80]	@ (10002fc4 <d2fix_a+0x4a>)
10002f72:	4720      	bx	r4

10002f74 <ret_dzero>:
10002f74:	2000      	movs	r0, #0
10002f76:	2100      	movs	r1, #0
10002f78:	4770      	bx	lr

10002f7a <d2fix_a>:
10002f7a:	4462      	add	r2, ip
10002f7c:	3a34      	subs	r2, #52	@ 0x34
10002f7e:	d40c      	bmi.n	10002f9a <d2fix_a+0x20>
10002f80:	2a0c      	cmp	r2, #12
10002f82:	da07      	bge.n	10002f94 <d2fix_a+0x1a>
10002f84:	0004      	movs	r4, r0
10002f86:	4091      	lsls	r1, r2
10002f88:	4090      	lsls	r0, r2
10002f8a:	4252      	negs	r2, r2
10002f8c:	3220      	adds	r2, #32
10002f8e:	40d4      	lsrs	r4, r2
10002f90:	4321      	orrs	r1, r4
10002f92:	bd10      	pop	{r4, pc}
10002f94:	43d8      	mvns	r0, r3
10002f96:	43d9      	mvns	r1, r3
10002f98:	bd10      	pop	{r4, pc}
10002f9a:	3220      	adds	r2, #32
10002f9c:	d407      	bmi.n	10002fae <d2fix_a+0x34>
10002f9e:	460c      	mov	r4, r1
10002fa0:	4094      	lsls	r4, r2
10002fa2:	4252      	negs	r2, r2
10002fa4:	3220      	adds	r2, #32
10002fa6:	4111      	asrs	r1, r2
10002fa8:	40d0      	lsrs	r0, r2
10002faa:	4320      	orrs	r0, r4
10002fac:	bd10      	pop	{r4, pc}
10002fae:	0008      	movs	r0, r1
10002fb0:	17c9      	asrs	r1, r1, #31
10002fb2:	3220      	adds	r2, #32
10002fb4:	d403      	bmi.n	10002fbe <d2fix_a+0x44>
10002fb6:	4252      	negs	r2, r2
10002fb8:	3220      	adds	r2, #32
10002fba:	4110      	asrs	r0, r2
10002fbc:	bd10      	pop	{r4, pc}
10002fbe:	0018      	movs	r0, r3
10002fc0:	0019      	movs	r1, r3
10002fc2:	bd10      	pop	{r4, pc}
10002fc4:	10002f7b 	.word	0x10002f7b

10002fc8 <dunpacks>:
10002fc8:	0d0a      	lsrs	r2, r1, #20
10002fca:	0fcc      	lsrs	r4, r1, #31
10002fcc:	1e53      	subs	r3, r2, #1
10002fce:	051b      	lsls	r3, r3, #20
10002fd0:	1ac9      	subs	r1, r1, r3
10002fd2:	0552      	lsls	r2, r2, #21
10002fd4:	d303      	bcc.n	10002fde <l60_1>
10002fd6:	43c9      	mvns	r1, r1
10002fd8:	4240      	negs	r0, r0
10002fda:	d300      	bcc.n	10002fde <l60_1>
10002fdc:	3101      	adds	r1, #1

10002fde <l60_1>:
10002fde:	0d52      	lsrs	r2, r2, #21
10002fe0:	d003      	beq.n	10002fea <l60_2>
10002fe2:	1c53      	adds	r3, r2, #1
10002fe4:	0adb      	lsrs	r3, r3, #11
10002fe6:	d007      	beq.n	10002ff8 <l60_3>
10002fe8:	1b12      	subs	r2, r2, r4

10002fea <l60_2>:
10002fea:	2000      	movs	r0, #0
10002fec:	0064      	lsls	r4, r4, #1
10002fee:	1c61      	adds	r1, r4, #1
10002ff0:	0789      	lsls	r1, r1, #30
10002ff2:	1289      	asrs	r1, r1, #10
10002ff4:	3a80      	subs	r2, #128	@ 0x80
10002ff6:	0312      	lsls	r2, r2, #12

10002ff8 <l60_3>:
10002ff8:	4b01      	ldr	r3, [pc, #4]	@ (10003000 <l60_3+0x8>)
10002ffa:	1ad2      	subs	r2, r2, r3
10002ffc:	4770      	bx	lr
10002ffe:	0000      	.short	0x0000
10003000:	000003ff 	.word	0x000003ff

10003004 <__wrap___aeabi_lmul>:
10003004:	4351      	muls	r1, r2
10003006:	4343      	muls	r3, r0
10003008:	18c9      	adds	r1, r1, r3
1000300a:	468c      	mov	ip, r1
1000300c:	0c11      	lsrs	r1, r2, #16
1000300e:	b283      	uxth	r3, r0
10003010:	434b      	muls	r3, r1
10003012:	b410      	push	{r4}
10003014:	0c04      	lsrs	r4, r0, #16
10003016:	4361      	muls	r1, r4
10003018:	b292      	uxth	r2, r2
1000301a:	b280      	uxth	r0, r0
1000301c:	4350      	muls	r0, r2
1000301e:	4362      	muls	r2, r4
10003020:	041c      	lsls	r4, r3, #16
10003022:	0c1b      	lsrs	r3, r3, #16
10003024:	1900      	adds	r0, r0, r4
10003026:	bc10      	pop	{r4}
10003028:	4159      	adcs	r1, r3
1000302a:	0413      	lsls	r3, r2, #16
1000302c:	0c12      	lsrs	r2, r2, #16
1000302e:	18c0      	adds	r0, r0, r3
10003030:	4151      	adcs	r1, r2
10003032:	4461      	add	r1, ip
10003034:	4770      	bx	lr
	...

10003038 <__aeabi_float_init>:
10003038:	b570      	push	{r4, r5, r6, lr}
1000303a:	2313      	movs	r3, #19
1000303c:	781d      	ldrb	r5, [r3, #0]
1000303e:	482a      	ldr	r0, [pc, #168]	@ (100030e8 <__aeabi_float_init+0xb0>)
10003040:	f7ff f82c 	bl	1000209c <rom_data_lookup>
10003044:	0004      	movs	r4, r0
10003046:	2d01      	cmp	r5, #1
10003048:	d011      	beq.n	1000306e <__aeabi_float_init+0x36>
1000304a:	2d01      	cmp	r5, #1
1000304c:	dd09      	ble.n	10003062 <__aeabi_float_init+0x2a>
1000304e:	1ea3      	subs	r3, r4, #2
10003050:	781b      	ldrb	r3, [r3, #0]
10003052:	009b      	lsls	r3, r3, #2
10003054:	2b7f      	cmp	r3, #127	@ 0x7f
10003056:	dd40      	ble.n	100030da <__aeabi_float_init+0xa2>
10003058:	2280      	movs	r2, #128	@ 0x80
1000305a:	0021      	movs	r1, r4
1000305c:	4823      	ldr	r0, [pc, #140]	@ (100030ec <__aeabi_float_init+0xb4>)
1000305e:	f000 f891 	bl	10003184 <__wrap___aeabi_memcpy>
10003062:	4823      	ldr	r0, [pc, #140]	@ (100030f0 <__aeabi_float_init+0xb8>)
10003064:	f7ff f812 	bl	1000208c <rom_func_lookup>
10003068:	4b22      	ldr	r3, [pc, #136]	@ (100030f4 <__aeabi_float_init+0xbc>)
1000306a:	6018      	str	r0, [r3, #0]
1000306c:	bd70      	pop	{r4, r5, r6, pc}
1000306e:	2254      	movs	r2, #84	@ 0x54
10003070:	0001      	movs	r1, r0
10003072:	481e      	ldr	r0, [pc, #120]	@ (100030ec <__aeabi_float_init+0xb4>)
10003074:	f000 f886 	bl	10003184 <__wrap___aeabi_memcpy>
10003078:	4b1f      	ldr	r3, [pc, #124]	@ (100030f8 <__aeabi_float_init+0xc0>)
1000307a:	881a      	ldrh	r2, [r3, #0]
1000307c:	4b1f      	ldr	r3, [pc, #124]	@ (100030fc <__aeabi_float_init+0xc4>)
1000307e:	429a      	cmp	r2, r3
10003080:	d11c      	bne.n	100030bc <__aeabi_float_init+0x84>
10003082:	23a7      	movs	r3, #167	@ 0xa7
10003084:	019b      	lsls	r3, r3, #6
10003086:	881a      	ldrh	r2, [r3, #0]
10003088:	4b1d      	ldr	r3, [pc, #116]	@ (10003100 <__aeabi_float_init+0xc8>)
1000308a:	429a      	cmp	r2, r3
1000308c:	d116      	bne.n	100030bc <__aeabi_float_init+0x84>
1000308e:	4b1d      	ldr	r3, [pc, #116]	@ (10003104 <__aeabi_float_init+0xcc>)
10003090:	881a      	ldrh	r2, [r3, #0]
10003092:	4b1d      	ldr	r3, [pc, #116]	@ (10003108 <__aeabi_float_init+0xd0>)
10003094:	429a      	cmp	r2, r3
10003096:	d111      	bne.n	100030bc <__aeabi_float_init+0x84>
10003098:	4b1c      	ldr	r3, [pc, #112]	@ (1000310c <__aeabi_float_init+0xd4>)
1000309a:	881a      	ldrh	r2, [r3, #0]
1000309c:	2394      	movs	r3, #148	@ 0x94
1000309e:	019b      	lsls	r3, r3, #6
100030a0:	429a      	cmp	r2, r3
100030a2:	d10b      	bne.n	100030bc <__aeabi_float_init+0x84>
100030a4:	4b1a      	ldr	r3, [pc, #104]	@ (10003110 <__aeabi_float_init+0xd8>)
100030a6:	881a      	ldrh	r2, [r3, #0]
100030a8:	4b1a      	ldr	r3, [pc, #104]	@ (10003114 <__aeabi_float_init+0xdc>)
100030aa:	429a      	cmp	r2, r3
100030ac:	d106      	bne.n	100030bc <__aeabi_float_init+0x84>
100030ae:	4b1a      	ldr	r3, [pc, #104]	@ (10003118 <__aeabi_float_init+0xe0>)
100030b0:	681a      	ldr	r2, [r3, #0]
100030b2:	4b1a      	ldr	r3, [pc, #104]	@ (1000311c <__aeabi_float_init+0xe4>)
100030b4:	429a      	cmp	r2, r3
100030b6:	d101      	bne.n	100030bc <__aeabi_float_init+0x84>
100030b8:	2315      	movs	r3, #21
100030ba:	e007      	b.n	100030cc <__aeabi_float_init+0x94>
100030bc:	4818      	ldr	r0, [pc, #96]	@ (10003120 <__aeabi_float_init+0xe8>)
100030be:	f7fd fd95 	bl	10000bec <panic>
100030c2:	0099      	lsls	r1, r3, #2
100030c4:	4817      	ldr	r0, [pc, #92]	@ (10003124 <__aeabi_float_init+0xec>)
100030c6:	4a09      	ldr	r2, [pc, #36]	@ (100030ec <__aeabi_float_init+0xb4>)
100030c8:	5088      	str	r0, [r1, r2]
100030ca:	3301      	adds	r3, #1
100030cc:	2b1f      	cmp	r3, #31
100030ce:	d9f8      	bls.n	100030c2 <__aeabi_float_init+0x8a>
100030d0:	4a14      	ldr	r2, [pc, #80]	@ (10003124 <__aeabi_float_init+0xec>)
100030d2:	4b06      	ldr	r3, [pc, #24]	@ (100030ec <__aeabi_float_init+0xb4>)
100030d4:	621a      	str	r2, [r3, #32]
100030d6:	61da      	str	r2, [r3, #28]
100030d8:	e7b7      	b.n	1000304a <__aeabi_float_init+0x12>
100030da:	4b13      	ldr	r3, [pc, #76]	@ (10003128 <__aeabi_float_init+0xf0>)
100030dc:	4a13      	ldr	r2, [pc, #76]	@ (1000312c <__aeabi_float_init+0xf4>)
100030de:	2142      	movs	r1, #66	@ 0x42
100030e0:	4813      	ldr	r0, [pc, #76]	@ (10003130 <__aeabi_float_init+0xf8>)
100030e2:	f001 f949 	bl	10004378 <__assert_func>
100030e6:	46c0      	nop			@ (mov r8, r8)
100030e8:	00004653 	.word	0x00004653
100030ec:	200063f8 	.word	0x200063f8
100030f0:	0000334c 	.word	0x0000334c
100030f4:	200063f4 	.word	0x200063f4
100030f8:	000029ee 	.word	0x000029ee
100030fc:	00000fc4 	.word	0x00000fc4
10003100:	00000dc2 	.word	0x00000dc2
10003104:	00002b96 	.word	0x00002b96
10003108:	0000b5c0 	.word	0x0000b5c0
1000310c:	00002b18 	.word	0x00002b18
10003110:	00002acc 	.word	0x00002acc
10003114:	0000b510 	.word	0x0000b510
10003118:	00002cfc 	.word	0x00002cfc
1000311c:	6487ed51 	.word	0x6487ed51
10003120:	10008f78 	.word	0x10008f78
10003124:	10003135 	.word	0x10003135
10003128:	10009924 	.word	0x10009924
1000312c:	100099ac 	.word	0x100099ac
10003130:	10009958 	.word	0x10009958

10003134 <float_table_shim_on_use_helper>:
10003134:	b507      	push	{r0, r1, r2, lr}
10003136:	4660      	mov	r0, ip
10003138:	2800      	cmp	r0, #0
1000313a:	d100      	bne.n	1000313e <float_table_shim_on_use_helper+0xa>
1000313c:	be00      	bkpt	0x0000
1000313e:	8801      	ldrh	r1, [r0, #0]
10003140:	0a0a      	lsrs	r2, r1, #8
10003142:	3002      	adds	r0, #2
10003144:	2adf      	cmp	r2, #223	@ 0xdf
10003146:	d1fa      	bne.n	1000313e <float_table_shim_on_use_helper+0xa>
10003148:	b2c9      	uxtb	r1, r1
1000314a:	0882      	lsrs	r2, r0, #2
1000314c:	d304      	bcc.n	10003158 <float_table_shim_on_use_helper+0x24>
1000314e:	8802      	ldrh	r2, [r0, #0]
10003150:	8840      	ldrh	r0, [r0, #2]
10003152:	0400      	lsls	r0, r0, #16
10003154:	4310      	orrs	r0, r2
10003156:	e000      	b.n	1000315a <float_table_shim_on_use_helper+0x26>
10003158:	6800      	ldr	r0, [r0, #0]
1000315a:	4a02      	ldr	r2, [pc, #8]	@ (10003164 <float_table_shim_on_use_helper+0x30>)
1000315c:	5050      	str	r0, [r2, r1]
1000315e:	9003      	str	r0, [sp, #12]
10003160:	bd07      	pop	{r0, r1, r2, pc}
10003162:	0000      	.short	0x0000
10003164:	200063f8 	.word	0x200063f8

10003168 <__aeabi_mem_init>:
10003168:	4801      	ldr	r0, [pc, #4]	@ (10003170 <__aeabi_mem_init+0x8>)
1000316a:	2104      	movs	r1, #4
1000316c:	4b01      	ldr	r3, [pc, #4]	@ (10003174 <__aeabi_mem_init+0xc>)
1000316e:	4718      	bx	r3
10003170:	20000d30 	.word	0x20000d30
10003174:	100020ad 	.word	0x100020ad

10003178 <__wrap_memset>:
10003178:	4b01      	ldr	r3, [pc, #4]	@ (10003180 <__wrap_memset+0x8>)
1000317a:	681b      	ldr	r3, [r3, #0]
1000317c:	4718      	bx	r3
1000317e:	0000      	.short	0x0000
10003180:	20000d30 	.word	0x20000d30

10003184 <__wrap___aeabi_memcpy>:
10003184:	4b01      	ldr	r3, [pc, #4]	@ (1000318c <__wrap___aeabi_memcpy+0x8>)
10003186:	685b      	ldr	r3, [r3, #4]
10003188:	4718      	bx	r3
1000318a:	0000      	.short	0x0000
1000318c:	20000d30 	.word	0x20000d30

10003190 <_out_null>:
10003190:	4770      	bx	lr

10003192 <_out_fct>:
10003192:	b510      	push	{r4, lr}
10003194:	2800      	cmp	r0, #0
10003196:	d002      	beq.n	1000319e <_out_fct+0xc>
10003198:	680b      	ldr	r3, [r1, #0]
1000319a:	6849      	ldr	r1, [r1, #4]
1000319c:	4798      	blx	r3
1000319e:	bd10      	pop	{r4, pc}

100031a0 <_atoi>:
100031a0:	0001      	movs	r1, r0
100031a2:	2000      	movs	r0, #0
100031a4:	e007      	b.n	100031b6 <_atoi+0x16>
100031a6:	0083      	lsls	r3, r0, #2
100031a8:	181b      	adds	r3, r3, r0
100031aa:	005b      	lsls	r3, r3, #1
100031ac:	1c50      	adds	r0, r2, #1
100031ae:	6008      	str	r0, [r1, #0]
100031b0:	7810      	ldrb	r0, [r2, #0]
100031b2:	18c0      	adds	r0, r0, r3
100031b4:	3830      	subs	r0, #48	@ 0x30
100031b6:	680a      	ldr	r2, [r1, #0]
100031b8:	7813      	ldrb	r3, [r2, #0]
100031ba:	3b30      	subs	r3, #48	@ 0x30
100031bc:	b2db      	uxtb	r3, r3
100031be:	2b09      	cmp	r3, #9
100031c0:	d9f1      	bls.n	100031a6 <_atoi+0x6>
100031c2:	4770      	bx	lr

100031c4 <_out_rev>:
100031c4:	b5f0      	push	{r4, r5, r6, r7, lr}
100031c6:	46de      	mov	lr, fp
100031c8:	4657      	mov	r7, sl
100031ca:	464e      	mov	r6, r9
100031cc:	4645      	mov	r5, r8
100031ce:	b5e0      	push	{r5, r6, r7, lr}
100031d0:	b083      	sub	sp, #12
100031d2:	4693      	mov	fp, r2
100031d4:	001f      	movs	r7, r3
100031d6:	9b0c      	ldr	r3, [sp, #48]	@ 0x30
100031d8:	469a      	mov	sl, r3
100031da:	9c0d      	ldr	r4, [sp, #52]	@ 0x34
100031dc:	9b0e      	ldr	r3, [sp, #56]	@ 0x38
100031de:	4699      	mov	r9, r3
100031e0:	9b0f      	ldr	r3, [sp, #60]	@ 0x3c
100031e2:	079b      	lsls	r3, r3, #30
100031e4:	d003      	beq.n	100031ee <_out_rev+0x2a>
100031e6:	46b8      	mov	r8, r7
100031e8:	000f      	movs	r7, r1
100031ea:	0006      	movs	r6, r0
100031ec:	e022      	b.n	10003234 <_out_rev+0x70>
100031ee:	9201      	str	r2, [sp, #4]
100031f0:	46a3      	mov	fp, r4
100031f2:	4688      	mov	r8, r1
100031f4:	464e      	mov	r6, r9
100031f6:	46b9      	mov	r9, r7
100031f8:	0007      	movs	r7, r0
100031fa:	42b4      	cmp	r4, r6
100031fc:	d207      	bcs.n	1000320e <_out_rev+0x4a>
100031fe:	1c55      	adds	r5, r2, #1
10003200:	464b      	mov	r3, r9
10003202:	4641      	mov	r1, r8
10003204:	2020      	movs	r0, #32
10003206:	47b8      	blx	r7
10003208:	3401      	adds	r4, #1
1000320a:	002a      	movs	r2, r5
1000320c:	e7f5      	b.n	100031fa <_out_rev+0x36>
1000320e:	003d      	movs	r5, r7
10003210:	464f      	mov	r7, r9
10003212:	465c      	mov	r4, fp
10003214:	9b01      	ldr	r3, [sp, #4]
10003216:	469b      	mov	fp, r3
10003218:	46b1      	mov	r9, r6
1000321a:	4646      	mov	r6, r8
1000321c:	46b8      	mov	r8, r7
1000321e:	0037      	movs	r7, r6
10003220:	002e      	movs	r6, r5
10003222:	e007      	b.n	10003234 <_out_rev+0x70>
10003224:	3c01      	subs	r4, #1
10003226:	1c55      	adds	r5, r2, #1
10003228:	4653      	mov	r3, sl
1000322a:	5d18      	ldrb	r0, [r3, r4]
1000322c:	4643      	mov	r3, r8
1000322e:	0039      	movs	r1, r7
10003230:	47b0      	blx	r6
10003232:	002a      	movs	r2, r5
10003234:	2c00      	cmp	r4, #0
10003236:	d1f5      	bne.n	10003224 <_out_rev+0x60>
10003238:	0035      	movs	r5, r6
1000323a:	003e      	movs	r6, r7
1000323c:	4647      	mov	r7, r8
1000323e:	9b0f      	ldr	r3, [sp, #60]	@ 0x3c
10003240:	079b      	lsls	r3, r3, #30
10003242:	d407      	bmi.n	10003254 <_out_rev+0x90>
10003244:	0010      	movs	r0, r2
10003246:	b003      	add	sp, #12
10003248:	bcf0      	pop	{r4, r5, r6, r7}
1000324a:	46bb      	mov	fp, r7
1000324c:	46b2      	mov	sl, r6
1000324e:	46a9      	mov	r9, r5
10003250:	46a0      	mov	r8, r4
10003252:	bdf0      	pop	{r4, r5, r6, r7, pc}
10003254:	46b0      	mov	r8, r6
10003256:	464e      	mov	r6, r9
10003258:	46b9      	mov	r9, r7
1000325a:	002f      	movs	r7, r5
1000325c:	465d      	mov	r5, fp
1000325e:	1b53      	subs	r3, r2, r5
10003260:	42b3      	cmp	r3, r6
10003262:	d2ef      	bcs.n	10003244 <_out_rev+0x80>
10003264:	1c54      	adds	r4, r2, #1
10003266:	464b      	mov	r3, r9
10003268:	4641      	mov	r1, r8
1000326a:	2020      	movs	r0, #32
1000326c:	47b8      	blx	r7
1000326e:	0022      	movs	r2, r4
10003270:	e7f5      	b.n	1000325e <_out_rev+0x9a>

10003272 <_ntoa_format>:
10003272:	b5f0      	push	{r4, r5, r6, r7, lr}
10003274:	46ce      	mov	lr, r9
10003276:	4647      	mov	r7, r8
10003278:	b580      	push	{r7, lr}
1000327a:	b085      	sub	sp, #20
1000327c:	4694      	mov	ip, r2
1000327e:	4698      	mov	r8, r3
10003280:	9d0c      	ldr	r5, [sp, #48]	@ 0x30
10003282:	9c0d      	ldr	r4, [sp, #52]	@ 0x34
10003284:	ab0e      	add	r3, sp, #56	@ 0x38
10003286:	781b      	ldrb	r3, [r3, #0]
10003288:	4699      	mov	r9, r3
1000328a:	9a10      	ldr	r2, [sp, #64]	@ 0x40
1000328c:	9b11      	ldr	r3, [sp, #68]	@ 0x44
1000328e:	9e12      	ldr	r6, [sp, #72]	@ 0x48
10003290:	07b7      	lsls	r7, r6, #30
10003292:	d41c      	bmi.n	100032ce <_ntoa_format+0x5c>
10003294:	2b00      	cmp	r3, #0
10003296:	d00c      	beq.n	100032b2 <_ntoa_format+0x40>
10003298:	07f7      	lsls	r7, r6, #31
1000329a:	d50a      	bpl.n	100032b2 <_ntoa_format+0x40>
1000329c:	464f      	mov	r7, r9
1000329e:	2f00      	cmp	r7, #0
100032a0:	d102      	bne.n	100032a8 <_ntoa_format+0x36>
100032a2:	370c      	adds	r7, #12
100032a4:	4237      	tst	r7, r6
100032a6:	d004      	beq.n	100032b2 <_ntoa_format+0x40>
100032a8:	3b01      	subs	r3, #1
100032aa:	e002      	b.n	100032b2 <_ntoa_format+0x40>
100032ac:	2730      	movs	r7, #48	@ 0x30
100032ae:	552f      	strb	r7, [r5, r4]
100032b0:	3401      	adds	r4, #1
100032b2:	4294      	cmp	r4, r2
100032b4:	d201      	bcs.n	100032ba <_ntoa_format+0x48>
100032b6:	2c1f      	cmp	r4, #31
100032b8:	d9f8      	bls.n	100032ac <_ntoa_format+0x3a>
100032ba:	07f7      	lsls	r7, r6, #31
100032bc:	d507      	bpl.n	100032ce <_ntoa_format+0x5c>
100032be:	429c      	cmp	r4, r3
100032c0:	d205      	bcs.n	100032ce <_ntoa_format+0x5c>
100032c2:	2c1f      	cmp	r4, #31
100032c4:	d803      	bhi.n	100032ce <_ntoa_format+0x5c>
100032c6:	2730      	movs	r7, #48	@ 0x30
100032c8:	552f      	strb	r7, [r5, r4]
100032ca:	3401      	adds	r4, #1
100032cc:	e7f5      	b.n	100032ba <_ntoa_format+0x48>
100032ce:	06f7      	lsls	r7, r6, #27
100032d0:	d515      	bpl.n	100032fe <_ntoa_format+0x8c>
100032d2:	0577      	lsls	r7, r6, #21
100032d4:	d405      	bmi.n	100032e2 <_ntoa_format+0x70>
100032d6:	2c00      	cmp	r4, #0
100032d8:	d003      	beq.n	100032e2 <_ntoa_format+0x70>
100032da:	4294      	cmp	r4, r2
100032dc:	d024      	beq.n	10003328 <_ntoa_format+0xb6>
100032de:	429c      	cmp	r4, r3
100032e0:	d022      	beq.n	10003328 <_ntoa_format+0xb6>
100032e2:	9a0f      	ldr	r2, [sp, #60]	@ 0x3c
100032e4:	2a10      	cmp	r2, #16
100032e6:	d02b      	beq.n	10003340 <_ntoa_format+0xce>
100032e8:	9a0f      	ldr	r2, [sp, #60]	@ 0x3c
100032ea:	2a10      	cmp	r2, #16
100032ec:	d030      	beq.n	10003350 <_ntoa_format+0xde>
100032ee:	9a0f      	ldr	r2, [sp, #60]	@ 0x3c
100032f0:	2a02      	cmp	r2, #2
100032f2:	d035      	beq.n	10003360 <_ntoa_format+0xee>
100032f4:	2c1f      	cmp	r4, #31
100032f6:	d802      	bhi.n	100032fe <_ntoa_format+0x8c>
100032f8:	2230      	movs	r2, #48	@ 0x30
100032fa:	552a      	strb	r2, [r5, r4]
100032fc:	3401      	adds	r4, #1
100032fe:	2c1f      	cmp	r4, #31
10003300:	d805      	bhi.n	1000330e <_ntoa_format+0x9c>
10003302:	464a      	mov	r2, r9
10003304:	2a00      	cmp	r2, #0
10003306:	d031      	beq.n	1000336c <_ntoa_format+0xfa>
10003308:	222d      	movs	r2, #45	@ 0x2d
1000330a:	552a      	strb	r2, [r5, r4]
1000330c:	3401      	adds	r4, #1
1000330e:	9603      	str	r6, [sp, #12]
10003310:	9302      	str	r3, [sp, #8]
10003312:	9401      	str	r4, [sp, #4]
10003314:	9500      	str	r5, [sp, #0]
10003316:	4643      	mov	r3, r8
10003318:	4662      	mov	r2, ip
1000331a:	f7ff ff53 	bl	100031c4 <_out_rev>
1000331e:	b005      	add	sp, #20
10003320:	bcc0      	pop	{r6, r7}
10003322:	46b9      	mov	r9, r7
10003324:	46b0      	mov	r8, r6
10003326:	bdf0      	pop	{r4, r5, r6, r7, pc}
10003328:	1e62      	subs	r2, r4, #1
1000332a:	2c01      	cmp	r4, #1
1000332c:	d006      	beq.n	1000333c <_ntoa_format+0xca>
1000332e:	9f0f      	ldr	r7, [sp, #60]	@ 0x3c
10003330:	2f10      	cmp	r7, #16
10003332:	d001      	beq.n	10003338 <_ntoa_format+0xc6>
10003334:	0014      	movs	r4, r2
10003336:	e7d4      	b.n	100032e2 <_ntoa_format+0x70>
10003338:	3c02      	subs	r4, #2
1000333a:	e7d2      	b.n	100032e2 <_ntoa_format+0x70>
1000333c:	0014      	movs	r4, r2
1000333e:	e7d0      	b.n	100032e2 <_ntoa_format+0x70>
10003340:	06b2      	lsls	r2, r6, #26
10003342:	d4d1      	bmi.n	100032e8 <_ntoa_format+0x76>
10003344:	2c1f      	cmp	r4, #31
10003346:	d8cf      	bhi.n	100032e8 <_ntoa_format+0x76>
10003348:	2278      	movs	r2, #120	@ 0x78
1000334a:	552a      	strb	r2, [r5, r4]
1000334c:	3401      	adds	r4, #1
1000334e:	e7d1      	b.n	100032f4 <_ntoa_format+0x82>
10003350:	06b2      	lsls	r2, r6, #26
10003352:	d5cc      	bpl.n	100032ee <_ntoa_format+0x7c>
10003354:	2c1f      	cmp	r4, #31
10003356:	d8ca      	bhi.n	100032ee <_ntoa_format+0x7c>
10003358:	2258      	movs	r2, #88	@ 0x58
1000335a:	552a      	strb	r2, [r5, r4]
1000335c:	3401      	adds	r4, #1
1000335e:	e7c9      	b.n	100032f4 <_ntoa_format+0x82>
10003360:	2c1f      	cmp	r4, #31
10003362:	d8c7      	bhi.n	100032f4 <_ntoa_format+0x82>
10003364:	3260      	adds	r2, #96	@ 0x60
10003366:	552a      	strb	r2, [r5, r4]
10003368:	3401      	adds	r4, #1
1000336a:	e7c3      	b.n	100032f4 <_ntoa_format+0x82>
1000336c:	0772      	lsls	r2, r6, #29
1000336e:	d503      	bpl.n	10003378 <_ntoa_format+0x106>
10003370:	222b      	movs	r2, #43	@ 0x2b
10003372:	552a      	strb	r2, [r5, r4]
10003374:	3401      	adds	r4, #1
10003376:	e7ca      	b.n	1000330e <_ntoa_format+0x9c>
10003378:	0732      	lsls	r2, r6, #28
1000337a:	d5c8      	bpl.n	1000330e <_ntoa_format+0x9c>
1000337c:	2220      	movs	r2, #32
1000337e:	552a      	strb	r2, [r5, r4]
10003380:	3401      	adds	r4, #1
10003382:	e7c4      	b.n	1000330e <_ntoa_format+0x9c>

10003384 <_ntoa_long>:
10003384:	b5f0      	push	{r4, r5, r6, r7, lr}
10003386:	46de      	mov	lr, fp
10003388:	4657      	mov	r7, sl
1000338a:	464e      	mov	r6, r9
1000338c:	4645      	mov	r5, r8
1000338e:	b5e0      	push	{r5, r6, r7, lr}
10003390:	b093      	sub	sp, #76	@ 0x4c
10003392:	4681      	mov	r9, r0
10003394:	468a      	mov	sl, r1
10003396:	9208      	str	r2, [sp, #32]
10003398:	9309      	str	r3, [sp, #36]	@ 0x24
1000339a:	ab1c      	add	r3, sp, #112	@ 0x70
1000339c:	cb10      	ldmia	r3!, {r4}
1000339e:	781b      	ldrb	r3, [r3, #0]
100033a0:	469b      	mov	fp, r3
100033a2:	9d1e      	ldr	r5, [sp, #120]	@ 0x78
100033a4:	9b21      	ldr	r3, [sp, #132]	@ 0x84
100033a6:	4698      	mov	r8, r3
100033a8:	2c00      	cmp	r4, #0
100033aa:	d103      	bne.n	100033b4 <_ntoa_long+0x30>
100033ac:	2310      	movs	r3, #16
100033ae:	4642      	mov	r2, r8
100033b0:	439a      	bics	r2, r3
100033b2:	4690      	mov	r8, r2
100033b4:	2380      	movs	r3, #128	@ 0x80
100033b6:	00db      	lsls	r3, r3, #3
100033b8:	4646      	mov	r6, r8
100033ba:	401e      	ands	r6, r3
100033bc:	4642      	mov	r2, r8
100033be:	421a      	tst	r2, r3
100033c0:	d012      	beq.n	100033e8 <_ntoa_long+0x64>
100033c2:	2c00      	cmp	r4, #0
100033c4:	d022      	beq.n	1000340c <_ntoa_long+0x88>
100033c6:	2600      	movs	r6, #0
100033c8:	e00e      	b.n	100033e8 <_ntoa_long+0x64>
100033ca:	3330      	adds	r3, #48	@ 0x30
100033cc:	b2d9      	uxtb	r1, r3
100033ce:	1c77      	adds	r7, r6, #1
100033d0:	ab0a      	add	r3, sp, #40	@ 0x28
100033d2:	5599      	strb	r1, [r3, r6]
100033d4:	0029      	movs	r1, r5
100033d6:	0020      	movs	r0, r4
100033d8:	f7fe ffda 	bl	10002390 <__wrap___aeabi_uidiv>
100033dc:	42ac      	cmp	r4, r5
100033de:	d316      	bcc.n	1000340e <_ntoa_long+0x8a>
100033e0:	2f1f      	cmp	r7, #31
100033e2:	d814      	bhi.n	1000340e <_ntoa_long+0x8a>
100033e4:	003e      	movs	r6, r7
100033e6:	0004      	movs	r4, r0
100033e8:	0029      	movs	r1, r5
100033ea:	0020      	movs	r0, r4
100033ec:	f7fe ffd0 	bl	10002390 <__wrap___aeabi_uidiv>
100033f0:	b2cb      	uxtb	r3, r1
100033f2:	2b09      	cmp	r3, #9
100033f4:	d9e9      	bls.n	100033ca <_ntoa_long+0x46>
100033f6:	4642      	mov	r2, r8
100033f8:	0692      	lsls	r2, r2, #26
100033fa:	d505      	bpl.n	10003408 <_ntoa_long+0x84>
100033fc:	2141      	movs	r1, #65	@ 0x41
100033fe:	18c9      	adds	r1, r1, r3
10003400:	b2c9      	uxtb	r1, r1
10003402:	390a      	subs	r1, #10
10003404:	b2c9      	uxtb	r1, r1
10003406:	e7e2      	b.n	100033ce <_ntoa_long+0x4a>
10003408:	2161      	movs	r1, #97	@ 0x61
1000340a:	e7f8      	b.n	100033fe <_ntoa_long+0x7a>
1000340c:	0027      	movs	r7, r4
1000340e:	4643      	mov	r3, r8
10003410:	9306      	str	r3, [sp, #24]
10003412:	9b20      	ldr	r3, [sp, #128]	@ 0x80
10003414:	9305      	str	r3, [sp, #20]
10003416:	9b1f      	ldr	r3, [sp, #124]	@ 0x7c
10003418:	9304      	str	r3, [sp, #16]
1000341a:	9503      	str	r5, [sp, #12]
1000341c:	465b      	mov	r3, fp
1000341e:	9302      	str	r3, [sp, #8]
10003420:	9701      	str	r7, [sp, #4]
10003422:	ab0a      	add	r3, sp, #40	@ 0x28
10003424:	9300      	str	r3, [sp, #0]
10003426:	9b09      	ldr	r3, [sp, #36]	@ 0x24
10003428:	9a08      	ldr	r2, [sp, #32]
1000342a:	4651      	mov	r1, sl
1000342c:	4648      	mov	r0, r9
1000342e:	f7ff ff20 	bl	10003272 <_ntoa_format>
10003432:	b013      	add	sp, #76	@ 0x4c
10003434:	bcf0      	pop	{r4, r5, r6, r7}
10003436:	46bb      	mov	fp, r7
10003438:	46b2      	mov	sl, r6
1000343a:	46a9      	mov	r9, r5
1000343c:	46a0      	mov	r8, r4
1000343e:	bdf0      	pop	{r4, r5, r6, r7, pc}

10003440 <_ntoa_long_long>:
10003440:	b5f0      	push	{r4, r5, r6, r7, lr}
10003442:	46de      	mov	lr, fp
10003444:	4657      	mov	r7, sl
10003446:	464e      	mov	r6, r9
10003448:	4645      	mov	r5, r8
1000344a:	b5e0      	push	{r5, r6, r7, lr}
1000344c:	b095      	sub	sp, #84	@ 0x54
1000344e:	9008      	str	r0, [sp, #32]
10003450:	9109      	str	r1, [sp, #36]	@ 0x24
10003452:	920a      	str	r2, [sp, #40]	@ 0x28
10003454:	930b      	str	r3, [sp, #44]	@ 0x2c
10003456:	9e1e      	ldr	r6, [sp, #120]	@ 0x78
10003458:	9c1f      	ldr	r4, [sp, #124]	@ 0x7c
1000345a:	ab20      	add	r3, sp, #128	@ 0x80
1000345c:	781b      	ldrb	r3, [r3, #0]
1000345e:	469b      	mov	fp, r3
10003460:	9b22      	ldr	r3, [sp, #136]	@ 0x88
10003462:	4699      	mov	r9, r3
10003464:	9d23      	ldr	r5, [sp, #140]	@ 0x8c
10003466:	9b26      	ldr	r3, [sp, #152]	@ 0x98
10003468:	469a      	mov	sl, r3
1000346a:	0033      	movs	r3, r6
1000346c:	4323      	orrs	r3, r4
1000346e:	d103      	bne.n	10003478 <_ntoa_long_long+0x38>
10003470:	3310      	adds	r3, #16
10003472:	4652      	mov	r2, sl
10003474:	439a      	bics	r2, r3
10003476:	4692      	mov	sl, r2
10003478:	2380      	movs	r3, #128	@ 0x80
1000347a:	00db      	lsls	r3, r3, #3
1000347c:	4657      	mov	r7, sl
1000347e:	401f      	ands	r7, r3
10003480:	4652      	mov	r2, sl
10003482:	421a      	tst	r2, r3
10003484:	d019      	beq.n	100034ba <_ntoa_long_long+0x7a>
10003486:	0033      	movs	r3, r6
10003488:	4323      	orrs	r3, r4
1000348a:	d02d      	beq.n	100034e8 <_ntoa_long_long+0xa8>
1000348c:	2700      	movs	r7, #0
1000348e:	e014      	b.n	100034ba <_ntoa_long_long+0x7a>
10003490:	3330      	adds	r3, #48	@ 0x30
10003492:	b2da      	uxtb	r2, r3
10003494:	1c7b      	adds	r3, r7, #1
10003496:	4698      	mov	r8, r3
10003498:	ab0c      	add	r3, sp, #48	@ 0x30
1000349a:	55da      	strb	r2, [r3, r7]
1000349c:	464a      	mov	r2, r9
1000349e:	002b      	movs	r3, r5
100034a0:	0030      	movs	r0, r6
100034a2:	0021      	movs	r1, r4
100034a4:	f7fe ffb2 	bl	1000240c <__wrap___aeabi_uldivmod>
100034a8:	42a5      	cmp	r5, r4
100034aa:	d81f      	bhi.n	100034ec <_ntoa_long_long+0xac>
100034ac:	d019      	beq.n	100034e2 <_ntoa_long_long+0xa2>
100034ae:	4643      	mov	r3, r8
100034b0:	2b1f      	cmp	r3, #31
100034b2:	d81b      	bhi.n	100034ec <_ntoa_long_long+0xac>
100034b4:	4647      	mov	r7, r8
100034b6:	0006      	movs	r6, r0
100034b8:	000c      	movs	r4, r1
100034ba:	464a      	mov	r2, r9
100034bc:	002b      	movs	r3, r5
100034be:	0030      	movs	r0, r6
100034c0:	0021      	movs	r1, r4
100034c2:	f7fe ffa3 	bl	1000240c <__wrap___aeabi_uldivmod>
100034c6:	b2d3      	uxtb	r3, r2
100034c8:	2b09      	cmp	r3, #9
100034ca:	d9e1      	bls.n	10003490 <_ntoa_long_long+0x50>
100034cc:	4652      	mov	r2, sl
100034ce:	0692      	lsls	r2, r2, #26
100034d0:	d505      	bpl.n	100034de <_ntoa_long_long+0x9e>
100034d2:	2241      	movs	r2, #65	@ 0x41
100034d4:	18d2      	adds	r2, r2, r3
100034d6:	b2d2      	uxtb	r2, r2
100034d8:	3a0a      	subs	r2, #10
100034da:	b2d2      	uxtb	r2, r2
100034dc:	e7da      	b.n	10003494 <_ntoa_long_long+0x54>
100034de:	2261      	movs	r2, #97	@ 0x61
100034e0:	e7f8      	b.n	100034d4 <_ntoa_long_long+0x94>
100034e2:	45b1      	cmp	r9, r6
100034e4:	d9e3      	bls.n	100034ae <_ntoa_long_long+0x6e>
100034e6:	e001      	b.n	100034ec <_ntoa_long_long+0xac>
100034e8:	2300      	movs	r3, #0
100034ea:	4698      	mov	r8, r3
100034ec:	4653      	mov	r3, sl
100034ee:	9306      	str	r3, [sp, #24]
100034f0:	9b25      	ldr	r3, [sp, #148]	@ 0x94
100034f2:	9305      	str	r3, [sp, #20]
100034f4:	9b24      	ldr	r3, [sp, #144]	@ 0x90
100034f6:	9304      	str	r3, [sp, #16]
100034f8:	464b      	mov	r3, r9
100034fa:	9303      	str	r3, [sp, #12]
100034fc:	465b      	mov	r3, fp
100034fe:	9302      	str	r3, [sp, #8]
10003500:	4643      	mov	r3, r8
10003502:	9301      	str	r3, [sp, #4]
10003504:	ab0c      	add	r3, sp, #48	@ 0x30
10003506:	9300      	str	r3, [sp, #0]
10003508:	9b0b      	ldr	r3, [sp, #44]	@ 0x2c
1000350a:	9a0a      	ldr	r2, [sp, #40]	@ 0x28
1000350c:	9909      	ldr	r1, [sp, #36]	@ 0x24
1000350e:	9808      	ldr	r0, [sp, #32]
10003510:	f7ff feaf 	bl	10003272 <_ntoa_format>
10003514:	b015      	add	sp, #84	@ 0x54
10003516:	bcf0      	pop	{r4, r5, r6, r7}
10003518:	46bb      	mov	fp, r7
1000351a:	46b2      	mov	sl, r6
1000351c:	46a9      	mov	r9, r5
1000351e:	46a0      	mov	r8, r4
10003520:	bdf0      	pop	{r4, r5, r6, r7, pc}
	...

10003524 <_etoa>:
10003524:	b5f0      	push	{r4, r5, r6, r7, lr}
10003526:	46de      	mov	lr, fp
10003528:	4657      	mov	r7, sl
1000352a:	464e      	mov	r6, r9
1000352c:	4645      	mov	r5, r8
1000352e:	b5e0      	push	{r5, r6, r7, lr}
10003530:	b091      	sub	sp, #68	@ 0x44
10003532:	4683      	mov	fp, r0
10003534:	468a      	mov	sl, r1
10003536:	920c      	str	r2, [sp, #48]	@ 0x30
10003538:	4698      	mov	r8, r3
1000353a:	9c1a      	ldr	r4, [sp, #104]	@ 0x68
1000353c:	9408      	str	r4, [sp, #32]
1000353e:	9d1b      	ldr	r5, [sp, #108]	@ 0x6c
10003540:	9509      	str	r5, [sp, #36]	@ 0x24
10003542:	0022      	movs	r2, r4
10003544:	002b      	movs	r3, r5
10003546:	0020      	movs	r0, r4
10003548:	0029      	movs	r1, r5
1000354a:	f7ff f9ea 	bl	10002922 <__wrap___aeabi_dcmpun>
1000354e:	2800      	cmp	r0, #0
10003550:	d000      	beq.n	10003554 <_etoa+0x30>
10003552:	e0e5      	b.n	10003720 <_etoa+0x1fc>
10003554:	2201      	movs	r2, #1
10003556:	4252      	negs	r2, r2
10003558:	4bd7      	ldr	r3, [pc, #860]	@ (100038b8 <_etoa+0x394>)
1000355a:	0020      	movs	r0, r4
1000355c:	0029      	movs	r1, r5
1000355e:	f7ff f9db 	bl	10002918 <__wrap___aeabi_dcmpgt>
10003562:	2800      	cmp	r0, #0
10003564:	d000      	beq.n	10003568 <_etoa+0x44>
10003566:	e0db      	b.n	10003720 <_etoa+0x1fc>
10003568:	2201      	movs	r2, #1
1000356a:	4252      	negs	r2, r2
1000356c:	4bd3      	ldr	r3, [pc, #844]	@ (100038bc <_etoa+0x398>)
1000356e:	0020      	movs	r0, r4
10003570:	0029      	movs	r1, r5
10003572:	f7ff f9bb 	bl	100028ec <__wrap___aeabi_dcmplt>
10003576:	2800      	cmp	r0, #0
10003578:	d000      	beq.n	1000357c <_etoa+0x58>
1000357a:	e0d1      	b.n	10003720 <_etoa+0x1fc>
1000357c:	2200      	movs	r2, #0
1000357e:	2300      	movs	r3, #0
10003580:	9e08      	ldr	r6, [sp, #32]
10003582:	0030      	movs	r0, r6
10003584:	9d09      	ldr	r5, [sp, #36]	@ 0x24
10003586:	0029      	movs	r1, r5
10003588:	f7ff f9b0 	bl	100028ec <__wrap___aeabi_dcmplt>
1000358c:	2800      	cmp	r0, #0
1000358e:	d000      	beq.n	10003592 <_etoa+0x6e>
10003590:	e0dd      	b.n	1000374e <_etoa+0x22a>
10003592:	9808      	ldr	r0, [sp, #32]
10003594:	9909      	ldr	r1, [sp, #36]	@ 0x24
10003596:	9006      	str	r0, [sp, #24]
10003598:	9107      	str	r1, [sp, #28]
1000359a:	2380      	movs	r3, #128	@ 0x80
1000359c:	00db      	lsls	r3, r3, #3
1000359e:	9a1e      	ldr	r2, [sp, #120]	@ 0x78
100035a0:	401a      	ands	r2, r3
100035a2:	920d      	str	r2, [sp, #52]	@ 0x34
100035a4:	9a1e      	ldr	r2, [sp, #120]	@ 0x78
100035a6:	421a      	tst	r2, r3
100035a8:	d101      	bne.n	100035ae <_etoa+0x8a>
100035aa:	2306      	movs	r3, #6
100035ac:	931c      	str	r3, [sp, #112]	@ 0x70
100035ae:	9806      	ldr	r0, [sp, #24]
100035b0:	9907      	ldr	r1, [sp, #28]
100035b2:	0004      	movs	r4, r0
100035b4:	000d      	movs	r5, r1
100035b6:	000a      	movs	r2, r1
100035b8:	0006      	movs	r6, r0
100035ba:	4302      	orrs	r2, r0
100035bc:	d100      	bne.n	100035c0 <_etoa+0x9c>
100035be:	e0d1      	b.n	10003764 <_etoa+0x240>
100035c0:	0d08      	lsrs	r0, r1, #20
100035c2:	0540      	lsls	r0, r0, #21
100035c4:	0d40      	lsrs	r0, r0, #21
100035c6:	4cbe      	ldr	r4, [pc, #760]	@ (100038c0 <_etoa+0x39c>)
100035c8:	46a4      	mov	ip, r4
100035ca:	4460      	add	r0, ip
100035cc:	030a      	lsls	r2, r1, #12
100035ce:	0b12      	lsrs	r2, r2, #12
100035d0:	4bbc      	ldr	r3, [pc, #752]	@ (100038c4 <_etoa+0x3a0>)
100035d2:	4313      	orrs	r3, r2
100035d4:	001f      	movs	r7, r3
100035d6:	f7ff f9b5 	bl	10002944 <__wrap___aeabi_i2d>
100035da:	4abb      	ldr	r2, [pc, #748]	@ (100038c8 <_etoa+0x3a4>)
100035dc:	4bbb      	ldr	r3, [pc, #748]	@ (100038cc <_etoa+0x3a8>)
100035de:	f7ff f942 	bl	10002866 <__wrap___aeabi_dmul>
100035e2:	4abb      	ldr	r2, [pc, #748]	@ (100038d0 <_etoa+0x3ac>)
100035e4:	4bbb      	ldr	r3, [pc, #748]	@ (100038d4 <_etoa+0x3b0>)
100035e6:	f7ff f917 	bl	10002818 <__wrap___aeabi_dadd>
100035ea:	0004      	movs	r4, r0
100035ec:	000d      	movs	r5, r1
100035ee:	2200      	movs	r2, #0
100035f0:	4bb9      	ldr	r3, [pc, #740]	@ (100038d8 <_etoa+0x3b4>)
100035f2:	0030      	movs	r0, r6
100035f4:	0039      	movs	r1, r7
100035f6:	f7ff f906 	bl	10002806 <__wrap___aeabi_dsub>
100035fa:	4ab8      	ldr	r2, [pc, #736]	@ (100038dc <_etoa+0x3b8>)
100035fc:	4bb8      	ldr	r3, [pc, #736]	@ (100038e0 <_etoa+0x3bc>)
100035fe:	f7ff f932 	bl	10002866 <__wrap___aeabi_dmul>
10003602:	0002      	movs	r2, r0
10003604:	000b      	movs	r3, r1
10003606:	0020      	movs	r0, r4
10003608:	0029      	movs	r1, r5
1000360a:	f7ff f905 	bl	10002818 <__wrap___aeabi_dadd>
1000360e:	f7ff f9b1 	bl	10002974 <__wrap___aeabi_d2iz>
10003612:	4681      	mov	r9, r0
10003614:	f7ff f996 	bl	10002944 <__wrap___aeabi_i2d>
10003618:	0004      	movs	r4, r0
1000361a:	000d      	movs	r5, r1
1000361c:	4ab1      	ldr	r2, [pc, #708]	@ (100038e4 <_etoa+0x3c0>)
1000361e:	4bb2      	ldr	r3, [pc, #712]	@ (100038e8 <_etoa+0x3c4>)
10003620:	f7ff f921 	bl	10002866 <__wrap___aeabi_dmul>
10003624:	2200      	movs	r2, #0
10003626:	4bb1      	ldr	r3, [pc, #708]	@ (100038ec <_etoa+0x3c8>)
10003628:	f7ff f8f6 	bl	10002818 <__wrap___aeabi_dadd>
1000362c:	f7ff f9a2 	bl	10002974 <__wrap___aeabi_d2iz>
10003630:	0006      	movs	r6, r0
10003632:	4aaf      	ldr	r2, [pc, #700]	@ (100038f0 <_etoa+0x3cc>)
10003634:	4baf      	ldr	r3, [pc, #700]	@ (100038f4 <_etoa+0x3d0>)
10003636:	0020      	movs	r0, r4
10003638:	0029      	movs	r1, r5
1000363a:	f7ff f914 	bl	10002866 <__wrap___aeabi_dmul>
1000363e:	0004      	movs	r4, r0
10003640:	000d      	movs	r5, r1
10003642:	0030      	movs	r0, r6
10003644:	f7ff f97e 	bl	10002944 <__wrap___aeabi_i2d>
10003648:	4aab      	ldr	r2, [pc, #684]	@ (100038f8 <_etoa+0x3d4>)
1000364a:	4bac      	ldr	r3, [pc, #688]	@ (100038fc <_etoa+0x3d8>)
1000364c:	f7ff f90b 	bl	10002866 <__wrap___aeabi_dmul>
10003650:	0002      	movs	r2, r0
10003652:	000b      	movs	r3, r1
10003654:	0020      	movs	r0, r4
10003656:	0029      	movs	r1, r5
10003658:	f7ff f8d5 	bl	10002806 <__wrap___aeabi_dsub>
1000365c:	0004      	movs	r4, r0
1000365e:	000d      	movs	r5, r1
10003660:	0002      	movs	r2, r0
10003662:	000b      	movs	r3, r1
10003664:	f7ff f8ff 	bl	10002866 <__wrap___aeabi_dmul>
10003668:	900a      	str	r0, [sp, #40]	@ 0x28
1000366a:	910b      	str	r1, [sp, #44]	@ 0x2c
1000366c:	4ba4      	ldr	r3, [pc, #656]	@ (10003900 <_etoa+0x3dc>)
1000366e:	18f3      	adds	r3, r6, r3
10003670:	2600      	movs	r6, #0
10003672:	051f      	lsls	r7, r3, #20
10003674:	0022      	movs	r2, r4
10003676:	002b      	movs	r3, r5
10003678:	0020      	movs	r0, r4
1000367a:	0029      	movs	r1, r5
1000367c:	f7ff f8cc 	bl	10002818 <__wrap___aeabi_dadd>
10003680:	900e      	str	r0, [sp, #56]	@ 0x38
10003682:	910f      	str	r1, [sp, #60]	@ 0x3c
10003684:	0022      	movs	r2, r4
10003686:	002b      	movs	r3, r5
10003688:	2000      	movs	r0, #0
1000368a:	2180      	movs	r1, #128	@ 0x80
1000368c:	05c9      	lsls	r1, r1, #23
1000368e:	f7ff f8ba 	bl	10002806 <__wrap___aeabi_dsub>
10003692:	0004      	movs	r4, r0
10003694:	000d      	movs	r5, r1
10003696:	2200      	movs	r2, #0
10003698:	4b9a      	ldr	r3, [pc, #616]	@ (10003904 <_etoa+0x3e0>)
1000369a:	980a      	ldr	r0, [sp, #40]	@ 0x28
1000369c:	990b      	ldr	r1, [sp, #44]	@ 0x2c
1000369e:	f7ff f8c4 	bl	1000282a <__wrap___aeabi_ddiv>
100036a2:	2200      	movs	r2, #0
100036a4:	4b98      	ldr	r3, [pc, #608]	@ (10003908 <_etoa+0x3e4>)
100036a6:	f7ff f8b7 	bl	10002818 <__wrap___aeabi_dadd>
100036aa:	0002      	movs	r2, r0
100036ac:	000b      	movs	r3, r1
100036ae:	980a      	ldr	r0, [sp, #40]	@ 0x28
100036b0:	990b      	ldr	r1, [sp, #44]	@ 0x2c
100036b2:	f7ff f8ba 	bl	1000282a <__wrap___aeabi_ddiv>
100036b6:	2200      	movs	r2, #0
100036b8:	4b94      	ldr	r3, [pc, #592]	@ (1000390c <_etoa+0x3e8>)
100036ba:	f7ff f8ad 	bl	10002818 <__wrap___aeabi_dadd>
100036be:	0002      	movs	r2, r0
100036c0:	000b      	movs	r3, r1
100036c2:	980a      	ldr	r0, [sp, #40]	@ 0x28
100036c4:	990b      	ldr	r1, [sp, #44]	@ 0x2c
100036c6:	f7ff f8b0 	bl	1000282a <__wrap___aeabi_ddiv>
100036ca:	0002      	movs	r2, r0
100036cc:	000b      	movs	r3, r1
100036ce:	0020      	movs	r0, r4
100036d0:	0029      	movs	r1, r5
100036d2:	f7ff f8a1 	bl	10002818 <__wrap___aeabi_dadd>
100036d6:	0002      	movs	r2, r0
100036d8:	000b      	movs	r3, r1
100036da:	980e      	ldr	r0, [sp, #56]	@ 0x38
100036dc:	990f      	ldr	r1, [sp, #60]	@ 0x3c
100036de:	f7ff f8a4 	bl	1000282a <__wrap___aeabi_ddiv>
100036e2:	2200      	movs	r2, #0
100036e4:	4b77      	ldr	r3, [pc, #476]	@ (100038c4 <_etoa+0x3a0>)
100036e6:	f7ff f897 	bl	10002818 <__wrap___aeabi_dadd>
100036ea:	0032      	movs	r2, r6
100036ec:	003b      	movs	r3, r7
100036ee:	f7ff f8ba 	bl	10002866 <__wrap___aeabi_dmul>
100036f2:	0006      	movs	r6, r0
100036f4:	000f      	movs	r7, r1
100036f6:	0004      	movs	r4, r0
100036f8:	000d      	movs	r5, r1
100036fa:	9a06      	ldr	r2, [sp, #24]
100036fc:	9b07      	ldr	r3, [sp, #28]
100036fe:	f7ff f90b 	bl	10002918 <__wrap___aeabi_dcmpgt>
10003702:	2800      	cmp	r0, #0
10003704:	d030      	beq.n	10003768 <_etoa+0x244>
10003706:	2301      	movs	r3, #1
10003708:	425b      	negs	r3, r3
1000370a:	469c      	mov	ip, r3
1000370c:	44e1      	add	r9, ip
1000370e:	2200      	movs	r2, #0
10003710:	4b7d      	ldr	r3, [pc, #500]	@ (10003908 <_etoa+0x3e4>)
10003712:	0030      	movs	r0, r6
10003714:	0039      	movs	r1, r7
10003716:	f7ff f888 	bl	1000282a <__wrap___aeabi_ddiv>
1000371a:	0004      	movs	r4, r0
1000371c:	000d      	movs	r5, r1
1000371e:	e023      	b.n	10003768 <_etoa+0x244>
10003720:	9b1e      	ldr	r3, [sp, #120]	@ 0x78
10003722:	9304      	str	r3, [sp, #16]
10003724:	9b1d      	ldr	r3, [sp, #116]	@ 0x74
10003726:	9303      	str	r3, [sp, #12]
10003728:	9b1c      	ldr	r3, [sp, #112]	@ 0x70
1000372a:	9302      	str	r3, [sp, #8]
1000372c:	9a08      	ldr	r2, [sp, #32]
1000372e:	9b09      	ldr	r3, [sp, #36]	@ 0x24
10003730:	9200      	str	r2, [sp, #0]
10003732:	9301      	str	r3, [sp, #4]
10003734:	4643      	mov	r3, r8
10003736:	9a0c      	ldr	r2, [sp, #48]	@ 0x30
10003738:	4651      	mov	r1, sl
1000373a:	4658      	mov	r0, fp
1000373c:	f000 f8fc 	bl	10003938 <_ftoa>
10003740:	b011      	add	sp, #68	@ 0x44
10003742:	bcf0      	pop	{r4, r5, r6, r7}
10003744:	46bb      	mov	fp, r7
10003746:	46b2      	mov	sl, r6
10003748:	46a9      	mov	r9, r5
1000374a:	46a0      	mov	r8, r4
1000374c:	bdf0      	pop	{r4, r5, r6, r7, pc}
1000374e:	2300      	movs	r3, #0
10003750:	2400      	movs	r4, #0
10003752:	9306      	str	r3, [sp, #24]
10003754:	9407      	str	r4, [sp, #28]
10003756:	9606      	str	r6, [sp, #24]
10003758:	2380      	movs	r3, #128	@ 0x80
1000375a:	061b      	lsls	r3, r3, #24
1000375c:	469c      	mov	ip, r3
1000375e:	4465      	add	r5, ip
10003760:	9507      	str	r5, [sp, #28]
10003762:	e71a      	b.n	1000359a <_etoa+0x76>
10003764:	2300      	movs	r3, #0
10003766:	4699      	mov	r9, r3
10003768:	464b      	mov	r3, r9
1000376a:	3363      	adds	r3, #99	@ 0x63
1000376c:	2bc6      	cmp	r3, #198	@ 0xc6
1000376e:	d81e      	bhi.n	100037ae <_etoa+0x28a>
10003770:	2604      	movs	r6, #4
10003772:	9b1e      	ldr	r3, [sp, #120]	@ 0x78
10003774:	051b      	lsls	r3, r3, #20
10003776:	d526      	bpl.n	100037c6 <_etoa+0x2a2>
10003778:	002b      	movs	r3, r5
1000377a:	4323      	orrs	r3, r4
1000377c:	d00f      	beq.n	1000379e <_etoa+0x27a>
1000377e:	4a64      	ldr	r2, [pc, #400]	@ (10003910 <_etoa+0x3ec>)
10003780:	4b64      	ldr	r3, [pc, #400]	@ (10003914 <_etoa+0x3f0>)
10003782:	9806      	ldr	r0, [sp, #24]
10003784:	9907      	ldr	r1, [sp, #28]
10003786:	f7ff f8bf 	bl	10002908 <__wrap___aeabi_dcmpge>
1000378a:	2800      	cmp	r0, #0
1000378c:	d079      	beq.n	10003882 <_etoa+0x35e>
1000378e:	2200      	movs	r2, #0
10003790:	4b61      	ldr	r3, [pc, #388]	@ (10003918 <_etoa+0x3f4>)
10003792:	9806      	ldr	r0, [sp, #24]
10003794:	9907      	ldr	r1, [sp, #28]
10003796:	f7ff f8a9 	bl	100028ec <__wrap___aeabi_dcmplt>
1000379a:	2800      	cmp	r0, #0
1000379c:	d071      	beq.n	10003882 <_etoa+0x35e>
1000379e:	9b1c      	ldr	r3, [sp, #112]	@ 0x70
100037a0:	454b      	cmp	r3, r9
100037a2:	dd06      	ble.n	100037b2 <_etoa+0x28e>
100037a4:	464a      	mov	r2, r9
100037a6:	1a98      	subs	r0, r3, r2
100037a8:	1e43      	subs	r3, r0, #1
100037aa:	931c      	str	r3, [sp, #112]	@ 0x70
100037ac:	e003      	b.n	100037b6 <_etoa+0x292>
100037ae:	2605      	movs	r6, #5
100037b0:	e7df      	b.n	10003772 <_etoa+0x24e>
100037b2:	2300      	movs	r3, #0
100037b4:	931c      	str	r3, [sp, #112]	@ 0x70
100037b6:	2380      	movs	r3, #128	@ 0x80
100037b8:	00db      	lsls	r3, r3, #3
100037ba:	9a1e      	ldr	r2, [sp, #120]	@ 0x78
100037bc:	431a      	orrs	r2, r3
100037be:	921e      	str	r2, [sp, #120]	@ 0x78
100037c0:	2600      	movs	r6, #0
100037c2:	2300      	movs	r3, #0
100037c4:	4699      	mov	r9, r3
100037c6:	9b1d      	ldr	r3, [sp, #116]	@ 0x74
100037c8:	429e      	cmp	r6, r3
100037ca:	d264      	bcs.n	10003896 <_etoa+0x372>
100037cc:	1b9f      	subs	r7, r3, r6
100037ce:	2302      	movs	r3, #2
100037d0:	9a1e      	ldr	r2, [sp, #120]	@ 0x78
100037d2:	401a      	ands	r2, r3
100037d4:	920a      	str	r2, [sp, #40]	@ 0x28
100037d6:	9a1e      	ldr	r2, [sp, #120]	@ 0x78
100037d8:	4213      	tst	r3, r2
100037da:	d002      	beq.n	100037e2 <_etoa+0x2be>
100037dc:	2e00      	cmp	r6, #0
100037de:	d000      	beq.n	100037e2 <_etoa+0x2be>
100037e0:	2700      	movs	r7, #0
100037e2:	464b      	mov	r3, r9
100037e4:	2b00      	cmp	r3, #0
100037e6:	d007      	beq.n	100037f8 <_etoa+0x2d4>
100037e8:	0022      	movs	r2, r4
100037ea:	002b      	movs	r3, r5
100037ec:	9806      	ldr	r0, [sp, #24]
100037ee:	9907      	ldr	r1, [sp, #28]
100037f0:	f7ff f81b 	bl	1000282a <__wrap___aeabi_ddiv>
100037f4:	9006      	str	r0, [sp, #24]
100037f6:	9107      	str	r1, [sp, #28]
100037f8:	2200      	movs	r2, #0
100037fa:	2300      	movs	r3, #0
100037fc:	9808      	ldr	r0, [sp, #32]
100037fe:	9909      	ldr	r1, [sp, #36]	@ 0x24
10003800:	f7ff f874 	bl	100028ec <__wrap___aeabi_dcmplt>
10003804:	2800      	cmp	r0, #0
10003806:	d148      	bne.n	1000389a <_etoa+0x376>
10003808:	4b44      	ldr	r3, [pc, #272]	@ (1000391c <_etoa+0x3f8>)
1000380a:	9a1e      	ldr	r2, [sp, #120]	@ 0x78
1000380c:	4013      	ands	r3, r2
1000380e:	9304      	str	r3, [sp, #16]
10003810:	9703      	str	r7, [sp, #12]
10003812:	9b1c      	ldr	r3, [sp, #112]	@ 0x70
10003814:	9302      	str	r3, [sp, #8]
10003816:	9b06      	ldr	r3, [sp, #24]
10003818:	9c07      	ldr	r4, [sp, #28]
1000381a:	9300      	str	r3, [sp, #0]
1000381c:	9401      	str	r4, [sp, #4]
1000381e:	4643      	mov	r3, r8
10003820:	9a0c      	ldr	r2, [sp, #48]	@ 0x30
10003822:	4651      	mov	r1, sl
10003824:	4658      	mov	r0, fp
10003826:	f000 f887 	bl	10003938 <_ftoa>
1000382a:	2e00      	cmp	r6, #0
1000382c:	d100      	bne.n	10003830 <_etoa+0x30c>
1000382e:	e787      	b.n	10003740 <_etoa+0x21c>
10003830:	9b1e      	ldr	r3, [sp, #120]	@ 0x78
10003832:	069b      	lsls	r3, r3, #26
10003834:	d53d      	bpl.n	100038b2 <_etoa+0x38e>
10003836:	2545      	movs	r5, #69	@ 0x45
10003838:	1c44      	adds	r4, r0, #1
1000383a:	4643      	mov	r3, r8
1000383c:	0002      	movs	r2, r0
1000383e:	4651      	mov	r1, sl
10003840:	0028      	movs	r0, r5
10003842:	47d8      	blx	fp
10003844:	464b      	mov	r3, r9
10003846:	17da      	asrs	r2, r3, #31
10003848:	189b      	adds	r3, r3, r2
1000384a:	4053      	eors	r3, r2
1000384c:	2205      	movs	r2, #5
1000384e:	9205      	str	r2, [sp, #20]
10003850:	3e01      	subs	r6, #1
10003852:	9604      	str	r6, [sp, #16]
10003854:	2200      	movs	r2, #0
10003856:	9203      	str	r2, [sp, #12]
10003858:	320a      	adds	r2, #10
1000385a:	9202      	str	r2, [sp, #8]
1000385c:	464a      	mov	r2, r9
1000385e:	0fd0      	lsrs	r0, r2, #31
10003860:	9001      	str	r0, [sp, #4]
10003862:	9300      	str	r3, [sp, #0]
10003864:	4643      	mov	r3, r8
10003866:	0022      	movs	r2, r4
10003868:	4651      	mov	r1, sl
1000386a:	4658      	mov	r0, fp
1000386c:	f7ff fd8a 	bl	10003384 <_ntoa_long>
10003870:	9b0a      	ldr	r3, [sp, #40]	@ 0x28
10003872:	2b00      	cmp	r3, #0
10003874:	d100      	bne.n	10003878 <_etoa+0x354>
10003876:	e763      	b.n	10003740 <_etoa+0x21c>
10003878:	0002      	movs	r2, r0
1000387a:	465f      	mov	r7, fp
1000387c:	9e0c      	ldr	r6, [sp, #48]	@ 0x30
1000387e:	9d1d      	ldr	r5, [sp, #116]	@ 0x74
10003880:	e054      	b.n	1000392c <_etoa+0x408>
10003882:	9b1c      	ldr	r3, [sp, #112]	@ 0x70
10003884:	2b00      	cmp	r3, #0
10003886:	d09e      	beq.n	100037c6 <_etoa+0x2a2>
10003888:	9b0d      	ldr	r3, [sp, #52]	@ 0x34
1000388a:	2b00      	cmp	r3, #0
1000388c:	d09b      	beq.n	100037c6 <_etoa+0x2a2>
1000388e:	9b1c      	ldr	r3, [sp, #112]	@ 0x70
10003890:	3b01      	subs	r3, #1
10003892:	931c      	str	r3, [sp, #112]	@ 0x70
10003894:	e797      	b.n	100037c6 <_etoa+0x2a2>
10003896:	2700      	movs	r7, #0
10003898:	e799      	b.n	100037ce <_etoa+0x2aa>
1000389a:	9c06      	ldr	r4, [sp, #24]
1000389c:	9d07      	ldr	r5, [sp, #28]
1000389e:	0022      	movs	r2, r4
100038a0:	0029      	movs	r1, r5
100038a2:	2080      	movs	r0, #128	@ 0x80
100038a4:	0600      	lsls	r0, r0, #24
100038a6:	4684      	mov	ip, r0
100038a8:	4461      	add	r1, ip
100038aa:	000b      	movs	r3, r1
100038ac:	9206      	str	r2, [sp, #24]
100038ae:	9307      	str	r3, [sp, #28]
100038b0:	e7aa      	b.n	10003808 <_etoa+0x2e4>
100038b2:	2565      	movs	r5, #101	@ 0x65
100038b4:	e7c0      	b.n	10003838 <_etoa+0x314>
100038b6:	46c0      	nop			@ (mov r8, r8)
100038b8:	7fefffff 	.word	0x7fefffff
100038bc:	ffefffff 	.word	0xffefffff
100038c0:	fffffc01 	.word	0xfffffc01
100038c4:	3ff00000 	.word	0x3ff00000
100038c8:	509f79fb 	.word	0x509f79fb
100038cc:	3fd34413 	.word	0x3fd34413
100038d0:	8b60c8b3 	.word	0x8b60c8b3
100038d4:	3fc68a28 	.word	0x3fc68a28
100038d8:	3ff80000 	.word	0x3ff80000
100038dc:	636f4361 	.word	0x636f4361
100038e0:	3fd287a7 	.word	0x3fd287a7
100038e4:	0979a371 	.word	0x0979a371
100038e8:	400a934f 	.word	0x400a934f
100038ec:	3fe00000 	.word	0x3fe00000
100038f0:	bbb55516 	.word	0xbbb55516
100038f4:	40026bb1 	.word	0x40026bb1
100038f8:	fefa39ef 	.word	0xfefa39ef
100038fc:	3fe62e42 	.word	0x3fe62e42
10003900:	000003ff 	.word	0x000003ff
10003904:	402c0000 	.word	0x402c0000
10003908:	40240000 	.word	0x40240000
1000390c:	40180000 	.word	0x40180000
10003910:	eb1c432d 	.word	0xeb1c432d
10003914:	3f1a36e2 	.word	0x3f1a36e2
10003918:	412e8480 	.word	0x412e8480
1000391c:	fffff7ff 	.word	0xfffff7ff
10003920:	1c54      	adds	r4, r2, #1
10003922:	4643      	mov	r3, r8
10003924:	4651      	mov	r1, sl
10003926:	2020      	movs	r0, #32
10003928:	47b8      	blx	r7
1000392a:	0022      	movs	r2, r4
1000392c:	1b93      	subs	r3, r2, r6
1000392e:	42ab      	cmp	r3, r5
10003930:	d3f6      	bcc.n	10003920 <_etoa+0x3fc>
10003932:	0010      	movs	r0, r2
10003934:	e704      	b.n	10003740 <_etoa+0x21c>
10003936:	46c0      	nop			@ (mov r8, r8)

10003938 <_ftoa>:
10003938:	b5f0      	push	{r4, r5, r6, r7, lr}
1000393a:	46de      	mov	lr, fp
1000393c:	4657      	mov	r7, sl
1000393e:	464e      	mov	r6, r9
10003940:	4645      	mov	r5, r8
10003942:	b5e0      	push	{r5, r6, r7, lr}
10003944:	b095      	sub	sp, #84	@ 0x54
10003946:	9006      	str	r0, [sp, #24]
10003948:	9107      	str	r1, [sp, #28]
1000394a:	4693      	mov	fp, r2
1000394c:	4699      	mov	r9, r3
1000394e:	9f20      	ldr	r7, [sp, #128]	@ 0x80
10003950:	9a1e      	ldr	r2, [sp, #120]	@ 0x78
10003952:	9b1f      	ldr	r3, [sp, #124]	@ 0x7c
10003954:	0010      	movs	r0, r2
10003956:	0019      	movs	r1, r3
10003958:	f7fe ffe3 	bl	10002922 <__wrap___aeabi_dcmpun>
1000395c:	2800      	cmp	r0, #0
1000395e:	d131      	bne.n	100039c4 <_ftoa+0x8c>
10003960:	2201      	movs	r2, #1
10003962:	4252      	negs	r2, r2
10003964:	4bbf      	ldr	r3, [pc, #764]	@ (10003c64 <_ftoa+0x32c>)
10003966:	981e      	ldr	r0, [sp, #120]	@ 0x78
10003968:	991f      	ldr	r1, [sp, #124]	@ 0x7c
1000396a:	f7fe ffbf 	bl	100028ec <__wrap___aeabi_dcmplt>
1000396e:	2800      	cmp	r0, #0
10003970:	d137      	bne.n	100039e2 <_ftoa+0xaa>
10003972:	2201      	movs	r2, #1
10003974:	4252      	negs	r2, r2
10003976:	4bbc      	ldr	r3, [pc, #752]	@ (10003c68 <_ftoa+0x330>)
10003978:	981e      	ldr	r0, [sp, #120]	@ 0x78
1000397a:	991f      	ldr	r1, [sp, #124]	@ 0x7c
1000397c:	f7fe ffcc 	bl	10002918 <__wrap___aeabi_dcmpgt>
10003980:	2800      	cmp	r0, #0
10003982:	d13d      	bne.n	10003a00 <_ftoa+0xc8>
10003984:	2200      	movs	r2, #0
10003986:	4bb9      	ldr	r3, [pc, #740]	@ (10003c6c <_ftoa+0x334>)
10003988:	981e      	ldr	r0, [sp, #120]	@ 0x78
1000398a:	991f      	ldr	r1, [sp, #124]	@ 0x7c
1000398c:	f7fe ffc4 	bl	10002918 <__wrap___aeabi_dcmpgt>
10003990:	2800      	cmp	r0, #0
10003992:	d150      	bne.n	10003a36 <_ftoa+0xfe>
10003994:	2200      	movs	r2, #0
10003996:	4bb6      	ldr	r3, [pc, #728]	@ (10003c70 <_ftoa+0x338>)
10003998:	981e      	ldr	r0, [sp, #120]	@ 0x78
1000399a:	991f      	ldr	r1, [sp, #124]	@ 0x7c
1000399c:	f7fe ffa6 	bl	100028ec <__wrap___aeabi_dcmplt>
100039a0:	2800      	cmp	r0, #0
100039a2:	d148      	bne.n	10003a36 <_ftoa+0xfe>
100039a4:	2200      	movs	r2, #0
100039a6:	2300      	movs	r3, #0
100039a8:	981e      	ldr	r0, [sp, #120]	@ 0x78
100039aa:	991f      	ldr	r1, [sp, #124]	@ 0x7c
100039ac:	f7fe ff9e 	bl	100028ec <__wrap___aeabi_dcmplt>
100039b0:	2800      	cmp	r0, #0
100039b2:	d150      	bne.n	10003a56 <_ftoa+0x11e>
100039b4:	2300      	movs	r3, #0
100039b6:	4698      	mov	r8, r3
100039b8:	9b22      	ldr	r3, [sp, #136]	@ 0x88
100039ba:	055b      	lsls	r3, r3, #21
100039bc:	d400      	bmi.n	100039c0 <_ftoa+0x88>
100039be:	e0b6      	b.n	10003b2e <_ftoa+0x1f6>
100039c0:	2400      	movs	r4, #0
100039c2:	e058      	b.n	10003a76 <_ftoa+0x13e>
100039c4:	9b22      	ldr	r3, [sp, #136]	@ 0x88
100039c6:	9303      	str	r3, [sp, #12]
100039c8:	9b21      	ldr	r3, [sp, #132]	@ 0x84
100039ca:	9302      	str	r3, [sp, #8]
100039cc:	2303      	movs	r3, #3
100039ce:	9301      	str	r3, [sp, #4]
100039d0:	4ba8      	ldr	r3, [pc, #672]	@ (10003c74 <_ftoa+0x33c>)
100039d2:	9300      	str	r3, [sp, #0]
100039d4:	464b      	mov	r3, r9
100039d6:	465a      	mov	r2, fp
100039d8:	9907      	ldr	r1, [sp, #28]
100039da:	9806      	ldr	r0, [sp, #24]
100039dc:	f7ff fbf2 	bl	100031c4 <_out_rev>
100039e0:	e10e      	b.n	10003c00 <_ftoa+0x2c8>
100039e2:	9b22      	ldr	r3, [sp, #136]	@ 0x88
100039e4:	9303      	str	r3, [sp, #12]
100039e6:	9b21      	ldr	r3, [sp, #132]	@ 0x84
100039e8:	9302      	str	r3, [sp, #8]
100039ea:	2304      	movs	r3, #4
100039ec:	9301      	str	r3, [sp, #4]
100039ee:	4ba2      	ldr	r3, [pc, #648]	@ (10003c78 <_ftoa+0x340>)
100039f0:	9300      	str	r3, [sp, #0]
100039f2:	464b      	mov	r3, r9
100039f4:	465a      	mov	r2, fp
100039f6:	9907      	ldr	r1, [sp, #28]
100039f8:	9806      	ldr	r0, [sp, #24]
100039fa:	f7ff fbe3 	bl	100031c4 <_out_rev>
100039fe:	e0ff      	b.n	10003c00 <_ftoa+0x2c8>
10003a00:	2304      	movs	r3, #4
10003a02:	9a22      	ldr	r2, [sp, #136]	@ 0x88
10003a04:	401a      	ands	r2, r3
10003a06:	9922      	ldr	r1, [sp, #136]	@ 0x88
10003a08:	420b      	tst	r3, r1
10003a0a:	d010      	beq.n	10003a2e <_ftoa+0xf6>
10003a0c:	4b9b      	ldr	r3, [pc, #620]	@ (10003c7c <_ftoa+0x344>)
10003a0e:	2a00      	cmp	r2, #0
10003a10:	d00f      	beq.n	10003a32 <_ftoa+0xfa>
10003a12:	2204      	movs	r2, #4
10003a14:	9922      	ldr	r1, [sp, #136]	@ 0x88
10003a16:	9103      	str	r1, [sp, #12]
10003a18:	9921      	ldr	r1, [sp, #132]	@ 0x84
10003a1a:	9102      	str	r1, [sp, #8]
10003a1c:	9201      	str	r2, [sp, #4]
10003a1e:	9300      	str	r3, [sp, #0]
10003a20:	464b      	mov	r3, r9
10003a22:	465a      	mov	r2, fp
10003a24:	9907      	ldr	r1, [sp, #28]
10003a26:	9806      	ldr	r0, [sp, #24]
10003a28:	f7ff fbcc 	bl	100031c4 <_out_rev>
10003a2c:	e0e8      	b.n	10003c00 <_ftoa+0x2c8>
10003a2e:	4b94      	ldr	r3, [pc, #592]	@ (10003c80 <_ftoa+0x348>)
10003a30:	e7ed      	b.n	10003a0e <_ftoa+0xd6>
10003a32:	2203      	movs	r2, #3
10003a34:	e7ee      	b.n	10003a14 <_ftoa+0xdc>
10003a36:	9b22      	ldr	r3, [sp, #136]	@ 0x88
10003a38:	9304      	str	r3, [sp, #16]
10003a3a:	9b21      	ldr	r3, [sp, #132]	@ 0x84
10003a3c:	9303      	str	r3, [sp, #12]
10003a3e:	9702      	str	r7, [sp, #8]
10003a40:	9b1e      	ldr	r3, [sp, #120]	@ 0x78
10003a42:	9c1f      	ldr	r4, [sp, #124]	@ 0x7c
10003a44:	9300      	str	r3, [sp, #0]
10003a46:	9401      	str	r4, [sp, #4]
10003a48:	464b      	mov	r3, r9
10003a4a:	465a      	mov	r2, fp
10003a4c:	9907      	ldr	r1, [sp, #28]
10003a4e:	9806      	ldr	r0, [sp, #24]
10003a50:	f7ff fd68 	bl	10003524 <_etoa>
10003a54:	e0d4      	b.n	10003c00 <_ftoa+0x2c8>
10003a56:	9a1e      	ldr	r2, [sp, #120]	@ 0x78
10003a58:	9b1f      	ldr	r3, [sp, #124]	@ 0x7c
10003a5a:	2000      	movs	r0, #0
10003a5c:	2100      	movs	r1, #0
10003a5e:	f7fe fed2 	bl	10002806 <__wrap___aeabi_dsub>
10003a62:	901e      	str	r0, [sp, #120]	@ 0x78
10003a64:	911f      	str	r1, [sp, #124]	@ 0x7c
10003a66:	2301      	movs	r3, #1
10003a68:	4698      	mov	r8, r3
10003a6a:	e7a5      	b.n	100039b8 <_ftoa+0x80>
10003a6c:	ab0c      	add	r3, sp, #48	@ 0x30
10003a6e:	2230      	movs	r2, #48	@ 0x30
10003a70:	551a      	strb	r2, [r3, r4]
10003a72:	3f01      	subs	r7, #1
10003a74:	3401      	adds	r4, #1
10003a76:	2c1f      	cmp	r4, #31
10003a78:	d801      	bhi.n	10003a7e <_ftoa+0x146>
10003a7a:	2f09      	cmp	r7, #9
10003a7c:	d8f6      	bhi.n	10003a6c <_ftoa+0x134>
10003a7e:	981e      	ldr	r0, [sp, #120]	@ 0x78
10003a80:	991f      	ldr	r1, [sp, #124]	@ 0x7c
10003a82:	f7fe ff77 	bl	10002974 <__wrap___aeabi_d2iz>
10003a86:	0005      	movs	r5, r0
10003a88:	f7fe ff5c 	bl	10002944 <__wrap___aeabi_i2d>
10003a8c:	0002      	movs	r2, r0
10003a8e:	000b      	movs	r3, r1
10003a90:	981e      	ldr	r0, [sp, #120]	@ 0x78
10003a92:	991f      	ldr	r1, [sp, #124]	@ 0x7c
10003a94:	f7fe feb7 	bl	10002806 <__wrap___aeabi_dsub>
10003a98:	00fa      	lsls	r2, r7, #3
10003a9a:	4b7a      	ldr	r3, [pc, #488]	@ (10003c84 <_ftoa+0x34c>)
10003a9c:	189b      	adds	r3, r3, r2
10003a9e:	681a      	ldr	r2, [r3, #0]
10003aa0:	685b      	ldr	r3, [r3, #4]
10003aa2:	920a      	str	r2, [sp, #40]	@ 0x28
10003aa4:	930b      	str	r3, [sp, #44]	@ 0x2c
10003aa6:	f7fe fede 	bl	10002866 <__wrap___aeabi_dmul>
10003aaa:	9008      	str	r0, [sp, #32]
10003aac:	9109      	str	r1, [sp, #36]	@ 0x24
10003aae:	f7fe ff85 	bl	100029bc <__wrap___aeabi_d2uiz>
10003ab2:	0006      	movs	r6, r0
10003ab4:	f7fe ff42 	bl	1000293c <__wrap___aeabi_ui2d>
10003ab8:	0002      	movs	r2, r0
10003aba:	000b      	movs	r3, r1
10003abc:	9808      	ldr	r0, [sp, #32]
10003abe:	9909      	ldr	r1, [sp, #36]	@ 0x24
10003ac0:	f7fe fea1 	bl	10002806 <__wrap___aeabi_dsub>
10003ac4:	9008      	str	r0, [sp, #32]
10003ac6:	9109      	str	r1, [sp, #36]	@ 0x24
10003ac8:	2200      	movs	r2, #0
10003aca:	4b6f      	ldr	r3, [pc, #444]	@ (10003c88 <_ftoa+0x350>)
10003acc:	f7fe ff24 	bl	10002918 <__wrap___aeabi_dcmpgt>
10003ad0:	2800      	cmp	r0, #0
10003ad2:	d02e      	beq.n	10003b32 <_ftoa+0x1fa>
10003ad4:	3601      	adds	r6, #1
10003ad6:	0030      	movs	r0, r6
10003ad8:	f7fe ff30 	bl	1000293c <__wrap___aeabi_ui2d>
10003adc:	0002      	movs	r2, r0
10003ade:	000b      	movs	r3, r1
10003ae0:	980a      	ldr	r0, [sp, #40]	@ 0x28
10003ae2:	990b      	ldr	r1, [sp, #44]	@ 0x2c
10003ae4:	f7fe ff08 	bl	100028f8 <__wrap___aeabi_dcmple>
10003ae8:	2800      	cmp	r0, #0
10003aea:	d001      	beq.n	10003af0 <_ftoa+0x1b8>
10003aec:	3501      	adds	r5, #1
10003aee:	2600      	movs	r6, #0
10003af0:	2f00      	cmp	r7, #0
10003af2:	d12c      	bne.n	10003b4e <_ftoa+0x216>
10003af4:	0028      	movs	r0, r5
10003af6:	f7fe ff25 	bl	10002944 <__wrap___aeabi_i2d>
10003afa:	0002      	movs	r2, r0
10003afc:	000b      	movs	r3, r1
10003afe:	981e      	ldr	r0, [sp, #120]	@ 0x78
10003b00:	991f      	ldr	r1, [sp, #124]	@ 0x7c
10003b02:	f7fe fe80 	bl	10002806 <__wrap___aeabi_dsub>
10003b06:	0006      	movs	r6, r0
10003b08:	000f      	movs	r7, r1
10003b0a:	2200      	movs	r2, #0
10003b0c:	4b5e      	ldr	r3, [pc, #376]	@ (10003c88 <_ftoa+0x350>)
10003b0e:	f7fe feed 	bl	100028ec <__wrap___aeabi_dcmplt>
10003b12:	2800      	cmp	r0, #0
10003b14:	d146      	bne.n	10003ba4 <_ftoa+0x26c>
10003b16:	2200      	movs	r2, #0
10003b18:	4b5b      	ldr	r3, [pc, #364]	@ (10003c88 <_ftoa+0x350>)
10003b1a:	0030      	movs	r0, r6
10003b1c:	0039      	movs	r1, r7
10003b1e:	f7fe fefb 	bl	10002918 <__wrap___aeabi_dcmpgt>
10003b22:	2800      	cmp	r0, #0
10003b24:	d13e      	bne.n	10003ba4 <_ftoa+0x26c>
10003b26:	07eb      	lsls	r3, r5, #31
10003b28:	d53c      	bpl.n	10003ba4 <_ftoa+0x26c>
10003b2a:	3501      	adds	r5, #1
10003b2c:	e03a      	b.n	10003ba4 <_ftoa+0x26c>
10003b2e:	2706      	movs	r7, #6
10003b30:	e746      	b.n	100039c0 <_ftoa+0x88>
10003b32:	2200      	movs	r2, #0
10003b34:	4b54      	ldr	r3, [pc, #336]	@ (10003c88 <_ftoa+0x350>)
10003b36:	9808      	ldr	r0, [sp, #32]
10003b38:	9909      	ldr	r1, [sp, #36]	@ 0x24
10003b3a:	f7fe fed7 	bl	100028ec <__wrap___aeabi_dcmplt>
10003b3e:	2800      	cmp	r0, #0
10003b40:	d1d6      	bne.n	10003af0 <_ftoa+0x1b8>
10003b42:	2e00      	cmp	r6, #0
10003b44:	d001      	beq.n	10003b4a <_ftoa+0x212>
10003b46:	07f3      	lsls	r3, r6, #31
10003b48:	d5d2      	bpl.n	10003af0 <_ftoa+0x1b8>
10003b4a:	3601      	adds	r6, #1
10003b4c:	e7d0      	b.n	10003af0 <_ftoa+0x1b8>
10003b4e:	46aa      	mov	sl, r5
10003b50:	2c1f      	cmp	r4, #31
10003b52:	d811      	bhi.n	10003b78 <_ftoa+0x240>
10003b54:	3f01      	subs	r7, #1
10003b56:	210a      	movs	r1, #10
10003b58:	0030      	movs	r0, r6
10003b5a:	f7fe fc19 	bl	10002390 <__wrap___aeabi_uidiv>
10003b5e:	1c65      	adds	r5, r4, #1
10003b60:	3130      	adds	r1, #48	@ 0x30
10003b62:	ab0c      	add	r3, sp, #48	@ 0x30
10003b64:	5519      	strb	r1, [r3, r4]
10003b66:	210a      	movs	r1, #10
10003b68:	0030      	movs	r0, r6
10003b6a:	f7fe fc11 	bl	10002390 <__wrap___aeabi_uidiv>
10003b6e:	2e09      	cmp	r6, #9
10003b70:	d90e      	bls.n	10003b90 <_ftoa+0x258>
10003b72:	0006      	movs	r6, r0
10003b74:	002c      	movs	r4, r5
10003b76:	e7eb      	b.n	10003b50 <_ftoa+0x218>
10003b78:	4655      	mov	r5, sl
10003b7a:	2c1f      	cmp	r4, #31
10003b7c:	d80c      	bhi.n	10003b98 <_ftoa+0x260>
10003b7e:	1e7b      	subs	r3, r7, #1
10003b80:	2f00      	cmp	r7, #0
10003b82:	d009      	beq.n	10003b98 <_ftoa+0x260>
10003b84:	aa0c      	add	r2, sp, #48	@ 0x30
10003b86:	2130      	movs	r1, #48	@ 0x30
10003b88:	5511      	strb	r1, [r2, r4]
10003b8a:	001f      	movs	r7, r3
10003b8c:	3401      	adds	r4, #1
10003b8e:	e7f4      	b.n	10003b7a <_ftoa+0x242>
10003b90:	002b      	movs	r3, r5
10003b92:	4655      	mov	r5, sl
10003b94:	001c      	movs	r4, r3
10003b96:	e7f0      	b.n	10003b7a <_ftoa+0x242>
10003b98:	2c1f      	cmp	r4, #31
10003b9a:	d803      	bhi.n	10003ba4 <_ftoa+0x26c>
10003b9c:	ab0c      	add	r3, sp, #48	@ 0x30
10003b9e:	222e      	movs	r2, #46	@ 0x2e
10003ba0:	551a      	strb	r2, [r3, r4]
10003ba2:	3401      	adds	r4, #1
10003ba4:	2c1f      	cmp	r4, #31
10003ba6:	d810      	bhi.n	10003bca <_ftoa+0x292>
10003ba8:	210a      	movs	r1, #10
10003baa:	0028      	movs	r0, r5
10003bac:	f7fe fbc8 	bl	10002340 <__wrap___aeabi_idiv>
10003bb0:	1c66      	adds	r6, r4, #1
10003bb2:	3130      	adds	r1, #48	@ 0x30
10003bb4:	ab0c      	add	r3, sp, #48	@ 0x30
10003bb6:	5519      	strb	r1, [r3, r4]
10003bb8:	210a      	movs	r1, #10
10003bba:	0028      	movs	r0, r5
10003bbc:	f7fe fbc0 	bl	10002340 <__wrap___aeabi_idiv>
10003bc0:	1e05      	subs	r5, r0, #0
10003bc2:	d001      	beq.n	10003bc8 <_ftoa+0x290>
10003bc4:	0034      	movs	r4, r6
10003bc6:	e7ed      	b.n	10003ba4 <_ftoa+0x26c>
10003bc8:	0034      	movs	r4, r6
10003bca:	2303      	movs	r3, #3
10003bcc:	9a22      	ldr	r2, [sp, #136]	@ 0x88
10003bce:	4013      	ands	r3, r2
10003bd0:	2b01      	cmp	r3, #1
10003bd2:	d01c      	beq.n	10003c0e <_ftoa+0x2d6>
10003bd4:	2c1f      	cmp	r4, #31
10003bd6:	d806      	bhi.n	10003be6 <_ftoa+0x2ae>
10003bd8:	4643      	mov	r3, r8
10003bda:	2b00      	cmp	r3, #0
10003bdc:	d032      	beq.n	10003c44 <_ftoa+0x30c>
10003bde:	ab0c      	add	r3, sp, #48	@ 0x30
10003be0:	222d      	movs	r2, #45	@ 0x2d
10003be2:	551a      	strb	r2, [r3, r4]
10003be4:	3401      	adds	r4, #1
10003be6:	9b22      	ldr	r3, [sp, #136]	@ 0x88
10003be8:	9303      	str	r3, [sp, #12]
10003bea:	9b21      	ldr	r3, [sp, #132]	@ 0x84
10003bec:	9302      	str	r3, [sp, #8]
10003bee:	9401      	str	r4, [sp, #4]
10003bf0:	ab0c      	add	r3, sp, #48	@ 0x30
10003bf2:	9300      	str	r3, [sp, #0]
10003bf4:	464b      	mov	r3, r9
10003bf6:	465a      	mov	r2, fp
10003bf8:	9907      	ldr	r1, [sp, #28]
10003bfa:	9806      	ldr	r0, [sp, #24]
10003bfc:	f7ff fae2 	bl	100031c4 <_out_rev>
10003c00:	b015      	add	sp, #84	@ 0x54
10003c02:	bcf0      	pop	{r4, r5, r6, r7}
10003c04:	46bb      	mov	fp, r7
10003c06:	46b2      	mov	sl, r6
10003c08:	46a9      	mov	r9, r5
10003c0a:	46a0      	mov	r8, r4
10003c0c:	bdf0      	pop	{r4, r5, r6, r7, pc}
10003c0e:	9b21      	ldr	r3, [sp, #132]	@ 0x84
10003c10:	2b00      	cmp	r3, #0
10003c12:	d013      	beq.n	10003c3c <_ftoa+0x304>
10003c14:	4643      	mov	r3, r8
10003c16:	2b00      	cmp	r3, #0
10003c18:	d102      	bne.n	10003c20 <_ftoa+0x2e8>
10003c1a:	330c      	adds	r3, #12
10003c1c:	4213      	tst	r3, r2
10003c1e:	d00f      	beq.n	10003c40 <_ftoa+0x308>
10003c20:	9b21      	ldr	r3, [sp, #132]	@ 0x84
10003c22:	3b01      	subs	r3, #1
10003c24:	9321      	str	r3, [sp, #132]	@ 0x84
10003c26:	0019      	movs	r1, r3
10003c28:	e003      	b.n	10003c32 <_ftoa+0x2fa>
10003c2a:	ab0c      	add	r3, sp, #48	@ 0x30
10003c2c:	2230      	movs	r2, #48	@ 0x30
10003c2e:	551a      	strb	r2, [r3, r4]
10003c30:	3401      	adds	r4, #1
10003c32:	428c      	cmp	r4, r1
10003c34:	d2ce      	bcs.n	10003bd4 <_ftoa+0x29c>
10003c36:	2c1f      	cmp	r4, #31
10003c38:	d9f7      	bls.n	10003c2a <_ftoa+0x2f2>
10003c3a:	e7cb      	b.n	10003bd4 <_ftoa+0x29c>
10003c3c:	9921      	ldr	r1, [sp, #132]	@ 0x84
10003c3e:	e7f8      	b.n	10003c32 <_ftoa+0x2fa>
10003c40:	9921      	ldr	r1, [sp, #132]	@ 0x84
10003c42:	e7f6      	b.n	10003c32 <_ftoa+0x2fa>
10003c44:	9b22      	ldr	r3, [sp, #136]	@ 0x88
10003c46:	075b      	lsls	r3, r3, #29
10003c48:	d504      	bpl.n	10003c54 <_ftoa+0x31c>
10003c4a:	ab0c      	add	r3, sp, #48	@ 0x30
10003c4c:	222b      	movs	r2, #43	@ 0x2b
10003c4e:	551a      	strb	r2, [r3, r4]
10003c50:	3401      	adds	r4, #1
10003c52:	e7c8      	b.n	10003be6 <_ftoa+0x2ae>
10003c54:	9b22      	ldr	r3, [sp, #136]	@ 0x88
10003c56:	071b      	lsls	r3, r3, #28
10003c58:	d5c5      	bpl.n	10003be6 <_ftoa+0x2ae>
10003c5a:	ab0c      	add	r3, sp, #48	@ 0x30
10003c5c:	2220      	movs	r2, #32
10003c5e:	551a      	strb	r2, [r3, r4]
10003c60:	3401      	adds	r4, #1
10003c62:	e7c0      	b.n	10003be6 <_ftoa+0x2ae>
10003c64:	ffefffff 	.word	0xffefffff
10003c68:	7fefffff 	.word	0x7fefffff
10003c6c:	41cdcd65 	.word	0x41cdcd65
10003c70:	c1cdcd65 	.word	0xc1cdcd65
10003c74:	10009a64 	.word	0x10009a64
10003c78:	10009a68 	.word	0x10009a68
10003c7c:	10009a5c 	.word	0x10009a5c
10003c80:	10009a58 	.word	0x10009a58
10003c84:	10009c50 	.word	0x10009c50
10003c88:	3fe00000 	.word	0x3fe00000

10003c8c <_vsnprintf>:
10003c8c:	b5f0      	push	{r4, r5, r6, r7, lr}
10003c8e:	46de      	mov	lr, fp
10003c90:	4657      	mov	r7, sl
10003c92:	464e      	mov	r6, r9
10003c94:	4645      	mov	r5, r8
10003c96:	b5e0      	push	{r5, r6, r7, lr}
10003c98:	b093      	sub	sp, #76	@ 0x4c
10003c9a:	4682      	mov	sl, r0
10003c9c:	468b      	mov	fp, r1
10003c9e:	4690      	mov	r8, r2
10003ca0:	9311      	str	r3, [sp, #68]	@ 0x44
10003ca2:	2900      	cmp	r1, #0
10003ca4:	d100      	bne.n	10003ca8 <_vsnprintf+0x1c>
10003ca6:	e2eb      	b.n	10004280 <_vsnprintf+0x5f4>
10003ca8:	2700      	movs	r7, #0
10003caa:	4655      	mov	r5, sl
10003cac:	9b11      	ldr	r3, [sp, #68]	@ 0x44
10003cae:	7818      	ldrb	r0, [r3, #0]
10003cb0:	2800      	cmp	r0, #0
10003cb2:	d100      	bne.n	10003cb6 <_vsnprintf+0x2a>
10003cb4:	e2e7      	b.n	10004286 <_vsnprintf+0x5fa>
10003cb6:	2825      	cmp	r0, #37	@ 0x25
10003cb8:	d009      	beq.n	10003cce <_vsnprintf+0x42>
10003cba:	1c7c      	adds	r4, r7, #1
10003cbc:	4643      	mov	r3, r8
10003cbe:	003a      	movs	r2, r7
10003cc0:	4659      	mov	r1, fp
10003cc2:	47a8      	blx	r5
10003cc4:	9b11      	ldr	r3, [sp, #68]	@ 0x44
10003cc6:	3301      	adds	r3, #1
10003cc8:	9311      	str	r3, [sp, #68]	@ 0x44
10003cca:	0027      	movs	r7, r4
10003ccc:	e7ee      	b.n	10003cac <_vsnprintf+0x20>
10003cce:	3301      	adds	r3, #1
10003cd0:	9311      	str	r3, [sp, #68]	@ 0x44
10003cd2:	2400      	movs	r4, #0
10003cd4:	9a11      	ldr	r2, [sp, #68]	@ 0x44
10003cd6:	7811      	ldrb	r1, [r2, #0]
10003cd8:	000b      	movs	r3, r1
10003cda:	3b20      	subs	r3, #32
10003cdc:	b2d8      	uxtb	r0, r3
10003cde:	2810      	cmp	r0, #16
10003ce0:	d803      	bhi.n	10003cea <_vsnprintf+0x5e>
10003ce2:	0083      	lsls	r3, r0, #2
10003ce4:	48d0      	ldr	r0, [pc, #832]	@ (10004028 <_vsnprintf+0x39c>)
10003ce6:	58c3      	ldr	r3, [r0, r3]
10003ce8:	469f      	mov	pc, r3
10003cea:	000b      	movs	r3, r1
10003cec:	3b30      	subs	r3, #48	@ 0x30
10003cee:	b2db      	uxtb	r3, r3
10003cf0:	2b09      	cmp	r3, #9
10003cf2:	d92c      	bls.n	10003d4e <_vsnprintf+0xc2>
10003cf4:	292a      	cmp	r1, #42	@ 0x2a
10003cf6:	d02f      	beq.n	10003d58 <_vsnprintf+0xcc>
10003cf8:	2300      	movs	r3, #0
10003cfa:	930a      	str	r3, [sp, #40]	@ 0x28
10003cfc:	9b11      	ldr	r3, [sp, #68]	@ 0x44
10003cfe:	781a      	ldrb	r2, [r3, #0]
10003d00:	2a2e      	cmp	r2, #46	@ 0x2e
10003d02:	d039      	beq.n	10003d78 <_vsnprintf+0xec>
10003d04:	2300      	movs	r3, #0
10003d06:	469a      	mov	sl, r3
10003d08:	9a11      	ldr	r2, [sp, #68]	@ 0x44
10003d0a:	7813      	ldrb	r3, [r2, #0]
10003d0c:	3b68      	subs	r3, #104	@ 0x68
10003d0e:	b2d9      	uxtb	r1, r3
10003d10:	2912      	cmp	r1, #18
10003d12:	d876      	bhi.n	10003e02 <_vsnprintf+0x176>
10003d14:	008b      	lsls	r3, r1, #2
10003d16:	49c5      	ldr	r1, [pc, #788]	@ (1000402c <_vsnprintf+0x3a0>)
10003d18:	58cb      	ldr	r3, [r1, r3]
10003d1a:	469f      	mov	pc, r3
10003d1c:	2301      	movs	r3, #1
10003d1e:	431c      	orrs	r4, r3
10003d20:	3201      	adds	r2, #1
10003d22:	9211      	str	r2, [sp, #68]	@ 0x44
10003d24:	e7d6      	b.n	10003cd4 <_vsnprintf+0x48>
10003d26:	2302      	movs	r3, #2
10003d28:	431c      	orrs	r4, r3
10003d2a:	3201      	adds	r2, #1
10003d2c:	9211      	str	r2, [sp, #68]	@ 0x44
10003d2e:	e7d1      	b.n	10003cd4 <_vsnprintf+0x48>
10003d30:	2304      	movs	r3, #4
10003d32:	431c      	orrs	r4, r3
10003d34:	3201      	adds	r2, #1
10003d36:	9211      	str	r2, [sp, #68]	@ 0x44
10003d38:	e7cc      	b.n	10003cd4 <_vsnprintf+0x48>
10003d3a:	2308      	movs	r3, #8
10003d3c:	431c      	orrs	r4, r3
10003d3e:	3201      	adds	r2, #1
10003d40:	9211      	str	r2, [sp, #68]	@ 0x44
10003d42:	e7c7      	b.n	10003cd4 <_vsnprintf+0x48>
10003d44:	2310      	movs	r3, #16
10003d46:	431c      	orrs	r4, r3
10003d48:	3201      	adds	r2, #1
10003d4a:	9211      	str	r2, [sp, #68]	@ 0x44
10003d4c:	e7c2      	b.n	10003cd4 <_vsnprintf+0x48>
10003d4e:	a811      	add	r0, sp, #68	@ 0x44
10003d50:	f7ff fa26 	bl	100031a0 <_atoi>
10003d54:	900a      	str	r0, [sp, #40]	@ 0x28
10003d56:	e7d1      	b.n	10003cfc <_vsnprintf+0x70>
10003d58:	9b1c      	ldr	r3, [sp, #112]	@ 0x70
10003d5a:	1d1a      	adds	r2, r3, #4
10003d5c:	921c      	str	r2, [sp, #112]	@ 0x70
10003d5e:	6818      	ldr	r0, [r3, #0]
10003d60:	2800      	cmp	r0, #0
10003d62:	db04      	blt.n	10003d6e <_vsnprintf+0xe2>
10003d64:	900a      	str	r0, [sp, #40]	@ 0x28
10003d66:	9b11      	ldr	r3, [sp, #68]	@ 0x44
10003d68:	3301      	adds	r3, #1
10003d6a:	9311      	str	r3, [sp, #68]	@ 0x44
10003d6c:	e7c6      	b.n	10003cfc <_vsnprintf+0x70>
10003d6e:	2302      	movs	r3, #2
10003d70:	431c      	orrs	r4, r3
10003d72:	4243      	negs	r3, r0
10003d74:	930a      	str	r3, [sp, #40]	@ 0x28
10003d76:	e7f6      	b.n	10003d66 <_vsnprintf+0xda>
10003d78:	2280      	movs	r2, #128	@ 0x80
10003d7a:	00d2      	lsls	r2, r2, #3
10003d7c:	4314      	orrs	r4, r2
10003d7e:	1c5a      	adds	r2, r3, #1
10003d80:	9211      	str	r2, [sp, #68]	@ 0x44
10003d82:	785a      	ldrb	r2, [r3, #1]
10003d84:	0013      	movs	r3, r2
10003d86:	3b30      	subs	r3, #48	@ 0x30
10003d88:	b2db      	uxtb	r3, r3
10003d8a:	2b09      	cmp	r3, #9
10003d8c:	d904      	bls.n	10003d98 <_vsnprintf+0x10c>
10003d8e:	2a2a      	cmp	r2, #42	@ 0x2a
10003d90:	d007      	beq.n	10003da2 <_vsnprintf+0x116>
10003d92:	2300      	movs	r3, #0
10003d94:	469a      	mov	sl, r3
10003d96:	e7b7      	b.n	10003d08 <_vsnprintf+0x7c>
10003d98:	a811      	add	r0, sp, #68	@ 0x44
10003d9a:	f7ff fa01 	bl	100031a0 <_atoi>
10003d9e:	4682      	mov	sl, r0
10003da0:	e7b2      	b.n	10003d08 <_vsnprintf+0x7c>
10003da2:	9b1c      	ldr	r3, [sp, #112]	@ 0x70
10003da4:	1d1a      	adds	r2, r3, #4
10003da6:	921c      	str	r2, [sp, #112]	@ 0x70
10003da8:	6818      	ldr	r0, [r3, #0]
10003daa:	2800      	cmp	r0, #0
10003dac:	db04      	blt.n	10003db8 <_vsnprintf+0x12c>
10003dae:	4682      	mov	sl, r0
10003db0:	9b11      	ldr	r3, [sp, #68]	@ 0x44
10003db2:	3301      	adds	r3, #1
10003db4:	9311      	str	r3, [sp, #68]	@ 0x44
10003db6:	e7a7      	b.n	10003d08 <_vsnprintf+0x7c>
10003db8:	2000      	movs	r0, #0
10003dba:	e7f8      	b.n	10003dae <_vsnprintf+0x122>
10003dbc:	2380      	movs	r3, #128	@ 0x80
10003dbe:	005b      	lsls	r3, r3, #1
10003dc0:	4323      	orrs	r3, r4
10003dc2:	1c51      	adds	r1, r2, #1
10003dc4:	9111      	str	r1, [sp, #68]	@ 0x44
10003dc6:	7852      	ldrb	r2, [r2, #1]
10003dc8:	2a6c      	cmp	r2, #108	@ 0x6c
10003dca:	d001      	beq.n	10003dd0 <_vsnprintf+0x144>
10003dcc:	001c      	movs	r4, r3
10003dce:	e018      	b.n	10003e02 <_vsnprintf+0x176>
10003dd0:	23c0      	movs	r3, #192	@ 0xc0
10003dd2:	009b      	lsls	r3, r3, #2
10003dd4:	431c      	orrs	r4, r3
10003dd6:	3101      	adds	r1, #1
10003dd8:	9111      	str	r1, [sp, #68]	@ 0x44
10003dda:	e012      	b.n	10003e02 <_vsnprintf+0x176>
10003ddc:	2380      	movs	r3, #128	@ 0x80
10003dde:	4323      	orrs	r3, r4
10003de0:	1c51      	adds	r1, r2, #1
10003de2:	9111      	str	r1, [sp, #68]	@ 0x44
10003de4:	7852      	ldrb	r2, [r2, #1]
10003de6:	2a68      	cmp	r2, #104	@ 0x68
10003de8:	d001      	beq.n	10003dee <_vsnprintf+0x162>
10003dea:	001c      	movs	r4, r3
10003dec:	e009      	b.n	10003e02 <_vsnprintf+0x176>
10003dee:	23c0      	movs	r3, #192	@ 0xc0
10003df0:	431c      	orrs	r4, r3
10003df2:	3101      	adds	r1, #1
10003df4:	9111      	str	r1, [sp, #68]	@ 0x44
10003df6:	e004      	b.n	10003e02 <_vsnprintf+0x176>
10003df8:	2380      	movs	r3, #128	@ 0x80
10003dfa:	005b      	lsls	r3, r3, #1
10003dfc:	431c      	orrs	r4, r3
10003dfe:	3201      	adds	r2, #1
10003e00:	9211      	str	r2, [sp, #68]	@ 0x44
10003e02:	9b11      	ldr	r3, [sp, #68]	@ 0x44
10003e04:	7818      	ldrb	r0, [r3, #0]
10003e06:	0003      	movs	r3, r0
10003e08:	3b25      	subs	r3, #37	@ 0x25
10003e0a:	b2da      	uxtb	r2, r3
10003e0c:	2a53      	cmp	r2, #83	@ 0x53
10003e0e:	d900      	bls.n	10003e12 <_vsnprintf+0x186>
10003e10:	e22c      	b.n	1000426c <_vsnprintf+0x5e0>
10003e12:	0093      	lsls	r3, r2, #2
10003e14:	4a86      	ldr	r2, [pc, #536]	@ (10004030 <_vsnprintf+0x3a4>)
10003e16:	58d3      	ldr	r3, [r2, r3]
10003e18:	469f      	mov	pc, r3
10003e1a:	2380      	movs	r3, #128	@ 0x80
10003e1c:	009b      	lsls	r3, r3, #2
10003e1e:	431c      	orrs	r4, r3
10003e20:	3201      	adds	r2, #1
10003e22:	9211      	str	r2, [sp, #68]	@ 0x44
10003e24:	e7ed      	b.n	10003e02 <_vsnprintf+0x176>
10003e26:	2380      	movs	r3, #128	@ 0x80
10003e28:	005b      	lsls	r3, r3, #1
10003e2a:	431c      	orrs	r4, r3
10003e2c:	3201      	adds	r2, #1
10003e2e:	9211      	str	r2, [sp, #68]	@ 0x44
10003e30:	e7e7      	b.n	10003e02 <_vsnprintf+0x176>
10003e32:	2878      	cmp	r0, #120	@ 0x78
10003e34:	d009      	beq.n	10003e4a <_vsnprintf+0x1be>
10003e36:	2858      	cmp	r0, #88	@ 0x58
10003e38:	d038      	beq.n	10003eac <_vsnprintf+0x220>
10003e3a:	286f      	cmp	r0, #111	@ 0x6f
10003e3c:	d038      	beq.n	10003eb0 <_vsnprintf+0x224>
10003e3e:	2862      	cmp	r0, #98	@ 0x62
10003e40:	d038      	beq.n	10003eb4 <_vsnprintf+0x228>
10003e42:	2310      	movs	r3, #16
10003e44:	439c      	bics	r4, r3
10003e46:	260a      	movs	r6, #10
10003e48:	e000      	b.n	10003e4c <_vsnprintf+0x1c0>
10003e4a:	2610      	movs	r6, #16
10003e4c:	2858      	cmp	r0, #88	@ 0x58
10003e4e:	d033      	beq.n	10003eb8 <_vsnprintf+0x22c>
10003e50:	2869      	cmp	r0, #105	@ 0x69
10003e52:	d003      	beq.n	10003e5c <_vsnprintf+0x1d0>
10003e54:	2864      	cmp	r0, #100	@ 0x64
10003e56:	d001      	beq.n	10003e5c <_vsnprintf+0x1d0>
10003e58:	220c      	movs	r2, #12
10003e5a:	4394      	bics	r4, r2
10003e5c:	0563      	lsls	r3, r4, #21
10003e5e:	d501      	bpl.n	10003e64 <_vsnprintf+0x1d8>
10003e60:	2201      	movs	r2, #1
10003e62:	4394      	bics	r4, r2
10003e64:	2869      	cmp	r0, #105	@ 0x69
10003e66:	d02a      	beq.n	10003ebe <_vsnprintf+0x232>
10003e68:	2864      	cmp	r0, #100	@ 0x64
10003e6a:	d028      	beq.n	10003ebe <_vsnprintf+0x232>
10003e6c:	05a3      	lsls	r3, r4, #22
10003e6e:	d500      	bpl.n	10003e72 <_vsnprintf+0x1e6>
10003e70:	e09f      	b.n	10003fb2 <_vsnprintf+0x326>
10003e72:	05e3      	lsls	r3, r4, #23
10003e74:	d500      	bpl.n	10003e78 <_vsnprintf+0x1ec>
10003e76:	e0b8      	b.n	10003fea <_vsnprintf+0x35e>
10003e78:	0663      	lsls	r3, r4, #25
10003e7a:	d400      	bmi.n	10003e7e <_vsnprintf+0x1f2>
10003e7c:	e0ca      	b.n	10004014 <_vsnprintf+0x388>
10003e7e:	9a1c      	ldr	r2, [sp, #112]	@ 0x70
10003e80:	1d11      	adds	r1, r2, #4
10003e82:	911c      	str	r1, [sp, #112]	@ 0x70
10003e84:	6811      	ldr	r1, [r2, #0]
10003e86:	22ff      	movs	r2, #255	@ 0xff
10003e88:	400a      	ands	r2, r1
10003e8a:	9405      	str	r4, [sp, #20]
10003e8c:	9b0a      	ldr	r3, [sp, #40]	@ 0x28
10003e8e:	9304      	str	r3, [sp, #16]
10003e90:	4653      	mov	r3, sl
10003e92:	9303      	str	r3, [sp, #12]
10003e94:	9602      	str	r6, [sp, #8]
10003e96:	2300      	movs	r3, #0
10003e98:	9301      	str	r3, [sp, #4]
10003e9a:	9200      	str	r2, [sp, #0]
10003e9c:	4643      	mov	r3, r8
10003e9e:	003a      	movs	r2, r7
10003ea0:	4659      	mov	r1, fp
10003ea2:	0028      	movs	r0, r5
10003ea4:	f7ff fa6e 	bl	10003384 <_ntoa_long>
10003ea8:	0007      	movs	r7, r0
10003eaa:	e027      	b.n	10003efc <_vsnprintf+0x270>
10003eac:	2610      	movs	r6, #16
10003eae:	e7cd      	b.n	10003e4c <_vsnprintf+0x1c0>
10003eb0:	2608      	movs	r6, #8
10003eb2:	e7cb      	b.n	10003e4c <_vsnprintf+0x1c0>
10003eb4:	2602      	movs	r6, #2
10003eb6:	e7c9      	b.n	10003e4c <_vsnprintf+0x1c0>
10003eb8:	2220      	movs	r2, #32
10003eba:	4314      	orrs	r4, r2
10003ebc:	e7c8      	b.n	10003e50 <_vsnprintf+0x1c4>
10003ebe:	05a3      	lsls	r3, r4, #22
10003ec0:	d420      	bmi.n	10003f04 <_vsnprintf+0x278>
10003ec2:	05e3      	lsls	r3, r4, #23
10003ec4:	d450      	bmi.n	10003f68 <_vsnprintf+0x2dc>
10003ec6:	0663      	lsls	r3, r4, #25
10003ec8:	d566      	bpl.n	10003f98 <_vsnprintf+0x30c>
10003eca:	9a1c      	ldr	r2, [sp, #112]	@ 0x70
10003ecc:	1d11      	adds	r1, r2, #4
10003ece:	911c      	str	r1, [sp, #112]	@ 0x70
10003ed0:	6811      	ldr	r1, [r2, #0]
10003ed2:	22ff      	movs	r2, #255	@ 0xff
10003ed4:	400a      	ands	r2, r1
10003ed6:	17d3      	asrs	r3, r2, #31
10003ed8:	18d1      	adds	r1, r2, r3
10003eda:	4059      	eors	r1, r3
10003edc:	9405      	str	r4, [sp, #20]
10003ede:	9b0a      	ldr	r3, [sp, #40]	@ 0x28
10003ee0:	9304      	str	r3, [sp, #16]
10003ee2:	4653      	mov	r3, sl
10003ee4:	9303      	str	r3, [sp, #12]
10003ee6:	9602      	str	r6, [sp, #8]
10003ee8:	0fd2      	lsrs	r2, r2, #31
10003eea:	9201      	str	r2, [sp, #4]
10003eec:	9100      	str	r1, [sp, #0]
10003eee:	4643      	mov	r3, r8
10003ef0:	003a      	movs	r2, r7
10003ef2:	4659      	mov	r1, fp
10003ef4:	0028      	movs	r0, r5
10003ef6:	f7ff fa45 	bl	10003384 <_ntoa_long>
10003efa:	0007      	movs	r7, r0
10003efc:	9b11      	ldr	r3, [sp, #68]	@ 0x44
10003efe:	3301      	adds	r3, #1
10003f00:	9311      	str	r3, [sp, #68]	@ 0x44
10003f02:	e6d3      	b.n	10003cac <_vsnprintf+0x20>
10003f04:	9b1c      	ldr	r3, [sp, #112]	@ 0x70
10003f06:	1dda      	adds	r2, r3, #7
10003f08:	2107      	movs	r1, #7
10003f0a:	438a      	bics	r2, r1
10003f0c:	0011      	movs	r1, r2
10003f0e:	3108      	adds	r1, #8
10003f10:	911c      	str	r1, [sp, #112]	@ 0x70
10003f12:	6811      	ldr	r1, [r2, #0]
10003f14:	6853      	ldr	r3, [r2, #4]
10003f16:	469c      	mov	ip, r3
10003f18:	17db      	asrs	r3, r3, #31
10003f1a:	930c      	str	r3, [sp, #48]	@ 0x30
10003f1c:	930d      	str	r3, [sp, #52]	@ 0x34
10003f1e:	9a0c      	ldr	r2, [sp, #48]	@ 0x30
10003f20:	9b0d      	ldr	r3, [sp, #52]	@ 0x34
10003f22:	0010      	movs	r0, r2
10003f24:	4048      	eors	r0, r1
10003f26:	900e      	str	r0, [sp, #56]	@ 0x38
10003f28:	4662      	mov	r2, ip
10003f2a:	4053      	eors	r3, r2
10003f2c:	930f      	str	r3, [sp, #60]	@ 0x3c
10003f2e:	980e      	ldr	r0, [sp, #56]	@ 0x38
10003f30:	990f      	ldr	r1, [sp, #60]	@ 0x3c
10003f32:	9a0c      	ldr	r2, [sp, #48]	@ 0x30
10003f34:	9b0d      	ldr	r3, [sp, #52]	@ 0x34
10003f36:	1a80      	subs	r0, r0, r2
10003f38:	4199      	sbcs	r1, r3
10003f3a:	900e      	str	r0, [sp, #56]	@ 0x38
10003f3c:	910f      	str	r1, [sp, #60]	@ 0x3c
10003f3e:	9408      	str	r4, [sp, #32]
10003f40:	9b0a      	ldr	r3, [sp, #40]	@ 0x28
10003f42:	9307      	str	r3, [sp, #28]
10003f44:	4653      	mov	r3, sl
10003f46:	9306      	str	r3, [sp, #24]
10003f48:	9604      	str	r6, [sp, #16]
10003f4a:	2300      	movs	r3, #0
10003f4c:	9305      	str	r3, [sp, #20]
10003f4e:	4663      	mov	r3, ip
10003f50:	0fda      	lsrs	r2, r3, #31
10003f52:	9202      	str	r2, [sp, #8]
10003f54:	9000      	str	r0, [sp, #0]
10003f56:	9101      	str	r1, [sp, #4]
10003f58:	4643      	mov	r3, r8
10003f5a:	003a      	movs	r2, r7
10003f5c:	4659      	mov	r1, fp
10003f5e:	0028      	movs	r0, r5
10003f60:	f7ff fa6e 	bl	10003440 <_ntoa_long_long>
10003f64:	0007      	movs	r7, r0
10003f66:	e7c9      	b.n	10003efc <_vsnprintf+0x270>
10003f68:	9a1c      	ldr	r2, [sp, #112]	@ 0x70
10003f6a:	1d11      	adds	r1, r2, #4
10003f6c:	911c      	str	r1, [sp, #112]	@ 0x70
10003f6e:	6812      	ldr	r2, [r2, #0]
10003f70:	17d3      	asrs	r3, r2, #31
10003f72:	18d1      	adds	r1, r2, r3
10003f74:	4059      	eors	r1, r3
10003f76:	9405      	str	r4, [sp, #20]
10003f78:	9b0a      	ldr	r3, [sp, #40]	@ 0x28
10003f7a:	9304      	str	r3, [sp, #16]
10003f7c:	4653      	mov	r3, sl
10003f7e:	9303      	str	r3, [sp, #12]
10003f80:	9602      	str	r6, [sp, #8]
10003f82:	0fd2      	lsrs	r2, r2, #31
10003f84:	9201      	str	r2, [sp, #4]
10003f86:	9100      	str	r1, [sp, #0]
10003f88:	4643      	mov	r3, r8
10003f8a:	003a      	movs	r2, r7
10003f8c:	4659      	mov	r1, fp
10003f8e:	0028      	movs	r0, r5
10003f90:	f7ff f9f8 	bl	10003384 <_ntoa_long>
10003f94:	0007      	movs	r7, r0
10003f96:	e7b1      	b.n	10003efc <_vsnprintf+0x270>
10003f98:	0623      	lsls	r3, r4, #24
10003f9a:	d505      	bpl.n	10003fa8 <_vsnprintf+0x31c>
10003f9c:	9a1c      	ldr	r2, [sp, #112]	@ 0x70
10003f9e:	1d11      	adds	r1, r2, #4
10003fa0:	911c      	str	r1, [sp, #112]	@ 0x70
10003fa2:	2300      	movs	r3, #0
10003fa4:	5ed2      	ldrsh	r2, [r2, r3]
10003fa6:	e796      	b.n	10003ed6 <_vsnprintf+0x24a>
10003fa8:	9a1c      	ldr	r2, [sp, #112]	@ 0x70
10003faa:	1d11      	adds	r1, r2, #4
10003fac:	911c      	str	r1, [sp, #112]	@ 0x70
10003fae:	6812      	ldr	r2, [r2, #0]
10003fb0:	e791      	b.n	10003ed6 <_vsnprintf+0x24a>
10003fb2:	9b1c      	ldr	r3, [sp, #112]	@ 0x70
10003fb4:	1dda      	adds	r2, r3, #7
10003fb6:	2107      	movs	r1, #7
10003fb8:	438a      	bics	r2, r1
10003fba:	0011      	movs	r1, r2
10003fbc:	3108      	adds	r1, #8
10003fbe:	911c      	str	r1, [sp, #112]	@ 0x70
10003fc0:	9408      	str	r4, [sp, #32]
10003fc2:	9b0a      	ldr	r3, [sp, #40]	@ 0x28
10003fc4:	9307      	str	r3, [sp, #28]
10003fc6:	4653      	mov	r3, sl
10003fc8:	9306      	str	r3, [sp, #24]
10003fca:	9604      	str	r6, [sp, #16]
10003fcc:	2300      	movs	r3, #0
10003fce:	9305      	str	r3, [sp, #20]
10003fd0:	9302      	str	r3, [sp, #8]
10003fd2:	6813      	ldr	r3, [r2, #0]
10003fd4:	6854      	ldr	r4, [r2, #4]
10003fd6:	9300      	str	r3, [sp, #0]
10003fd8:	9401      	str	r4, [sp, #4]
10003fda:	4643      	mov	r3, r8
10003fdc:	003a      	movs	r2, r7
10003fde:	4659      	mov	r1, fp
10003fe0:	0028      	movs	r0, r5
10003fe2:	f7ff fa2d 	bl	10003440 <_ntoa_long_long>
10003fe6:	0007      	movs	r7, r0
10003fe8:	e788      	b.n	10003efc <_vsnprintf+0x270>
10003fea:	9a1c      	ldr	r2, [sp, #112]	@ 0x70
10003fec:	1d11      	adds	r1, r2, #4
10003fee:	911c      	str	r1, [sp, #112]	@ 0x70
10003ff0:	9405      	str	r4, [sp, #20]
10003ff2:	9b0a      	ldr	r3, [sp, #40]	@ 0x28
10003ff4:	9304      	str	r3, [sp, #16]
10003ff6:	4653      	mov	r3, sl
10003ff8:	9303      	str	r3, [sp, #12]
10003ffa:	9602      	str	r6, [sp, #8]
10003ffc:	2300      	movs	r3, #0
10003ffe:	9301      	str	r3, [sp, #4]
10004000:	6813      	ldr	r3, [r2, #0]
10004002:	9300      	str	r3, [sp, #0]
10004004:	4643      	mov	r3, r8
10004006:	003a      	movs	r2, r7
10004008:	4659      	mov	r1, fp
1000400a:	0028      	movs	r0, r5
1000400c:	f7ff f9ba 	bl	10003384 <_ntoa_long>
10004010:	0007      	movs	r7, r0
10004012:	e773      	b.n	10003efc <_vsnprintf+0x270>
10004014:	0623      	lsls	r3, r4, #24
10004016:	d50d      	bpl.n	10004034 <_vsnprintf+0x3a8>
10004018:	9a1c      	ldr	r2, [sp, #112]	@ 0x70
1000401a:	1d11      	adds	r1, r2, #4
1000401c:	911c      	str	r1, [sp, #112]	@ 0x70
1000401e:	6812      	ldr	r2, [r2, #0]
10004020:	0412      	lsls	r2, r2, #16
10004022:	0c12      	lsrs	r2, r2, #16
10004024:	e731      	b.n	10003e8a <_vsnprintf+0x1fe>
10004026:	46c0      	nop			@ (mov r8, r8)
10004028:	10009a70 	.word	0x10009a70
1000402c:	10009ab4 	.word	0x10009ab4
10004030:	10009b00 	.word	0x10009b00
10004034:	9a1c      	ldr	r2, [sp, #112]	@ 0x70
10004036:	1d11      	adds	r1, r2, #4
10004038:	911c      	str	r1, [sp, #112]	@ 0x70
1000403a:	6812      	ldr	r2, [r2, #0]
1000403c:	e725      	b.n	10003e8a <_vsnprintf+0x1fe>
1000403e:	2846      	cmp	r0, #70	@ 0x46
10004040:	d01a      	beq.n	10004078 <_vsnprintf+0x3ec>
10004042:	9b1c      	ldr	r3, [sp, #112]	@ 0x70
10004044:	3307      	adds	r3, #7
10004046:	2207      	movs	r2, #7
10004048:	4393      	bics	r3, r2
1000404a:	001a      	movs	r2, r3
1000404c:	3208      	adds	r2, #8
1000404e:	921c      	str	r2, [sp, #112]	@ 0x70
10004050:	9404      	str	r4, [sp, #16]
10004052:	9a0a      	ldr	r2, [sp, #40]	@ 0x28
10004054:	9203      	str	r2, [sp, #12]
10004056:	4652      	mov	r2, sl
10004058:	9202      	str	r2, [sp, #8]
1000405a:	685c      	ldr	r4, [r3, #4]
1000405c:	681b      	ldr	r3, [r3, #0]
1000405e:	9300      	str	r3, [sp, #0]
10004060:	9401      	str	r4, [sp, #4]
10004062:	4643      	mov	r3, r8
10004064:	003a      	movs	r2, r7
10004066:	4659      	mov	r1, fp
10004068:	0028      	movs	r0, r5
1000406a:	f7ff fc65 	bl	10003938 <_ftoa>
1000406e:	0007      	movs	r7, r0
10004070:	9b11      	ldr	r3, [sp, #68]	@ 0x44
10004072:	3301      	adds	r3, #1
10004074:	9311      	str	r3, [sp, #68]	@ 0x44
10004076:	e619      	b.n	10003cac <_vsnprintf+0x20>
10004078:	2320      	movs	r3, #32
1000407a:	431c      	orrs	r4, r3
1000407c:	e7e1      	b.n	10004042 <_vsnprintf+0x3b6>
1000407e:	2867      	cmp	r0, #103	@ 0x67
10004080:	d001      	beq.n	10004086 <_vsnprintf+0x3fa>
10004082:	2847      	cmp	r0, #71	@ 0x47
10004084:	d102      	bne.n	1000408c <_vsnprintf+0x400>
10004086:	2380      	movs	r3, #128	@ 0x80
10004088:	011b      	lsls	r3, r3, #4
1000408a:	431c      	orrs	r4, r3
1000408c:	2845      	cmp	r0, #69	@ 0x45
1000408e:	d001      	beq.n	10004094 <_vsnprintf+0x408>
10004090:	2847      	cmp	r0, #71	@ 0x47
10004092:	d101      	bne.n	10004098 <_vsnprintf+0x40c>
10004094:	2320      	movs	r3, #32
10004096:	431c      	orrs	r4, r3
10004098:	9b1c      	ldr	r3, [sp, #112]	@ 0x70
1000409a:	3307      	adds	r3, #7
1000409c:	2207      	movs	r2, #7
1000409e:	4393      	bics	r3, r2
100040a0:	001a      	movs	r2, r3
100040a2:	3208      	adds	r2, #8
100040a4:	921c      	str	r2, [sp, #112]	@ 0x70
100040a6:	9404      	str	r4, [sp, #16]
100040a8:	9a0a      	ldr	r2, [sp, #40]	@ 0x28
100040aa:	9203      	str	r2, [sp, #12]
100040ac:	4652      	mov	r2, sl
100040ae:	9202      	str	r2, [sp, #8]
100040b0:	685c      	ldr	r4, [r3, #4]
100040b2:	681b      	ldr	r3, [r3, #0]
100040b4:	9300      	str	r3, [sp, #0]
100040b6:	9401      	str	r4, [sp, #4]
100040b8:	4643      	mov	r3, r8
100040ba:	003a      	movs	r2, r7
100040bc:	4659      	mov	r1, fp
100040be:	0028      	movs	r0, r5
100040c0:	f7ff fa30 	bl	10003524 <_etoa>
100040c4:	0007      	movs	r7, r0
100040c6:	9b11      	ldr	r3, [sp, #68]	@ 0x44
100040c8:	3301      	adds	r3, #1
100040ca:	9311      	str	r3, [sp, #68]	@ 0x44
100040cc:	e5ee      	b.n	10003cac <_vsnprintf+0x20>
100040ce:	2302      	movs	r3, #2
100040d0:	001a      	movs	r2, r3
100040d2:	4022      	ands	r2, r4
100040d4:	4692      	mov	sl, r2
100040d6:	4223      	tst	r3, r4
100040d8:	d01f      	beq.n	1000411a <_vsnprintf+0x48e>
100040da:	2401      	movs	r4, #1
100040dc:	9b1c      	ldr	r3, [sp, #112]	@ 0x70
100040de:	1d1a      	adds	r2, r3, #4
100040e0:	921c      	str	r2, [sp, #112]	@ 0x70
100040e2:	1c7a      	adds	r2, r7, #1
100040e4:	4691      	mov	r9, r2
100040e6:	7818      	ldrb	r0, [r3, #0]
100040e8:	4643      	mov	r3, r8
100040ea:	003a      	movs	r2, r7
100040ec:	4659      	mov	r1, fp
100040ee:	47a8      	blx	r5
100040f0:	4653      	mov	r3, sl
100040f2:	2b00      	cmp	r3, #0
100040f4:	d116      	bne.n	10004124 <_vsnprintf+0x498>
100040f6:	9b11      	ldr	r3, [sp, #68]	@ 0x44
100040f8:	3301      	adds	r3, #1
100040fa:	9311      	str	r3, [sp, #68]	@ 0x44
100040fc:	464f      	mov	r7, r9
100040fe:	e5d5      	b.n	10003cac <_vsnprintf+0x20>
10004100:	1c56      	adds	r6, r2, #1
10004102:	4643      	mov	r3, r8
10004104:	4659      	mov	r1, fp
10004106:	2020      	movs	r0, #32
10004108:	47b8      	blx	r7
1000410a:	0023      	movs	r3, r4
1000410c:	0032      	movs	r2, r6
1000410e:	1c5c      	adds	r4, r3, #1
10004110:	429d      	cmp	r5, r3
10004112:	d8f5      	bhi.n	10004100 <_vsnprintf+0x474>
10004114:	003d      	movs	r5, r7
10004116:	0017      	movs	r7, r2
10004118:	e7e0      	b.n	100040dc <_vsnprintf+0x450>
1000411a:	2301      	movs	r3, #1
1000411c:	003a      	movs	r2, r7
1000411e:	002f      	movs	r7, r5
10004120:	9d0a      	ldr	r5, [sp, #40]	@ 0x28
10004122:	e7f4      	b.n	1000410e <_vsnprintf+0x482>
10004124:	464a      	mov	r2, r9
10004126:	46a9      	mov	r9, r5
10004128:	9d0a      	ldr	r5, [sp, #40]	@ 0x28
1000412a:	e006      	b.n	1000413a <_vsnprintf+0x4ae>
1000412c:	1c57      	adds	r7, r2, #1
1000412e:	4643      	mov	r3, r8
10004130:	4659      	mov	r1, fp
10004132:	2020      	movs	r0, #32
10004134:	47c8      	blx	r9
10004136:	0034      	movs	r4, r6
10004138:	003a      	movs	r2, r7
1000413a:	1c66      	adds	r6, r4, #1
1000413c:	42a5      	cmp	r5, r4
1000413e:	d8f5      	bhi.n	1000412c <_vsnprintf+0x4a0>
10004140:	464d      	mov	r5, r9
10004142:	4691      	mov	r9, r2
10004144:	e7d7      	b.n	100040f6 <_vsnprintf+0x46a>
10004146:	9b1c      	ldr	r3, [sp, #112]	@ 0x70
10004148:	1d1a      	adds	r2, r3, #4
1000414a:	921c      	str	r2, [sp, #112]	@ 0x70
1000414c:	681b      	ldr	r3, [r3, #0]
1000414e:	4699      	mov	r9, r3
10004150:	4653      	mov	r3, sl
10004152:	2b00      	cmp	r3, #0
10004154:	d100      	bne.n	10004158 <_vsnprintf+0x4cc>
10004156:	3b01      	subs	r3, #1
10004158:	464e      	mov	r6, r9
1000415a:	e001      	b.n	10004160 <_vsnprintf+0x4d4>
1000415c:	3601      	adds	r6, #1
1000415e:	0013      	movs	r3, r2
10004160:	7832      	ldrb	r2, [r6, #0]
10004162:	2a00      	cmp	r2, #0
10004164:	d002      	beq.n	1000416c <_vsnprintf+0x4e0>
10004166:	1e5a      	subs	r2, r3, #1
10004168:	2b00      	cmp	r3, #0
1000416a:	d1f7      	bne.n	1000415c <_vsnprintf+0x4d0>
1000416c:	464b      	mov	r3, r9
1000416e:	1af2      	subs	r2, r6, r3
10004170:	9210      	str	r2, [sp, #64]	@ 0x40
10004172:	2380      	movs	r3, #128	@ 0x80
10004174:	00db      	lsls	r3, r3, #3
10004176:	0026      	movs	r6, r4
10004178:	401e      	ands	r6, r3
1000417a:	421c      	tst	r4, r3
1000417c:	d003      	beq.n	10004186 <_vsnprintf+0x4fa>
1000417e:	4552      	cmp	r2, sl
10004180:	d901      	bls.n	10004186 <_vsnprintf+0x4fa>
10004182:	4653      	mov	r3, sl
10004184:	9310      	str	r3, [sp, #64]	@ 0x40
10004186:	2302      	movs	r3, #2
10004188:	001a      	movs	r2, r3
1000418a:	4022      	ands	r2, r4
1000418c:	920b      	str	r2, [sp, #44]	@ 0x2c
1000418e:	4223      	tst	r3, r4
10004190:	d005      	beq.n	1000419e <_vsnprintf+0x512>
10004192:	003a      	movs	r2, r7
10004194:	0037      	movs	r7, r6
10004196:	464c      	mov	r4, r9
10004198:	46a9      	mov	r9, r5
1000419a:	4655      	mov	r5, sl
1000419c:	e020      	b.n	100041e0 <_vsnprintf+0x554>
1000419e:	003a      	movs	r2, r7
100041a0:	9b10      	ldr	r3, [sp, #64]	@ 0x40
100041a2:	465f      	mov	r7, fp
100041a4:	46b3      	mov	fp, r6
100041a6:	002e      	movs	r6, r5
100041a8:	e006      	b.n	100041b8 <_vsnprintf+0x52c>
100041aa:	1c55      	adds	r5, r2, #1
100041ac:	4643      	mov	r3, r8
100041ae:	0039      	movs	r1, r7
100041b0:	2020      	movs	r0, #32
100041b2:	47b0      	blx	r6
100041b4:	0023      	movs	r3, r4
100041b6:	002a      	movs	r2, r5
100041b8:	1c5c      	adds	r4, r3, #1
100041ba:	990a      	ldr	r1, [sp, #40]	@ 0x28
100041bc:	4299      	cmp	r1, r3
100041be:	d8f4      	bhi.n	100041aa <_vsnprintf+0x51e>
100041c0:	0035      	movs	r5, r6
100041c2:	465e      	mov	r6, fp
100041c4:	46bb      	mov	fp, r7
100041c6:	9410      	str	r4, [sp, #64]	@ 0x40
100041c8:	0037      	movs	r7, r6
100041ca:	464c      	mov	r4, r9
100041cc:	46a9      	mov	r9, r5
100041ce:	4655      	mov	r5, sl
100041d0:	e006      	b.n	100041e0 <_vsnprintf+0x554>
100041d2:	001d      	movs	r5, r3
100041d4:	3401      	adds	r4, #1
100041d6:	1c56      	adds	r6, r2, #1
100041d8:	4643      	mov	r3, r8
100041da:	4659      	mov	r1, fp
100041dc:	47c8      	blx	r9
100041de:	0032      	movs	r2, r6
100041e0:	7820      	ldrb	r0, [r4, #0]
100041e2:	2800      	cmp	r0, #0
100041e4:	d004      	beq.n	100041f0 <_vsnprintf+0x564>
100041e6:	2f00      	cmp	r7, #0
100041e8:	d0f4      	beq.n	100041d4 <_vsnprintf+0x548>
100041ea:	1e6b      	subs	r3, r5, #1
100041ec:	2d00      	cmp	r5, #0
100041ee:	d1f0      	bne.n	100041d2 <_vsnprintf+0x546>
100041f0:	0017      	movs	r7, r2
100041f2:	464d      	mov	r5, r9
100041f4:	9b0b      	ldr	r3, [sp, #44]	@ 0x2c
100041f6:	2b00      	cmp	r3, #0
100041f8:	d103      	bne.n	10004202 <_vsnprintf+0x576>
100041fa:	9b11      	ldr	r3, [sp, #68]	@ 0x44
100041fc:	3301      	adds	r3, #1
100041fe:	9311      	str	r3, [sp, #68]	@ 0x44
10004200:	e554      	b.n	10003cac <_vsnprintf+0x20>
10004202:	9f0a      	ldr	r7, [sp, #40]	@ 0x28
10004204:	9b10      	ldr	r3, [sp, #64]	@ 0x40
10004206:	e006      	b.n	10004216 <_vsnprintf+0x58a>
10004208:	1c56      	adds	r6, r2, #1
1000420a:	4643      	mov	r3, r8
1000420c:	4659      	mov	r1, fp
1000420e:	2020      	movs	r0, #32
10004210:	47a8      	blx	r5
10004212:	0023      	movs	r3, r4
10004214:	0032      	movs	r2, r6
10004216:	1c5c      	adds	r4, r3, #1
10004218:	429f      	cmp	r7, r3
1000421a:	d8f5      	bhi.n	10004208 <_vsnprintf+0x57c>
1000421c:	0017      	movs	r7, r2
1000421e:	e7ec      	b.n	100041fa <_vsnprintf+0x56e>
10004220:	2321      	movs	r3, #33	@ 0x21
10004222:	431c      	orrs	r4, r3
10004224:	9b1c      	ldr	r3, [sp, #112]	@ 0x70
10004226:	1d1a      	adds	r2, r3, #4
10004228:	921c      	str	r2, [sp, #112]	@ 0x70
1000422a:	681b      	ldr	r3, [r3, #0]
1000422c:	9300      	str	r3, [sp, #0]
1000422e:	9405      	str	r4, [sp, #20]
10004230:	2308      	movs	r3, #8
10004232:	9304      	str	r3, [sp, #16]
10004234:	4653      	mov	r3, sl
10004236:	9303      	str	r3, [sp, #12]
10004238:	2310      	movs	r3, #16
1000423a:	9302      	str	r3, [sp, #8]
1000423c:	2300      	movs	r3, #0
1000423e:	9301      	str	r3, [sp, #4]
10004240:	4643      	mov	r3, r8
10004242:	003a      	movs	r2, r7
10004244:	4659      	mov	r1, fp
10004246:	0028      	movs	r0, r5
10004248:	f7ff f89c 	bl	10003384 <_ntoa_long>
1000424c:	0007      	movs	r7, r0
1000424e:	9b11      	ldr	r3, [sp, #68]	@ 0x44
10004250:	3301      	adds	r3, #1
10004252:	9311      	str	r3, [sp, #68]	@ 0x44
10004254:	e52a      	b.n	10003cac <_vsnprintf+0x20>
10004256:	1c7c      	adds	r4, r7, #1
10004258:	4643      	mov	r3, r8
1000425a:	003a      	movs	r2, r7
1000425c:	4659      	mov	r1, fp
1000425e:	2025      	movs	r0, #37	@ 0x25
10004260:	47a8      	blx	r5
10004262:	9b11      	ldr	r3, [sp, #68]	@ 0x44
10004264:	3301      	adds	r3, #1
10004266:	9311      	str	r3, [sp, #68]	@ 0x44
10004268:	0027      	movs	r7, r4
1000426a:	e51f      	b.n	10003cac <_vsnprintf+0x20>
1000426c:	1c7c      	adds	r4, r7, #1
1000426e:	4643      	mov	r3, r8
10004270:	003a      	movs	r2, r7
10004272:	4659      	mov	r1, fp
10004274:	47a8      	blx	r5
10004276:	9b11      	ldr	r3, [sp, #68]	@ 0x44
10004278:	3301      	adds	r3, #1
1000427a:	9311      	str	r3, [sp, #68]	@ 0x44
1000427c:	0027      	movs	r7, r4
1000427e:	e515      	b.n	10003cac <_vsnprintf+0x20>
10004280:	4b0a      	ldr	r3, [pc, #40]	@ (100042ac <_vsnprintf+0x620>)
10004282:	469a      	mov	sl, r3
10004284:	e510      	b.n	10003ca8 <_vsnprintf+0x1c>
10004286:	46aa      	mov	sl, r5
10004288:	4547      	cmp	r7, r8
1000428a:	d302      	bcc.n	10004292 <_vsnprintf+0x606>
1000428c:	4643      	mov	r3, r8
1000428e:	1e5a      	subs	r2, r3, #1
10004290:	e000      	b.n	10004294 <_vsnprintf+0x608>
10004292:	003a      	movs	r2, r7
10004294:	4643      	mov	r3, r8
10004296:	4659      	mov	r1, fp
10004298:	2000      	movs	r0, #0
1000429a:	47d0      	blx	sl
1000429c:	0038      	movs	r0, r7
1000429e:	b013      	add	sp, #76	@ 0x4c
100042a0:	bcf0      	pop	{r4, r5, r6, r7}
100042a2:	46bb      	mov	fp, r7
100042a4:	46b2      	mov	sl, r6
100042a6:	46a9      	mov	r9, r5
100042a8:	46a0      	mov	r8, r4
100042aa:	bdf0      	pop	{r4, r5, r6, r7, pc}
100042ac:	10003191 	.word	0x10003191

100042b0 <vfctprintf>:
100042b0:	b500      	push	{lr}
100042b2:	b085      	sub	sp, #20
100042b4:	9002      	str	r0, [sp, #8]
100042b6:	9103      	str	r1, [sp, #12]
100042b8:	2101      	movs	r1, #1
100042ba:	9300      	str	r3, [sp, #0]
100042bc:	0013      	movs	r3, r2
100042be:	424a      	negs	r2, r1
100042c0:	a902      	add	r1, sp, #8
100042c2:	4802      	ldr	r0, [pc, #8]	@ (100042cc <vfctprintf+0x1c>)
100042c4:	f7ff fce2 	bl	10003c8c <_vsnprintf>
100042c8:	b005      	add	sp, #20
100042ca:	bd00      	pop	{pc}
100042cc:	10003193 	.word	0x10003193

100042d0 <_exit>:
100042d0:	be00      	bkpt	0x0000
100042d2:	e7fd      	b.n	100042d0 <_exit>

100042d4 <_sbrk>:
100042d4:	0003      	movs	r3, r0
100042d6:	4a0a      	ldr	r2, [pc, #40]	@ (10004300 <_sbrk+0x2c>)
100042d8:	6812      	ldr	r2, [r2, #0]
100042da:	2a00      	cmp	r2, #0
100042dc:	d008      	beq.n	100042f0 <_sbrk+0x1c>
100042de:	4a08      	ldr	r2, [pc, #32]	@ (10004300 <_sbrk+0x2c>)
100042e0:	6810      	ldr	r0, [r2, #0]
100042e2:	18c3      	adds	r3, r0, r3
100042e4:	4a07      	ldr	r2, [pc, #28]	@ (10004304 <_sbrk+0x30>)
100042e6:	429a      	cmp	r2, r3
100042e8:	d306      	bcc.n	100042f8 <_sbrk+0x24>
100042ea:	4a05      	ldr	r2, [pc, #20]	@ (10004300 <_sbrk+0x2c>)
100042ec:	6013      	str	r3, [r2, #0]
100042ee:	4770      	bx	lr
100042f0:	4a03      	ldr	r2, [pc, #12]	@ (10004300 <_sbrk+0x2c>)
100042f2:	4905      	ldr	r1, [pc, #20]	@ (10004308 <_sbrk+0x34>)
100042f4:	6011      	str	r1, [r2, #0]
100042f6:	e7f2      	b.n	100042de <_sbrk+0xa>
100042f8:	2001      	movs	r0, #1
100042fa:	4240      	negs	r0, r0
100042fc:	e7f7      	b.n	100042ee <_sbrk+0x1a>
100042fe:	46c0      	nop			@ (mov r8, r8)
10004300:	20005eb0 	.word	0x20005eb0
10004304:	20040000 	.word	0x20040000
10004308:	2000652c 	.word	0x2000652c

1000430c <_read>:
1000430c:	b510      	push	{r4, lr}
1000430e:	0003      	movs	r3, r0
10004310:	0008      	movs	r0, r1
10004312:	0011      	movs	r1, r2
10004314:	2b00      	cmp	r3, #0
10004316:	d105      	bne.n	10004324 <_read+0x18>
10004318:	4b04      	ldr	r3, [pc, #16]	@ (1000432c <_read+0x20>)
1000431a:	681a      	ldr	r2, [r3, #0]
1000431c:	685b      	ldr	r3, [r3, #4]
1000431e:	f000 f941 	bl	100045a4 <stdio_get_until>
10004322:	bd10      	pop	{r4, pc}
10004324:	2001      	movs	r0, #1
10004326:	4240      	negs	r0, r0
10004328:	e7fb      	b.n	10004322 <_read+0x16>
1000432a:	46c0      	nop			@ (mov r8, r8)
1000432c:	10009728 	.word	0x10009728

10004330 <_write>:
10004330:	b510      	push	{r4, lr}
10004332:	0003      	movs	r3, r0
10004334:	0008      	movs	r0, r1
10004336:	0014      	movs	r4, r2
10004338:	3b01      	subs	r3, #1
1000433a:	2b01      	cmp	r3, #1
1000433c:	d806      	bhi.n	1000434c <_write+0x1c>
1000433e:	2301      	movs	r3, #1
10004340:	2200      	movs	r2, #0
10004342:	0021      	movs	r1, r4
10004344:	f000 f8e4 	bl	10004510 <stdio_put_string>
10004348:	0020      	movs	r0, r4
1000434a:	bd10      	pop	{r4, pc}
1000434c:	2001      	movs	r0, #1
1000434e:	4240      	negs	r0, r0
10004350:	e7fb      	b.n	1000434a <_write+0x1a>

10004352 <_close>:
10004352:	2001      	movs	r0, #1
10004354:	4240      	negs	r0, r0
10004356:	4770      	bx	lr

10004358 <_lseek>:
10004358:	2001      	movs	r0, #1
1000435a:	4240      	negs	r0, r0
1000435c:	4770      	bx	lr

1000435e <_fstat>:
1000435e:	2001      	movs	r0, #1
10004360:	4240      	negs	r0, r0
10004362:	4770      	bx	lr

10004364 <_isatty>:
10004364:	0003      	movs	r3, r0
10004366:	2000      	movs	r0, #0
10004368:	2202      	movs	r2, #2
1000436a:	429a      	cmp	r2, r3
1000436c:	4140      	adcs	r0, r0
1000436e:	4770      	bx	lr

10004370 <exit>:
10004370:	b510      	push	{r4, lr}
10004372:	f7ff ffad 	bl	100042d0 <_exit>
	...

10004378 <__assert_func>:
10004378:	b510      	push	{r4, lr}
1000437a:	b082      	sub	sp, #8
1000437c:	000c      	movs	r4, r1
1000437e:	0019      	movs	r1, r3
10004380:	2a00      	cmp	r2, #0
10004382:	d00c      	beq.n	1000439e <__assert_func+0x26>
10004384:	4b08      	ldr	r3, [pc, #32]	@ (100043a8 <__assert_func+0x30>)
10004386:	2a00      	cmp	r2, #0
10004388:	d00b      	beq.n	100043a2 <__assert_func+0x2a>
1000438a:	9201      	str	r2, [sp, #4]
1000438c:	9300      	str	r3, [sp, #0]
1000438e:	0023      	movs	r3, r4
10004390:	0002      	movs	r2, r0
10004392:	4806      	ldr	r0, [pc, #24]	@ (100043ac <__assert_func+0x34>)
10004394:	f000 f9a4 	bl	100046e0 <__wrap_printf>
10004398:	2001      	movs	r0, #1
1000439a:	f7ff ff99 	bl	100042d0 <_exit>
1000439e:	4b04      	ldr	r3, [pc, #16]	@ (100043b0 <__assert_func+0x38>)
100043a0:	e7f1      	b.n	10004386 <__assert_func+0xe>
100043a2:	4a03      	ldr	r2, [pc, #12]	@ (100043b0 <__assert_func+0x38>)
100043a4:	e7f1      	b.n	1000438a <__assert_func+0x12>
100043a6:	46c0      	nop			@ (mov r8, r8)
100043a8:	10009ca0 	.word	0x10009ca0
100043ac:	10009cb0 	.word	0x10009cb0
100043b0:	10008f78 	.word	0x10008f78

100043b4 <runtime_init>:
100043b4:	b510      	push	{r4, lr}
100043b6:	f3ef 8305 	mrs	r3, IPSR
100043ba:	2b00      	cmp	r3, #0
100043bc:	d000      	beq.n	100043c0 <runtime_init+0xc>
100043be:	be00      	bkpt	0x0000
100043c0:	f7fd fec6 	bl	10002150 <runtime_run_initializers>
100043c4:	4c03      	ldr	r4, [pc, #12]	@ (100043d4 <runtime_init+0x20>)
100043c6:	e001      	b.n	100043cc <runtime_init+0x18>
100043c8:	cc08      	ldmia	r4!, {r3}
100043ca:	4798      	blx	r3
100043cc:	4b02      	ldr	r3, [pc, #8]	@ (100043d8 <runtime_init+0x24>)
100043ce:	429c      	cmp	r4, r3
100043d0:	d3fa      	bcc.n	100043c8 <runtime_init+0x14>
100043d2:	bd10      	pop	{r4, pc}
100043d4:	10008e54 	.word	0x10008e54
100043d8:	10008e5c 	.word	0x10008e5c

100043dc <stdio_out_chars_no_crlf>:
100043dc:	b510      	push	{r4, lr}
100043de:	0003      	movs	r3, r0
100043e0:	0008      	movs	r0, r1
100043e2:	0011      	movs	r1, r2
100043e4:	681b      	ldr	r3, [r3, #0]
100043e6:	4798      	blx	r3
100043e8:	bd10      	pop	{r4, pc}
	...

100043ec <stdio_out_chars_crlf>:
100043ec:	b5f8      	push	{r3, r4, r5, r6, r7, lr}
100043ee:	0007      	movs	r7, r0
100043f0:	000d      	movs	r5, r1
100043f2:	0016      	movs	r6, r2
100043f4:	7d43      	ldrb	r3, [r0, #21]
100043f6:	2b00      	cmp	r3, #0
100043f8:	d002      	beq.n	10004400 <stdio_out_chars_crlf+0x14>
100043fa:	2400      	movs	r4, #0
100043fc:	2000      	movs	r0, #0
100043fe:	e00c      	b.n	1000441a <stdio_out_chars_crlf+0x2e>
10004400:	6803      	ldr	r3, [r0, #0]
10004402:	0011      	movs	r1, r2
10004404:	0028      	movs	r0, r5
10004406:	4798      	blx	r3
10004408:	e02d      	b.n	10004466 <stdio_out_chars_crlf+0x7a>
1000440a:	7d3b      	ldrb	r3, [r7, #20]
1000440c:	e010      	b.n	10004430 <stdio_out_chars_crlf+0x44>
1000440e:	2102      	movs	r1, #2
10004410:	4815      	ldr	r0, [pc, #84]	@ (10004468 <stdio_out_chars_crlf+0x7c>)
10004412:	683b      	ldr	r3, [r7, #0]
10004414:	4798      	blx	r3
10004416:	1c60      	adds	r0, r4, #1
10004418:	3401      	adds	r4, #1
1000441a:	42b4      	cmp	r4, r6
1000441c:	da14      	bge.n	10004448 <stdio_out_chars_crlf+0x5c>
1000441e:	2c00      	cmp	r4, #0
10004420:	ddf3      	ble.n	1000440a <stdio_out_chars_crlf+0x1e>
10004422:	192b      	adds	r3, r5, r4
10004424:	3b01      	subs	r3, #1
10004426:	781b      	ldrb	r3, [r3, #0]
10004428:	3b0d      	subs	r3, #13
1000442a:	425a      	negs	r2, r3
1000442c:	4153      	adcs	r3, r2
1000442e:	b2db      	uxtb	r3, r3
10004430:	5d2a      	ldrb	r2, [r5, r4]
10004432:	2a0a      	cmp	r2, #10
10004434:	d1f0      	bne.n	10004418 <stdio_out_chars_crlf+0x2c>
10004436:	2b00      	cmp	r3, #0
10004438:	d1ee      	bne.n	10004418 <stdio_out_chars_crlf+0x2c>
1000443a:	42a0      	cmp	r0, r4
1000443c:	dae7      	bge.n	1000440e <stdio_out_chars_crlf+0x22>
1000443e:	1a21      	subs	r1, r4, r0
10004440:	1828      	adds	r0, r5, r0
10004442:	683b      	ldr	r3, [r7, #0]
10004444:	4798      	blx	r3
10004446:	e7e2      	b.n	1000440e <stdio_out_chars_crlf+0x22>
10004448:	42b0      	cmp	r0, r6
1000444a:	da03      	bge.n	10004454 <stdio_out_chars_crlf+0x68>
1000444c:	1a31      	subs	r1, r6, r0
1000444e:	1828      	adds	r0, r5, r0
10004450:	683b      	ldr	r3, [r7, #0]
10004452:	4798      	blx	r3
10004454:	2e00      	cmp	r6, #0
10004456:	dd06      	ble.n	10004466 <stdio_out_chars_crlf+0x7a>
10004458:	19ad      	adds	r5, r5, r6
1000445a:	3d01      	subs	r5, #1
1000445c:	782b      	ldrb	r3, [r5, #0]
1000445e:	3b0d      	subs	r3, #13
10004460:	425a      	negs	r2, r3
10004462:	4153      	adcs	r3, r2
10004464:	753b      	strb	r3, [r7, #20]
10004466:	bdf8      	pop	{r3, r4, r5, r6, r7, pc}
10004468:	10009ce0 	.word	0x10009ce0

1000446c <stdio_stack_buffer_flush>:
1000446c:	b570      	push	{r4, r5, r6, lr}
1000446e:	0005      	movs	r5, r0
10004470:	6803      	ldr	r3, [r0, #0]
10004472:	2b00      	cmp	r3, #0
10004474:	d016      	beq.n	100044a4 <stdio_stack_buffer_flush+0x38>
10004476:	4b0c      	ldr	r3, [pc, #48]	@ (100044a8 <stdio_stack_buffer_flush+0x3c>)
10004478:	681c      	ldr	r4, [r3, #0]
1000447a:	e005      	b.n	10004488 <stdio_stack_buffer_flush+0x1c>
1000447c:	0029      	movs	r1, r5
1000447e:	c904      	ldmia	r1!, {r2}
10004480:	0020      	movs	r0, r4
10004482:	f7ff ffb3 	bl	100043ec <stdio_out_chars_crlf>
10004486:	6924      	ldr	r4, [r4, #16]
10004488:	2c00      	cmp	r4, #0
1000448a:	d009      	beq.n	100044a0 <stdio_stack_buffer_flush+0x34>
1000448c:	6823      	ldr	r3, [r4, #0]
1000448e:	2b00      	cmp	r3, #0
10004490:	d0f9      	beq.n	10004486 <stdio_stack_buffer_flush+0x1a>
10004492:	4b06      	ldr	r3, [pc, #24]	@ (100044ac <stdio_stack_buffer_flush+0x40>)
10004494:	681b      	ldr	r3, [r3, #0]
10004496:	2b00      	cmp	r3, #0
10004498:	d0f0      	beq.n	1000447c <stdio_stack_buffer_flush+0x10>
1000449a:	42a3      	cmp	r3, r4
1000449c:	d1f3      	bne.n	10004486 <stdio_stack_buffer_flush+0x1a>
1000449e:	e7ed      	b.n	1000447c <stdio_stack_buffer_flush+0x10>
100044a0:	2300      	movs	r3, #0
100044a2:	602b      	str	r3, [r5, #0]
100044a4:	bd70      	pop	{r4, r5, r6, pc}
100044a6:	46c0      	nop			@ (mov r8, r8)
100044a8:	20005e9c 	.word	0x20005e9c
100044ac:	20005eac 	.word	0x20005eac

100044b0 <stdio_buffered_printer>:
100044b0:	b570      	push	{r4, r5, r6, lr}
100044b2:	0005      	movs	r5, r0
100044b4:	000c      	movs	r4, r1
100044b6:	680b      	ldr	r3, [r1, #0]
100044b8:	2b80      	cmp	r3, #128	@ 0x80
100044ba:	d005      	beq.n	100044c8 <stdio_buffered_printer+0x18>
100044bc:	6821      	ldr	r1, [r4, #0]
100044be:	1c4b      	adds	r3, r1, #1
100044c0:	6023      	str	r3, [r4, #0]
100044c2:	1864      	adds	r4, r4, r1
100044c4:	7125      	strb	r5, [r4, #4]
100044c6:	bd70      	pop	{r4, r5, r6, pc}
100044c8:	0008      	movs	r0, r1
100044ca:	f7ff ffcf 	bl	1000446c <stdio_stack_buffer_flush>
100044ce:	e7f5      	b.n	100044bc <stdio_buffered_printer+0xc>

100044d0 <stdout_serialize_begin>:
100044d0:	b510      	push	{r4, lr}
100044d2:	f7fd fc37 	bl	10001d44 <time_us_64>
100044d6:	4a07      	ldr	r2, [pc, #28]	@ (100044f4 <stdout_serialize_begin+0x24>)
100044d8:	2300      	movs	r3, #0
100044da:	1812      	adds	r2, r2, r0
100044dc:	414b      	adcs	r3, r1
100044de:	2b00      	cmp	r3, #0
100044e0:	db03      	blt.n	100044ea <stdout_serialize_begin+0x1a>
100044e2:	4805      	ldr	r0, [pc, #20]	@ (100044f8 <stdout_serialize_begin+0x28>)
100044e4:	f004 fc68 	bl	10008db8 <__mutex_try_enter_block_until_veneer>
100044e8:	bd10      	pop	{r4, pc}
100044ea:	2201      	movs	r2, #1
100044ec:	4252      	negs	r2, r2
100044ee:	4b03      	ldr	r3, [pc, #12]	@ (100044fc <stdout_serialize_begin+0x2c>)
100044f0:	e7f7      	b.n	100044e2 <stdout_serialize_begin+0x12>
100044f2:	46c0      	nop			@ (mov r8, r8)
100044f4:	000f4240 	.word	0x000f4240
100044f8:	200015c0 	.word	0x200015c0
100044fc:	7fffffff 	.word	0x7fffffff

10004500 <stdout_serialize_end>:
10004500:	b510      	push	{r4, lr}
10004502:	4802      	ldr	r0, [pc, #8]	@ (1000450c <stdout_serialize_end+0xc>)
10004504:	f004 fc18 	bl	10008d38 <__mutex_exit_veneer>
10004508:	bd10      	pop	{r4, pc}
1000450a:	46c0      	nop			@ (mov r8, r8)
1000450c:	200015c0 	.word	0x200015c0

10004510 <stdio_put_string>:
10004510:	b5f0      	push	{r4, r5, r6, r7, lr}
10004512:	46ce      	mov	lr, r9
10004514:	4647      	mov	r7, r8
10004516:	b580      	push	{r7, lr}
10004518:	b083      	sub	sp, #12
1000451a:	0006      	movs	r6, r0
1000451c:	000d      	movs	r5, r1
1000451e:	4690      	mov	r8, r2
10004520:	001c      	movs	r4, r3
10004522:	f7ff ffd5 	bl	100044d0 <stdout_serialize_begin>
10004526:	4681      	mov	r9, r0
10004528:	1c6b      	adds	r3, r5, #1
1000452a:	d005      	beq.n	10004538 <stdio_put_string+0x28>
1000452c:	2c00      	cmp	r4, #0
1000452e:	d008      	beq.n	10004542 <stdio_put_string+0x32>
10004530:	4f18      	ldr	r7, [pc, #96]	@ (10004594 <stdio_put_string+0x84>)
10004532:	4b19      	ldr	r3, [pc, #100]	@ (10004598 <stdio_put_string+0x88>)
10004534:	681c      	ldr	r4, [r3, #0]
10004536:	e007      	b.n	10004548 <stdio_put_string+0x38>
10004538:	0030      	movs	r0, r6
1000453a:	f003 fff7 	bl	1000852c <strlen>
1000453e:	0005      	movs	r5, r0
10004540:	e7f4      	b.n	1000452c <stdio_put_string+0x1c>
10004542:	4f16      	ldr	r7, [pc, #88]	@ (1000459c <stdio_put_string+0x8c>)
10004544:	e7f5      	b.n	10004532 <stdio_put_string+0x22>
10004546:	6924      	ldr	r4, [r4, #16]
10004548:	2c00      	cmp	r4, #0
1000454a:	d017      	beq.n	1000457c <stdio_put_string+0x6c>
1000454c:	6823      	ldr	r3, [r4, #0]
1000454e:	2b00      	cmp	r3, #0
10004550:	d0f9      	beq.n	10004546 <stdio_put_string+0x36>
10004552:	4b13      	ldr	r3, [pc, #76]	@ (100045a0 <stdio_put_string+0x90>)
10004554:	681b      	ldr	r3, [r3, #0]
10004556:	2b00      	cmp	r3, #0
10004558:	d001      	beq.n	1000455e <stdio_put_string+0x4e>
1000455a:	42a3      	cmp	r3, r4
1000455c:	d1f3      	bne.n	10004546 <stdio_put_string+0x36>
1000455e:	002a      	movs	r2, r5
10004560:	0031      	movs	r1, r6
10004562:	0020      	movs	r0, r4
10004564:	47b8      	blx	r7
10004566:	4643      	mov	r3, r8
10004568:	2b00      	cmp	r3, #0
1000456a:	d0ec      	beq.n	10004546 <stdio_put_string+0x36>
1000456c:	466b      	mov	r3, sp
1000456e:	1dd9      	adds	r1, r3, #7
10004570:	230a      	movs	r3, #10
10004572:	700b      	strb	r3, [r1, #0]
10004574:	2201      	movs	r2, #1
10004576:	0020      	movs	r0, r4
10004578:	47b8      	blx	r7
1000457a:	e7e4      	b.n	10004546 <stdio_put_string+0x36>
1000457c:	464b      	mov	r3, r9
1000457e:	2b00      	cmp	r3, #0
10004580:	d105      	bne.n	1000458e <stdio_put_string+0x7e>
10004582:	0028      	movs	r0, r5
10004584:	b003      	add	sp, #12
10004586:	bcc0      	pop	{r6, r7}
10004588:	46b9      	mov	r9, r7
1000458a:	46b0      	mov	r8, r6
1000458c:	bdf0      	pop	{r4, r5, r6, r7, pc}
1000458e:	f7ff ffb7 	bl	10004500 <stdout_serialize_end>
10004592:	e7f6      	b.n	10004582 <stdio_put_string+0x72>
10004594:	100043ed 	.word	0x100043ed
10004598:	20005e9c 	.word	0x20005e9c
1000459c:	100043dd 	.word	0x100043dd
100045a0:	20005eac 	.word	0x20005eac

100045a4 <stdio_get_until>:
100045a4:	b5f0      	push	{r4, r5, r6, r7, lr}
100045a6:	46ce      	mov	lr, r9
100045a8:	b500      	push	{lr}
100045aa:	b082      	sub	sp, #8
100045ac:	0006      	movs	r6, r0
100045ae:	000f      	movs	r7, r1
100045b0:	4691      	mov	r9, r2
100045b2:	9301      	str	r3, [sp, #4]
100045b4:	e028      	b.n	10004608 <stdio_get_until+0x64>
100045b6:	68a3      	ldr	r3, [r4, #8]
100045b8:	2b00      	cmp	r3, #0
100045ba:	d004      	beq.n	100045c6 <stdio_get_until+0x22>
100045bc:	0039      	movs	r1, r7
100045be:	0030      	movs	r0, r6
100045c0:	4798      	blx	r3
100045c2:	2800      	cmp	r0, #0
100045c4:	dc27      	bgt.n	10004616 <stdio_get_until+0x72>
100045c6:	6924      	ldr	r4, [r4, #16]
100045c8:	2c00      	cmp	r4, #0
100045ca:	d006      	beq.n	100045da <stdio_get_until+0x36>
100045cc:	4d14      	ldr	r5, [pc, #80]	@ (10004620 <stdio_get_until+0x7c>)
100045ce:	682d      	ldr	r5, [r5, #0]
100045d0:	2d00      	cmp	r5, #0
100045d2:	d0f0      	beq.n	100045b6 <stdio_get_until+0x12>
100045d4:	42a5      	cmp	r5, r4
100045d6:	d1f6      	bne.n	100045c6 <stdio_get_until+0x22>
100045d8:	e7ed      	b.n	100045b6 <stdio_get_until+0x12>
100045da:	9901      	ldr	r1, [sp, #4]
100045dc:	000a      	movs	r2, r1
100045de:	4b11      	ldr	r3, [pc, #68]	@ (10004624 <stdio_get_until+0x80>)
100045e0:	6a5b      	ldr	r3, [r3, #36]	@ 0x24
100045e2:	4299      	cmp	r1, r3
100045e4:	d809      	bhi.n	100045fa <stdio_get_until+0x56>
100045e6:	490f      	ldr	r1, [pc, #60]	@ (10004624 <stdio_get_until+0x80>)
100045e8:	6a89      	ldr	r1, [r1, #40]	@ 0x28
100045ea:	4549      	cmp	r1, r9
100045ec:	d20f      	bcs.n	1000460e <stdio_get_until+0x6a>
100045ee:	429a      	cmp	r2, r3
100045f0:	d001      	beq.n	100045f6 <stdio_get_until+0x52>
100045f2:	2301      	movs	r3, #1
100045f4:	e002      	b.n	100045fc <stdio_get_until+0x58>
100045f6:	2300      	movs	r3, #0
100045f8:	e000      	b.n	100045fc <stdio_get_until+0x58>
100045fa:	2300      	movs	r3, #0
100045fc:	2b00      	cmp	r3, #0
100045fe:	d108      	bne.n	10004612 <stdio_get_until+0x6e>
10004600:	2001      	movs	r0, #1
10004602:	2100      	movs	r1, #0
10004604:	f7fd fba6 	bl	10001d54 <busy_wait_us>
10004608:	4b07      	ldr	r3, [pc, #28]	@ (10004628 <stdio_get_until+0x84>)
1000460a:	681c      	ldr	r4, [r3, #0]
1000460c:	e7dc      	b.n	100045c8 <stdio_get_until+0x24>
1000460e:	2301      	movs	r3, #1
10004610:	e7f4      	b.n	100045fc <stdio_get_until+0x58>
10004612:	2002      	movs	r0, #2
10004614:	4240      	negs	r0, r0
10004616:	b002      	add	sp, #8
10004618:	bc80      	pop	{r7}
1000461a:	46b9      	mov	r9, r7
1000461c:	bdf0      	pop	{r4, r5, r6, r7, pc}
1000461e:	46c0      	nop			@ (mov r8, r8)
10004620:	20005eac 	.word	0x20005eac
10004624:	40054000 	.word	0x40054000
10004628:	20005e9c 	.word	0x20005e9c

1000462c <stdio_set_driver_enabled>:
1000462c:	4a09      	ldr	r2, [pc, #36]	@ (10004654 <stdio_set_driver_enabled+0x28>)
1000462e:	e001      	b.n	10004634 <stdio_set_driver_enabled+0x8>
10004630:	3310      	adds	r3, #16
10004632:	001a      	movs	r2, r3
10004634:	6813      	ldr	r3, [r2, #0]
10004636:	2b00      	cmp	r3, #0
10004638:	d008      	beq.n	1000464c <stdio_set_driver_enabled+0x20>
1000463a:	4283      	cmp	r3, r0
1000463c:	d1f8      	bne.n	10004630 <stdio_set_driver_enabled+0x4>
1000463e:	2900      	cmp	r1, #0
10004640:	d107      	bne.n	10004652 <stdio_set_driver_enabled+0x26>
10004642:	6903      	ldr	r3, [r0, #16]
10004644:	6013      	str	r3, [r2, #0]
10004646:	2300      	movs	r3, #0
10004648:	6103      	str	r3, [r0, #16]
1000464a:	e002      	b.n	10004652 <stdio_set_driver_enabled+0x26>
1000464c:	2900      	cmp	r1, #0
1000464e:	d000      	beq.n	10004652 <stdio_set_driver_enabled+0x26>
10004650:	6010      	str	r0, [r2, #0]
10004652:	4770      	bx	lr
10004654:	20005e9c 	.word	0x20005e9c

10004658 <stdio_flush>:
10004658:	b510      	push	{r4, lr}
1000465a:	4b06      	ldr	r3, [pc, #24]	@ (10004674 <stdio_flush+0x1c>)
1000465c:	681c      	ldr	r4, [r3, #0]
1000465e:	e001      	b.n	10004664 <stdio_flush+0xc>
10004660:	4798      	blx	r3
10004662:	6924      	ldr	r4, [r4, #16]
10004664:	2c00      	cmp	r4, #0
10004666:	d003      	beq.n	10004670 <stdio_flush+0x18>
10004668:	6863      	ldr	r3, [r4, #4]
1000466a:	2b00      	cmp	r3, #0
1000466c:	d1f8      	bne.n	10004660 <stdio_flush+0x8>
1000466e:	e7f8      	b.n	10004662 <stdio_flush+0xa>
10004670:	bd10      	pop	{r4, pc}
10004672:	46c0      	nop			@ (mov r8, r8)
10004674:	20005e9c 	.word	0x20005e9c

10004678 <stdio_init_all>:
10004678:	b510      	push	{r4, lr}
1000467a:	f000 f99f 	bl	100049bc <stdio_usb_init>
1000467e:	bd10      	pop	{r4, pc}

10004680 <__wrap_puts>:
10004680:	b570      	push	{r4, r5, r6, lr}
10004682:	0005      	movs	r5, r0
10004684:	f003 ff52 	bl	1000852c <strlen>
10004688:	0004      	movs	r4, r0
1000468a:	2301      	movs	r3, #1
1000468c:	2201      	movs	r2, #1
1000468e:	0001      	movs	r1, r0
10004690:	0028      	movs	r0, r5
10004692:	f7ff ff3d 	bl	10004510 <stdio_put_string>
10004696:	f7ff ffdf 	bl	10004658 <stdio_flush>
1000469a:	0020      	movs	r0, r4
1000469c:	bd70      	pop	{r4, r5, r6, pc}
	...

100046a0 <__wrap_vprintf>:
100046a0:	b570      	push	{r4, r5, r6, lr}
100046a2:	b0a2      	sub	sp, #136	@ 0x88
100046a4:	0004      	movs	r4, r0
100046a6:	000e      	movs	r6, r1
100046a8:	f7ff ff12 	bl	100044d0 <stdout_serialize_begin>
100046ac:	0005      	movs	r5, r0
100046ae:	2300      	movs	r3, #0
100046b0:	9301      	str	r3, [sp, #4]
100046b2:	0033      	movs	r3, r6
100046b4:	0022      	movs	r2, r4
100046b6:	a901      	add	r1, sp, #4
100046b8:	4808      	ldr	r0, [pc, #32]	@ (100046dc <__wrap_vprintf+0x3c>)
100046ba:	f7ff fdf9 	bl	100042b0 <vfctprintf>
100046be:	0004      	movs	r4, r0
100046c0:	a801      	add	r0, sp, #4
100046c2:	f7ff fed3 	bl	1000446c <stdio_stack_buffer_flush>
100046c6:	f7ff ffc7 	bl	10004658 <stdio_flush>
100046ca:	2d00      	cmp	r5, #0
100046cc:	d102      	bne.n	100046d4 <__wrap_vprintf+0x34>
100046ce:	0020      	movs	r0, r4
100046d0:	b022      	add	sp, #136	@ 0x88
100046d2:	bd70      	pop	{r4, r5, r6, pc}
100046d4:	f7ff ff14 	bl	10004500 <stdout_serialize_end>
100046d8:	e7f9      	b.n	100046ce <__wrap_vprintf+0x2e>
100046da:	46c0      	nop			@ (mov r8, r8)
100046dc:	100044b1 	.word	0x100044b1

100046e0 <__wrap_printf>:
100046e0:	b40f      	push	{r0, r1, r2, r3}
100046e2:	b500      	push	{lr}
100046e4:	b083      	sub	sp, #12
100046e6:	a904      	add	r1, sp, #16
100046e8:	c901      	ldmia	r1!, {r0}
100046ea:	9101      	str	r1, [sp, #4]
100046ec:	f7ff ffd8 	bl	100046a0 <__wrap_vprintf>
100046f0:	b003      	add	sp, #12
100046f2:	bc08      	pop	{r3}
100046f4:	b004      	add	sp, #16
100046f6:	4718      	bx	r3

100046f8 <resetd_init>:
100046f8:	4770      	bx	lr
	...

100046fc <resetd_reset>:
100046fc:	4b01      	ldr	r3, [pc, #4]	@ (10004704 <resetd_reset+0x8>)
100046fe:	2200      	movs	r2, #0
10004700:	701a      	strb	r2, [r3, #0]
10004702:	4770      	bx	lr
10004704:	20006527 	.word	0x20006527

10004708 <resetd_open>:
10004708:	794b      	ldrb	r3, [r1, #5]
1000470a:	2bff      	cmp	r3, #255	@ 0xff
1000470c:	d10c      	bne.n	10004728 <resetd_open+0x20>
1000470e:	798b      	ldrb	r3, [r1, #6]
10004710:	2b00      	cmp	r3, #0
10004712:	d10b      	bne.n	1000472c <resetd_open+0x24>
10004714:	79cb      	ldrb	r3, [r1, #7]
10004716:	2b01      	cmp	r3, #1
10004718:	d10a      	bne.n	10004730 <resetd_open+0x28>
1000471a:	2a08      	cmp	r2, #8
1000471c:	d90a      	bls.n	10004734 <resetd_open+0x2c>
1000471e:	788a      	ldrb	r2, [r1, #2]
10004720:	4b05      	ldr	r3, [pc, #20]	@ (10004738 <resetd_open+0x30>)
10004722:	701a      	strb	r2, [r3, #0]
10004724:	2009      	movs	r0, #9
10004726:	e000      	b.n	1000472a <resetd_open+0x22>
10004728:	2000      	movs	r0, #0
1000472a:	4770      	bx	lr
1000472c:	2000      	movs	r0, #0
1000472e:	e7fc      	b.n	1000472a <resetd_open+0x22>
10004730:	2000      	movs	r0, #0
10004732:	e7fa      	b.n	1000472a <resetd_open+0x22>
10004734:	2000      	movs	r0, #0
10004736:	e7f8      	b.n	1000472a <resetd_open+0x22>
10004738:	20006527 	.word	0x20006527

1000473c <resetd_xfer_cb>:
1000473c:	2001      	movs	r0, #1
1000473e:	4770      	bx	lr

10004740 <resetd_control_xfer_cb>:
10004740:	b510      	push	{r4, lr}
10004742:	2901      	cmp	r1, #1
10004744:	d128      	bne.n	10004798 <resetd_control_xfer_cb+0x58>
10004746:	7911      	ldrb	r1, [r2, #4]
10004748:	7953      	ldrb	r3, [r2, #5]
1000474a:	021b      	lsls	r3, r3, #8
1000474c:	430b      	orrs	r3, r1
1000474e:	4913      	ldr	r1, [pc, #76]	@ (1000479c <resetd_control_xfer_cb+0x5c>)
10004750:	7809      	ldrb	r1, [r1, #0]
10004752:	428b      	cmp	r3, r1
10004754:	d001      	beq.n	1000475a <resetd_control_xfer_cb+0x1a>
10004756:	2000      	movs	r0, #0
10004758:	e01f      	b.n	1000479a <resetd_control_xfer_cb+0x5a>
1000475a:	7853      	ldrb	r3, [r2, #1]
1000475c:	2b01      	cmp	r3, #1
1000475e:	d003      	beq.n	10004768 <resetd_control_xfer_cb+0x28>
10004760:	2b02      	cmp	r3, #2
10004762:	d012      	beq.n	1000478a <resetd_control_xfer_cb+0x4a>
10004764:	2000      	movs	r0, #0
10004766:	e018      	b.n	1000479a <resetd_control_xfer_cb+0x5a>
10004768:	7891      	ldrb	r1, [r2, #2]
1000476a:	78d3      	ldrb	r3, [r2, #3]
1000476c:	021b      	lsls	r3, r3, #8
1000476e:	4319      	orrs	r1, r3
10004770:	05db      	lsls	r3, r3, #23
10004772:	d507      	bpl.n	10004784 <resetd_control_xfer_cb+0x44>
10004774:	0a48      	lsrs	r0, r1, #9
10004776:	0a4a      	lsrs	r2, r1, #9
10004778:	2301      	movs	r3, #1
1000477a:	401a      	ands	r2, r3
1000477c:	337e      	adds	r3, #126	@ 0x7e
1000477e:	4019      	ands	r1, r3
10004780:	f7fd fcb0 	bl	100020e4 <rom_reset_usb_boot_extra>
10004784:	2001      	movs	r0, #1
10004786:	4240      	negs	r0, r0
10004788:	e7f5      	b.n	10004776 <resetd_control_xfer_cb+0x36>
1000478a:	2264      	movs	r2, #100	@ 0x64
1000478c:	2100      	movs	r1, #0
1000478e:	2000      	movs	r0, #0
10004790:	f7fd fc50 	bl	10002034 <watchdog_reboot>
10004794:	2001      	movs	r0, #1
10004796:	e000      	b.n	1000479a <resetd_control_xfer_cb+0x5a>
10004798:	2001      	movs	r0, #1
1000479a:	bd10      	pop	{r4, pc}
1000479c:	20006527 	.word	0x20006527

100047a0 <tud_descriptor_bos_cb>:
100047a0:	4800      	ldr	r0, [pc, #0]	@ (100047a4 <tud_descriptor_bos_cb+0x4>)
100047a2:	4770      	bx	lr
100047a4:	10009d04 	.word	0x10009d04

100047a8 <tud_vendor_control_xfer_cb>:
100047a8:	b510      	push	{r4, lr}
100047aa:	0014      	movs	r4, r2
100047ac:	2901      	cmp	r1, #1
100047ae:	d110      	bne.n	100047d2 <tud_vendor_control_xfer_cb+0x2a>
100047b0:	7853      	ldrb	r3, [r2, #1]
100047b2:	2b01      	cmp	r3, #1
100047b4:	d10f      	bne.n	100047d6 <tud_vendor_control_xfer_cb+0x2e>
100047b6:	7912      	ldrb	r2, [r2, #4]
100047b8:	7963      	ldrb	r3, [r4, #5]
100047ba:	021b      	lsls	r3, r3, #8
100047bc:	4313      	orrs	r3, r2
100047be:	2b07      	cmp	r3, #7
100047c0:	d001      	beq.n	100047c6 <tud_vendor_control_xfer_cb+0x1e>
100047c2:	2000      	movs	r0, #0
100047c4:	e006      	b.n	100047d4 <tud_vendor_control_xfer_cb+0x2c>
100047c6:	339f      	adds	r3, #159	@ 0x9f
100047c8:	4a04      	ldr	r2, [pc, #16]	@ (100047dc <tud_vendor_control_xfer_cb+0x34>)
100047ca:	0021      	movs	r1, r4
100047cc:	f001 fb26 	bl	10005e1c <tud_control_xfer>
100047d0:	e000      	b.n	100047d4 <tud_vendor_control_xfer_cb+0x2c>
100047d2:	2001      	movs	r0, #1
100047d4:	bd10      	pop	{r4, pc}
100047d6:	2000      	movs	r0, #0
100047d8:	e7fc      	b.n	100047d4 <tud_vendor_control_xfer_cb+0x2c>
100047da:	46c0      	nop			@ (mov r8, r8)
100047dc:	10009d28 	.word	0x10009d28

100047e0 <usbd_app_driver_get_cb>:
100047e0:	2301      	movs	r3, #1
100047e2:	7003      	strb	r3, [r0, #0]
100047e4:	4800      	ldr	r0, [pc, #0]	@ (100047e8 <usbd_app_driver_get_cb+0x8>)
100047e6:	4770      	bx	lr
100047e8:	10009ce4 	.word	0x10009ce4

100047ec <tud_cdc_line_coding_cb>:
100047ec:	b510      	push	{r4, lr}
100047ee:	780b      	ldrb	r3, [r1, #0]
100047f0:	7848      	ldrb	r0, [r1, #1]
100047f2:	0200      	lsls	r0, r0, #8
100047f4:	4318      	orrs	r0, r3
100047f6:	788a      	ldrb	r2, [r1, #2]
100047f8:	0412      	lsls	r2, r2, #16
100047fa:	4310      	orrs	r0, r2
100047fc:	78cb      	ldrb	r3, [r1, #3]
100047fe:	061b      	lsls	r3, r3, #24
10004800:	4303      	orrs	r3, r0
10004802:	2296      	movs	r2, #150	@ 0x96
10004804:	00d2      	lsls	r2, r2, #3
10004806:	4293      	cmp	r3, r2
10004808:	d000      	beq.n	1000480c <tud_cdc_line_coding_cb+0x20>
1000480a:	bd10      	pop	{r4, pc}
1000480c:	2001      	movs	r0, #1
1000480e:	2200      	movs	r2, #0
10004810:	0011      	movs	r1, r2
10004812:	4240      	negs	r0, r0
10004814:	f7fd fc66 	bl	100020e4 <rom_reset_usb_boot_extra>

10004818 <stdio_usb_set_chars_available_callback>:
10004818:	4b02      	ldr	r3, [pc, #8]	@ (10004824 <stdio_usb_set_chars_available_callback+0xc>)
1000481a:	6018      	str	r0, [r3, #0]
1000481c:	4b02      	ldr	r3, [pc, #8]	@ (10004828 <stdio_usb_set_chars_available_callback+0x10>)
1000481e:	6019      	str	r1, [r3, #0]
10004820:	4770      	bx	lr
10004822:	46c0      	nop			@ (mov r8, r8)
10004824:	20001e3c 	.word	0x20001e3c
10004828:	20001e40 	.word	0x20001e40

1000482c <stdio_usb_out_flush>:
1000482c:	b510      	push	{r4, lr}
1000482e:	f7fd fa89 	bl	10001d44 <time_us_64>
10004832:	4a0e      	ldr	r2, [pc, #56]	@ (1000486c <stdio_usb_out_flush+0x40>)
10004834:	2300      	movs	r3, #0
10004836:	1812      	adds	r2, r2, r0
10004838:	414b      	adcs	r3, r1
1000483a:	2b00      	cmp	r3, #0
1000483c:	db12      	blt.n	10004864 <stdio_usb_out_flush+0x38>
1000483e:	480c      	ldr	r0, [pc, #48]	@ (10004870 <stdio_usb_out_flush+0x44>)
10004840:	f004 faba 	bl	10008db8 <__mutex_try_enter_block_until_veneer>
10004844:	2800      	cmp	r0, #0
10004846:	d00c      	beq.n	10004862 <stdio_usb_out_flush+0x36>
10004848:	2001      	movs	r0, #1
1000484a:	2100      	movs	r1, #0
1000484c:	4240      	negs	r0, r0
1000484e:	f001 f9af 	bl	10005bb0 <tud_task_ext>
10004852:	2000      	movs	r0, #0
10004854:	f001 fc5a 	bl	1000610c <tud_cdc_n_write_flush>
10004858:	2800      	cmp	r0, #0
1000485a:	d1f5      	bne.n	10004848 <stdio_usb_out_flush+0x1c>
1000485c:	4804      	ldr	r0, [pc, #16]	@ (10004870 <stdio_usb_out_flush+0x44>)
1000485e:	f004 fa6b 	bl	10008d38 <__mutex_exit_veneer>
10004862:	bd10      	pop	{r4, pc}
10004864:	2201      	movs	r2, #1
10004866:	4252      	negs	r2, r2
10004868:	4b02      	ldr	r3, [pc, #8]	@ (10004874 <stdio_usb_out_flush+0x48>)
1000486a:	e7e8      	b.n	1000483e <stdio_usb_out_flush+0x12>
1000486c:	000f4240 	.word	0x000f4240
10004870:	200064fc 	.word	0x200064fc
10004874:	7fffffff 	.word	0x7fffffff

10004878 <usb_irq>:
10004878:	b510      	push	{r4, lr}
1000487a:	4b02      	ldr	r3, [pc, #8]	@ (10004884 <usb_irq+0xc>)
1000487c:	7818      	ldrb	r0, [r3, #0]
1000487e:	f7fc fafd 	bl	10000e7c <irq_set_pending>
10004882:	bd10      	pop	{r4, pc}
10004884:	20006528 	.word	0x20006528

10004888 <timer_task>:
10004888:	b570      	push	{r4, r5, r6, lr}
1000488a:	4b16      	ldr	r3, [pc, #88]	@ (100048e4 <timer_task+0x5c>)
1000488c:	681b      	ldr	r3, [r3, #0]
1000488e:	2b00      	cmp	r3, #0
10004890:	d01f      	beq.n	100048d2 <timer_task+0x4a>
10004892:	f3ef 8210 	mrs	r2, PRIMASK
10004896:	b672      	cpsid	i
10004898:	6819      	ldr	r1, [r3, #0]
1000489a:	2900      	cmp	r1, #0
1000489c:	d0fc      	beq.n	10004898 <timer_task+0x10>
1000489e:	f3bf 8f5f 	dmb	sy
100048a2:	4910      	ldr	r1, [pc, #64]	@ (100048e4 <timer_task+0x5c>)
100048a4:	604a      	str	r2, [r1, #4]
100048a6:	2300      	movs	r3, #0
100048a8:	480f      	ldr	r0, [pc, #60]	@ (100048e8 <timer_task+0x60>)
100048aa:	7003      	strb	r3, [r0, #0]
100048ac:	6809      	ldr	r1, [r1, #0]
100048ae:	f3bf 8f5f 	dmb	sy
100048b2:	600b      	str	r3, [r1, #0]
100048b4:	f382 8810 	msr	PRIMASK, r2
100048b8:	2400      	movs	r4, #0
100048ba:	2500      	movs	r5, #0
100048bc:	4b0b      	ldr	r3, [pc, #44]	@ (100048ec <timer_task+0x64>)
100048be:	7818      	ldrb	r0, [r3, #0]
100048c0:	f7fc fab8 	bl	10000e34 <irq_is_enabled>
100048c4:	2800      	cmp	r0, #0
100048c6:	d108      	bne.n	100048da <timer_task+0x52>
100048c8:	2400      	movs	r4, #0
100048ca:	2500      	movs	r5, #0
100048cc:	0020      	movs	r0, r4
100048ce:	0029      	movs	r1, r5
100048d0:	bd70      	pop	{r4, r5, r6, pc}
100048d2:	24fa      	movs	r4, #250	@ 0xfa
100048d4:	00a4      	lsls	r4, r4, #2
100048d6:	2500      	movs	r5, #0
100048d8:	e7f0      	b.n	100048bc <timer_task+0x34>
100048da:	4b04      	ldr	r3, [pc, #16]	@ (100048ec <timer_task+0x64>)
100048dc:	7818      	ldrb	r0, [r3, #0]
100048de:	f7fc facd 	bl	10000e7c <irq_set_pending>
100048e2:	e7f3      	b.n	100048cc <timer_task+0x44>
100048e4:	200062bc 	.word	0x200062bc
100048e8:	20006529 	.word	0x20006529
100048ec:	20006528 	.word	0x20006528

100048f0 <low_priority_worker_irq>:
100048f0:	b510      	push	{r4, lr}
100048f2:	b084      	sub	sp, #16
100048f4:	2100      	movs	r1, #0
100048f6:	482a      	ldr	r0, [pc, #168]	@ (100049a0 <low_priority_worker_irq+0xb0>)
100048f8:	f004 fa3e 	bl	10008d78 <__mutex_try_enter_veneer>
100048fc:	2800      	cmp	r0, #0
100048fe:	d11f      	bne.n	10004940 <low_priority_worker_irq+0x50>
10004900:	4b28      	ldr	r3, [pc, #160]	@ (100049a4 <low_priority_worker_irq+0xb4>)
10004902:	681b      	ldr	r3, [r3, #0]
10004904:	2b00      	cmp	r3, #0
10004906:	d019      	beq.n	1000493c <low_priority_worker_irq+0x4c>
10004908:	f3ef 8210 	mrs	r2, PRIMASK
1000490c:	b672      	cpsid	i
1000490e:	6819      	ldr	r1, [r3, #0]
10004910:	2900      	cmp	r1, #0
10004912:	d0fc      	beq.n	1000490e <low_priority_worker_irq+0x1e>
10004914:	f3bf 8f5f 	dmb	sy
10004918:	4922      	ldr	r1, [pc, #136]	@ (100049a4 <low_priority_worker_irq+0xb4>)
1000491a:	604a      	str	r2, [r1, #4]
1000491c:	4822      	ldr	r0, [pc, #136]	@ (100049a8 <low_priority_worker_irq+0xb8>)
1000491e:	7803      	ldrb	r3, [r0, #0]
10004920:	2401      	movs	r4, #1
10004922:	4063      	eors	r3, r4
10004924:	b2db      	uxtb	r3, r3
10004926:	2401      	movs	r4, #1
10004928:	7004      	strb	r4, [r0, #0]
1000492a:	6809      	ldr	r1, [r1, #0]
1000492c:	f3bf 8f5f 	dmb	sy
10004930:	2000      	movs	r0, #0
10004932:	6008      	str	r0, [r1, #0]
10004934:	f382 8810 	msr	PRIMASK, r2
10004938:	2b00      	cmp	r3, #0
1000493a:	d117      	bne.n	1000496c <low_priority_worker_irq+0x7c>
1000493c:	b004      	add	sp, #16
1000493e:	bd10      	pop	{r4, pc}
10004940:	2001      	movs	r0, #1
10004942:	2100      	movs	r1, #0
10004944:	4240      	negs	r0, r0
10004946:	f001 f933 	bl	10005bb0 <tud_task_ext>
1000494a:	2000      	movs	r0, #0
1000494c:	f001 fbae 	bl	100060ac <tud_cdc_n_available>
10004950:	0004      	movs	r4, r0
10004952:	4813      	ldr	r0, [pc, #76]	@ (100049a0 <low_priority_worker_irq+0xb0>)
10004954:	f004 f9f0 	bl	10008d38 <__mutex_exit_veneer>
10004958:	2c00      	cmp	r4, #0
1000495a:	d0ef      	beq.n	1000493c <low_priority_worker_irq+0x4c>
1000495c:	4b13      	ldr	r3, [pc, #76]	@ (100049ac <low_priority_worker_irq+0xbc>)
1000495e:	681b      	ldr	r3, [r3, #0]
10004960:	2b00      	cmp	r3, #0
10004962:	d0eb      	beq.n	1000493c <low_priority_worker_irq+0x4c>
10004964:	4a12      	ldr	r2, [pc, #72]	@ (100049b0 <low_priority_worker_irq+0xc0>)
10004966:	6810      	ldr	r0, [r2, #0]
10004968:	4798      	blx	r3
1000496a:	e7e7      	b.n	1000493c <low_priority_worker_irq+0x4c>
1000496c:	f7fc ffa6 	bl	100018bc <alarm_pool_get_default>
10004970:	0004      	movs	r4, r0
10004972:	f7fd f9e7 	bl	10001d44 <time_us_64>
10004976:	22fa      	movs	r2, #250	@ 0xfa
10004978:	0092      	lsls	r2, r2, #2
1000497a:	2300      	movs	r3, #0
1000497c:	1812      	adds	r2, r2, r0
1000497e:	414b      	adcs	r3, r1
10004980:	2b00      	cmp	r3, #0
10004982:	db09      	blt.n	10004998 <low_priority_worker_irq+0xa8>
10004984:	2101      	movs	r1, #1
10004986:	9102      	str	r1, [sp, #8]
10004988:	2100      	movs	r1, #0
1000498a:	9101      	str	r1, [sp, #4]
1000498c:	4909      	ldr	r1, [pc, #36]	@ (100049b4 <low_priority_worker_irq+0xc4>)
1000498e:	9100      	str	r1, [sp, #0]
10004990:	0020      	movs	r0, r4
10004992:	f7fd f801 	bl	10001998 <alarm_pool_add_alarm_at>
10004996:	e7d1      	b.n	1000493c <low_priority_worker_irq+0x4c>
10004998:	2201      	movs	r2, #1
1000499a:	4252      	negs	r2, r2
1000499c:	4b06      	ldr	r3, [pc, #24]	@ (100049b8 <low_priority_worker_irq+0xc8>)
1000499e:	e7f1      	b.n	10004984 <low_priority_worker_irq+0x94>
100049a0:	200064fc 	.word	0x200064fc
100049a4:	200062bc 	.word	0x200062bc
100049a8:	20006529 	.word	0x20006529
100049ac:	20001e3c 	.word	0x20001e3c
100049b0:	20001e40 	.word	0x20001e40
100049b4:	10004889 	.word	0x10004889
100049b8:	7fffffff 	.word	0x7fffffff

100049bc <stdio_usb_init>:
100049bc:	b510      	push	{r4, lr}
100049be:	b084      	sub	sp, #16
100049c0:	23d0      	movs	r3, #208	@ 0xd0
100049c2:	061b      	lsls	r3, r3, #24
100049c4:	681c      	ldr	r4, [r3, #0]
100049c6:	f7fc ff79 	bl	100018bc <alarm_pool_get_default>
100049ca:	f7fd f83f 	bl	10001a4c <alarm_pool_core_num>
100049ce:	42a0      	cmp	r0, r4
100049d0:	d12c      	bne.n	10004a2c <stdio_usb_init+0x70>
100049d2:	4b2d      	ldr	r3, [pc, #180]	@ (10004a88 <stdio_usb_init+0xcc>)
100049d4:	781b      	ldrb	r3, [r3, #0]
100049d6:	f002 f8b5 	bl	10006b44 <tusb_init>
100049da:	4b2c      	ldr	r3, [pc, #176]	@ (10004a8c <stdio_usb_init+0xd0>)
100049dc:	681b      	ldr	r3, [r3, #0]
100049de:	2b00      	cmp	r3, #0
100049e0:	d02a      	beq.n	10004a38 <stdio_usb_init+0x7c>
100049e2:	2001      	movs	r0, #1
100049e4:	f7fc fd10 	bl	10001408 <user_irq_claim_unused>
100049e8:	b2c0      	uxtb	r0, r0
100049ea:	4c29      	ldr	r4, [pc, #164]	@ (10004a90 <stdio_usb_init+0xd4>)
100049ec:	7020      	strb	r0, [r4, #0]
100049ee:	4929      	ldr	r1, [pc, #164]	@ (10004a94 <stdio_usb_init+0xd8>)
100049f0:	f7fc fa72 	bl	10000ed8 <irq_set_exclusive_handler>
100049f4:	7820      	ldrb	r0, [r4, #0]
100049f6:	2101      	movs	r1, #1
100049f8:	f7fc fa36 	bl	10000e68 <irq_set_enabled>
100049fc:	2005      	movs	r0, #5
100049fe:	f7fc fa4d 	bl	10000e9c <irq_has_shared_handler>
10004a02:	1e04      	subs	r4, r0, #0
10004a04:	d01c      	beq.n	10004a40 <stdio_usb_init+0x84>
10004a06:	2001      	movs	r0, #1
10004a08:	f7fc f96e 	bl	10000ce8 <spin_lock_claim_unused>
10004a0c:	0001      	movs	r1, r0
10004a0e:	4822      	ldr	r0, [pc, #136]	@ (10004a98 <stdio_usb_init+0xdc>)
10004a10:	f7fc fd58 	bl	100014c4 <critical_section_init_with_lock_num>
10004a14:	2200      	movs	r2, #0
10004a16:	4921      	ldr	r1, [pc, #132]	@ (10004a9c <stdio_usb_init+0xe0>)
10004a18:	2005      	movs	r0, #5
10004a1a:	f7fc fa87 	bl	10000f2c <irq_add_shared_handler>
10004a1e:	2101      	movs	r1, #1
10004a20:	481f      	ldr	r0, [pc, #124]	@ (10004aa0 <stdio_usb_init+0xe4>)
10004a22:	f7ff fe03 	bl	1000462c <stdio_set_driver_enabled>
10004a26:	0020      	movs	r0, r4
10004a28:	b004      	add	sp, #16
10004a2a:	bd10      	pop	{r4, pc}
10004a2c:	4b1d      	ldr	r3, [pc, #116]	@ (10004aa4 <stdio_usb_init+0xe8>)
10004a2e:	4a1e      	ldr	r2, [pc, #120]	@ (10004aa8 <stdio_usb_init+0xec>)
10004a30:	21c6      	movs	r1, #198	@ 0xc6
10004a32:	481e      	ldr	r0, [pc, #120]	@ (10004aac <stdio_usb_init+0xf0>)
10004a34:	f7ff fca0 	bl	10004378 <__assert_func>
10004a38:	4814      	ldr	r0, [pc, #80]	@ (10004a8c <stdio_usb_init+0xd0>)
10004a3a:	f7fc fd01 	bl	10001440 <mutex_init>
10004a3e:	e7d0      	b.n	100049e2 <stdio_usb_init+0x26>
10004a40:	2208      	movs	r2, #8
10004a42:	2100      	movs	r1, #0
10004a44:	4814      	ldr	r0, [pc, #80]	@ (10004a98 <stdio_usb_init+0xdc>)
10004a46:	f7fe fb97 	bl	10003178 <__wrap_memset>
10004a4a:	f7fc ff37 	bl	100018bc <alarm_pool_get_default>
10004a4e:	0004      	movs	r4, r0
10004a50:	f7fd f978 	bl	10001d44 <time_us_64>
10004a54:	22fa      	movs	r2, #250	@ 0xfa
10004a56:	0092      	lsls	r2, r2, #2
10004a58:	2300      	movs	r3, #0
10004a5a:	1812      	adds	r2, r2, r0
10004a5c:	414b      	adcs	r3, r1
10004a5e:	2b00      	cmp	r3, #0
10004a60:	db0d      	blt.n	10004a7e <stdio_usb_init+0xc2>
10004a62:	2101      	movs	r1, #1
10004a64:	9102      	str	r1, [sp, #8]
10004a66:	2100      	movs	r1, #0
10004a68:	9101      	str	r1, [sp, #4]
10004a6a:	4911      	ldr	r1, [pc, #68]	@ (10004ab0 <stdio_usb_init+0xf4>)
10004a6c:	9100      	str	r1, [sp, #0]
10004a6e:	0020      	movs	r0, r4
10004a70:	f7fc ff92 	bl	10001998 <alarm_pool_add_alarm_at>
10004a74:	43c0      	mvns	r0, r0
10004a76:	0fc4      	lsrs	r4, r0, #31
10004a78:	2800      	cmp	r0, #0
10004a7a:	dad4      	bge.n	10004a26 <stdio_usb_init+0x6a>
10004a7c:	e7cf      	b.n	10004a1e <stdio_usb_init+0x62>
10004a7e:	2201      	movs	r2, #1
10004a80:	4252      	negs	r2, r2
10004a82:	4b0c      	ldr	r3, [pc, #48]	@ (10004ab4 <stdio_usb_init+0xf8>)
10004a84:	e7ed      	b.n	10004a62 <stdio_usb_init+0xa6>
10004a86:	46c0      	nop			@ (mov r8, r8)
10004a88:	1000a740 	.word	0x1000a740
10004a8c:	200064fc 	.word	0x200064fc
10004a90:	20006528 	.word	0x20006528
10004a94:	100048f1 	.word	0x100048f1
10004a98:	200062bc 	.word	0x200062bc
10004a9c:	10004879 	.word	0x10004879
10004aa0:	20000d40 	.word	0x20000d40
10004aa4:	10009440 	.word	0x10009440
10004aa8:	10009e3c 	.word	0x10009e3c
10004aac:	10009dd0 	.word	0x10009dd0
10004ab0:	10004889 	.word	0x10004889
10004ab4:	7fffffff 	.word	0x7fffffff

10004ab8 <stdio_usb_connected>:
10004ab8:	b510      	push	{r4, lr}
10004aba:	2000      	movs	r0, #0
10004abc:	f001 fad2 	bl	10006064 <tud_cdc_n_connected>
10004ac0:	bd10      	pop	{r4, pc}
	...

10004ac4 <stdio_usb_in_chars>:
10004ac4:	b570      	push	{r4, r5, r6, lr}
10004ac6:	0005      	movs	r5, r0
10004ac8:	000c      	movs	r4, r1
10004aca:	f7ff fff5 	bl	10004ab8 <stdio_usb_connected>
10004ace:	2800      	cmp	r0, #0
10004ad0:	d034      	beq.n	10004b3c <stdio_usb_in_chars+0x78>
10004ad2:	2000      	movs	r0, #0
10004ad4:	f001 faea 	bl	100060ac <tud_cdc_n_available>
10004ad8:	2800      	cmp	r0, #0
10004ada:	d032      	beq.n	10004b42 <stdio_usb_in_chars+0x7e>
10004adc:	f7fd f932 	bl	10001d44 <time_us_64>
10004ae0:	4a1b      	ldr	r2, [pc, #108]	@ (10004b50 <stdio_usb_in_chars+0x8c>)
10004ae2:	2300      	movs	r3, #0
10004ae4:	1812      	adds	r2, r2, r0
10004ae6:	414b      	adcs	r3, r1
10004ae8:	2b00      	cmp	r3, #0
10004aea:	db19      	blt.n	10004b20 <stdio_usb_in_chars+0x5c>
10004aec:	4819      	ldr	r0, [pc, #100]	@ (10004b54 <stdio_usb_in_chars+0x90>)
10004aee:	f004 f963 	bl	10008db8 <__mutex_try_enter_block_until_veneer>
10004af2:	2800      	cmp	r0, #0
10004af4:	d028      	beq.n	10004b48 <stdio_usb_in_chars+0x84>
10004af6:	f7ff ffdf 	bl	10004ab8 <stdio_usb_connected>
10004afa:	2800      	cmp	r0, #0
10004afc:	d004      	beq.n	10004b08 <stdio_usb_in_chars+0x44>
10004afe:	2000      	movs	r0, #0
10004b00:	f001 fad4 	bl	100060ac <tud_cdc_n_available>
10004b04:	2800      	cmp	r0, #0
10004b06:	d10f      	bne.n	10004b28 <stdio_usb_in_chars+0x64>
10004b08:	2001      	movs	r0, #1
10004b0a:	2100      	movs	r1, #0
10004b0c:	4240      	negs	r0, r0
10004b0e:	f001 f84f 	bl	10005bb0 <tud_task_ext>
10004b12:	2403      	movs	r4, #3
10004b14:	4264      	negs	r4, r4
10004b16:	480f      	ldr	r0, [pc, #60]	@ (10004b54 <stdio_usb_in_chars+0x90>)
10004b18:	f004 f90e 	bl	10008d38 <__mutex_exit_veneer>
10004b1c:	0020      	movs	r0, r4
10004b1e:	bd70      	pop	{r4, r5, r6, pc}
10004b20:	2201      	movs	r2, #1
10004b22:	4252      	negs	r2, r2
10004b24:	4b0c      	ldr	r3, [pc, #48]	@ (10004b58 <stdio_usb_in_chars+0x94>)
10004b26:	e7e1      	b.n	10004aec <stdio_usb_in_chars+0x28>
10004b28:	0022      	movs	r2, r4
10004b2a:	0029      	movs	r1, r5
10004b2c:	2000      	movs	r0, #0
10004b2e:	f001 facd 	bl	100060cc <tud_cdc_n_read>
10004b32:	1e04      	subs	r4, r0, #0
10004b34:	d1ef      	bne.n	10004b16 <stdio_usb_in_chars+0x52>
10004b36:	2403      	movs	r4, #3
10004b38:	4264      	negs	r4, r4
10004b3a:	e7ec      	b.n	10004b16 <stdio_usb_in_chars+0x52>
10004b3c:	2403      	movs	r4, #3
10004b3e:	4264      	negs	r4, r4
10004b40:	e7ec      	b.n	10004b1c <stdio_usb_in_chars+0x58>
10004b42:	2403      	movs	r4, #3
10004b44:	4264      	negs	r4, r4
10004b46:	e7e9      	b.n	10004b1c <stdio_usb_in_chars+0x58>
10004b48:	2403      	movs	r4, #3
10004b4a:	4264      	negs	r4, r4
10004b4c:	e7e6      	b.n	10004b1c <stdio_usb_in_chars+0x58>
10004b4e:	46c0      	nop			@ (mov r8, r8)
10004b50:	000f4240 	.word	0x000f4240
10004b54:	200064fc 	.word	0x200064fc
10004b58:	7fffffff 	.word	0x7fffffff

10004b5c <stdio_usb_out_chars>:
10004b5c:	b5f0      	push	{r4, r5, r6, r7, lr}
10004b5e:	46c6      	mov	lr, r8
10004b60:	b500      	push	{lr}
10004b62:	4680      	mov	r8, r0
10004b64:	000c      	movs	r4, r1
10004b66:	f7fd f8ed 	bl	10001d44 <time_us_64>
10004b6a:	4a31      	ldr	r2, [pc, #196]	@ (10004c30 <stdio_usb_out_chars+0xd4>)
10004b6c:	2300      	movs	r3, #0
10004b6e:	1812      	adds	r2, r2, r0
10004b70:	414b      	adcs	r3, r1
10004b72:	2b00      	cmp	r3, #0
10004b74:	db07      	blt.n	10004b86 <stdio_usb_out_chars+0x2a>
10004b76:	482f      	ldr	r0, [pc, #188]	@ (10004c34 <stdio_usb_out_chars+0xd8>)
10004b78:	f004 f91e 	bl	10008db8 <__mutex_try_enter_block_until_veneer>
10004b7c:	2800      	cmp	r0, #0
10004b7e:	d106      	bne.n	10004b8e <stdio_usb_out_chars+0x32>
10004b80:	bc80      	pop	{r7}
10004b82:	46b8      	mov	r8, r7
10004b84:	bdf0      	pop	{r4, r5, r6, r7, pc}
10004b86:	2201      	movs	r2, #1
10004b88:	4252      	negs	r2, r2
10004b8a:	4b2b      	ldr	r3, [pc, #172]	@ (10004c38 <stdio_usb_out_chars+0xdc>)
10004b8c:	e7f3      	b.n	10004b76 <stdio_usb_out_chars+0x1a>
10004b8e:	f7ff ff93 	bl	10004ab8 <stdio_usb_connected>
10004b92:	2800      	cmp	r0, #0
10004b94:	d149      	bne.n	10004c2a <stdio_usb_out_chars+0xce>
10004b96:	4b29      	ldr	r3, [pc, #164]	@ (10004c3c <stdio_usb_out_chars+0xe0>)
10004b98:	2000      	movs	r0, #0
10004b9a:	2100      	movs	r1, #0
10004b9c:	6018      	str	r0, [r3, #0]
10004b9e:	6059      	str	r1, [r3, #4]
10004ba0:	4824      	ldr	r0, [pc, #144]	@ (10004c34 <stdio_usb_out_chars+0xd8>)
10004ba2:	f004 f8c9 	bl	10008d38 <__mutex_exit_veneer>
10004ba6:	e7eb      	b.n	10004b80 <stdio_usb_out_chars+0x24>
10004ba8:	2001      	movs	r0, #1
10004baa:	2100      	movs	r1, #0
10004bac:	4240      	negs	r0, r0
10004bae:	f000 ffff 	bl	10005bb0 <tud_task_ext>
10004bb2:	2000      	movs	r0, #0
10004bb4:	f001 faaa 	bl	1000610c <tud_cdc_n_write_flush>
10004bb8:	f7ff ff7e 	bl	10004ab8 <stdio_usb_connected>
10004bbc:	2800      	cmp	r0, #0
10004bbe:	d0ef      	beq.n	10004ba0 <stdio_usb_out_chars+0x44>
10004bc0:	2000      	movs	r0, #0
10004bc2:	f001 fb37 	bl	10006234 <tud_cdc_n_write_available>
10004bc6:	2800      	cmp	r0, #0
10004bc8:	d020      	beq.n	10004c0c <stdio_usb_out_chars+0xb0>
10004bca:	42a5      	cmp	r5, r4
10004bcc:	dae8      	bge.n	10004ba0 <stdio_usb_out_chars+0x44>
10004bce:	1b66      	subs	r6, r4, r5
10004bd0:	2000      	movs	r0, #0
10004bd2:	f001 fb2f 	bl	10006234 <tud_cdc_n_write_available>
10004bd6:	0002      	movs	r2, r0
10004bd8:	4286      	cmp	r6, r0
10004bda:	dc00      	bgt.n	10004bde <stdio_usb_out_chars+0x82>
10004bdc:	0032      	movs	r2, r6
10004bde:	2a00      	cmp	r2, #0
10004be0:	d0e2      	beq.n	10004ba8 <stdio_usb_out_chars+0x4c>
10004be2:	4643      	mov	r3, r8
10004be4:	1959      	adds	r1, r3, r5
10004be6:	2000      	movs	r0, #0
10004be8:	f001 fafe 	bl	100061e8 <tud_cdc_n_write>
10004bec:	0006      	movs	r6, r0
10004bee:	2001      	movs	r0, #1
10004bf0:	2100      	movs	r1, #0
10004bf2:	4240      	negs	r0, r0
10004bf4:	f000 ffdc 	bl	10005bb0 <tud_task_ext>
10004bf8:	2000      	movs	r0, #0
10004bfa:	f001 fa87 	bl	1000610c <tud_cdc_n_write_flush>
10004bfe:	19ad      	adds	r5, r5, r6
10004c00:	f7fd f8a0 	bl	10001d44 <time_us_64>
10004c04:	4b0d      	ldr	r3, [pc, #52]	@ (10004c3c <stdio_usb_out_chars+0xe0>)
10004c06:	6018      	str	r0, [r3, #0]
10004c08:	6059      	str	r1, [r3, #4]
10004c0a:	e7de      	b.n	10004bca <stdio_usb_out_chars+0x6e>
10004c0c:	f7fd f89a 	bl	10001d44 <time_us_64>
10004c10:	4b0a      	ldr	r3, [pc, #40]	@ (10004c3c <stdio_usb_out_chars+0xe0>)
10004c12:	681e      	ldr	r6, [r3, #0]
10004c14:	685f      	ldr	r7, [r3, #4]
10004c16:	4a0a      	ldr	r2, [pc, #40]	@ (10004c40 <stdio_usb_out_chars+0xe4>)
10004c18:	2300      	movs	r3, #0
10004c1a:	1992      	adds	r2, r2, r6
10004c1c:	417b      	adcs	r3, r7
10004c1e:	4299      	cmp	r1, r3
10004c20:	d8be      	bhi.n	10004ba0 <stdio_usb_out_chars+0x44>
10004c22:	d1d2      	bne.n	10004bca <stdio_usb_out_chars+0x6e>
10004c24:	4290      	cmp	r0, r2
10004c26:	d9d0      	bls.n	10004bca <stdio_usb_out_chars+0x6e>
10004c28:	e7ba      	b.n	10004ba0 <stdio_usb_out_chars+0x44>
10004c2a:	2500      	movs	r5, #0
10004c2c:	e7cd      	b.n	10004bca <stdio_usb_out_chars+0x6e>
10004c2e:	46c0      	nop			@ (mov r8, r8)
10004c30:	000f4240 	.word	0x000f4240
10004c34:	200064fc 	.word	0x200064fc
10004c38:	7fffffff 	.word	0x7fffffff
10004c3c:	20001748 	.word	0x20001748
10004c40:	0007a120 	.word	0x0007a120

10004c44 <tud_descriptor_device_cb>:
10004c44:	4800      	ldr	r0, [pc, #0]	@ (10004c48 <tud_descriptor_device_cb+0x4>)
10004c46:	4770      	bx	lr
10004c48:	10009ecc 	.word	0x10009ecc

10004c4c <tud_descriptor_configuration_cb>:
10004c4c:	4800      	ldr	r0, [pc, #0]	@ (10004c50 <tud_descriptor_configuration_cb+0x4>)
10004c4e:	4770      	bx	lr
10004c50:	10009e78 	.word	0x10009e78

10004c54 <tud_descriptor_string_cb>:
10004c54:	b510      	push	{r4, lr}
10004c56:	0004      	movs	r4, r0
10004c58:	4b15      	ldr	r3, [pc, #84]	@ (10004cb0 <tud_descriptor_string_cb+0x5c>)
10004c5a:	781b      	ldrb	r3, [r3, #0]
10004c5c:	2b00      	cmp	r3, #0
10004c5e:	d00e      	beq.n	10004c7e <tud_descriptor_string_cb+0x2a>
10004c60:	2c00      	cmp	r4, #0
10004c62:	d111      	bne.n	10004c88 <tud_descriptor_string_cb+0x34>
10004c64:	4b13      	ldr	r3, [pc, #76]	@ (10004cb4 <tud_descriptor_string_cb+0x60>)
10004c66:	4a14      	ldr	r2, [pc, #80]	@ (10004cb8 <tud_descriptor_string_cb+0x64>)
10004c68:	805a      	strh	r2, [r3, #2]
10004c6a:	2301      	movs	r3, #1
10004c6c:	3301      	adds	r3, #1
10004c6e:	005b      	lsls	r3, r3, #1
10004c70:	b21b      	sxth	r3, r3
10004c72:	22c0      	movs	r2, #192	@ 0xc0
10004c74:	0092      	lsls	r2, r2, #2
10004c76:	4313      	orrs	r3, r2
10004c78:	480e      	ldr	r0, [pc, #56]	@ (10004cb4 <tud_descriptor_string_cb+0x60>)
10004c7a:	8003      	strh	r3, [r0, #0]
10004c7c:	bd10      	pop	{r4, pc}
10004c7e:	2111      	movs	r1, #17
10004c80:	480b      	ldr	r0, [pc, #44]	@ (10004cb0 <tud_descriptor_string_cb+0x5c>)
10004c82:	f000 f825 	bl	10004cd0 <pico_get_unique_board_id_string>
10004c86:	e7eb      	b.n	10004c60 <tud_descriptor_string_cb+0xc>
10004c88:	2c05      	cmp	r4, #5
10004c8a:	d80e      	bhi.n	10004caa <tud_descriptor_string_cb+0x56>
10004c8c:	00a4      	lsls	r4, r4, #2
10004c8e:	4b0b      	ldr	r3, [pc, #44]	@ (10004cbc <tud_descriptor_string_cb+0x68>)
10004c90:	58e4      	ldr	r4, [r4, r3]
10004c92:	2300      	movs	r3, #0
10004c94:	2b12      	cmp	r3, #18
10004c96:	d8e9      	bhi.n	10004c6c <tud_descriptor_string_cb+0x18>
10004c98:	5ce2      	ldrb	r2, [r4, r3]
10004c9a:	2a00      	cmp	r2, #0
10004c9c:	d0e6      	beq.n	10004c6c <tud_descriptor_string_cb+0x18>
10004c9e:	3301      	adds	r3, #1
10004ca0:	0059      	lsls	r1, r3, #1
10004ca2:	4804      	ldr	r0, [pc, #16]	@ (10004cb4 <tud_descriptor_string_cb+0x60>)
10004ca4:	5242      	strh	r2, [r0, r1]
10004ca6:	b2db      	uxtb	r3, r3
10004ca8:	e7f4      	b.n	10004c94 <tud_descriptor_string_cb+0x40>
10004caa:	2000      	movs	r0, #0
10004cac:	e7e6      	b.n	10004c7c <tud_descriptor_string_cb+0x28>
10004cae:	46c0      	nop			@ (mov r8, r8)
10004cb0:	20006508 	.word	0x20006508
10004cb4:	20005e74 	.word	0x20005e74
10004cb8:	00000409 	.word	0x00000409
10004cbc:	10009ee0 	.word	0x10009ee0

10004cc0 <_retrieve_unique_id_on_boot>:
10004cc0:	b510      	push	{r4, lr}
10004cc2:	4802      	ldr	r0, [pc, #8]	@ (10004ccc <_retrieve_unique_id_on_boot+0xc>)
10004cc4:	f000 f834 	bl	10004d30 <flash_get_unique_id>
10004cc8:	bd10      	pop	{r4, pc}
10004cca:	46c0      	nop			@ (mov r8, r8)
10004ccc:	200062e0 	.word	0x200062e0

10004cd0 <pico_get_unique_board_id_string>:
10004cd0:	b510      	push	{r4, lr}
10004cd2:	2900      	cmp	r1, #0
10004cd4:	d001      	beq.n	10004cda <pico_get_unique_board_id_string+0xa>
10004cd6:	2300      	movs	r3, #0
10004cd8:	e00a      	b.n	10004cf0 <pico_get_unique_board_id_string+0x20>
10004cda:	4b11      	ldr	r3, [pc, #68]	@ (10004d20 <pico_get_unique_board_id_string+0x50>)
10004cdc:	4a11      	ldr	r2, [pc, #68]	@ (10004d24 <pico_get_unique_board_id_string+0x54>)
10004cde:	313b      	adds	r1, #59	@ 0x3b
10004ce0:	4811      	ldr	r0, [pc, #68]	@ (10004d28 <pico_get_unique_board_id_string+0x58>)
10004ce2:	f7ff fb49 	bl	10004378 <__assert_func>
10004ce6:	2400      	movs	r4, #0
10004ce8:	e00d      	b.n	10004d06 <pico_get_unique_board_id_string+0x36>
10004cea:	3237      	adds	r2, #55	@ 0x37
10004cec:	54c2      	strb	r2, [r0, r3]
10004cee:	3301      	adds	r3, #1
10004cf0:	1e4a      	subs	r2, r1, #1
10004cf2:	429a      	cmp	r2, r3
10004cf4:	d90f      	bls.n	10004d16 <pico_get_unique_board_id_string+0x46>
10004cf6:	2b0f      	cmp	r3, #15
10004cf8:	d80d      	bhi.n	10004d16 <pico_get_unique_board_id_string+0x46>
10004cfa:	085a      	lsrs	r2, r3, #1
10004cfc:	4c0b      	ldr	r4, [pc, #44]	@ (10004d2c <pico_get_unique_board_id_string+0x5c>)
10004cfe:	5ca2      	ldrb	r2, [r4, r2]
10004d00:	07dc      	lsls	r4, r3, #31
10004d02:	d4f0      	bmi.n	10004ce6 <pico_get_unique_board_id_string+0x16>
10004d04:	2404      	movs	r4, #4
10004d06:	4122      	asrs	r2, r4
10004d08:	0014      	movs	r4, r2
10004d0a:	220f      	movs	r2, #15
10004d0c:	4022      	ands	r2, r4
10004d0e:	2a09      	cmp	r2, #9
10004d10:	dceb      	bgt.n	10004cea <pico_get_unique_board_id_string+0x1a>
10004d12:	3230      	adds	r2, #48	@ 0x30
10004d14:	e7ea      	b.n	10004cec <pico_get_unique_board_id_string+0x1c>
10004d16:	18c0      	adds	r0, r0, r3
10004d18:	2300      	movs	r3, #0
10004d1a:	7003      	strb	r3, [r0, #0]
10004d1c:	bd10      	pop	{r4, pc}
10004d1e:	46c0      	nop			@ (mov r8, r8)
10004d20:	10009ef8 	.word	0x10009ef8
10004d24:	10009f4c 	.word	0x10009f4c
10004d28:	10009f00 	.word	0x10009f00
10004d2c:	200062e0 	.word	0x200062e0

10004d30 <flash_get_unique_id>:
10004d30:	b570      	push	{r4, r5, r6, lr}
10004d32:	b088      	sub	sp, #32
10004d34:	0004      	movs	r4, r0
10004d36:	ad04      	add	r5, sp, #16
10004d38:	2600      	movs	r6, #0
10004d3a:	9604      	str	r6, [sp, #16]
10004d3c:	2209      	movs	r2, #9
10004d3e:	2100      	movs	r1, #0
10004d40:	a805      	add	r0, sp, #20
10004d42:	f7fe fa19 	bl	10003178 <__wrap_memset>
10004d46:	9600      	str	r6, [sp, #0]
10004d48:	2209      	movs	r2, #9
10004d4a:	2100      	movs	r1, #0
10004d4c:	a801      	add	r0, sp, #4
10004d4e:	f7fe fa13 	bl	10003178 <__wrap_memset>
10004d52:	234b      	movs	r3, #75	@ 0x4b
10004d54:	702b      	strb	r3, [r5, #0]
10004d56:	220d      	movs	r2, #13
10004d58:	4669      	mov	r1, sp
10004d5a:	0028      	movs	r0, r5
10004d5c:	f003 ffe4 	bl	10008d28 <__flash_do_cmd_veneer>
10004d60:	2300      	movs	r3, #0
10004d62:	e004      	b.n	10004d6e <flash_get_unique_id+0x3e>
10004d64:	1d5a      	adds	r2, r3, #5
10004d66:	4669      	mov	r1, sp
10004d68:	5c8a      	ldrb	r2, [r1, r2]
10004d6a:	54e2      	strb	r2, [r4, r3]
10004d6c:	3301      	adds	r3, #1
10004d6e:	2b07      	cmp	r3, #7
10004d70:	ddf8      	ble.n	10004d64 <flash_get_unique_id+0x34>
10004d72:	b008      	add	sp, #32
10004d74:	bd70      	pop	{r4, r5, r6, pc}
	...

10004d78 <_hw_endpoint_alloc>:
10004d78:	b510      	push	{r4, lr}
10004d7a:	8b03      	ldrh	r3, [r0, #24]
10004d7c:	333f      	adds	r3, #63	@ 0x3f
10004d7e:	223f      	movs	r2, #63	@ 0x3f
10004d80:	4393      	bics	r3, r2
10004d82:	2902      	cmp	r1, #2
10004d84:	d015      	beq.n	10004db2 <_hw_endpoint_alloc+0x3a>
10004d86:	4c12      	ldr	r4, [pc, #72]	@ (10004dd0 <_hw_endpoint_alloc+0x58>)
10004d88:	6822      	ldr	r2, [r4, #0]
10004d8a:	60c2      	str	r2, [r0, #12]
10004d8c:	18d3      	adds	r3, r2, r3
10004d8e:	6023      	str	r3, [r4, #0]
10004d90:	069c      	lsls	r4, r3, #26
10004d92:	d110      	bne.n	10004db6 <_hw_endpoint_alloc+0x3e>
10004d94:	4c0f      	ldr	r4, [pc, #60]	@ (10004dd4 <_hw_endpoint_alloc+0x5c>)
10004d96:	4062      	eors	r2, r4
10004d98:	4063      	eors	r3, r4
10004d9a:	2480      	movs	r4, #128	@ 0x80
10004d9c:	0164      	lsls	r4, r4, #5
10004d9e:	42a3      	cmp	r3, r4
10004da0:	d80f      	bhi.n	10004dc2 <_hw_endpoint_alloc+0x4a>
10004da2:	0689      	lsls	r1, r1, #26
10004da4:	4311      	orrs	r1, r2
10004da6:	2380      	movs	r3, #128	@ 0x80
10004da8:	061b      	lsls	r3, r3, #24
10004daa:	4319      	orrs	r1, r3
10004dac:	6843      	ldr	r3, [r0, #4]
10004dae:	6019      	str	r1, [r3, #0]
10004db0:	bd10      	pop	{r4, pc}
10004db2:	005b      	lsls	r3, r3, #1
10004db4:	e7e7      	b.n	10004d86 <_hw_endpoint_alloc+0xe>
10004db6:	4b08      	ldr	r3, [pc, #32]	@ (10004dd8 <_hw_endpoint_alloc+0x60>)
10004db8:	4a08      	ldr	r2, [pc, #32]	@ (10004ddc <_hw_endpoint_alloc+0x64>)
10004dba:	2151      	movs	r1, #81	@ 0x51
10004dbc:	4808      	ldr	r0, [pc, #32]	@ (10004de0 <_hw_endpoint_alloc+0x68>)
10004dbe:	f7ff fadb 	bl	10004378 <__assert_func>
10004dc2:	4b08      	ldr	r3, [pc, #32]	@ (10004de4 <_hw_endpoint_alloc+0x6c>)
10004dc4:	4a05      	ldr	r2, [pc, #20]	@ (10004ddc <_hw_endpoint_alloc+0x64>)
10004dc6:	2153      	movs	r1, #83	@ 0x53
10004dc8:	4805      	ldr	r0, [pc, #20]	@ (10004de0 <_hw_endpoint_alloc+0x68>)
10004dca:	f7ff fad5 	bl	10004378 <__assert_func>
10004dce:	46c0      	nop			@ (mov r8, r8)
10004dd0:	200062b8 	.word	0x200062b8
10004dd4:	50100000 	.word	0x50100000
10004dd8:	1000a180 	.word	0x1000a180
10004ddc:	1000a2a0 	.word	0x1000a2a0
10004de0:	1000a1b0 	.word	0x1000a1b0
10004de4:	1000a20c 	.word	0x1000a20c

10004de8 <hw_endpoint_init>:
10004de8:	b570      	push	{r4, r5, r6, lr}
10004dea:	0004      	movs	r4, r0
10004dec:	237f      	movs	r3, #127	@ 0x7f
10004dee:	4003      	ands	r3, r0
10004df0:	09c5      	lsrs	r5, r0, #7
10004df2:	0058      	lsls	r0, r3, #1
10004df4:	1940      	adds	r0, r0, r5
10004df6:	0140      	lsls	r0, r0, #5
10004df8:	4e26      	ldr	r6, [pc, #152]	@ (10004e94 <hw_endpoint_init+0xac>)
10004dfa:	1980      	adds	r0, r0, r6
10004dfc:	7084      	strb	r4, [r0, #2]
10004dfe:	426c      	negs	r4, r5
10004e00:	416c      	adcs	r4, r5
10004e02:	7044      	strb	r4, [r0, #1]
10004e04:	2400      	movs	r4, #0
10004e06:	70c4      	strb	r4, [r0, #3]
10004e08:	8301      	strh	r1, [r0, #24]
10004e0a:	76c2      	strb	r2, [r0, #27]
10004e0c:	2d01      	cmp	r5, #1
10004e0e:	d01d      	beq.n	10004e4c <hw_endpoint_init+0x64>
10004e10:	00de      	lsls	r6, r3, #3
10004e12:	4921      	ldr	r1, [pc, #132]	@ (10004e98 <hw_endpoint_init+0xb0>)
10004e14:	468c      	mov	ip, r1
10004e16:	4466      	add	r6, ip
10004e18:	0059      	lsls	r1, r3, #1
10004e1a:	1949      	adds	r1, r1, r5
10004e1c:	0149      	lsls	r1, r1, #5
10004e1e:	4c1d      	ldr	r4, [pc, #116]	@ (10004e94 <hw_endpoint_init+0xac>)
10004e20:	1861      	adds	r1, r4, r1
10004e22:	608e      	str	r6, [r1, #8]
10004e24:	005c      	lsls	r4, r3, #1
10004e26:	1964      	adds	r4, r4, r5
10004e28:	0164      	lsls	r4, r4, #5
10004e2a:	491a      	ldr	r1, [pc, #104]	@ (10004e94 <hw_endpoint_init+0xac>)
10004e2c:	190c      	adds	r4, r1, r4
10004e2e:	68a1      	ldr	r1, [r4, #8]
10004e30:	2400      	movs	r4, #0
10004e32:	600c      	str	r4, [r1, #0]
10004e34:	2b00      	cmp	r3, #0
10004e36:	d10f      	bne.n	10004e58 <hw_endpoint_init+0x70>
10004e38:	005b      	lsls	r3, r3, #1
10004e3a:	195b      	adds	r3, r3, r5
10004e3c:	015b      	lsls	r3, r3, #5
10004e3e:	4d15      	ldr	r5, [pc, #84]	@ (10004e94 <hw_endpoint_init+0xac>)
10004e40:	18eb      	adds	r3, r5, r3
10004e42:	2200      	movs	r2, #0
10004e44:	605a      	str	r2, [r3, #4]
10004e46:	4a15      	ldr	r2, [pc, #84]	@ (10004e9c <hw_endpoint_init+0xb4>)
10004e48:	60da      	str	r2, [r3, #12]
10004e4a:	bd70      	pop	{r4, r5, r6, pc}
10004e4c:	00de      	lsls	r6, r3, #3
10004e4e:	4914      	ldr	r1, [pc, #80]	@ (10004ea0 <hw_endpoint_init+0xb8>)
10004e50:	468c      	mov	ip, r1
10004e52:	4466      	add	r6, ip
10004e54:	6086      	str	r6, [r0, #8]
10004e56:	e7e5      	b.n	10004e24 <hw_endpoint_init+0x3c>
10004e58:	2d01      	cmp	r5, #1
10004e5a:	d00e      	beq.n	10004e7a <hw_endpoint_init+0x92>
10004e5c:	1e59      	subs	r1, r3, #1
10004e5e:	00c9      	lsls	r1, r1, #3
10004e60:	4c10      	ldr	r4, [pc, #64]	@ (10004ea4 <hw_endpoint_init+0xbc>)
10004e62:	46a4      	mov	ip, r4
10004e64:	4461      	add	r1, ip
10004e66:	005b      	lsls	r3, r3, #1
10004e68:	195b      	adds	r3, r3, r5
10004e6a:	015b      	lsls	r3, r3, #5
10004e6c:	4c09      	ldr	r4, [pc, #36]	@ (10004e94 <hw_endpoint_init+0xac>)
10004e6e:	18e3      	adds	r3, r4, r3
10004e70:	6059      	str	r1, [r3, #4]
10004e72:	0011      	movs	r1, r2
10004e74:	f7ff ff80 	bl	10004d78 <_hw_endpoint_alloc>
10004e78:	e7e7      	b.n	10004e4a <hw_endpoint_init+0x62>
10004e7a:	1e59      	subs	r1, r3, #1
10004e7c:	00c9      	lsls	r1, r1, #3
10004e7e:	4c0a      	ldr	r4, [pc, #40]	@ (10004ea8 <hw_endpoint_init+0xc0>)
10004e80:	46a4      	mov	ip, r4
10004e82:	4461      	add	r1, ip
10004e84:	005b      	lsls	r3, r3, #1
10004e86:	195b      	adds	r3, r3, r5
10004e88:	015b      	lsls	r3, r3, #5
10004e8a:	4d02      	ldr	r5, [pc, #8]	@ (10004e94 <hw_endpoint_init+0xac>)
10004e8c:	18eb      	adds	r3, r5, r3
10004e8e:	6059      	str	r1, [r3, #4]
10004e90:	e7ef      	b.n	10004e72 <hw_endpoint_init+0x8a>
10004e92:	46c0      	nop			@ (mov r8, r8)
10004e94:	20005eb4 	.word	0x20005eb4
10004e98:	50100084 	.word	0x50100084
10004e9c:	50100100 	.word	0x50100100
10004ea0:	50100080 	.word	0x50100080
10004ea4:	5010000c 	.word	0x5010000c
10004ea8:	50100008 	.word	0x50100008

10004eac <hw_endpoint_xfer>:
10004eac:	b510      	push	{r4, lr}
10004eae:	0004      	movs	r4, r0
10004eb0:	207f      	movs	r0, #127	@ 0x7f
10004eb2:	4020      	ands	r0, r4
10004eb4:	09e4      	lsrs	r4, r4, #7
10004eb6:	0040      	lsls	r0, r0, #1
10004eb8:	1900      	adds	r0, r0, r4
10004eba:	0140      	lsls	r0, r0, #5
10004ebc:	4b02      	ldr	r3, [pc, #8]	@ (10004ec8 <hw_endpoint_xfer+0x1c>)
10004ebe:	18c0      	adds	r0, r0, r3
10004ec0:	f000 f932 	bl	10005128 <hw_endpoint_xfer_start>
10004ec4:	bd10      	pop	{r4, pc}
10004ec6:	46c0      	nop			@ (mov r8, r8)
10004ec8:	20005eb4 	.word	0x20005eb4

10004ecc <dcd_int_enable>:
10004ecc:	b510      	push	{r4, lr}
10004ece:	2800      	cmp	r0, #0
10004ed0:	d104      	bne.n	10004edc <dcd_int_enable+0x10>
10004ed2:	2101      	movs	r1, #1
10004ed4:	2005      	movs	r0, #5
10004ed6:	f7fb ffc7 	bl	10000e68 <irq_set_enabled>
10004eda:	bd10      	pop	{r4, pc}
10004edc:	21d4      	movs	r1, #212	@ 0xd4
10004ede:	4b03      	ldr	r3, [pc, #12]	@ (10004eec <dcd_int_enable+0x20>)
10004ee0:	4a03      	ldr	r2, [pc, #12]	@ (10004ef0 <dcd_int_enable+0x24>)
10004ee2:	0049      	lsls	r1, r1, #1
10004ee4:	4803      	ldr	r0, [pc, #12]	@ (10004ef4 <dcd_int_enable+0x28>)
10004ee6:	f7ff fa47 	bl	10004378 <__assert_func>
10004eea:	46c0      	nop			@ (mov r8, r8)
10004eec:	1000a254 	.word	0x1000a254
10004ef0:	1000a290 	.word	0x1000a290
10004ef4:	1000a1b0 	.word	0x1000a1b0

10004ef8 <dcd_set_address>:
10004ef8:	b510      	push	{r4, lr}
10004efa:	2800      	cmp	r0, #0
10004efc:	d105      	bne.n	10004f0a <dcd_set_address+0x12>
10004efe:	2200      	movs	r2, #0
10004f00:	2100      	movs	r1, #0
10004f02:	2080      	movs	r0, #128	@ 0x80
10004f04:	f7ff ffd2 	bl	10004eac <hw_endpoint_xfer>
10004f08:	bd10      	pop	{r4, pc}
10004f0a:	21d9      	movs	r1, #217	@ 0xd9
10004f0c:	4b02      	ldr	r3, [pc, #8]	@ (10004f18 <dcd_set_address+0x20>)
10004f0e:	4a03      	ldr	r2, [pc, #12]	@ (10004f1c <dcd_set_address+0x24>)
10004f10:	0049      	lsls	r1, r1, #1
10004f12:	4803      	ldr	r0, [pc, #12]	@ (10004f20 <dcd_set_address+0x28>)
10004f14:	f7ff fa30 	bl	10004378 <__assert_func>
10004f18:	1000a254 	.word	0x1000a254
10004f1c:	1000a280 	.word	0x1000a280
10004f20:	1000a1b0 	.word	0x1000a1b0

10004f24 <dcd_connect>:
10004f24:	4b02      	ldr	r3, [pc, #8]	@ (10004f30 <dcd_connect+0xc>)
10004f26:	2280      	movs	r2, #128	@ 0x80
10004f28:	0252      	lsls	r2, r2, #9
10004f2a:	64da      	str	r2, [r3, #76]	@ 0x4c
10004f2c:	4770      	bx	lr
10004f2e:	46c0      	nop			@ (mov r8, r8)
10004f30:	50112000 	.word	0x50112000

10004f34 <dcd_init>:
10004f34:	b570      	push	{r4, r5, r6, lr}
10004f36:	1e04      	subs	r4, r0, #0
10004f38:	d126      	bne.n	10004f88 <dcd_init+0x54>
10004f3a:	f000 f8d3 	bl	100050e4 <rp2040_usb_init>
10004f3e:	4d16      	ldr	r5, [pc, #88]	@ (10004f98 <dcd_init+0x64>)
10004f40:	230c      	movs	r3, #12
10004f42:	67ab      	str	r3, [r5, #120]	@ 0x78
10004f44:	22ff      	movs	r2, #255	@ 0xff
10004f46:	4915      	ldr	r1, [pc, #84]	@ (10004f9c <dcd_init+0x68>)
10004f48:	2005      	movs	r0, #5
10004f4a:	f7fb ffef 	bl	10000f2c <irq_add_shared_handler>
10004f4e:	2240      	movs	r2, #64	@ 0x40
10004f50:	2100      	movs	r1, #0
10004f52:	4813      	ldr	r0, [pc, #76]	@ (10004fa0 <dcd_init+0x6c>)
10004f54:	f7fe f910 	bl	10003178 <__wrap_memset>
10004f58:	2200      	movs	r2, #0
10004f5a:	2140      	movs	r1, #64	@ 0x40
10004f5c:	2000      	movs	r0, #0
10004f5e:	f7ff ff43 	bl	10004de8 <hw_endpoint_init>
10004f62:	2200      	movs	r2, #0
10004f64:	2140      	movs	r1, #64	@ 0x40
10004f66:	2080      	movs	r0, #128	@ 0x80
10004f68:	f7ff ff3e 	bl	10004de8 <hw_endpoint_init>
10004f6c:	f003 fef4 	bl	10008d58 <__reset_non_control_endpoints_veneer>
10004f70:	2301      	movs	r3, #1
10004f72:	642b      	str	r3, [r5, #64]	@ 0x40
10004f74:	2380      	movs	r3, #128	@ 0x80
10004f76:	059b      	lsls	r3, r3, #22
10004f78:	64eb      	str	r3, [r5, #76]	@ 0x4c
10004f7a:	2390      	movs	r3, #144	@ 0x90
10004f7c:	4a09      	ldr	r2, [pc, #36]	@ (10004fa4 <dcd_init+0x70>)
10004f7e:	50ea      	str	r2, [r5, r3]
10004f80:	0020      	movs	r0, r4
10004f82:	f7ff ffcf 	bl	10004f24 <dcd_connect>
10004f86:	bd70      	pop	{r4, r5, r6, pc}
10004f88:	2176      	movs	r1, #118	@ 0x76
10004f8a:	4b07      	ldr	r3, [pc, #28]	@ (10004fa8 <dcd_init+0x74>)
10004f8c:	4a07      	ldr	r2, [pc, #28]	@ (10004fac <dcd_init+0x78>)
10004f8e:	31ff      	adds	r1, #255	@ 0xff
10004f90:	4807      	ldr	r0, [pc, #28]	@ (10004fb0 <dcd_init+0x7c>)
10004f92:	f7ff f9f1 	bl	10004378 <__assert_func>
10004f96:	46c0      	nop			@ (mov r8, r8)
10004f98:	50110000 	.word	0x50110000
10004f9c:	200004c5 	.word	0x200004c5
10004fa0:	20005eb4 	.word	0x20005eb4
10004fa4:	0001d010 	.word	0x0001d010
10004fa8:	1000a254 	.word	0x1000a254
10004fac:	1000a2b4 	.word	0x1000a2b4
10004fb0:	1000a1b0 	.word	0x1000a1b0

10004fb4 <dcd_sof_enable>:
10004fb4:	4b04      	ldr	r3, [pc, #16]	@ (10004fc8 <dcd_sof_enable+0x14>)
10004fb6:	7019      	strb	r1, [r3, #0]
10004fb8:	2900      	cmp	r1, #0
10004fba:	d004      	beq.n	10004fc6 <dcd_sof_enable+0x12>
10004fbc:	4a03      	ldr	r2, [pc, #12]	@ (10004fcc <dcd_sof_enable+0x18>)
10004fbe:	2390      	movs	r3, #144	@ 0x90
10004fc0:	2180      	movs	r1, #128	@ 0x80
10004fc2:	0289      	lsls	r1, r1, #10
10004fc4:	50d1      	str	r1, [r2, r3]
10004fc6:	4770      	bx	lr
10004fc8:	20006523 	.word	0x20006523
10004fcc:	50112000 	.word	0x50112000

10004fd0 <dcd_edpt0_status_complete>:
10004fd0:	780b      	ldrb	r3, [r1, #0]
10004fd2:	065b      	lsls	r3, r3, #25
10004fd4:	d102      	bne.n	10004fdc <dcd_edpt0_status_complete+0xc>
10004fd6:	784b      	ldrb	r3, [r1, #1]
10004fd8:	2b05      	cmp	r3, #5
10004fda:	d000      	beq.n	10004fde <dcd_edpt0_status_complete+0xe>
10004fdc:	4770      	bx	lr
10004fde:	788a      	ldrb	r2, [r1, #2]
10004fe0:	4b01      	ldr	r3, [pc, #4]	@ (10004fe8 <dcd_edpt0_status_complete+0x18>)
10004fe2:	601a      	str	r2, [r3, #0]
10004fe4:	e7fa      	b.n	10004fdc <dcd_edpt0_status_complete+0xc>
10004fe6:	46c0      	nop			@ (mov r8, r8)
10004fe8:	50110000 	.word	0x50110000

10004fec <dcd_edpt_open>:
10004fec:	b510      	push	{r4, lr}
10004fee:	000c      	movs	r4, r1
10004ff0:	2800      	cmp	r0, #0
10004ff2:	d10d      	bne.n	10005010 <dcd_edpt_open+0x24>
10004ff4:	7909      	ldrb	r1, [r1, #4]
10004ff6:	7963      	ldrb	r3, [r4, #5]
10004ff8:	021b      	lsls	r3, r3, #8
10004ffa:	430b      	orrs	r3, r1
10004ffc:	055b      	lsls	r3, r3, #21
10004ffe:	0d59      	lsrs	r1, r3, #21
10005000:	78e2      	ldrb	r2, [r4, #3]
10005002:	0792      	lsls	r2, r2, #30
10005004:	0f92      	lsrs	r2, r2, #30
10005006:	78a0      	ldrb	r0, [r4, #2]
10005008:	f7ff feee 	bl	10004de8 <hw_endpoint_init>
1000500c:	2001      	movs	r0, #1
1000500e:	bd10      	pop	{r4, pc}
10005010:	21f0      	movs	r1, #240	@ 0xf0
10005012:	4b03      	ldr	r3, [pc, #12]	@ (10005020 <dcd_edpt_open+0x34>)
10005014:	4a03      	ldr	r2, [pc, #12]	@ (10005024 <dcd_edpt_open+0x38>)
10005016:	31ff      	adds	r1, #255	@ 0xff
10005018:	4803      	ldr	r0, [pc, #12]	@ (10005028 <dcd_edpt_open+0x3c>)
1000501a:	f7ff f9ad 	bl	10004378 <__assert_func>
1000501e:	46c0      	nop			@ (mov r8, r8)
10005020:	1000a254 	.word	0x1000a254
10005024:	1000a270 	.word	0x1000a270
10005028:	1000a1b0 	.word	0x1000a1b0

1000502c <dcd_edpt_close_all>:
1000502c:	b510      	push	{r4, lr}
1000502e:	f003 fe93 	bl	10008d58 <__reset_non_control_endpoints_veneer>
10005032:	bd10      	pop	{r4, pc}

10005034 <dcd_edpt_xfer>:
10005034:	b510      	push	{r4, lr}
10005036:	0004      	movs	r4, r0
10005038:	0008      	movs	r0, r1
1000503a:	0011      	movs	r1, r2
1000503c:	001a      	movs	r2, r3
1000503e:	2c00      	cmp	r4, #0
10005040:	d103      	bne.n	1000504a <dcd_edpt_xfer+0x16>
10005042:	f7ff ff33 	bl	10004eac <hw_endpoint_xfer>
10005046:	2001      	movs	r0, #1
10005048:	bd10      	pop	{r4, pc}
1000504a:	21fe      	movs	r1, #254	@ 0xfe
1000504c:	4b02      	ldr	r3, [pc, #8]	@ (10005058 <dcd_edpt_xfer+0x24>)
1000504e:	4a03      	ldr	r2, [pc, #12]	@ (1000505c <dcd_edpt_xfer+0x28>)
10005050:	0049      	lsls	r1, r1, #1
10005052:	4803      	ldr	r0, [pc, #12]	@ (10005060 <dcd_edpt_xfer+0x2c>)
10005054:	f7ff f990 	bl	10004378 <__assert_func>
10005058:	1000a254 	.word	0x1000a254
1000505c:	1000a260 	.word	0x1000a260
10005060:	1000a1b0 	.word	0x1000a1b0

10005064 <dcd_edpt_stall>:
10005064:	b510      	push	{r4, lr}
10005066:	227f      	movs	r2, #127	@ 0x7f
10005068:	0013      	movs	r3, r2
1000506a:	400b      	ands	r3, r1
1000506c:	420a      	tst	r2, r1
1000506e:	d105      	bne.n	1000507c <dcd_edpt_stall+0x18>
10005070:	09ca      	lsrs	r2, r1, #7
10005072:	2a01      	cmp	r2, #1
10005074:	d00e      	beq.n	10005094 <dcd_edpt_stall+0x30>
10005076:	2002      	movs	r0, #2
10005078:	4a07      	ldr	r2, [pc, #28]	@ (10005098 <dcd_edpt_stall+0x34>)
1000507a:	6690      	str	r0, [r2, #104]	@ 0x68
1000507c:	09c9      	lsrs	r1, r1, #7
1000507e:	0058      	lsls	r0, r3, #1
10005080:	1840      	adds	r0, r0, r1
10005082:	0140      	lsls	r0, r0, #5
10005084:	4905      	ldr	r1, [pc, #20]	@ (1000509c <dcd_edpt_stall+0x38>)
10005086:	1840      	adds	r0, r0, r1
10005088:	2280      	movs	r2, #128	@ 0x80
1000508a:	0112      	lsls	r2, r2, #4
1000508c:	2100      	movs	r1, #0
1000508e:	f003 febb 	bl	10008e08 <___hw_endpoint_buffer_control_update32_veneer>
10005092:	bd10      	pop	{r4, pc}
10005094:	2001      	movs	r0, #1
10005096:	e7ef      	b.n	10005078 <dcd_edpt_stall+0x14>
10005098:	50112000 	.word	0x50112000
1000509c:	20005eb4 	.word	0x20005eb4

100050a0 <dcd_edpt_clear_stall>:
100050a0:	b510      	push	{r4, lr}
100050a2:	227f      	movs	r2, #127	@ 0x7f
100050a4:	0010      	movs	r0, r2
100050a6:	4008      	ands	r0, r1
100050a8:	420a      	tst	r2, r1
100050aa:	d100      	bne.n	100050ae <dcd_edpt_clear_stall+0xe>
100050ac:	bd10      	pop	{r4, pc}
100050ae:	09c9      	lsrs	r1, r1, #7
100050b0:	0040      	lsls	r0, r0, #1
100050b2:	1840      	adds	r0, r0, r1
100050b4:	0140      	lsls	r0, r0, #5
100050b6:	4904      	ldr	r1, [pc, #16]	@ (100050c8 <dcd_edpt_clear_stall+0x28>)
100050b8:	1840      	adds	r0, r0, r1
100050ba:	2300      	movs	r3, #0
100050bc:	70c3      	strb	r3, [r0, #3]
100050be:	2200      	movs	r2, #0
100050c0:	4902      	ldr	r1, [pc, #8]	@ (100050cc <dcd_edpt_clear_stall+0x2c>)
100050c2:	f003 fea1 	bl	10008e08 <___hw_endpoint_buffer_control_update32_veneer>
100050c6:	e7f1      	b.n	100050ac <dcd_edpt_clear_stall+0xc>
100050c8:	20005eb4 	.word	0x20005eb4
100050cc:	fffff7ff 	.word	0xfffff7ff

100050d0 <unaligned_memcpy>:
100050d0:	e004      	b.n	100050dc <unaligned_memcpy+0xc>
100050d2:	780a      	ldrb	r2, [r1, #0]
100050d4:	7002      	strb	r2, [r0, #0]
100050d6:	3101      	adds	r1, #1
100050d8:	3001      	adds	r0, #1
100050da:	001a      	movs	r2, r3
100050dc:	1e53      	subs	r3, r2, #1
100050de:	2a00      	cmp	r2, #0
100050e0:	d1f7      	bne.n	100050d2 <unaligned_memcpy+0x2>
100050e2:	4770      	bx	lr

100050e4 <rp2040_usb_init>:
100050e4:	b510      	push	{r4, lr}
100050e6:	2380      	movs	r3, #128	@ 0x80
100050e8:	045b      	lsls	r3, r3, #17
100050ea:	4a0a      	ldr	r2, [pc, #40]	@ (10005114 <rp2040_usb_init+0x30>)
100050ec:	6013      	str	r3, [r2, #0]
100050ee:	4a0a      	ldr	r2, [pc, #40]	@ (10005118 <rp2040_usb_init+0x34>)
100050f0:	6013      	str	r3, [r2, #0]
100050f2:	4b0a      	ldr	r3, [pc, #40]	@ (1000511c <rp2040_usb_init+0x38>)
100050f4:	681a      	ldr	r2, [r3, #0]
100050f6:	2380      	movs	r3, #128	@ 0x80
100050f8:	045b      	lsls	r3, r3, #17
100050fa:	4393      	bics	r3, r2
100050fc:	d1f9      	bne.n	100050f2 <rp2040_usb_init+0xe>
100050fe:	2280      	movs	r2, #128	@ 0x80
10005100:	0152      	lsls	r2, r2, #5
10005102:	2100      	movs	r1, #0
10005104:	4806      	ldr	r0, [pc, #24]	@ (10005120 <rp2040_usb_init+0x3c>)
10005106:	f7fe f837 	bl	10003178 <__wrap_memset>
1000510a:	4b06      	ldr	r3, [pc, #24]	@ (10005124 <rp2040_usb_init+0x40>)
1000510c:	2209      	movs	r2, #9
1000510e:	675a      	str	r2, [r3, #116]	@ 0x74
10005110:	bd10      	pop	{r4, pc}
10005112:	46c0      	nop			@ (mov r8, r8)
10005114:	4000e000 	.word	0x4000e000
10005118:	4000f000 	.word	0x4000f000
1000511c:	4000c008 	.word	0x4000c008
10005120:	50100000 	.word	0x50100000
10005124:	50110000 	.word	0x50110000

10005128 <hw_endpoint_xfer_start>:
10005128:	b570      	push	{r4, r5, r6, lr}
1000512a:	0004      	movs	r4, r0
1000512c:	000d      	movs	r5, r1
1000512e:	0016      	movs	r6, r2
10005130:	7e83      	ldrb	r3, [r0, #26]
10005132:	2b00      	cmp	r3, #0
10005134:	d117      	bne.n	10005166 <hw_endpoint_xfer_start+0x3e>
10005136:	82a6      	strh	r6, [r4, #20]
10005138:	2300      	movs	r3, #0
1000513a:	82e3      	strh	r3, [r4, #22]
1000513c:	3301      	adds	r3, #1
1000513e:	76a3      	strb	r3, [r4, #26]
10005140:	6125      	str	r5, [r4, #16]
10005142:	0020      	movs	r0, r4
10005144:	f003 fe58 	bl	10008df8 <__e15_is_bulkin_ep_veneer>
10005148:	2800      	cmp	r0, #0
1000514a:	d004      	beq.n	10005156 <hw_endpoint_xfer_start+0x2e>
1000514c:	4a0c      	ldr	r2, [pc, #48]	@ (10005180 <hw_endpoint_xfer_start+0x58>)
1000514e:	2390      	movs	r3, #144	@ 0x90
10005150:	2180      	movs	r1, #128	@ 0x80
10005152:	0289      	lsls	r1, r1, #10
10005154:	50d1      	str	r1, [r2, r3]
10005156:	0020      	movs	r0, r4
10005158:	f003 fe46 	bl	10008de8 <__e15_is_critical_frame_period_veneer>
1000515c:	2800      	cmp	r0, #0
1000515e:	d00a      	beq.n	10005176 <hw_endpoint_xfer_start+0x4e>
10005160:	2301      	movs	r3, #1
10005162:	7723      	strb	r3, [r4, #28]
10005164:	bd70      	pop	{r4, r5, r6, pc}
10005166:	7881      	ldrb	r1, [r0, #2]
10005168:	4806      	ldr	r0, [pc, #24]	@ (10005184 <hw_endpoint_xfer_start+0x5c>)
1000516a:	f7ff fab9 	bl	100046e0 <__wrap_printf>
1000516e:	0020      	movs	r0, r4
10005170:	f003 fe32 	bl	10008dd8 <__hw_endpoint_reset_transfer_veneer>
10005174:	e7df      	b.n	10005136 <hw_endpoint_xfer_start+0xe>
10005176:	0020      	movs	r0, r4
10005178:	f003 fe26 	bl	10008dc8 <__hw_endpoint_start_next_buffer_veneer>
1000517c:	e7f2      	b.n	10005164 <hw_endpoint_xfer_start+0x3c>
1000517e:	46c0      	nop			@ (mov r8, r8)
10005180:	50112000 	.word	0x50112000
10005184:	1000a3a4 	.word	0x1000a3a4

10005188 <configuration_reset>:
10005188:	b570      	push	{r4, r5, r6, lr}
1000518a:	0005      	movs	r5, r0
1000518c:	2400      	movs	r4, #0
1000518e:	e00a      	b.n	100051a6 <configuration_reset+0x1e>
10005190:	1ad2      	subs	r2, r2, r3
10005192:	0152      	lsls	r2, r2, #5
10005194:	4b16      	ldr	r3, [pc, #88]	@ (100051f0 <configuration_reset+0x68>)
10005196:	189b      	adds	r3, r3, r2
10005198:	2b00      	cmp	r3, #0
1000519a:	d011      	beq.n	100051c0 <configuration_reset+0x38>
1000519c:	68db      	ldr	r3, [r3, #12]
1000519e:	0028      	movs	r0, r5
100051a0:	4798      	blx	r3
100051a2:	3401      	adds	r4, #1
100051a4:	b2e4      	uxtb	r4, r4
100051a6:	4b13      	ldr	r3, [pc, #76]	@ (100051f4 <configuration_reset+0x6c>)
100051a8:	781b      	ldrb	r3, [r3, #0]
100051aa:	1c59      	adds	r1, r3, #1
100051ac:	0022      	movs	r2, r4
100051ae:	42a1      	cmp	r1, r4
100051b0:	db0c      	blt.n	100051cc <configuration_reset+0x44>
100051b2:	42a3      	cmp	r3, r4
100051b4:	d9ec      	bls.n	10005190 <configuration_reset+0x8>
100051b6:	4b10      	ldr	r3, [pc, #64]	@ (100051f8 <configuration_reset+0x70>)
100051b8:	681b      	ldr	r3, [r3, #0]
100051ba:	0162      	lsls	r2, r4, #5
100051bc:	189b      	adds	r3, r3, r2
100051be:	e7eb      	b.n	10005198 <configuration_reset+0x10>
100051c0:	4a0e      	ldr	r2, [pc, #56]	@ (100051fc <configuration_reset+0x74>)
100051c2:	490f      	ldr	r1, [pc, #60]	@ (10005200 <configuration_reset+0x78>)
100051c4:	480f      	ldr	r0, [pc, #60]	@ (10005204 <configuration_reset+0x7c>)
100051c6:	f7ff fa8b 	bl	100046e0 <__wrap_printf>
100051ca:	e010      	b.n	100051ee <configuration_reset+0x66>
100051cc:	4c0e      	ldr	r4, [pc, #56]	@ (10005208 <configuration_reset+0x80>)
100051ce:	2254      	movs	r2, #84	@ 0x54
100051d0:	2100      	movs	r1, #0
100051d2:	0020      	movs	r0, r4
100051d4:	f7fd ffd0 	bl	10003178 <__wrap_memset>
100051d8:	1d20      	adds	r0, r4, #4
100051da:	2210      	movs	r2, #16
100051dc:	21ff      	movs	r1, #255	@ 0xff
100051de:	f7fd ffcb 	bl	10003178 <__wrap_memset>
100051e2:	0020      	movs	r0, r4
100051e4:	3014      	adds	r0, #20
100051e6:	2220      	movs	r2, #32
100051e8:	21ff      	movs	r1, #255	@ 0xff
100051ea:	f7fd ffc5 	bl	10003178 <__wrap_memset>
100051ee:	bd70      	pop	{r4, r5, r6, pc}
100051f0:	1000a560 	.word	0x1000a560
100051f4:	20006522 	.word	0x20006522
100051f8:	200017ac 	.word	0x200017ac
100051fc:	00000216 	.word	0x00000216
10005200:	1000a4c4 	.word	0x1000a4c4
10005204:	1000a3ec 	.word	0x1000a3ec
10005208:	20001958 	.word	0x20001958

1000520c <usbd_reset>:
1000520c:	b510      	push	{r4, lr}
1000520e:	f7ff ffbb 	bl	10005188 <configuration_reset>
10005212:	f000 fe57 	bl	10005ec4 <usbd_control_reset>
10005216:	bd10      	pop	{r4, pc}

10005218 <invoke_class_control>:
10005218:	b570      	push	{r4, r5, r6, lr}
1000521a:	0005      	movs	r5, r0
1000521c:	000c      	movs	r4, r1
1000521e:	0016      	movs	r6, r2
10005220:	6948      	ldr	r0, [r1, #20]
10005222:	f000 fe59 	bl	10005ed8 <usbd_control_set_complete_callback>
10005226:	6963      	ldr	r3, [r4, #20]
10005228:	0032      	movs	r2, r6
1000522a:	2101      	movs	r1, #1
1000522c:	0028      	movs	r0, r5
1000522e:	4798      	blx	r3
10005230:	bd70      	pop	{r4, r5, r6, pc}
	...

10005234 <process_set_config>:
10005234:	b5f0      	push	{r4, r5, r6, r7, lr}
10005236:	46de      	mov	lr, fp
10005238:	4657      	mov	r7, sl
1000523a:	464e      	mov	r6, r9
1000523c:	4645      	mov	r5, r8
1000523e:	b5e0      	push	{r5, r6, r7, lr}
10005240:	b083      	sub	sp, #12
10005242:	4682      	mov	sl, r0
10005244:	3901      	subs	r1, #1
10005246:	b2c8      	uxtb	r0, r1
10005248:	f7ff fd00 	bl	10004c4c <tud_descriptor_configuration_cb>
1000524c:	2800      	cmp	r0, #0
1000524e:	d003      	beq.n	10005258 <process_set_config+0x24>
10005250:	7843      	ldrb	r3, [r0, #1]
10005252:	9301      	str	r3, [sp, #4]
10005254:	2b02      	cmp	r3, #2
10005256:	d00c      	beq.n	10005272 <process_set_config+0x3e>
10005258:	4a51      	ldr	r2, [pc, #324]	@ (100053a0 <process_set_config+0x16c>)
1000525a:	4952      	ldr	r1, [pc, #328]	@ (100053a4 <process_set_config+0x170>)
1000525c:	4852      	ldr	r0, [pc, #328]	@ (100053a8 <process_set_config+0x174>)
1000525e:	f7ff fa3f 	bl	100046e0 <__wrap_printf>
10005262:	2000      	movs	r0, #0
10005264:	b003      	add	sp, #12
10005266:	bcf0      	pop	{r4, r5, r6, r7}
10005268:	46bb      	mov	fp, r7
1000526a:	46b2      	mov	sl, r6
1000526c:	46a9      	mov	r9, r5
1000526e:	46a0      	mov	r8, r4
10005270:	bdf0      	pop	{r4, r5, r6, r7, pc}
10005272:	79c5      	ldrb	r5, [r0, #7]
10005274:	116a      	asrs	r2, r5, #5
10005276:	2301      	movs	r3, #1
10005278:	494c      	ldr	r1, [pc, #304]	@ (100053ac <process_set_config+0x178>)
1000527a:	401a      	ands	r2, r3
1000527c:	0114      	lsls	r4, r2, #4
1000527e:	780a      	ldrb	r2, [r1, #0]
10005280:	2610      	movs	r6, #16
10005282:	43b2      	bics	r2, r6
10005284:	4322      	orrs	r2, r4
10005286:	700a      	strb	r2, [r1, #0]
10005288:	11ad      	asrs	r5, r5, #6
1000528a:	402b      	ands	r3, r5
1000528c:	015b      	lsls	r3, r3, #5
1000528e:	b2d2      	uxtb	r2, r2
10005290:	2420      	movs	r4, #32
10005292:	43a2      	bics	r2, r4
10005294:	4313      	orrs	r3, r2
10005296:	700b      	strb	r3, [r1, #0]
10005298:	0006      	movs	r6, r0
1000529a:	3609      	adds	r6, #9
1000529c:	7882      	ldrb	r2, [r0, #2]
1000529e:	78c3      	ldrb	r3, [r0, #3]
100052a0:	021b      	lsls	r3, r3, #8
100052a2:	4313      	orrs	r3, r2
100052a4:	4683      	mov	fp, r0
100052a6:	449b      	add	fp, r3
100052a8:	455e      	cmp	r6, fp
100052aa:	d277      	bcs.n	1000539c <process_set_config+0x168>
100052ac:	7873      	ldrb	r3, [r6, #1]
100052ae:	2b0b      	cmp	r3, #11
100052b0:	d00a      	beq.n	100052c8 <process_set_config+0x94>
100052b2:	2301      	movs	r3, #1
100052b4:	4699      	mov	r9, r3
100052b6:	7873      	ldrb	r3, [r6, #1]
100052b8:	2b04      	cmp	r3, #4
100052ba:	d10a      	bne.n	100052d2 <process_set_config+0x9e>
100052bc:	465b      	mov	r3, fp
100052be:	1b9b      	subs	r3, r3, r6
100052c0:	b29b      	uxth	r3, r3
100052c2:	4698      	mov	r8, r3
100052c4:	2400      	movs	r4, #0
100052c6:	e03d      	b.n	10005344 <process_set_config+0x110>
100052c8:	78f3      	ldrb	r3, [r6, #3]
100052ca:	4699      	mov	r9, r3
100052cc:	7833      	ldrb	r3, [r6, #0]
100052ce:	18f6      	adds	r6, r6, r3
100052d0:	e7f1      	b.n	100052b6 <process_set_config+0x82>
100052d2:	4a37      	ldr	r2, [pc, #220]	@ (100053b0 <process_set_config+0x17c>)
100052d4:	4933      	ldr	r1, [pc, #204]	@ (100053a4 <process_set_config+0x170>)
100052d6:	4834      	ldr	r0, [pc, #208]	@ (100053a8 <process_set_config+0x174>)
100052d8:	f7ff fa02 	bl	100046e0 <__wrap_printf>
100052dc:	2000      	movs	r0, #0
100052de:	e7c1      	b.n	10005264 <process_set_config+0x30>
100052e0:	1b7d      	subs	r5, r7, r5
100052e2:	016d      	lsls	r5, r5, #5
100052e4:	4b33      	ldr	r3, [pc, #204]	@ (100053b4 <process_set_config+0x180>)
100052e6:	195d      	adds	r5, r3, r5
100052e8:	e038      	b.n	1000535c <process_set_config+0x128>
100052ea:	4a33      	ldr	r2, [pc, #204]	@ (100053b8 <process_set_config+0x184>)
100052ec:	492d      	ldr	r1, [pc, #180]	@ (100053a4 <process_set_config+0x170>)
100052ee:	482e      	ldr	r0, [pc, #184]	@ (100053a8 <process_set_config+0x174>)
100052f0:	f7ff f9f6 	bl	100046e0 <__wrap_printf>
100052f4:	2000      	movs	r0, #0
100052f6:	e7b5      	b.n	10005264 <process_set_config+0x30>
100052f8:	692a      	ldr	r2, [r5, #16]
100052fa:	4b30      	ldr	r3, [pc, #192]	@ (100053bc <process_set_config+0x188>)
100052fc:	429a      	cmp	r2, r3
100052fe:	d13c      	bne.n	1000537a <process_set_config+0x146>
10005300:	9b01      	ldr	r3, [sp, #4]
10005302:	4699      	mov	r9, r3
10005304:	e039      	b.n	1000537a <process_set_config+0x146>
10005306:	4a2e      	ldr	r2, [pc, #184]	@ (100053c0 <process_set_config+0x18c>)
10005308:	4926      	ldr	r1, [pc, #152]	@ (100053a4 <process_set_config+0x170>)
1000530a:	4827      	ldr	r0, [pc, #156]	@ (100053a8 <process_set_config+0x174>)
1000530c:	f7ff f9e8 	bl	100046e0 <__wrap_printf>
10005310:	2000      	movs	r0, #0
10005312:	e7a7      	b.n	10005264 <process_set_config+0x30>
10005314:	4825      	ldr	r0, [pc, #148]	@ (100053ac <process_set_config+0x178>)
10005316:	0023      	movs	r3, r4
10005318:	9c00      	ldr	r4, [sp, #0]
1000531a:	0022      	movs	r2, r4
1000531c:	0031      	movs	r1, r6
1000531e:	3014      	adds	r0, #20
10005320:	f001 fcbe 	bl	10006ca0 <tu_edpt_bind_driver>
10005324:	46a4      	mov	ip, r4
10005326:	4466      	add	r6, ip
10005328:	4b26      	ldr	r3, [pc, #152]	@ (100053c4 <process_set_config+0x190>)
1000532a:	781b      	ldrb	r3, [r3, #0]
1000532c:	3301      	adds	r3, #1
1000532e:	429f      	cmp	r7, r3
10005330:	ddba      	ble.n	100052a8 <process_set_config+0x74>
10005332:	4a25      	ldr	r2, [pc, #148]	@ (100053c8 <process_set_config+0x194>)
10005334:	491b      	ldr	r1, [pc, #108]	@ (100053a4 <process_set_config+0x170>)
10005336:	481c      	ldr	r0, [pc, #112]	@ (100053a8 <process_set_config+0x174>)
10005338:	f7ff f9d2 	bl	100046e0 <__wrap_printf>
1000533c:	2000      	movs	r0, #0
1000533e:	e791      	b.n	10005264 <process_set_config+0x30>
10005340:	3401      	adds	r4, #1
10005342:	b2e4      	uxtb	r4, r4
10005344:	4b1f      	ldr	r3, [pc, #124]	@ (100053c4 <process_set_config+0x190>)
10005346:	781d      	ldrb	r5, [r3, #0]
10005348:	1c6b      	adds	r3, r5, #1
1000534a:	0027      	movs	r7, r4
1000534c:	42a3      	cmp	r3, r4
1000534e:	dbeb      	blt.n	10005328 <process_set_config+0xf4>
10005350:	42a5      	cmp	r5, r4
10005352:	d9c5      	bls.n	100052e0 <process_set_config+0xac>
10005354:	4b1d      	ldr	r3, [pc, #116]	@ (100053cc <process_set_config+0x198>)
10005356:	681d      	ldr	r5, [r3, #0]
10005358:	0163      	lsls	r3, r4, #5
1000535a:	18ed      	adds	r5, r5, r3
1000535c:	2d00      	cmp	r5, #0
1000535e:	d0c4      	beq.n	100052ea <process_set_config+0xb6>
10005360:	4642      	mov	r2, r8
10005362:	0031      	movs	r1, r6
10005364:	4650      	mov	r0, sl
10005366:	692b      	ldr	r3, [r5, #16]
10005368:	4798      	blx	r3
1000536a:	9000      	str	r0, [sp, #0]
1000536c:	2808      	cmp	r0, #8
1000536e:	d9e7      	bls.n	10005340 <process_set_config+0x10c>
10005370:	4580      	cmp	r8, r0
10005372:	d3e5      	bcc.n	10005340 <process_set_config+0x10c>
10005374:	464b      	mov	r3, r9
10005376:	2b01      	cmp	r3, #1
10005378:	d0be      	beq.n	100052f8 <process_set_config+0xc4>
1000537a:	2100      	movs	r1, #0
1000537c:	4589      	cmp	r9, r1
1000537e:	d9c9      	bls.n	10005314 <process_set_config+0xe0>
10005380:	78b3      	ldrb	r3, [r6, #2]
10005382:	185b      	adds	r3, r3, r1
10005384:	b2db      	uxtb	r3, r3
10005386:	4a09      	ldr	r2, [pc, #36]	@ (100053ac <process_set_config+0x178>)
10005388:	18d2      	adds	r2, r2, r3
1000538a:	7912      	ldrb	r2, [r2, #4]
1000538c:	2aff      	cmp	r2, #255	@ 0xff
1000538e:	d1ba      	bne.n	10005306 <process_set_config+0xd2>
10005390:	4a06      	ldr	r2, [pc, #24]	@ (100053ac <process_set_config+0x178>)
10005392:	18d3      	adds	r3, r2, r3
10005394:	711c      	strb	r4, [r3, #4]
10005396:	3101      	adds	r1, #1
10005398:	b2c9      	uxtb	r1, r1
1000539a:	e7ef      	b.n	1000537c <process_set_config+0x148>
1000539c:	2001      	movs	r0, #1
1000539e:	e761      	b.n	10005264 <process_set_config+0x30>
100053a0:	000003c7 	.word	0x000003c7
100053a4:	1000a54c 	.word	0x1000a54c
100053a8:	1000a3ec 	.word	0x1000a3ec
100053ac:	20001958 	.word	0x20001958
100053b0:	000003e2 	.word	0x000003e2
100053b4:	1000a560 	.word	0x1000a560
100053b8:	000003eb 	.word	0x000003eb
100053bc:	10006401 	.word	0x10006401
100053c0:	0000040a 	.word	0x0000040a
100053c4:	20006522 	.word	0x20006522
100053c8:	00000419 	.word	0x00000419
100053cc:	200017ac 	.word	0x200017ac

100053d0 <tud_event_hook_cb>:
100053d0:	4770      	bx	lr

100053d2 <tud_sof_cb>:
100053d2:	4770      	bx	lr

100053d4 <tud_descriptor_device_qualifier_cb>:
100053d4:	2000      	movs	r0, #0
100053d6:	4770      	bx	lr

100053d8 <tud_descriptor_other_speed_configuration_cb>:
100053d8:	2000      	movs	r0, #0
100053da:	4770      	bx	lr

100053dc <process_get_descriptor>:
100053dc:	b570      	push	{r4, r5, r6, lr}
100053de:	0005      	movs	r5, r0
100053e0:	000c      	movs	r4, r1
100053e2:	78cb      	ldrb	r3, [r1, #3]
100053e4:	7888      	ldrb	r0, [r1, #2]
100053e6:	2b0f      	cmp	r3, #15
100053e8:	d853      	bhi.n	10005492 <process_get_descriptor+0xb6>
100053ea:	009a      	lsls	r2, r3, #2
100053ec:	492e      	ldr	r1, [pc, #184]	@ (100054a8 <process_get_descriptor+0xcc>)
100053ee:	588a      	ldr	r2, [r1, r2]
100053f0:	4697      	mov	pc, r2
100053f2:	f7ff fc27 	bl	10004c44 <tud_descriptor_device_cb>
100053f6:	1e02      	subs	r2, r0, #0
100053f8:	d005      	beq.n	10005406 <process_get_descriptor+0x2a>
100053fa:	2312      	movs	r3, #18
100053fc:	0021      	movs	r1, r4
100053fe:	0028      	movs	r0, r5
10005400:	f000 fd0c 	bl	10005e1c <tud_control_xfer>
10005404:	e046      	b.n	10005494 <process_get_descriptor+0xb8>
10005406:	4a29      	ldr	r2, [pc, #164]	@ (100054ac <process_get_descriptor+0xd0>)
10005408:	4929      	ldr	r1, [pc, #164]	@ (100054b0 <process_get_descriptor+0xd4>)
1000540a:	482a      	ldr	r0, [pc, #168]	@ (100054b4 <process_get_descriptor+0xd8>)
1000540c:	f7ff f968 	bl	100046e0 <__wrap_printf>
10005410:	2000      	movs	r0, #0
10005412:	e03f      	b.n	10005494 <process_get_descriptor+0xb8>
10005414:	f7ff f9c4 	bl	100047a0 <tud_descriptor_bos_cb>
10005418:	1e02      	subs	r2, r0, #0
1000541a:	d03c      	beq.n	10005496 <process_get_descriptor+0xba>
1000541c:	7881      	ldrb	r1, [r0, #2]
1000541e:	78c3      	ldrb	r3, [r0, #3]
10005420:	021b      	lsls	r3, r3, #8
10005422:	430b      	orrs	r3, r1
10005424:	0021      	movs	r1, r4
10005426:	0028      	movs	r0, r5
10005428:	f000 fcf8 	bl	10005e1c <tud_control_xfer>
1000542c:	e032      	b.n	10005494 <process_get_descriptor+0xb8>
1000542e:	2b02      	cmp	r3, #2
10005430:	d00c      	beq.n	1000544c <process_get_descriptor+0x70>
10005432:	f7ff ffd1 	bl	100053d8 <tud_descriptor_other_speed_configuration_cb>
10005436:	1e02      	subs	r2, r0, #0
10005438:	d02f      	beq.n	1000549a <process_get_descriptor+0xbe>
1000543a:	7891      	ldrb	r1, [r2, #2]
1000543c:	78d3      	ldrb	r3, [r2, #3]
1000543e:	021b      	lsls	r3, r3, #8
10005440:	430b      	orrs	r3, r1
10005442:	0021      	movs	r1, r4
10005444:	0028      	movs	r0, r5
10005446:	f000 fce9 	bl	10005e1c <tud_control_xfer>
1000544a:	e023      	b.n	10005494 <process_get_descriptor+0xb8>
1000544c:	f7ff fbfe 	bl	10004c4c <tud_descriptor_configuration_cb>
10005450:	1e02      	subs	r2, r0, #0
10005452:	d1f2      	bne.n	1000543a <process_get_descriptor+0x5e>
10005454:	4a18      	ldr	r2, [pc, #96]	@ (100054b8 <process_get_descriptor+0xdc>)
10005456:	4916      	ldr	r1, [pc, #88]	@ (100054b0 <process_get_descriptor+0xd4>)
10005458:	4816      	ldr	r0, [pc, #88]	@ (100054b4 <process_get_descriptor+0xd8>)
1000545a:	f7ff f941 	bl	100046e0 <__wrap_printf>
1000545e:	2000      	movs	r0, #0
10005460:	e018      	b.n	10005494 <process_get_descriptor+0xb8>
10005462:	7923      	ldrb	r3, [r4, #4]
10005464:	7961      	ldrb	r1, [r4, #5]
10005466:	0209      	lsls	r1, r1, #8
10005468:	4319      	orrs	r1, r3
1000546a:	f7ff fbf3 	bl	10004c54 <tud_descriptor_string_cb>
1000546e:	1e02      	subs	r2, r0, #0
10005470:	d015      	beq.n	1000549e <process_get_descriptor+0xc2>
10005472:	7803      	ldrb	r3, [r0, #0]
10005474:	0021      	movs	r1, r4
10005476:	0028      	movs	r0, r5
10005478:	f000 fcd0 	bl	10005e1c <tud_control_xfer>
1000547c:	e00a      	b.n	10005494 <process_get_descriptor+0xb8>
1000547e:	f7ff ffa9 	bl	100053d4 <tud_descriptor_device_qualifier_cb>
10005482:	1e02      	subs	r2, r0, #0
10005484:	d00d      	beq.n	100054a2 <process_get_descriptor+0xc6>
10005486:	7803      	ldrb	r3, [r0, #0]
10005488:	0021      	movs	r1, r4
1000548a:	0028      	movs	r0, r5
1000548c:	f000 fcc6 	bl	10005e1c <tud_control_xfer>
10005490:	e000      	b.n	10005494 <process_get_descriptor+0xb8>
10005492:	2000      	movs	r0, #0
10005494:	bd70      	pop	{r4, r5, r6, pc}
10005496:	2000      	movs	r0, #0
10005498:	e7fc      	b.n	10005494 <process_get_descriptor+0xb8>
1000549a:	2000      	movs	r0, #0
1000549c:	e7fa      	b.n	10005494 <process_get_descriptor+0xb8>
1000549e:	2000      	movs	r0, #0
100054a0:	e7f8      	b.n	10005494 <process_get_descriptor+0xb8>
100054a2:	2000      	movs	r0, #0
100054a4:	e7f6      	b.n	10005494 <process_get_descriptor+0xb8>
100054a6:	46c0      	nop			@ (mov r8, r8)
100054a8:	1000a404 	.word	0x1000a404
100054ac:	0000042b 	.word	0x0000042b
100054b0:	1000a534 	.word	0x1000a534
100054b4:	1000a3ec 	.word	0x1000a3ec
100054b8:	00000452 	.word	0x00000452

100054bc <tud_mount_cb>:
100054bc:	4770      	bx	lr

100054be <tud_umount_cb>:
100054be:	4770      	bx	lr

100054c0 <tud_suspend_cb>:
100054c0:	4770      	bx	lr

100054c2 <tud_resume_cb>:
100054c2:	4770      	bx	lr

100054c4 <tud_mounted>:
100054c4:	4b02      	ldr	r3, [pc, #8]	@ (100054d0 <tud_mounted+0xc>)
100054c6:	7858      	ldrb	r0, [r3, #1]
100054c8:	1e43      	subs	r3, r0, #1
100054ca:	4198      	sbcs	r0, r3
100054cc:	b2c0      	uxtb	r0, r0
100054ce:	4770      	bx	lr
100054d0:	20001958 	.word	0x20001958

100054d4 <tud_suspended>:
100054d4:	4b02      	ldr	r3, [pc, #8]	@ (100054e0 <tud_suspended+0xc>)
100054d6:	7818      	ldrb	r0, [r3, #0]
100054d8:	0740      	lsls	r0, r0, #29
100054da:	0fc0      	lsrs	r0, r0, #31
100054dc:	4770      	bx	lr
100054de:	46c0      	nop			@ (mov r8, r8)
100054e0:	20001958 	.word	0x20001958

100054e4 <tud_inited>:
100054e4:	4b03      	ldr	r3, [pc, #12]	@ (100054f4 <tud_inited+0x10>)
100054e6:	7818      	ldrb	r0, [r3, #0]
100054e8:	38ff      	subs	r0, #255	@ 0xff
100054ea:	1e43      	subs	r3, r0, #1
100054ec:	4198      	sbcs	r0, r3
100054ee:	b2c0      	uxtb	r0, r0
100054f0:	4770      	bx	lr
100054f2:	46c0      	nop			@ (mov r8, r8)
100054f4:	20000d74 	.word	0x20000d74

100054f8 <tud_init>:
100054f8:	b570      	push	{r4, r5, r6, lr}
100054fa:	0005      	movs	r5, r0
100054fc:	f7ff fff2 	bl	100054e4 <tud_inited>
10005500:	1e06      	subs	r6, r0, #0
10005502:	d001      	beq.n	10005508 <tud_init+0x10>
10005504:	0030      	movs	r0, r6
10005506:	bd70      	pop	{r4, r5, r6, pc}
10005508:	2254      	movs	r2, #84	@ 0x54
1000550a:	2100      	movs	r1, #0
1000550c:	4824      	ldr	r0, [pc, #144]	@ (100055a0 <tud_init+0xa8>)
1000550e:	f7fd fe33 	bl	10003178 <__wrap_memset>
10005512:	4b24      	ldr	r3, [pc, #144]	@ (100055a4 <tud_init+0xac>)
10005514:	2200      	movs	r2, #0
10005516:	701a      	strb	r2, [r3, #0]
10005518:	4c23      	ldr	r4, [pc, #140]	@ (100055a8 <tud_init+0xb0>)
1000551a:	0020      	movs	r0, r4
1000551c:	f7fb ff90 	bl	10001440 <mutex_init>
10005520:	4b22      	ldr	r3, [pc, #136]	@ (100055ac <tud_init+0xb4>)
10005522:	601c      	str	r4, [r3, #0]
10005524:	4c22      	ldr	r4, [pc, #136]	@ (100055b0 <tud_init+0xb8>)
10005526:	0020      	movs	r0, r4
10005528:	3014      	adds	r0, #20
1000552a:	f7fb ffd5 	bl	100014d8 <critical_section_init>
1000552e:	0020      	movs	r0, r4
10005530:	f001 fe1f 	bl	10007172 <tu_fifo_clear>
10005534:	4b1f      	ldr	r3, [pc, #124]	@ (100055b4 <tud_init+0xbc>)
10005536:	601c      	str	r4, [r3, #0]
10005538:	4b1f      	ldr	r3, [pc, #124]	@ (100055b8 <tud_init+0xc0>)
1000553a:	2b00      	cmp	r3, #0
1000553c:	d004      	beq.n	10005548 <tud_init+0x50>
1000553e:	481f      	ldr	r0, [pc, #124]	@ (100055bc <tud_init+0xc4>)
10005540:	f7ff f94e 	bl	100047e0 <usbd_app_driver_get_cb>
10005544:	4b1e      	ldr	r3, [pc, #120]	@ (100055c0 <tud_init+0xc8>)
10005546:	6018      	str	r0, [r3, #0]
10005548:	2400      	movs	r4, #0
1000554a:	e00b      	b.n	10005564 <tud_init+0x6c>
1000554c:	1ad2      	subs	r2, r2, r3
1000554e:	0152      	lsls	r2, r2, #5
10005550:	4b1c      	ldr	r3, [pc, #112]	@ (100055c4 <tud_init+0xcc>)
10005552:	189b      	adds	r3, r3, r2
10005554:	2b00      	cmp	r3, #0
10005556:	d012      	beq.n	1000557e <tud_init+0x86>
10005558:	685b      	ldr	r3, [r3, #4]
1000555a:	2b00      	cmp	r3, #0
1000555c:	d00f      	beq.n	1000557e <tud_init+0x86>
1000555e:	4798      	blx	r3
10005560:	3401      	adds	r4, #1
10005562:	b2e4      	uxtb	r4, r4
10005564:	4b15      	ldr	r3, [pc, #84]	@ (100055bc <tud_init+0xc4>)
10005566:	781b      	ldrb	r3, [r3, #0]
10005568:	1c59      	adds	r1, r3, #1
1000556a:	0022      	movs	r2, r4
1000556c:	42a1      	cmp	r1, r4
1000556e:	db0d      	blt.n	1000558c <tud_init+0x94>
10005570:	42a3      	cmp	r3, r4
10005572:	d9eb      	bls.n	1000554c <tud_init+0x54>
10005574:	4b12      	ldr	r3, [pc, #72]	@ (100055c0 <tud_init+0xc8>)
10005576:	681b      	ldr	r3, [r3, #0]
10005578:	0162      	lsls	r2, r4, #5
1000557a:	189b      	adds	r3, r3, r2
1000557c:	e7ea      	b.n	10005554 <tud_init+0x5c>
1000557e:	22f1      	movs	r2, #241	@ 0xf1
10005580:	0052      	lsls	r2, r2, #1
10005582:	4911      	ldr	r1, [pc, #68]	@ (100055c8 <tud_init+0xd0>)
10005584:	4811      	ldr	r0, [pc, #68]	@ (100055cc <tud_init+0xd4>)
10005586:	f7ff f8ab 	bl	100046e0 <__wrap_printf>
1000558a:	e7bb      	b.n	10005504 <tud_init+0xc>
1000558c:	4b10      	ldr	r3, [pc, #64]	@ (100055d0 <tud_init+0xd8>)
1000558e:	701d      	strb	r5, [r3, #0]
10005590:	0028      	movs	r0, r5
10005592:	f7ff fccf 	bl	10004f34 <dcd_init>
10005596:	0028      	movs	r0, r5
10005598:	f7ff fc98 	bl	10004ecc <dcd_int_enable>
1000559c:	2601      	movs	r6, #1
1000559e:	e7b1      	b.n	10005504 <tud_init+0xc>
100055a0:	20001958 	.word	0x20001958
100055a4:	20006524 	.word	0x20006524
100055a8:	20001910 	.word	0x20001910
100055ac:	200019ac 	.word	0x200019ac
100055b0:	20000d58 	.word	0x20000d58
100055b4:	200019b0 	.word	0x200019b0
100055b8:	100047e1 	.word	0x100047e1
100055bc:	20006522 	.word	0x20006522
100055c0:	200017ac 	.word	0x200017ac
100055c4:	1000a560 	.word	0x1000a560
100055c8:	1000a4e8 	.word	0x1000a4e8
100055cc:	1000a3ec 	.word	0x1000a3ec
100055d0:	20000d74 	.word	0x20000d74

100055d4 <usbd_edpt_open>:
100055d4:	b570      	push	{r4, r5, r6, lr}
100055d6:	000d      	movs	r5, r1
100055d8:	4b10      	ldr	r3, [pc, #64]	@ (1000561c <usbd_edpt_open+0x48>)
100055da:	781e      	ldrb	r6, [r3, #0]
100055dc:	788b      	ldrb	r3, [r1, #2]
100055de:	2270      	movs	r2, #112	@ 0x70
100055e0:	421a      	tst	r2, r3
100055e2:	d10d      	bne.n	10005600 <usbd_edpt_open+0x2c>
100055e4:	4b0e      	ldr	r3, [pc, #56]	@ (10005620 <usbd_edpt_open+0x4c>)
100055e6:	7899      	ldrb	r1, [r3, #2]
100055e8:	0028      	movs	r0, r5
100055ea:	f001 fb03 	bl	10006bf4 <tu_edpt_validate>
100055ee:	1e04      	subs	r4, r0, #0
100055f0:	d00d      	beq.n	1000560e <usbd_edpt_open+0x3a>
100055f2:	0029      	movs	r1, r5
100055f4:	0030      	movs	r0, r6
100055f6:	f7ff fcf9 	bl	10004fec <dcd_edpt_open>
100055fa:	0004      	movs	r4, r0
100055fc:	0020      	movs	r0, r4
100055fe:	bd70      	pop	{r4, r5, r6, pc}
10005600:	4a08      	ldr	r2, [pc, #32]	@ (10005624 <usbd_edpt_open+0x50>)
10005602:	4909      	ldr	r1, [pc, #36]	@ (10005628 <usbd_edpt_open+0x54>)
10005604:	4809      	ldr	r0, [pc, #36]	@ (1000562c <usbd_edpt_open+0x58>)
10005606:	f7ff f86b 	bl	100046e0 <__wrap_printf>
1000560a:	2400      	movs	r4, #0
1000560c:	e7f6      	b.n	100055fc <usbd_edpt_open+0x28>
1000560e:	4a08      	ldr	r2, [pc, #32]	@ (10005630 <usbd_edpt_open+0x5c>)
10005610:	4905      	ldr	r1, [pc, #20]	@ (10005628 <usbd_edpt_open+0x54>)
10005612:	4806      	ldr	r0, [pc, #24]	@ (1000562c <usbd_edpt_open+0x58>)
10005614:	f7ff f864 	bl	100046e0 <__wrap_printf>
10005618:	e7f0      	b.n	100055fc <usbd_edpt_open+0x28>
1000561a:	46c0      	nop			@ (mov r8, r8)
1000561c:	20000d74 	.word	0x20000d74
10005620:	20001958 	.word	0x20001958
10005624:	000004fd 	.word	0x000004fd
10005628:	1000a504 	.word	0x1000a504
1000562c:	1000a3ec 	.word	0x1000a3ec
10005630:	000004fe 	.word	0x000004fe

10005634 <usbd_open_edpt_pair>:
10005634:	b5f0      	push	{r4, r5, r6, r7, lr}
10005636:	46d6      	mov	lr, sl
10005638:	464f      	mov	r7, r9
1000563a:	4646      	mov	r6, r8
1000563c:	b5c0      	push	{r6, r7, lr}
1000563e:	4681      	mov	r9, r0
10005640:	000c      	movs	r4, r1
10005642:	0017      	movs	r7, r2
10005644:	4698      	mov	r8, r3
10005646:	9b08      	ldr	r3, [sp, #32]
10005648:	469a      	mov	sl, r3
1000564a:	2500      	movs	r5, #0
1000564c:	e016      	b.n	1000567c <usbd_open_edpt_pair+0x48>
1000564e:	4a18      	ldr	r2, [pc, #96]	@ (100056b0 <usbd_open_edpt_pair+0x7c>)
10005650:	4918      	ldr	r1, [pc, #96]	@ (100056b4 <usbd_open_edpt_pair+0x80>)
10005652:	4819      	ldr	r0, [pc, #100]	@ (100056b8 <usbd_open_edpt_pair+0x84>)
10005654:	f7ff f844 	bl	100046e0 <__wrap_printf>
10005658:	2600      	movs	r6, #0
1000565a:	0030      	movs	r0, r6
1000565c:	bce0      	pop	{r5, r6, r7}
1000565e:	46ba      	mov	sl, r7
10005660:	46b1      	mov	r9, r6
10005662:	46a8      	mov	r8, r5
10005664:	bdf0      	pop	{r4, r5, r6, r7, pc}
10005666:	4a15      	ldr	r2, [pc, #84]	@ (100056bc <usbd_open_edpt_pair+0x88>)
10005668:	4912      	ldr	r1, [pc, #72]	@ (100056b4 <usbd_open_edpt_pair+0x80>)
1000566a:	4813      	ldr	r0, [pc, #76]	@ (100056b8 <usbd_open_edpt_pair+0x84>)
1000566c:	f7ff f838 	bl	100046e0 <__wrap_printf>
10005670:	e7f3      	b.n	1000565a <usbd_open_edpt_pair+0x26>
10005672:	9a09      	ldr	r2, [sp, #36]	@ 0x24
10005674:	7013      	strb	r3, [r2, #0]
10005676:	7823      	ldrb	r3, [r4, #0]
10005678:	18e4      	adds	r4, r4, r3
1000567a:	3501      	adds	r5, #1
1000567c:	42af      	cmp	r7, r5
1000567e:	dd14      	ble.n	100056aa <usbd_open_edpt_pair+0x76>
10005680:	7863      	ldrb	r3, [r4, #1]
10005682:	2b05      	cmp	r3, #5
10005684:	d1e3      	bne.n	1000564e <usbd_open_edpt_pair+0x1a>
10005686:	78e1      	ldrb	r1, [r4, #3]
10005688:	0789      	lsls	r1, r1, #30
1000568a:	0f89      	lsrs	r1, r1, #30
1000568c:	4541      	cmp	r1, r8
1000568e:	d1de      	bne.n	1000564e <usbd_open_edpt_pair+0x1a>
10005690:	0021      	movs	r1, r4
10005692:	4648      	mov	r0, r9
10005694:	f7ff ff9e 	bl	100055d4 <usbd_edpt_open>
10005698:	1e06      	subs	r6, r0, #0
1000569a:	d0e4      	beq.n	10005666 <usbd_open_edpt_pair+0x32>
1000569c:	78a3      	ldrb	r3, [r4, #2]
1000569e:	09da      	lsrs	r2, r3, #7
100056a0:	2a01      	cmp	r2, #1
100056a2:	d0e6      	beq.n	10005672 <usbd_open_edpt_pair+0x3e>
100056a4:	4652      	mov	r2, sl
100056a6:	7013      	strb	r3, [r2, #0]
100056a8:	e7e5      	b.n	10005676 <usbd_open_edpt_pair+0x42>
100056aa:	2601      	movs	r6, #1
100056ac:	e7d5      	b.n	1000565a <usbd_open_edpt_pair+0x26>
100056ae:	46c0      	nop			@ (mov r8, r8)
100056b0:	000004d9 	.word	0x000004d9
100056b4:	1000a514 	.word	0x1000a514
100056b8:	1000a3ec 	.word	0x1000a3ec
100056bc:	000004da 	.word	0x000004da

100056c0 <usbd_edpt_claim>:
100056c0:	b510      	push	{r4, lr}
100056c2:	207f      	movs	r0, #127	@ 0x7f
100056c4:	4008      	ands	r0, r1
100056c6:	09c9      	lsrs	r1, r1, #7
100056c8:	0040      	lsls	r0, r0, #1
100056ca:	1840      	adds	r0, r0, r1
100056cc:	3030      	adds	r0, #48	@ 0x30
100056ce:	4904      	ldr	r1, [pc, #16]	@ (100056e0 <usbd_edpt_claim+0x20>)
100056d0:	1808      	adds	r0, r1, r0
100056d2:	3004      	adds	r0, #4
100056d4:	4b03      	ldr	r3, [pc, #12]	@ (100056e4 <usbd_edpt_claim+0x24>)
100056d6:	6819      	ldr	r1, [r3, #0]
100056d8:	f001 fa46 	bl	10006b68 <tu_edpt_claim>
100056dc:	bd10      	pop	{r4, pc}
100056de:	46c0      	nop			@ (mov r8, r8)
100056e0:	20001958 	.word	0x20001958
100056e4:	200019ac 	.word	0x200019ac

100056e8 <usbd_edpt_release>:
100056e8:	b510      	push	{r4, lr}
100056ea:	207f      	movs	r0, #127	@ 0x7f
100056ec:	4008      	ands	r0, r1
100056ee:	09c9      	lsrs	r1, r1, #7
100056f0:	0040      	lsls	r0, r0, #1
100056f2:	1840      	adds	r0, r0, r1
100056f4:	3030      	adds	r0, #48	@ 0x30
100056f6:	4904      	ldr	r1, [pc, #16]	@ (10005708 <usbd_edpt_release+0x20>)
100056f8:	1808      	adds	r0, r1, r0
100056fa:	3004      	adds	r0, #4
100056fc:	4b03      	ldr	r3, [pc, #12]	@ (1000570c <usbd_edpt_release+0x24>)
100056fe:	6819      	ldr	r1, [r3, #0]
10005700:	f001 fa5a 	bl	10006bb8 <tu_edpt_release>
10005704:	bd10      	pop	{r4, pc}
10005706:	46c0      	nop			@ (mov r8, r8)
10005708:	20001958 	.word	0x20001958
1000570c:	200019ac 	.word	0x200019ac

10005710 <usbd_edpt_xfer>:
10005710:	b5f0      	push	{r4, r5, r6, r7, lr}
10005712:	46c6      	mov	lr, r8
10005714:	b500      	push	{lr}
10005716:	b082      	sub	sp, #8
10005718:	9301      	str	r3, [sp, #4]
1000571a:	481a      	ldr	r0, [pc, #104]	@ (10005784 <usbd_edpt_xfer+0x74>)
1000571c:	7800      	ldrb	r0, [r0, #0]
1000571e:	257f      	movs	r5, #127	@ 0x7f
10005720:	400d      	ands	r5, r1
10005722:	09ce      	lsrs	r6, r1, #7
10005724:	006f      	lsls	r7, r5, #1
10005726:	4c18      	ldr	r4, [pc, #96]	@ (10005788 <usbd_edpt_xfer+0x78>)
10005728:	19e4      	adds	r4, r4, r7
1000572a:	19a4      	adds	r4, r4, r6
1000572c:	3430      	adds	r4, #48	@ 0x30
1000572e:	7924      	ldrb	r4, [r4, #4]
10005730:	07e4      	lsls	r4, r4, #31
10005732:	d41d      	bmi.n	10005770 <usbd_edpt_xfer+0x60>
10005734:	006f      	lsls	r7, r5, #1
10005736:	4c14      	ldr	r4, [pc, #80]	@ (10005788 <usbd_edpt_xfer+0x78>)
10005738:	19e4      	adds	r4, r4, r7
1000573a:	19a4      	adds	r4, r4, r6
1000573c:	3430      	adds	r4, #48	@ 0x30
1000573e:	7923      	ldrb	r3, [r4, #4]
10005740:	2701      	movs	r7, #1
10005742:	46bc      	mov	ip, r7
10005744:	4667      	mov	r7, ip
10005746:	433b      	orrs	r3, r7
10005748:	7123      	strb	r3, [r4, #4]
1000574a:	9b01      	ldr	r3, [sp, #4]
1000574c:	f7ff fc72 	bl	10005034 <dcd_edpt_xfer>
10005750:	2800      	cmp	r0, #0
10005752:	d113      	bne.n	1000577c <usbd_edpt_xfer+0x6c>
10005754:	006d      	lsls	r5, r5, #1
10005756:	4b0c      	ldr	r3, [pc, #48]	@ (10005788 <usbd_edpt_xfer+0x78>)
10005758:	195d      	adds	r5, r3, r5
1000575a:	19ae      	adds	r6, r5, r6
1000575c:	3630      	adds	r6, #48	@ 0x30
1000575e:	7933      	ldrb	r3, [r6, #4]
10005760:	2201      	movs	r2, #1
10005762:	4393      	bics	r3, r2
10005764:	7133      	strb	r3, [r6, #4]
10005766:	7933      	ldrb	r3, [r6, #4]
10005768:	3203      	adds	r2, #3
1000576a:	4393      	bics	r3, r2
1000576c:	7133      	strb	r3, [r6, #4]
1000576e:	e005      	b.n	1000577c <usbd_edpt_xfer+0x6c>
10005770:	4a06      	ldr	r2, [pc, #24]	@ (1000578c <usbd_edpt_xfer+0x7c>)
10005772:	4907      	ldr	r1, [pc, #28]	@ (10005790 <usbd_edpt_xfer+0x80>)
10005774:	4807      	ldr	r0, [pc, #28]	@ (10005794 <usbd_edpt_xfer+0x84>)
10005776:	f7fe ffb3 	bl	100046e0 <__wrap_printf>
1000577a:	2000      	movs	r0, #0
1000577c:	b002      	add	sp, #8
1000577e:	bc80      	pop	{r7}
10005780:	46b8      	mov	r8, r7
10005782:	bdf0      	pop	{r4, r5, r6, r7, pc}
10005784:	20000d74 	.word	0x20000d74
10005788:	20001958 	.word	0x20001958
1000578c:	0000052b 	.word	0x0000052b
10005790:	1000a4f4 	.word	0x1000a4f4
10005794:	1000a3ec 	.word	0x1000a3ec

10005798 <usbd_edpt_stall>:
10005798:	b570      	push	{r4, r5, r6, lr}
1000579a:	4b0a      	ldr	r3, [pc, #40]	@ (100057c4 <usbd_edpt_stall+0x2c>)
1000579c:	7818      	ldrb	r0, [r3, #0]
1000579e:	247f      	movs	r4, #127	@ 0x7f
100057a0:	400c      	ands	r4, r1
100057a2:	09cd      	lsrs	r5, r1, #7
100057a4:	f7ff fc5e 	bl	10005064 <dcd_edpt_stall>
100057a8:	0064      	lsls	r4, r4, #1
100057aa:	4b07      	ldr	r3, [pc, #28]	@ (100057c8 <usbd_edpt_stall+0x30>)
100057ac:	191b      	adds	r3, r3, r4
100057ae:	195b      	adds	r3, r3, r5
100057b0:	3330      	adds	r3, #48	@ 0x30
100057b2:	791a      	ldrb	r2, [r3, #4]
100057b4:	2102      	movs	r1, #2
100057b6:	430a      	orrs	r2, r1
100057b8:	711a      	strb	r2, [r3, #4]
100057ba:	791a      	ldrb	r2, [r3, #4]
100057bc:	2101      	movs	r1, #1
100057be:	430a      	orrs	r2, r1
100057c0:	711a      	strb	r2, [r3, #4]
100057c2:	bd70      	pop	{r4, r5, r6, pc}
100057c4:	20000d74 	.word	0x20000d74
100057c8:	20001958 	.word	0x20001958

100057cc <usbd_edpt_clear_stall>:
100057cc:	b570      	push	{r4, r5, r6, lr}
100057ce:	4b0a      	ldr	r3, [pc, #40]	@ (100057f8 <usbd_edpt_clear_stall+0x2c>)
100057d0:	7818      	ldrb	r0, [r3, #0]
100057d2:	247f      	movs	r4, #127	@ 0x7f
100057d4:	400c      	ands	r4, r1
100057d6:	09cd      	lsrs	r5, r1, #7
100057d8:	f7ff fc62 	bl	100050a0 <dcd_edpt_clear_stall>
100057dc:	0064      	lsls	r4, r4, #1
100057de:	4b07      	ldr	r3, [pc, #28]	@ (100057fc <usbd_edpt_clear_stall+0x30>)
100057e0:	191b      	adds	r3, r3, r4
100057e2:	195b      	adds	r3, r3, r5
100057e4:	3330      	adds	r3, #48	@ 0x30
100057e6:	791a      	ldrb	r2, [r3, #4]
100057e8:	2102      	movs	r1, #2
100057ea:	438a      	bics	r2, r1
100057ec:	711a      	strb	r2, [r3, #4]
100057ee:	791a      	ldrb	r2, [r3, #4]
100057f0:	3901      	subs	r1, #1
100057f2:	438a      	bics	r2, r1
100057f4:	711a      	strb	r2, [r3, #4]
100057f6:	bd70      	pop	{r4, r5, r6, pc}
100057f8:	20000d74 	.word	0x20000d74
100057fc:	20001958 	.word	0x20001958

10005800 <usbd_edpt_stalled>:
10005800:	227f      	movs	r2, #127	@ 0x7f
10005802:	400a      	ands	r2, r1
10005804:	09cb      	lsrs	r3, r1, #7
10005806:	0052      	lsls	r2, r2, #1
10005808:	4903      	ldr	r1, [pc, #12]	@ (10005818 <usbd_edpt_stalled+0x18>)
1000580a:	1889      	adds	r1, r1, r2
1000580c:	18c9      	adds	r1, r1, r3
1000580e:	3130      	adds	r1, #48	@ 0x30
10005810:	7908      	ldrb	r0, [r1, #4]
10005812:	0780      	lsls	r0, r0, #30
10005814:	0fc0      	lsrs	r0, r0, #31
10005816:	4770      	bx	lr
10005818:	20001958 	.word	0x20001958

1000581c <process_control_request>:
1000581c:	b5f0      	push	{r4, r5, r6, r7, lr}
1000581e:	46c6      	mov	lr, r8
10005820:	b500      	push	{lr}
10005822:	b082      	sub	sp, #8
10005824:	0004      	movs	r4, r0
10005826:	000d      	movs	r5, r1
10005828:	2000      	movs	r0, #0
1000582a:	f000 fb55 	bl	10005ed8 <usbd_control_set_complete_callback>
1000582e:	782b      	ldrb	r3, [r5, #0]
10005830:	2260      	movs	r2, #96	@ 0x60
10005832:	401a      	ands	r2, r3
10005834:	2a60      	cmp	r2, #96	@ 0x60
10005836:	d012      	beq.n	1000585e <process_control_request+0x42>
10005838:	2a40      	cmp	r2, #64	@ 0x40
1000583a:	d017      	beq.n	1000586c <process_control_request+0x50>
1000583c:	782b      	ldrb	r3, [r5, #0]
1000583e:	06db      	lsls	r3, r3, #27
10005840:	0edb      	lsrs	r3, r3, #27
10005842:	2b01      	cmp	r3, #1
10005844:	d100      	bne.n	10005848 <process_control_request+0x2c>
10005846:	e0da      	b.n	100059fe <process_control_request+0x1e2>
10005848:	2b02      	cmp	r3, #2
1000584a:	d100      	bne.n	1000584e <process_control_request+0x32>
1000584c:	e11a      	b.n	10005a84 <process_control_request+0x268>
1000584e:	2b00      	cmp	r3, #0
10005850:	d016      	beq.n	10005880 <process_control_request+0x64>
10005852:	2600      	movs	r6, #0
10005854:	0030      	movs	r0, r6
10005856:	b002      	add	sp, #8
10005858:	bc80      	pop	{r7}
1000585a:	46b8      	mov	r8, r7
1000585c:	bdf0      	pop	{r4, r5, r6, r7, pc}
1000585e:	4ac9      	ldr	r2, [pc, #804]	@ (10005b84 <process_control_request+0x368>)
10005860:	49c9      	ldr	r1, [pc, #804]	@ (10005b88 <process_control_request+0x36c>)
10005862:	48ca      	ldr	r0, [pc, #808]	@ (10005b8c <process_control_request+0x370>)
10005864:	f7fe ff3c 	bl	100046e0 <__wrap_printf>
10005868:	2600      	movs	r6, #0
1000586a:	e7f3      	b.n	10005854 <process_control_request+0x38>
1000586c:	48c8      	ldr	r0, [pc, #800]	@ (10005b90 <process_control_request+0x374>)
1000586e:	f000 fb33 	bl	10005ed8 <usbd_control_set_complete_callback>
10005872:	002a      	movs	r2, r5
10005874:	2101      	movs	r1, #1
10005876:	0020      	movs	r0, r4
10005878:	f7fe ff96 	bl	100047a8 <tud_vendor_control_xfer_cb>
1000587c:	0006      	movs	r6, r0
1000587e:	e7e9      	b.n	10005854 <process_control_request+0x38>
10005880:	2a20      	cmp	r2, #32
10005882:	d00a      	beq.n	1000589a <process_control_request+0x7e>
10005884:	2a00      	cmp	r2, #0
10005886:	d000      	beq.n	1000588a <process_control_request+0x6e>
10005888:	e16e      	b.n	10005b68 <process_control_request+0x34c>
1000588a:	786b      	ldrb	r3, [r5, #1]
1000588c:	2b09      	cmp	r3, #9
1000588e:	d900      	bls.n	10005892 <process_control_request+0x76>
10005890:	e16c      	b.n	10005b6c <process_control_request+0x350>
10005892:	009b      	lsls	r3, r3, #2
10005894:	4abf      	ldr	r2, [pc, #764]	@ (10005b94 <process_control_request+0x378>)
10005896:	58d3      	ldr	r3, [r2, r3]
10005898:	469f      	mov	pc, r3
1000589a:	792b      	ldrb	r3, [r5, #4]
1000589c:	2b0f      	cmp	r3, #15
1000589e:	d900      	bls.n	100058a2 <process_control_request+0x86>
100058a0:	e15c      	b.n	10005b5c <process_control_request+0x340>
100058a2:	4abd      	ldr	r2, [pc, #756]	@ (10005b98 <process_control_request+0x37c>)
100058a4:	18d3      	adds	r3, r2, r3
100058a6:	791b      	ldrb	r3, [r3, #4]
100058a8:	4abc      	ldr	r2, [pc, #752]	@ (10005b9c <process_control_request+0x380>)
100058aa:	7811      	ldrb	r1, [r2, #0]
100058ac:	428b      	cmp	r3, r1
100058ae:	d20c      	bcs.n	100058ca <process_control_request+0xae>
100058b0:	4abb      	ldr	r2, [pc, #748]	@ (10005ba0 <process_control_request+0x384>)
100058b2:	6812      	ldr	r2, [r2, #0]
100058b4:	0159      	lsls	r1, r3, #5
100058b6:	1851      	adds	r1, r2, r1
100058b8:	2900      	cmp	r1, #0
100058ba:	d100      	bne.n	100058be <process_control_request+0xa2>
100058bc:	e152      	b.n	10005b64 <process_control_request+0x348>
100058be:	002a      	movs	r2, r5
100058c0:	0020      	movs	r0, r4
100058c2:	f7ff fca9 	bl	10005218 <invoke_class_control>
100058c6:	0006      	movs	r6, r0
100058c8:	e7c4      	b.n	10005854 <process_control_request+0x38>
100058ca:	1c4a      	adds	r2, r1, #1
100058cc:	429a      	cmp	r2, r3
100058ce:	da00      	bge.n	100058d2 <process_control_request+0xb6>
100058d0:	e146      	b.n	10005b60 <process_control_request+0x344>
100058d2:	1a59      	subs	r1, r3, r1
100058d4:	0149      	lsls	r1, r1, #5
100058d6:	4bb3      	ldr	r3, [pc, #716]	@ (10005ba4 <process_control_request+0x388>)
100058d8:	1859      	adds	r1, r3, r1
100058da:	e7ed      	b.n	100058b8 <process_control_request+0x9c>
100058dc:	0028      	movs	r0, r5
100058de:	f000 fb01 	bl	10005ee4 <usbd_control_set_request>
100058e2:	78a9      	ldrb	r1, [r5, #2]
100058e4:	0020      	movs	r0, r4
100058e6:	f7ff fb07 	bl	10004ef8 <dcd_set_address>
100058ea:	4aab      	ldr	r2, [pc, #684]	@ (10005b98 <process_control_request+0x37c>)
100058ec:	7813      	ldrb	r3, [r2, #0]
100058ee:	2102      	movs	r1, #2
100058f0:	430b      	orrs	r3, r1
100058f2:	7013      	strb	r3, [r2, #0]
100058f4:	2601      	movs	r6, #1
100058f6:	e7ad      	b.n	10005854 <process_control_request+0x38>
100058f8:	4ba7      	ldr	r3, [pc, #668]	@ (10005b98 <process_control_request+0x37c>)
100058fa:	785b      	ldrb	r3, [r3, #1]
100058fc:	466a      	mov	r2, sp
100058fe:	3206      	adds	r2, #6
10005900:	7013      	strb	r3, [r2, #0]
10005902:	2301      	movs	r3, #1
10005904:	0029      	movs	r1, r5
10005906:	0020      	movs	r0, r4
10005908:	f000 fa88 	bl	10005e1c <tud_control_xfer>
1000590c:	2601      	movs	r6, #1
1000590e:	e7a1      	b.n	10005854 <process_control_request+0x38>
10005910:	78ae      	ldrb	r6, [r5, #2]
10005912:	4ba1      	ldr	r3, [pc, #644]	@ (10005b98 <process_control_request+0x37c>)
10005914:	785b      	ldrb	r3, [r3, #1]
10005916:	b2db      	uxtb	r3, r3
10005918:	42b3      	cmp	r3, r6
1000591a:	d02b      	beq.n	10005974 <process_control_request+0x158>
1000591c:	4b9e      	ldr	r3, [pc, #632]	@ (10005b98 <process_control_request+0x37c>)
1000591e:	785b      	ldrb	r3, [r3, #1]
10005920:	2b00      	cmp	r3, #0
10005922:	d10c      	bne.n	1000593e <process_control_request+0x122>
10005924:	4b9c      	ldr	r3, [pc, #624]	@ (10005b98 <process_control_request+0x37c>)
10005926:	705e      	strb	r6, [r3, #1]
10005928:	2e00      	cmp	r6, #0
1000592a:	d021      	beq.n	10005970 <process_control_request+0x154>
1000592c:	0031      	movs	r1, r6
1000592e:	0020      	movs	r0, r4
10005930:	f7ff fc80 	bl	10005234 <process_set_config>
10005934:	1e06      	subs	r6, r0, #0
10005936:	d012      	beq.n	1000595e <process_control_request+0x142>
10005938:	f7ff fdc0 	bl	100054bc <tud_mount_cb>
1000593c:	e01a      	b.n	10005974 <process_control_request+0x158>
1000593e:	2100      	movs	r1, #0
10005940:	0020      	movs	r0, r4
10005942:	f7ff fb37 	bl	10004fb4 <dcd_sof_enable>
10005946:	0020      	movs	r0, r4
10005948:	f7ff fb70 	bl	1000502c <dcd_edpt_close_all>
1000594c:	4f92      	ldr	r7, [pc, #584]	@ (10005b98 <process_control_request+0x37c>)
1000594e:	78bb      	ldrb	r3, [r7, #2]
10005950:	4698      	mov	r8, r3
10005952:	0020      	movs	r0, r4
10005954:	f7ff fc18 	bl	10005188 <configuration_reset>
10005958:	4643      	mov	r3, r8
1000595a:	70bb      	strb	r3, [r7, #2]
1000595c:	e7e2      	b.n	10005924 <process_control_request+0x108>
1000595e:	4a92      	ldr	r2, [pc, #584]	@ (10005ba8 <process_control_request+0x38c>)
10005960:	4989      	ldr	r1, [pc, #548]	@ (10005b88 <process_control_request+0x36c>)
10005962:	488a      	ldr	r0, [pc, #552]	@ (10005b8c <process_control_request+0x370>)
10005964:	f7fe febc 	bl	100046e0 <__wrap_printf>
10005968:	4b8b      	ldr	r3, [pc, #556]	@ (10005b98 <process_control_request+0x37c>)
1000596a:	2200      	movs	r2, #0
1000596c:	705a      	strb	r2, [r3, #1]
1000596e:	e771      	b.n	10005854 <process_control_request+0x38>
10005970:	f7ff fda5 	bl	100054be <tud_umount_cb>
10005974:	0029      	movs	r1, r5
10005976:	0020      	movs	r0, r4
10005978:	f000 fa34 	bl	10005de4 <tud_control_status>
1000597c:	2601      	movs	r6, #1
1000597e:	e769      	b.n	10005854 <process_control_request+0x38>
10005980:	0029      	movs	r1, r5
10005982:	0020      	movs	r0, r4
10005984:	f7ff fd2a 	bl	100053dc <process_get_descriptor>
10005988:	0006      	movs	r6, r0
1000598a:	e763      	b.n	10005854 <process_control_request+0x38>
1000598c:	78a9      	ldrb	r1, [r5, #2]
1000598e:	78eb      	ldrb	r3, [r5, #3]
10005990:	021b      	lsls	r3, r3, #8
10005992:	430b      	orrs	r3, r1
10005994:	2b01      	cmp	r3, #1
10005996:	d001      	beq.n	1000599c <process_control_request+0x180>
10005998:	2600      	movs	r6, #0
1000599a:	e75b      	b.n	10005854 <process_control_request+0x38>
1000599c:	4a7e      	ldr	r2, [pc, #504]	@ (10005b98 <process_control_request+0x37c>)
1000599e:	7813      	ldrb	r3, [r2, #0]
100059a0:	2108      	movs	r1, #8
100059a2:	430b      	orrs	r3, r1
100059a4:	7013      	strb	r3, [r2, #0]
100059a6:	0029      	movs	r1, r5
100059a8:	0020      	movs	r0, r4
100059aa:	f000 fa1b 	bl	10005de4 <tud_control_status>
100059ae:	2601      	movs	r6, #1
100059b0:	e750      	b.n	10005854 <process_control_request+0x38>
100059b2:	78a9      	ldrb	r1, [r5, #2]
100059b4:	78eb      	ldrb	r3, [r5, #3]
100059b6:	021b      	lsls	r3, r3, #8
100059b8:	430b      	orrs	r3, r1
100059ba:	2b01      	cmp	r3, #1
100059bc:	d001      	beq.n	100059c2 <process_control_request+0x1a6>
100059be:	2600      	movs	r6, #0
100059c0:	e748      	b.n	10005854 <process_control_request+0x38>
100059c2:	4a75      	ldr	r2, [pc, #468]	@ (10005b98 <process_control_request+0x37c>)
100059c4:	7813      	ldrb	r3, [r2, #0]
100059c6:	2108      	movs	r1, #8
100059c8:	438b      	bics	r3, r1
100059ca:	7013      	strb	r3, [r2, #0]
100059cc:	0029      	movs	r1, r5
100059ce:	0020      	movs	r0, r4
100059d0:	f000 fa08 	bl	10005de4 <tud_control_status>
100059d4:	2601      	movs	r6, #1
100059d6:	e73d      	b.n	10005854 <process_control_request+0x38>
100059d8:	4b6f      	ldr	r3, [pc, #444]	@ (10005b98 <process_control_request+0x37c>)
100059da:	781a      	ldrb	r2, [r3, #0]
100059dc:	0951      	lsrs	r1, r2, #5
100059de:	0892      	lsrs	r2, r2, #2
100059e0:	2301      	movs	r3, #1
100059e2:	400b      	ands	r3, r1
100059e4:	2102      	movs	r1, #2
100059e6:	400a      	ands	r2, r1
100059e8:	4313      	orrs	r3, r2
100059ea:	466a      	mov	r2, sp
100059ec:	3206      	adds	r2, #6
100059ee:	8013      	strh	r3, [r2, #0]
100059f0:	2302      	movs	r3, #2
100059f2:	0029      	movs	r1, r5
100059f4:	0020      	movs	r0, r4
100059f6:	f000 fa11 	bl	10005e1c <tud_control_xfer>
100059fa:	2601      	movs	r6, #1
100059fc:	e72a      	b.n	10005854 <process_control_request+0x38>
100059fe:	792b      	ldrb	r3, [r5, #4]
10005a00:	2b0f      	cmp	r3, #15
10005a02:	d900      	bls.n	10005a06 <process_control_request+0x1ea>
10005a04:	e0b4      	b.n	10005b70 <process_control_request+0x354>
10005a06:	4a64      	ldr	r2, [pc, #400]	@ (10005b98 <process_control_request+0x37c>)
10005a08:	18d3      	adds	r3, r2, r3
10005a0a:	791b      	ldrb	r3, [r3, #4]
10005a0c:	4a63      	ldr	r2, [pc, #396]	@ (10005b9c <process_control_request+0x380>)
10005a0e:	7811      	ldrb	r1, [r2, #0]
10005a10:	428b      	cmp	r3, r1
10005a12:	d223      	bcs.n	10005a5c <process_control_request+0x240>
10005a14:	4a62      	ldr	r2, [pc, #392]	@ (10005ba0 <process_control_request+0x384>)
10005a16:	6812      	ldr	r2, [r2, #0]
10005a18:	0159      	lsls	r1, r3, #5
10005a1a:	1851      	adds	r1, r2, r1
10005a1c:	2900      	cmp	r1, #0
10005a1e:	d100      	bne.n	10005a22 <process_control_request+0x206>
10005a20:	e0aa      	b.n	10005b78 <process_control_request+0x35c>
10005a22:	002a      	movs	r2, r5
10005a24:	0020      	movs	r0, r4
10005a26:	f7ff fbf7 	bl	10005218 <invoke_class_control>
10005a2a:	1e06      	subs	r6, r0, #0
10005a2c:	d000      	beq.n	10005a30 <process_control_request+0x214>
10005a2e:	e711      	b.n	10005854 <process_control_request+0x38>
10005a30:	782b      	ldrb	r3, [r5, #0]
10005a32:	2260      	movs	r2, #96	@ 0x60
10005a34:	421a      	tst	r2, r3
10005a36:	d000      	beq.n	10005a3a <process_control_request+0x21e>
10005a38:	e70c      	b.n	10005854 <process_control_request+0x38>
10005a3a:	786b      	ldrb	r3, [r5, #1]
10005a3c:	3b0a      	subs	r3, #10
10005a3e:	2b01      	cmp	r3, #1
10005a40:	d900      	bls.n	10005a44 <process_control_request+0x228>
10005a42:	e707      	b.n	10005854 <process_control_request+0x38>
10005a44:	2000      	movs	r0, #0
10005a46:	f000 fa47 	bl	10005ed8 <usbd_control_set_complete_callback>
10005a4a:	786b      	ldrb	r3, [r5, #1]
10005a4c:	2b0a      	cmp	r3, #10
10005a4e:	d00e      	beq.n	10005a6e <process_control_request+0x252>
10005a50:	0029      	movs	r1, r5
10005a52:	0020      	movs	r0, r4
10005a54:	f000 f9c6 	bl	10005de4 <tud_control_status>
10005a58:	2601      	movs	r6, #1
10005a5a:	e6fb      	b.n	10005854 <process_control_request+0x38>
10005a5c:	1c4a      	adds	r2, r1, #1
10005a5e:	429a      	cmp	r2, r3
10005a60:	da00      	bge.n	10005a64 <process_control_request+0x248>
10005a62:	e087      	b.n	10005b74 <process_control_request+0x358>
10005a64:	1a59      	subs	r1, r3, r1
10005a66:	0149      	lsls	r1, r1, #5
10005a68:	4b4e      	ldr	r3, [pc, #312]	@ (10005ba4 <process_control_request+0x388>)
10005a6a:	1859      	adds	r1, r3, r1
10005a6c:	e7d6      	b.n	10005a1c <process_control_request+0x200>
10005a6e:	466b      	mov	r3, sp
10005a70:	1d9a      	adds	r2, r3, #6
10005a72:	2300      	movs	r3, #0
10005a74:	7013      	strb	r3, [r2, #0]
10005a76:	3301      	adds	r3, #1
10005a78:	0029      	movs	r1, r5
10005a7a:	0020      	movs	r0, r4
10005a7c:	f000 f9ce 	bl	10005e1c <tud_control_xfer>
10005a80:	3601      	adds	r6, #1
10005a82:	e6e7      	b.n	10005854 <process_control_request+0x38>
10005a84:	7929      	ldrb	r1, [r5, #4]
10005a86:	237f      	movs	r3, #127	@ 0x7f
10005a88:	400b      	ands	r3, r1
10005a8a:	09ce      	lsrs	r6, r1, #7
10005a8c:	2070      	movs	r0, #112	@ 0x70
10005a8e:	4208      	tst	r0, r1
10005a90:	d117      	bne.n	10005ac2 <process_control_request+0x2a6>
10005a92:	005b      	lsls	r3, r3, #1
10005a94:	4840      	ldr	r0, [pc, #256]	@ (10005b98 <process_control_request+0x37c>)
10005a96:	18c3      	adds	r3, r0, r3
10005a98:	199b      	adds	r3, r3, r6
10005a9a:	7d1b      	ldrb	r3, [r3, #20]
10005a9c:	483f      	ldr	r0, [pc, #252]	@ (10005b9c <process_control_request+0x380>)
10005a9e:	7800      	ldrb	r0, [r0, #0]
10005aa0:	4283      	cmp	r3, r0
10005aa2:	d215      	bcs.n	10005ad0 <process_control_request+0x2b4>
10005aa4:	483e      	ldr	r0, [pc, #248]	@ (10005ba0 <process_control_request+0x384>)
10005aa6:	6806      	ldr	r6, [r0, #0]
10005aa8:	015b      	lsls	r3, r3, #5
10005aaa:	18f6      	adds	r6, r6, r3
10005aac:	2a00      	cmp	r2, #0
10005aae:	d019      	beq.n	10005ae4 <process_control_request+0x2c8>
10005ab0:	2e00      	cmp	r6, #0
10005ab2:	d063      	beq.n	10005b7c <process_control_request+0x360>
10005ab4:	002a      	movs	r2, r5
10005ab6:	0031      	movs	r1, r6
10005ab8:	0020      	movs	r0, r4
10005aba:	f7ff fbad 	bl	10005218 <invoke_class_control>
10005abe:	0006      	movs	r6, r0
10005ac0:	e6c8      	b.n	10005854 <process_control_request+0x38>
10005ac2:	4a3a      	ldr	r2, [pc, #232]	@ (10005bac <process_control_request+0x390>)
10005ac4:	4930      	ldr	r1, [pc, #192]	@ (10005b88 <process_control_request+0x36c>)
10005ac6:	4831      	ldr	r0, [pc, #196]	@ (10005b8c <process_control_request+0x370>)
10005ac8:	f7fe fe0a 	bl	100046e0 <__wrap_printf>
10005acc:	2600      	movs	r6, #0
10005ace:	e6c1      	b.n	10005854 <process_control_request+0x38>
10005ad0:	1c46      	adds	r6, r0, #1
10005ad2:	429e      	cmp	r6, r3
10005ad4:	db04      	blt.n	10005ae0 <process_control_request+0x2c4>
10005ad6:	1a1b      	subs	r3, r3, r0
10005ad8:	015b      	lsls	r3, r3, #5
10005ada:	4e32      	ldr	r6, [pc, #200]	@ (10005ba4 <process_control_request+0x388>)
10005adc:	18f6      	adds	r6, r6, r3
10005ade:	e7e5      	b.n	10005aac <process_control_request+0x290>
10005ae0:	2600      	movs	r6, #0
10005ae2:	e7e3      	b.n	10005aac <process_control_request+0x290>
10005ae4:	786a      	ldrb	r2, [r5, #1]
10005ae6:	2a01      	cmp	r2, #1
10005ae8:	d012      	beq.n	10005b10 <process_control_request+0x2f4>
10005aea:	2a03      	cmp	r2, #3
10005aec:	d010      	beq.n	10005b10 <process_control_request+0x2f4>
10005aee:	2a00      	cmp	r2, #0
10005af0:	d001      	beq.n	10005af6 <process_control_request+0x2da>
10005af2:	2600      	movs	r6, #0
10005af4:	e6ae      	b.n	10005854 <process_control_request+0x38>
10005af6:	0020      	movs	r0, r4
10005af8:	f7ff fe82 	bl	10005800 <usbd_edpt_stalled>
10005afc:	466b      	mov	r3, sp
10005afe:	1d9a      	adds	r2, r3, #6
10005b00:	8010      	strh	r0, [r2, #0]
10005b02:	2302      	movs	r3, #2
10005b04:	0029      	movs	r1, r5
10005b06:	0020      	movs	r0, r4
10005b08:	f000 f988 	bl	10005e1c <tud_control_xfer>
10005b0c:	2601      	movs	r6, #1
10005b0e:	e6a1      	b.n	10005854 <process_control_request+0x38>
10005b10:	78a8      	ldrb	r0, [r5, #2]
10005b12:	78eb      	ldrb	r3, [r5, #3]
10005b14:	021b      	lsls	r3, r3, #8
10005b16:	4303      	orrs	r3, r0
10005b18:	d104      	bne.n	10005b24 <process_control_request+0x308>
10005b1a:	2a01      	cmp	r2, #1
10005b1c:	d01a      	beq.n	10005b54 <process_control_request+0x338>
10005b1e:	0020      	movs	r0, r4
10005b20:	f7ff fe3a 	bl	10005798 <usbd_edpt_stall>
10005b24:	2e00      	cmp	r6, #0
10005b26:	d02b      	beq.n	10005b80 <process_control_request+0x364>
10005b28:	002a      	movs	r2, r5
10005b2a:	0031      	movs	r1, r6
10005b2c:	0020      	movs	r0, r4
10005b2e:	f7ff fb73 	bl	10005218 <invoke_class_control>
10005b32:	2000      	movs	r0, #0
10005b34:	f000 f9d0 	bl	10005ed8 <usbd_control_set_complete_callback>
10005b38:	4a17      	ldr	r2, [pc, #92]	@ (10005b98 <process_control_request+0x37c>)
10005b3a:	2335      	movs	r3, #53	@ 0x35
10005b3c:	5cd3      	ldrb	r3, [r2, r3]
10005b3e:	07db      	lsls	r3, r3, #31
10005b40:	0fde      	lsrs	r6, r3, #31
10005b42:	2b00      	cmp	r3, #0
10005b44:	d000      	beq.n	10005b48 <process_control_request+0x32c>
10005b46:	e685      	b.n	10005854 <process_control_request+0x38>
10005b48:	0029      	movs	r1, r5
10005b4a:	0020      	movs	r0, r4
10005b4c:	f000 f94a 	bl	10005de4 <tud_control_status>
10005b50:	2601      	movs	r6, #1
10005b52:	e67f      	b.n	10005854 <process_control_request+0x38>
10005b54:	0020      	movs	r0, r4
10005b56:	f7ff fe39 	bl	100057cc <usbd_edpt_clear_stall>
10005b5a:	e7e3      	b.n	10005b24 <process_control_request+0x308>
10005b5c:	2600      	movs	r6, #0
10005b5e:	e679      	b.n	10005854 <process_control_request+0x38>
10005b60:	2600      	movs	r6, #0
10005b62:	e677      	b.n	10005854 <process_control_request+0x38>
10005b64:	2600      	movs	r6, #0
10005b66:	e675      	b.n	10005854 <process_control_request+0x38>
10005b68:	2600      	movs	r6, #0
10005b6a:	e673      	b.n	10005854 <process_control_request+0x38>
10005b6c:	2600      	movs	r6, #0
10005b6e:	e671      	b.n	10005854 <process_control_request+0x38>
10005b70:	2600      	movs	r6, #0
10005b72:	e66f      	b.n	10005854 <process_control_request+0x38>
10005b74:	2600      	movs	r6, #0
10005b76:	e66d      	b.n	10005854 <process_control_request+0x38>
10005b78:	2600      	movs	r6, #0
10005b7a:	e66b      	b.n	10005854 <process_control_request+0x38>
10005b7c:	2600      	movs	r6, #0
10005b7e:	e669      	b.n	10005854 <process_control_request+0x38>
10005b80:	2601      	movs	r6, #1
10005b82:	e667      	b.n	10005854 <process_control_request+0x38>
10005b84:	000002c5 	.word	0x000002c5
10005b88:	1000a4ac 	.word	0x1000a4ac
10005b8c:	1000a3ec 	.word	0x1000a3ec
10005b90:	100047a9 	.word	0x100047a9
10005b94:	1000a460 	.word	0x1000a460
10005b98:	20001958 	.word	0x20001958
10005b9c:	20006522 	.word	0x20006522
10005ba0:	200017ac 	.word	0x200017ac
10005ba4:	1000a560 	.word	0x1000a560
10005ba8:	00000315 	.word	0x00000315
10005bac:	00000386 	.word	0x00000386

10005bb0 <tud_task_ext>:
10005bb0:	b530      	push	{r4, r5, lr}
10005bb2:	b085      	sub	sp, #20
10005bb4:	f7ff fc96 	bl	100054e4 <tud_inited>
10005bb8:	2800      	cmp	r0, #0
10005bba:	d108      	bne.n	10005bce <tud_task_ext+0x1e>
10005bbc:	b005      	add	sp, #20
10005bbe:	bd30      	pop	{r4, r5, pc}
10005bc0:	ac01      	add	r4, sp, #4
10005bc2:	7820      	ldrb	r0, [r4, #0]
10005bc4:	f7ff fb22 	bl	1000520c <usbd_reset>
10005bc8:	7922      	ldrb	r2, [r4, #4]
10005bca:	4b63      	ldr	r3, [pc, #396]	@ (10005d58 <tud_task_ext+0x1a8>)
10005bcc:	709a      	strb	r2, [r3, #2]
10005bce:	4b63      	ldr	r3, [pc, #396]	@ (10005d5c <tud_task_ext+0x1ac>)
10005bd0:	681c      	ldr	r4, [r3, #0]
10005bd2:	6962      	ldr	r2, [r4, #20]
10005bd4:	f3ef 8110 	mrs	r1, PRIMASK
10005bd8:	b672      	cpsid	i
10005bda:	6813      	ldr	r3, [r2, #0]
10005bdc:	2b00      	cmp	r3, #0
10005bde:	d0fc      	beq.n	10005bda <tud_task_ext+0x2a>
10005be0:	f3bf 8f5f 	dmb	sy
10005be4:	61a1      	str	r1, [r4, #24]
10005be6:	a901      	add	r1, sp, #4
10005be8:	0020      	movs	r0, r4
10005bea:	f001 fa65 	bl	100070b8 <tu_fifo_read>
10005bee:	6962      	ldr	r2, [r4, #20]
10005bf0:	69a3      	ldr	r3, [r4, #24]
10005bf2:	f3bf 8f5f 	dmb	sy
10005bf6:	2100      	movs	r1, #0
10005bf8:	6011      	str	r1, [r2, #0]
10005bfa:	f383 8810 	msr	PRIMASK, r3
10005bfe:	2800      	cmp	r0, #0
10005c00:	d0dc      	beq.n	10005bbc <tud_task_ext+0xc>
10005c02:	ab01      	add	r3, sp, #4
10005c04:	785b      	ldrb	r3, [r3, #1]
10005c06:	2b08      	cmp	r3, #8
10005c08:	d8e1      	bhi.n	10005bce <tud_task_ext+0x1e>
10005c0a:	009b      	lsls	r3, r3, #2
10005c0c:	4a54      	ldr	r2, [pc, #336]	@ (10005d60 <tud_task_ext+0x1b0>)
10005c0e:	58d3      	ldr	r3, [r2, r3]
10005c10:	469f      	mov	pc, r3
10005c12:	ab01      	add	r3, sp, #4
10005c14:	7818      	ldrb	r0, [r3, #0]
10005c16:	f7ff faf9 	bl	1000520c <usbd_reset>
10005c1a:	f7ff fc50 	bl	100054be <tud_umount_cb>
10005c1e:	e7d6      	b.n	10005bce <tud_task_ext+0x1e>
10005c20:	4b50      	ldr	r3, [pc, #320]	@ (10005d64 <tud_task_ext+0x1b4>)
10005c22:	781b      	ldrb	r3, [r3, #0]
10005c24:	2b00      	cmp	r3, #0
10005c26:	d02d      	beq.n	10005c84 <tud_task_ext+0xd4>
10005c28:	4a4e      	ldr	r2, [pc, #312]	@ (10005d64 <tud_task_ext+0x1b4>)
10005c2a:	7813      	ldrb	r3, [r2, #0]
10005c2c:	3b01      	subs	r3, #1
10005c2e:	b2db      	uxtb	r3, r3
10005c30:	7013      	strb	r3, [r2, #0]
10005c32:	7813      	ldrb	r3, [r2, #0]
10005c34:	2b00      	cmp	r3, #0
10005c36:	d1ca      	bne.n	10005bce <tud_task_ext+0x1e>
10005c38:	4b47      	ldr	r3, [pc, #284]	@ (10005d58 <tud_task_ext+0x1a8>)
10005c3a:	781a      	ldrb	r2, [r3, #0]
10005c3c:	2401      	movs	r4, #1
10005c3e:	2101      	movs	r1, #1
10005c40:	430a      	orrs	r2, r1
10005c42:	701a      	strb	r2, [r3, #0]
10005c44:	2234      	movs	r2, #52	@ 0x34
10005c46:	5c99      	ldrb	r1, [r3, r2]
10005c48:	43a1      	bics	r1, r4
10005c4a:	5499      	strb	r1, [r3, r2]
10005c4c:	5c99      	ldrb	r1, [r3, r2]
10005c4e:	2004      	movs	r0, #4
10005c50:	4381      	bics	r1, r0
10005c52:	5499      	strb	r1, [r3, r2]
10005c54:	3201      	adds	r2, #1
10005c56:	5c99      	ldrb	r1, [r3, r2]
10005c58:	43a1      	bics	r1, r4
10005c5a:	5499      	strb	r1, [r3, r2]
10005c5c:	5c99      	ldrb	r1, [r3, r2]
10005c5e:	4381      	bics	r1, r0
10005c60:	5499      	strb	r1, [r3, r2]
10005c62:	ab01      	add	r3, sp, #4
10005c64:	7818      	ldrb	r0, [r3, #0]
10005c66:	a902      	add	r1, sp, #8
10005c68:	f7ff fdd8 	bl	1000581c <process_control_request>
10005c6c:	2800      	cmp	r0, #0
10005c6e:	d1ae      	bne.n	10005bce <tud_task_ext+0x1e>
10005c70:	ac01      	add	r4, sp, #4
10005c72:	7820      	ldrb	r0, [r4, #0]
10005c74:	2100      	movs	r1, #0
10005c76:	f7ff f9f5 	bl	10005064 <dcd_edpt_stall>
10005c7a:	7820      	ldrb	r0, [r4, #0]
10005c7c:	2180      	movs	r1, #128	@ 0x80
10005c7e:	f7ff f9f1 	bl	10005064 <dcd_edpt_stall>
10005c82:	e7a4      	b.n	10005bce <tud_task_ext+0x1e>
10005c84:	4a38      	ldr	r2, [pc, #224]	@ (10005d68 <tud_task_ext+0x1b8>)
10005c86:	4939      	ldr	r1, [pc, #228]	@ (10005d6c <tud_task_ext+0x1bc>)
10005c88:	4839      	ldr	r0, [pc, #228]	@ (10005d70 <tud_task_ext+0x1c0>)
10005c8a:	f7fe fd29 	bl	100046e0 <__wrap_printf>
10005c8e:	e795      	b.n	10005bbc <tud_task_ext+0xc>
10005c90:	ab01      	add	r3, sp, #4
10005c92:	7919      	ldrb	r1, [r3, #4]
10005c94:	227f      	movs	r2, #127	@ 0x7f
10005c96:	400a      	ands	r2, r1
10005c98:	09cc      	lsrs	r4, r1, #7
10005c9a:	0050      	lsls	r0, r2, #1
10005c9c:	4b2e      	ldr	r3, [pc, #184]	@ (10005d58 <tud_task_ext+0x1a8>)
10005c9e:	181b      	adds	r3, r3, r0
10005ca0:	191b      	adds	r3, r3, r4
10005ca2:	3330      	adds	r3, #48	@ 0x30
10005ca4:	7918      	ldrb	r0, [r3, #4]
10005ca6:	2501      	movs	r5, #1
10005ca8:	43a8      	bics	r0, r5
10005caa:	7118      	strb	r0, [r3, #4]
10005cac:	7918      	ldrb	r0, [r3, #4]
10005cae:	3503      	adds	r5, #3
10005cb0:	43a8      	bics	r0, r5
10005cb2:	7118      	strb	r0, [r3, #4]
10005cb4:	2a00      	cmp	r2, #0
10005cb6:	d015      	beq.n	10005ce4 <tud_task_ext+0x134>
10005cb8:	0052      	lsls	r2, r2, #1
10005cba:	4b27      	ldr	r3, [pc, #156]	@ (10005d58 <tud_task_ext+0x1a8>)
10005cbc:	189a      	adds	r2, r3, r2
10005cbe:	1912      	adds	r2, r2, r4
10005cc0:	7d13      	ldrb	r3, [r2, #20]
10005cc2:	4a2c      	ldr	r2, [pc, #176]	@ (10005d74 <tud_task_ext+0x1c4>)
10005cc4:	7812      	ldrb	r2, [r2, #0]
10005cc6:	4293      	cmp	r3, r2
10005cc8:	d213      	bcs.n	10005cf2 <tud_task_ext+0x142>
10005cca:	4a2b      	ldr	r2, [pc, #172]	@ (10005d78 <tud_task_ext+0x1c8>)
10005ccc:	6812      	ldr	r2, [r2, #0]
10005cce:	015b      	lsls	r3, r3, #5
10005cd0:	18d3      	adds	r3, r2, r3
10005cd2:	2b00      	cmp	r3, #0
10005cd4:	d015      	beq.n	10005d02 <tud_task_ext+0x152>
10005cd6:	699c      	ldr	r4, [r3, #24]
10005cd8:	a801      	add	r0, sp, #4
10005cda:	7942      	ldrb	r2, [r0, #5]
10005cdc:	9b03      	ldr	r3, [sp, #12]
10005cde:	7800      	ldrb	r0, [r0, #0]
10005ce0:	47a0      	blx	r4
10005ce2:	e774      	b.n	10005bce <tud_task_ext+0x1e>
10005ce4:	a801      	add	r0, sp, #4
10005ce6:	7942      	ldrb	r2, [r0, #5]
10005ce8:	9b03      	ldr	r3, [sp, #12]
10005cea:	7800      	ldrb	r0, [r0, #0]
10005cec:	f000 f908 	bl	10005f00 <usbd_control_xfer_cb>
10005cf0:	e76d      	b.n	10005bce <tud_task_ext+0x1e>
10005cf2:	1c50      	adds	r0, r2, #1
10005cf4:	4298      	cmp	r0, r3
10005cf6:	db04      	blt.n	10005d02 <tud_task_ext+0x152>
10005cf8:	1a9b      	subs	r3, r3, r2
10005cfa:	015b      	lsls	r3, r3, #5
10005cfc:	4a1f      	ldr	r2, [pc, #124]	@ (10005d7c <tud_task_ext+0x1cc>)
10005cfe:	18d3      	adds	r3, r2, r3
10005d00:	e7e7      	b.n	10005cd2 <tud_task_ext+0x122>
10005d02:	4a1f      	ldr	r2, [pc, #124]	@ (10005d80 <tud_task_ext+0x1d0>)
10005d04:	4919      	ldr	r1, [pc, #100]	@ (10005d6c <tud_task_ext+0x1bc>)
10005d06:	481a      	ldr	r0, [pc, #104]	@ (10005d70 <tud_task_ext+0x1c0>)
10005d08:	f7fe fcea 	bl	100046e0 <__wrap_printf>
10005d0c:	e756      	b.n	10005bbc <tud_task_ext+0xc>
10005d0e:	4b12      	ldr	r3, [pc, #72]	@ (10005d58 <tud_task_ext+0x1a8>)
10005d10:	781b      	ldrb	r3, [r3, #0]
10005d12:	07db      	lsls	r3, r3, #31
10005d14:	d400      	bmi.n	10005d18 <tud_task_ext+0x168>
10005d16:	e75a      	b.n	10005bce <tud_task_ext+0x1e>
10005d18:	4b0f      	ldr	r3, [pc, #60]	@ (10005d58 <tud_task_ext+0x1a8>)
10005d1a:	7818      	ldrb	r0, [r3, #0]
10005d1c:	0700      	lsls	r0, r0, #28
10005d1e:	0fc0      	lsrs	r0, r0, #31
10005d20:	f7ff fbce 	bl	100054c0 <tud_suspend_cb>
10005d24:	e753      	b.n	10005bce <tud_task_ext+0x1e>
10005d26:	4b0c      	ldr	r3, [pc, #48]	@ (10005d58 <tud_task_ext+0x1a8>)
10005d28:	781b      	ldrb	r3, [r3, #0]
10005d2a:	07db      	lsls	r3, r3, #31
10005d2c:	d400      	bmi.n	10005d30 <tud_task_ext+0x180>
10005d2e:	e74e      	b.n	10005bce <tud_task_ext+0x1e>
10005d30:	f7ff fbc7 	bl	100054c2 <tud_resume_cb>
10005d34:	e74b      	b.n	10005bce <tud_task_ext+0x1e>
10005d36:	9b02      	ldr	r3, [sp, #8]
10005d38:	2b00      	cmp	r3, #0
10005d3a:	d100      	bne.n	10005d3e <tud_task_ext+0x18e>
10005d3c:	e747      	b.n	10005bce <tud_task_ext+0x1e>
10005d3e:	9803      	ldr	r0, [sp, #12]
10005d40:	4798      	blx	r3
10005d42:	e744      	b.n	10005bce <tud_task_ext+0x1e>
10005d44:	4b04      	ldr	r3, [pc, #16]	@ (10005d58 <tud_task_ext+0x1a8>)
10005d46:	78db      	ldrb	r3, [r3, #3]
10005d48:	07db      	lsls	r3, r3, #31
10005d4a:	d400      	bmi.n	10005d4e <tud_task_ext+0x19e>
10005d4c:	e73f      	b.n	10005bce <tud_task_ext+0x1e>
10005d4e:	9802      	ldr	r0, [sp, #8]
10005d50:	f7ff fb3f 	bl	100053d2 <tud_sof_cb>
10005d54:	e73b      	b.n	10005bce <tud_task_ext+0x1e>
10005d56:	46c0      	nop			@ (mov r8, r8)
10005d58:	20001958 	.word	0x20001958
10005d5c:	200019b0 	.word	0x200019b0
10005d60:	1000a488 	.word	0x1000a488
10005d64:	20006524 	.word	0x20006524
10005d68:	00000256 	.word	0x00000256
10005d6c:	1000a4d8 	.word	0x1000a4d8
10005d70:	1000a3ec 	.word	0x1000a3ec
10005d74:	20006522 	.word	0x20006522
10005d78:	200017ac 	.word	0x200017ac
10005d7c:	1000a560 	.word	0x1000a560
10005d80:	00000281 	.word	0x00000281

10005d84 <_data_stage_xact>:
10005d84:	b5f8      	push	{r3, r4, r5, r6, r7, lr}
10005d86:	0005      	movs	r5, r0
10005d88:	4b14      	ldr	r3, [pc, #80]	@ (10005ddc <_data_stage_xact+0x58>)
10005d8a:	899f      	ldrh	r7, [r3, #12]
10005d8c:	89de      	ldrh	r6, [r3, #14]
10005d8e:	1bbb      	subs	r3, r7, r6
10005d90:	b29b      	uxth	r3, r3
10005d92:	1c1c      	adds	r4, r3, #0
10005d94:	2b40      	cmp	r3, #64	@ 0x40
10005d96:	d900      	bls.n	10005d9a <_data_stage_xact+0x16>
10005d98:	2440      	movs	r4, #64	@ 0x40
10005d9a:	b2a4      	uxth	r4, r4
10005d9c:	4b0f      	ldr	r3, [pc, #60]	@ (10005ddc <_data_stage_xact+0x58>)
10005d9e:	781b      	ldrb	r3, [r3, #0]
10005da0:	b25b      	sxtb	r3, r3
10005da2:	2b00      	cmp	r3, #0
10005da4:	db08      	blt.n	10005db8 <_data_stage_xact+0x34>
10005da6:	2100      	movs	r1, #0
10005da8:	42b7      	cmp	r7, r6
10005daa:	d013      	beq.n	10005dd4 <_data_stage_xact+0x50>
10005dac:	4a0c      	ldr	r2, [pc, #48]	@ (10005de0 <_data_stage_xact+0x5c>)
10005dae:	0023      	movs	r3, r4
10005db0:	0028      	movs	r0, r5
10005db2:	f7ff fcad 	bl	10005710 <usbd_edpt_xfer>
10005db6:	bdf8      	pop	{r3, r4, r5, r6, r7, pc}
10005db8:	42b7      	cmp	r7, r6
10005dba:	d009      	beq.n	10005dd0 <_data_stage_xact+0x4c>
10005dbc:	4b07      	ldr	r3, [pc, #28]	@ (10005ddc <_data_stage_xact+0x58>)
10005dbe:	6899      	ldr	r1, [r3, #8]
10005dc0:	2c40      	cmp	r4, #64	@ 0x40
10005dc2:	d809      	bhi.n	10005dd8 <_data_stage_xact+0x54>
10005dc4:	0022      	movs	r2, r4
10005dc6:	4806      	ldr	r0, [pc, #24]	@ (10005de0 <_data_stage_xact+0x5c>)
10005dc8:	f7fd f9dc 	bl	10003184 <__wrap___aeabi_memcpy>
10005dcc:	2180      	movs	r1, #128	@ 0x80
10005dce:	e7eb      	b.n	10005da8 <_data_stage_xact+0x24>
10005dd0:	2180      	movs	r1, #128	@ 0x80
10005dd2:	e7e9      	b.n	10005da8 <_data_stage_xact+0x24>
10005dd4:	2200      	movs	r2, #0
10005dd6:	e7ea      	b.n	10005dae <_data_stage_xact+0x2a>
10005dd8:	2000      	movs	r0, #0
10005dda:	e7ec      	b.n	10005db6 <_data_stage_xact+0x32>
10005ddc:	200018fc 	.word	0x200018fc
10005de0:	20001918 	.word	0x20001918

10005de4 <tud_control_status>:
10005de4:	b570      	push	{r4, r5, r6, lr}
10005de6:	0006      	movs	r6, r0
10005de8:	000c      	movs	r4, r1
10005dea:	4d0b      	ldr	r5, [pc, #44]	@ (10005e18 <tud_control_status+0x34>)
10005dec:	2208      	movs	r2, #8
10005dee:	0028      	movs	r0, r5
10005df0:	f7fd f9c8 	bl	10003184 <__wrap___aeabi_memcpy>
10005df4:	2300      	movs	r3, #0
10005df6:	60ab      	str	r3, [r5, #8]
10005df8:	81eb      	strh	r3, [r5, #14]
10005dfa:	81ab      	strh	r3, [r5, #12]
10005dfc:	2300      	movs	r3, #0
10005dfe:	56e3      	ldrsb	r3, [r4, r3]
10005e00:	2b00      	cmp	r3, #0
10005e02:	db06      	blt.n	10005e12 <tud_control_status+0x2e>
10005e04:	2180      	movs	r1, #128	@ 0x80
10005e06:	2300      	movs	r3, #0
10005e08:	2200      	movs	r2, #0
10005e0a:	0030      	movs	r0, r6
10005e0c:	f7ff fc80 	bl	10005710 <usbd_edpt_xfer>
10005e10:	bd70      	pop	{r4, r5, r6, pc}
10005e12:	2100      	movs	r1, #0
10005e14:	e7f7      	b.n	10005e06 <tud_control_status+0x22>
10005e16:	46c0      	nop			@ (mov r8, r8)
10005e18:	200018fc 	.word	0x200018fc

10005e1c <tud_control_xfer>:
10005e1c:	b5f0      	push	{r4, r5, r6, r7, lr}
10005e1e:	46c6      	mov	lr, r8
10005e20:	b500      	push	{lr}
10005e22:	4680      	mov	r8, r0
10005e24:	000c      	movs	r4, r1
10005e26:	0016      	movs	r6, r2
10005e28:	001d      	movs	r5, r3
10005e2a:	4f23      	ldr	r7, [pc, #140]	@ (10005eb8 <tud_control_xfer+0x9c>)
10005e2c:	2208      	movs	r2, #8
10005e2e:	0038      	movs	r0, r7
10005e30:	f7fd f9a8 	bl	10003184 <__wrap___aeabi_memcpy>
10005e34:	60be      	str	r6, [r7, #8]
10005e36:	2300      	movs	r3, #0
10005e38:	81fb      	strh	r3, [r7, #14]
10005e3a:	79a3      	ldrb	r3, [r4, #6]
10005e3c:	79e1      	ldrb	r1, [r4, #7]
10005e3e:	0209      	lsls	r1, r1, #8
10005e40:	4319      	orrs	r1, r3
10005e42:	1c0b      	adds	r3, r1, #0
10005e44:	42a9      	cmp	r1, r5
10005e46:	d900      	bls.n	10005e4a <tud_control_xfer+0x2e>
10005e48:	1c2b      	adds	r3, r5, #0
10005e4a:	b299      	uxth	r1, r3
10005e4c:	4a1a      	ldr	r2, [pc, #104]	@ (10005eb8 <tud_control_xfer+0x9c>)
10005e4e:	8193      	strh	r3, [r2, #12]
10005e50:	79a2      	ldrb	r2, [r4, #6]
10005e52:	79e3      	ldrb	r3, [r4, #7]
10005e54:	021b      	lsls	r3, r3, #8
10005e56:	4313      	orrs	r3, r2
10005e58:	d019      	beq.n	10005e8e <tud_control_xfer+0x72>
10005e5a:	2900      	cmp	r1, #0
10005e5c:	d001      	beq.n	10005e62 <tud_control_xfer+0x46>
10005e5e:	2e00      	cmp	r6, #0
10005e60:	d008      	beq.n	10005e74 <tud_control_xfer+0x58>
10005e62:	4640      	mov	r0, r8
10005e64:	f7ff ff8e 	bl	10005d84 <_data_stage_xact>
10005e68:	1e04      	subs	r4, r0, #0
10005e6a:	d00a      	beq.n	10005e82 <tud_control_xfer+0x66>
10005e6c:	0020      	movs	r0, r4
10005e6e:	bc80      	pop	{r7}
10005e70:	46b8      	mov	r8, r7
10005e72:	bdf0      	pop	{r4, r5, r6, r7, pc}
10005e74:	2277      	movs	r2, #119	@ 0x77
10005e76:	4911      	ldr	r1, [pc, #68]	@ (10005ebc <tud_control_xfer+0xa0>)
10005e78:	4811      	ldr	r0, [pc, #68]	@ (10005ec0 <tud_control_xfer+0xa4>)
10005e7a:	f7fe fc31 	bl	100046e0 <__wrap_printf>
10005e7e:	2400      	movs	r4, #0
10005e80:	e7f4      	b.n	10005e6c <tud_control_xfer+0x50>
10005e82:	227d      	movs	r2, #125	@ 0x7d
10005e84:	490d      	ldr	r1, [pc, #52]	@ (10005ebc <tud_control_xfer+0xa0>)
10005e86:	480e      	ldr	r0, [pc, #56]	@ (10005ec0 <tud_control_xfer+0xa4>)
10005e88:	f7fe fc2a 	bl	100046e0 <__wrap_printf>
10005e8c:	e7ee      	b.n	10005e6c <tud_control_xfer+0x50>
10005e8e:	2300      	movs	r3, #0
10005e90:	56e3      	ldrsb	r3, [r4, r3]
10005e92:	2b00      	cmp	r3, #0
10005e94:	db0d      	blt.n	10005eb2 <tud_control_xfer+0x96>
10005e96:	2180      	movs	r1, #128	@ 0x80
10005e98:	2300      	movs	r3, #0
10005e9a:	2200      	movs	r2, #0
10005e9c:	4640      	mov	r0, r8
10005e9e:	f7ff fc37 	bl	10005710 <usbd_edpt_xfer>
10005ea2:	1e04      	subs	r4, r0, #0
10005ea4:	d1e2      	bne.n	10005e6c <tud_control_xfer+0x50>
10005ea6:	2280      	movs	r2, #128	@ 0x80
10005ea8:	4904      	ldr	r1, [pc, #16]	@ (10005ebc <tud_control_xfer+0xa0>)
10005eaa:	4805      	ldr	r0, [pc, #20]	@ (10005ec0 <tud_control_xfer+0xa4>)
10005eac:	f7fe fc18 	bl	100046e0 <__wrap_printf>
10005eb0:	e7dc      	b.n	10005e6c <tud_control_xfer+0x50>
10005eb2:	2100      	movs	r1, #0
10005eb4:	e7f0      	b.n	10005e98 <tud_control_xfer+0x7c>
10005eb6:	46c0      	nop			@ (mov r8, r8)
10005eb8:	200018fc 	.word	0x200018fc
10005ebc:	1000a5b8 	.word	0x1000a5b8
10005ec0:	1000a3ec 	.word	0x1000a3ec

10005ec4 <usbd_control_reset>:
10005ec4:	b510      	push	{r4, lr}
10005ec6:	2214      	movs	r2, #20
10005ec8:	2100      	movs	r1, #0
10005eca:	4802      	ldr	r0, [pc, #8]	@ (10005ed4 <usbd_control_reset+0x10>)
10005ecc:	f7fd f954 	bl	10003178 <__wrap_memset>
10005ed0:	bd10      	pop	{r4, pc}
10005ed2:	46c0      	nop			@ (mov r8, r8)
10005ed4:	200018fc 	.word	0x200018fc

10005ed8 <usbd_control_set_complete_callback>:
10005ed8:	4b01      	ldr	r3, [pc, #4]	@ (10005ee0 <usbd_control_set_complete_callback+0x8>)
10005eda:	6118      	str	r0, [r3, #16]
10005edc:	4770      	bx	lr
10005ede:	46c0      	nop			@ (mov r8, r8)
10005ee0:	200018fc 	.word	0x200018fc

10005ee4 <usbd_control_set_request>:
10005ee4:	b510      	push	{r4, lr}
10005ee6:	0001      	movs	r1, r0
10005ee8:	4c04      	ldr	r4, [pc, #16]	@ (10005efc <usbd_control_set_request+0x18>)
10005eea:	2208      	movs	r2, #8
10005eec:	0020      	movs	r0, r4
10005eee:	f7fd f949 	bl	10003184 <__wrap___aeabi_memcpy>
10005ef2:	2300      	movs	r3, #0
10005ef4:	60a3      	str	r3, [r4, #8]
10005ef6:	81e3      	strh	r3, [r4, #14]
10005ef8:	81a3      	strh	r3, [r4, #12]
10005efa:	bd10      	pop	{r4, pc}
10005efc:	200018fc 	.word	0x200018fc

10005f00 <usbd_control_xfer_cb>:
10005f00:	b570      	push	{r4, r5, r6, lr}
10005f02:	0005      	movs	r5, r0
10005f04:	001c      	movs	r4, r3
10005f06:	09c9      	lsrs	r1, r1, #7
10005f08:	4b36      	ldr	r3, [pc, #216]	@ (10005fe4 <usbd_control_xfer_cb+0xe4>)
10005f0a:	781b      	ldrb	r3, [r3, #0]
10005f0c:	09db      	lsrs	r3, r3, #7
10005f0e:	428b      	cmp	r3, r1
10005f10:	d016      	beq.n	10005f40 <usbd_control_xfer_cb+0x40>
10005f12:	2c00      	cmp	r4, #0
10005f14:	d007      	beq.n	10005f26 <usbd_control_xfer_cb+0x26>
10005f16:	22a7      	movs	r2, #167	@ 0xa7
10005f18:	4933      	ldr	r1, [pc, #204]	@ (10005fe8 <usbd_control_xfer_cb+0xe8>)
10005f1a:	4834      	ldr	r0, [pc, #208]	@ (10005fec <usbd_control_xfer_cb+0xec>)
10005f1c:	f7fe fbe0 	bl	100046e0 <__wrap_printf>
10005f20:	2400      	movs	r4, #0
10005f22:	0020      	movs	r0, r4
10005f24:	bd70      	pop	{r4, r5, r6, pc}
10005f26:	4c2f      	ldr	r4, [pc, #188]	@ (10005fe4 <usbd_control_xfer_cb+0xe4>)
10005f28:	0021      	movs	r1, r4
10005f2a:	f7ff f851 	bl	10004fd0 <dcd_edpt0_status_complete>
10005f2e:	6923      	ldr	r3, [r4, #16]
10005f30:	2b00      	cmp	r3, #0
10005f32:	d003      	beq.n	10005f3c <usbd_control_xfer_cb+0x3c>
10005f34:	4a2b      	ldr	r2, [pc, #172]	@ (10005fe4 <usbd_control_xfer_cb+0xe4>)
10005f36:	2103      	movs	r1, #3
10005f38:	0028      	movs	r0, r5
10005f3a:	4798      	blx	r3
10005f3c:	2401      	movs	r4, #1
10005f3e:	e7f0      	b.n	10005f22 <usbd_control_xfer_cb+0x22>
10005f40:	4b28      	ldr	r3, [pc, #160]	@ (10005fe4 <usbd_control_xfer_cb+0xe4>)
10005f42:	781b      	ldrb	r3, [r3, #0]
10005f44:	b25b      	sxtb	r3, r3
10005f46:	2b00      	cmp	r3, #0
10005f48:	db07      	blt.n	10005f5a <usbd_control_xfer_cb+0x5a>
10005f4a:	4b26      	ldr	r3, [pc, #152]	@ (10005fe4 <usbd_control_xfer_cb+0xe4>)
10005f4c:	6898      	ldr	r0, [r3, #8]
10005f4e:	2800      	cmp	r0, #0
10005f50:	d045      	beq.n	10005fde <usbd_control_xfer_cb+0xde>
10005f52:	0022      	movs	r2, r4
10005f54:	4926      	ldr	r1, [pc, #152]	@ (10005ff0 <usbd_control_xfer_cb+0xf0>)
10005f56:	f7fd f915 	bl	10003184 <__wrap___aeabi_memcpy>
10005f5a:	b2a2      	uxth	r2, r4
10005f5c:	4921      	ldr	r1, [pc, #132]	@ (10005fe4 <usbd_control_xfer_cb+0xe4>)
10005f5e:	89cb      	ldrh	r3, [r1, #14]
10005f60:	18d3      	adds	r3, r2, r3
10005f62:	b29b      	uxth	r3, r3
10005f64:	81cb      	strh	r3, [r1, #14]
10005f66:	688a      	ldr	r2, [r1, #8]
10005f68:	1912      	adds	r2, r2, r4
10005f6a:	608a      	str	r2, [r1, #8]
10005f6c:	88ca      	ldrh	r2, [r1, #6]
10005f6e:	4293      	cmp	r3, r2
10005f70:	d001      	beq.n	10005f76 <usbd_control_xfer_cb+0x76>
10005f72:	2c3f      	cmp	r4, #63	@ 0x3f
10005f74:	d828      	bhi.n	10005fc8 <usbd_control_xfer_cb+0xc8>
10005f76:	4b1b      	ldr	r3, [pc, #108]	@ (10005fe4 <usbd_control_xfer_cb+0xe4>)
10005f78:	691b      	ldr	r3, [r3, #16]
10005f7a:	2b00      	cmp	r3, #0
10005f7c:	d005      	beq.n	10005f8a <usbd_control_xfer_cb+0x8a>
10005f7e:	4a19      	ldr	r2, [pc, #100]	@ (10005fe4 <usbd_control_xfer_cb+0xe4>)
10005f80:	2102      	movs	r1, #2
10005f82:	0028      	movs	r0, r5
10005f84:	4798      	blx	r3
10005f86:	2800      	cmp	r0, #0
10005f88:	d014      	beq.n	10005fb4 <usbd_control_xfer_cb+0xb4>
10005f8a:	4b16      	ldr	r3, [pc, #88]	@ (10005fe4 <usbd_control_xfer_cb+0xe4>)
10005f8c:	781b      	ldrb	r3, [r3, #0]
10005f8e:	b25b      	sxtb	r3, r3
10005f90:	2b00      	cmp	r3, #0
10005f92:	db0d      	blt.n	10005fb0 <usbd_control_xfer_cb+0xb0>
10005f94:	2180      	movs	r1, #128	@ 0x80
10005f96:	2300      	movs	r3, #0
10005f98:	2200      	movs	r2, #0
10005f9a:	0028      	movs	r0, r5
10005f9c:	f7ff fbb8 	bl	10005710 <usbd_edpt_xfer>
10005fa0:	1e04      	subs	r4, r0, #0
10005fa2:	d1be      	bne.n	10005f22 <usbd_control_xfer_cb+0x22>
10005fa4:	22d0      	movs	r2, #208	@ 0xd0
10005fa6:	4910      	ldr	r1, [pc, #64]	@ (10005fe8 <usbd_control_xfer_cb+0xe8>)
10005fa8:	4810      	ldr	r0, [pc, #64]	@ (10005fec <usbd_control_xfer_cb+0xec>)
10005faa:	f7fe fb99 	bl	100046e0 <__wrap_printf>
10005fae:	e7b8      	b.n	10005f22 <usbd_control_xfer_cb+0x22>
10005fb0:	2100      	movs	r1, #0
10005fb2:	e7f0      	b.n	10005f96 <usbd_control_xfer_cb+0x96>
10005fb4:	2100      	movs	r1, #0
10005fb6:	0028      	movs	r0, r5
10005fb8:	f7ff f854 	bl	10005064 <dcd_edpt_stall>
10005fbc:	2180      	movs	r1, #128	@ 0x80
10005fbe:	0028      	movs	r0, r5
10005fc0:	f7ff f850 	bl	10005064 <dcd_edpt_stall>
10005fc4:	2401      	movs	r4, #1
10005fc6:	e7ac      	b.n	10005f22 <usbd_control_xfer_cb+0x22>
10005fc8:	0028      	movs	r0, r5
10005fca:	f7ff fedb 	bl	10005d84 <_data_stage_xact>
10005fce:	1e04      	subs	r4, r0, #0
10005fd0:	d1a7      	bne.n	10005f22 <usbd_control_xfer_cb+0x22>
10005fd2:	22d8      	movs	r2, #216	@ 0xd8
10005fd4:	4904      	ldr	r1, [pc, #16]	@ (10005fe8 <usbd_control_xfer_cb+0xe8>)
10005fd6:	4805      	ldr	r0, [pc, #20]	@ (10005fec <usbd_control_xfer_cb+0xec>)
10005fd8:	f7fe fb82 	bl	100046e0 <__wrap_printf>
10005fdc:	e7a1      	b.n	10005f22 <usbd_control_xfer_cb+0x22>
10005fde:	2400      	movs	r4, #0
10005fe0:	e79f      	b.n	10005f22 <usbd_control_xfer_cb+0x22>
10005fe2:	46c0      	nop			@ (mov r8, r8)
10005fe4:	200018fc 	.word	0x200018fc
10005fe8:	1000a5a0 	.word	0x1000a5a0
10005fec:	1000a3ec 	.word	0x1000a3ec
10005ff0:	20001918 	.word	0x20001918

10005ff4 <_prep_out_transaction>:
10005ff4:	b570      	push	{r4, r5, r6, lr}
10005ff6:	0004      	movs	r4, r0
10005ff8:	f7ff fa64 	bl	100054c4 <tud_mounted>
10005ffc:	2800      	cmp	r0, #0
10005ffe:	d107      	bne.n	10006010 <_prep_out_transaction+0x1c>
10006000:	2000      	movs	r0, #0
10006002:	2800      	cmp	r0, #0
10006004:	d003      	beq.n	1000600e <_prep_out_transaction+0x1a>
10006006:	78e3      	ldrb	r3, [r4, #3]
10006008:	2b00      	cmp	r3, #0
1000600a:	d109      	bne.n	10006020 <_prep_out_transaction+0x2c>
1000600c:	2000      	movs	r0, #0
1000600e:	bd70      	pop	{r4, r5, r6, pc}
10006010:	f7ff fa60 	bl	100054d4 <tud_suspended>
10006014:	2800      	cmp	r0, #0
10006016:	d101      	bne.n	1000601c <_prep_out_transaction+0x28>
10006018:	3001      	adds	r0, #1
1000601a:	e7f2      	b.n	10006002 <_prep_out_transaction+0xe>
1000601c:	2000      	movs	r0, #0
1000601e:	e7f0      	b.n	10006002 <_prep_out_transaction+0xe>
10006020:	0025      	movs	r5, r4
10006022:	3510      	adds	r5, #16
10006024:	0028      	movs	r0, r5
10006026:	f001 f831 	bl	1000708c <tu_fifo_remaining>
1000602a:	283f      	cmp	r0, #63	@ 0x3f
1000602c:	d801      	bhi.n	10006032 <_prep_out_transaction+0x3e>
1000602e:	2000      	movs	r0, #0
10006030:	e7ed      	b.n	1000600e <_prep_out_transaction+0x1a>
10006032:	78e1      	ldrb	r1, [r4, #3]
10006034:	2000      	movs	r0, #0
10006036:	f7ff fb43 	bl	100056c0 <usbd_edpt_claim>
1000603a:	2800      	cmp	r0, #0
1000603c:	d0e7      	beq.n	1000600e <_prep_out_transaction+0x1a>
1000603e:	0028      	movs	r0, r5
10006040:	f001 f824 	bl	1000708c <tu_fifo_remaining>
10006044:	283f      	cmp	r0, #63	@ 0x3f
10006046:	d907      	bls.n	10006058 <_prep_out_transaction+0x64>
10006048:	0022      	movs	r2, r4
1000604a:	32c8      	adds	r2, #200	@ 0xc8
1000604c:	78e1      	ldrb	r1, [r4, #3]
1000604e:	2340      	movs	r3, #64	@ 0x40
10006050:	2000      	movs	r0, #0
10006052:	f7ff fb5d 	bl	10005710 <usbd_edpt_xfer>
10006056:	e7da      	b.n	1000600e <_prep_out_transaction+0x1a>
10006058:	78e1      	ldrb	r1, [r4, #3]
1000605a:	2000      	movs	r0, #0
1000605c:	f7ff fb44 	bl	100056e8 <usbd_edpt_release>
10006060:	2000      	movs	r0, #0
10006062:	e7d4      	b.n	1000600e <_prep_out_transaction+0x1a>

10006064 <tud_cdc_n_connected>:
10006064:	b510      	push	{r4, lr}
10006066:	0004      	movs	r4, r0
10006068:	f7ff fa2c 	bl	100054c4 <tud_mounted>
1000606c:	2800      	cmp	r0, #0
1000606e:	d10e      	bne.n	1000608e <tud_cdc_n_connected+0x2a>
10006070:	2300      	movs	r3, #0
10006072:	2b00      	cmp	r3, #0
10006074:	d013      	beq.n	1000609e <tud_cdc_n_connected+0x3a>
10006076:	00a0      	lsls	r0, r4, #2
10006078:	1900      	adds	r0, r0, r4
1000607a:	00c0      	lsls	r0, r0, #3
1000607c:	1900      	adds	r0, r0, r4
1000607e:	00c0      	lsls	r0, r0, #3
10006080:	4b09      	ldr	r3, [pc, #36]	@ (100060a8 <tud_cdc_n_connected+0x44>)
10006082:	1818      	adds	r0, r3, r0
10006084:	7903      	ldrb	r3, [r0, #4]
10006086:	07db      	lsls	r3, r3, #31
10006088:	d50b      	bpl.n	100060a2 <tud_cdc_n_connected+0x3e>
1000608a:	2001      	movs	r0, #1
1000608c:	e008      	b.n	100060a0 <tud_cdc_n_connected+0x3c>
1000608e:	f7ff fa21 	bl	100054d4 <tud_suspended>
10006092:	2800      	cmp	r0, #0
10006094:	d101      	bne.n	1000609a <tud_cdc_n_connected+0x36>
10006096:	2301      	movs	r3, #1
10006098:	e7eb      	b.n	10006072 <tud_cdc_n_connected+0xe>
1000609a:	2300      	movs	r3, #0
1000609c:	e7e9      	b.n	10006072 <tud_cdc_n_connected+0xe>
1000609e:	2000      	movs	r0, #0
100060a0:	bd10      	pop	{r4, pc}
100060a2:	2000      	movs	r0, #0
100060a4:	e7fc      	b.n	100060a0 <tud_cdc_n_connected+0x3c>
100060a6:	46c0      	nop			@ (mov r8, r8)
100060a8:	200017b4 	.word	0x200017b4

100060ac <tud_cdc_n_available>:
100060ac:	b510      	push	{r4, lr}
100060ae:	0002      	movs	r2, r0
100060b0:	0083      	lsls	r3, r0, #2
100060b2:	181b      	adds	r3, r3, r0
100060b4:	00d8      	lsls	r0, r3, #3
100060b6:	1880      	adds	r0, r0, r2
100060b8:	00c0      	lsls	r0, r0, #3
100060ba:	3010      	adds	r0, #16
100060bc:	4b02      	ldr	r3, [pc, #8]	@ (100060c8 <tud_cdc_n_available+0x1c>)
100060be:	18c0      	adds	r0, r0, r3
100060c0:	f000 ffb3 	bl	1000702a <tu_fifo_count>
100060c4:	bd10      	pop	{r4, pc}
100060c6:	46c0      	nop			@ (mov r8, r8)
100060c8:	200017b4 	.word	0x200017b4

100060cc <tud_cdc_n_read>:
100060cc:	b570      	push	{r4, r5, r6, lr}
100060ce:	0084      	lsls	r4, r0, #2
100060d0:	1824      	adds	r4, r4, r0
100060d2:	00e3      	lsls	r3, r4, #3
100060d4:	181c      	adds	r4, r3, r0
100060d6:	00e4      	lsls	r4, r4, #3
100060d8:	4d09      	ldr	r5, [pc, #36]	@ (10006100 <tud_cdc_n_read+0x34>)
100060da:	1964      	adds	r4, r4, r5
100060dc:	181b      	adds	r3, r3, r0
100060de:	00db      	lsls	r3, r3, #3
100060e0:	3310      	adds	r3, #16
100060e2:	1958      	adds	r0, r3, r5
100060e4:	4b07      	ldr	r3, [pc, #28]	@ (10006104 <tud_cdc_n_read+0x38>)
100060e6:	429a      	cmp	r2, r3
100060e8:	d808      	bhi.n	100060fc <tud_cdc_n_read+0x30>
100060ea:	b292      	uxth	r2, r2
100060ec:	f001 f805 	bl	100070fa <tu_fifo_read_n>
100060f0:	0005      	movs	r5, r0
100060f2:	0020      	movs	r0, r4
100060f4:	f7ff ff7e 	bl	10005ff4 <_prep_out_transaction>
100060f8:	0028      	movs	r0, r5
100060fa:	bd70      	pop	{r4, r5, r6, pc}
100060fc:	4a02      	ldr	r2, [pc, #8]	@ (10006108 <tud_cdc_n_read+0x3c>)
100060fe:	e7f5      	b.n	100060ec <tud_cdc_n_read+0x20>
10006100:	200017b4 	.word	0x200017b4
10006104:	0000fffe 	.word	0x0000fffe
10006108:	0000ffff 	.word	0x0000ffff

1000610c <tud_cdc_n_write_flush>:
1000610c:	b570      	push	{r4, r5, r6, lr}
1000610e:	0005      	movs	r5, r0
10006110:	f7ff f9d8 	bl	100054c4 <tud_mounted>
10006114:	2800      	cmp	r0, #0
10006116:	d104      	bne.n	10006122 <tud_cdc_n_write_flush+0x16>
10006118:	2300      	movs	r3, #0
1000611a:	2b00      	cmp	r3, #0
1000611c:	d109      	bne.n	10006132 <tud_cdc_n_write_flush+0x26>
1000611e:	2000      	movs	r0, #0
10006120:	bd70      	pop	{r4, r5, r6, pc}
10006122:	f7ff f9d7 	bl	100054d4 <tud_suspended>
10006126:	2800      	cmp	r0, #0
10006128:	d101      	bne.n	1000612e <tud_cdc_n_write_flush+0x22>
1000612a:	2301      	movs	r3, #1
1000612c:	e7f5      	b.n	1000611a <tud_cdc_n_write_flush+0xe>
1000612e:	2300      	movs	r3, #0
10006130:	e7f3      	b.n	1000611a <tud_cdc_n_write_flush+0xe>
10006132:	00ac      	lsls	r4, r5, #2
10006134:	1964      	adds	r4, r4, r5
10006136:	00e4      	lsls	r4, r4, #3
10006138:	1964      	adds	r4, r4, r5
1000613a:	00e4      	lsls	r4, r4, #3
1000613c:	3420      	adds	r4, #32
1000613e:	4b27      	ldr	r3, [pc, #156]	@ (100061dc <tud_cdc_n_write_flush+0xd0>)
10006140:	18e4      	adds	r4, r4, r3
10006142:	3404      	adds	r4, #4
10006144:	0020      	movs	r0, r4
10006146:	f000 ff70 	bl	1000702a <tu_fifo_count>
1000614a:	2800      	cmp	r0, #0
1000614c:	d101      	bne.n	10006152 <tud_cdc_n_write_flush+0x46>
1000614e:	2000      	movs	r0, #0
10006150:	e7e6      	b.n	10006120 <tud_cdc_n_write_flush+0x14>
10006152:	00ab      	lsls	r3, r5, #2
10006154:	195b      	adds	r3, r3, r5
10006156:	00db      	lsls	r3, r3, #3
10006158:	195b      	adds	r3, r3, r5
1000615a:	00db      	lsls	r3, r3, #3
1000615c:	4a1f      	ldr	r2, [pc, #124]	@ (100061dc <tud_cdc_n_write_flush+0xd0>)
1000615e:	18d3      	adds	r3, r2, r3
10006160:	7899      	ldrb	r1, [r3, #2]
10006162:	2000      	movs	r0, #0
10006164:	f7ff faac 	bl	100056c0 <usbd_edpt_claim>
10006168:	2800      	cmp	r0, #0
1000616a:	d101      	bne.n	10006170 <tud_cdc_n_write_flush+0x64>
1000616c:	2000      	movs	r0, #0
1000616e:	e7d7      	b.n	10006120 <tud_cdc_n_write_flush+0x14>
10006170:	00ae      	lsls	r6, r5, #2
10006172:	1976      	adds	r6, r6, r5
10006174:	00f6      	lsls	r6, r6, #3
10006176:	1976      	adds	r6, r6, r5
10006178:	00f6      	lsls	r6, r6, #3
1000617a:	3609      	adds	r6, #9
1000617c:	36ff      	adds	r6, #255	@ 0xff
1000617e:	4b17      	ldr	r3, [pc, #92]	@ (100061dc <tud_cdc_n_write_flush+0xd0>)
10006180:	18f6      	adds	r6, r6, r3
10006182:	2240      	movs	r2, #64	@ 0x40
10006184:	0031      	movs	r1, r6
10006186:	0020      	movs	r0, r4
10006188:	f000 ffb7 	bl	100070fa <tu_fifo_read_n>
1000618c:	1e04      	subs	r4, r0, #0
1000618e:	d017      	beq.n	100061c0 <tud_cdc_n_write_flush+0xb4>
10006190:	00a8      	lsls	r0, r5, #2
10006192:	1940      	adds	r0, r0, r5
10006194:	00c0      	lsls	r0, r0, #3
10006196:	1945      	adds	r5, r0, r5
10006198:	00ed      	lsls	r5, r5, #3
1000619a:	4810      	ldr	r0, [pc, #64]	@ (100061dc <tud_cdc_n_write_flush+0xd0>)
1000619c:	1945      	adds	r5, r0, r5
1000619e:	78a9      	ldrb	r1, [r5, #2]
100061a0:	0023      	movs	r3, r4
100061a2:	0032      	movs	r2, r6
100061a4:	2000      	movs	r0, #0
100061a6:	f7ff fab3 	bl	10005710 <usbd_edpt_xfer>
100061aa:	2800      	cmp	r0, #0
100061ac:	d001      	beq.n	100061b2 <tud_cdc_n_write_flush+0xa6>
100061ae:	0020      	movs	r0, r4
100061b0:	e7b6      	b.n	10006120 <tud_cdc_n_write_flush+0x14>
100061b2:	22cd      	movs	r2, #205	@ 0xcd
100061b4:	490a      	ldr	r1, [pc, #40]	@ (100061e0 <tud_cdc_n_write_flush+0xd4>)
100061b6:	480b      	ldr	r0, [pc, #44]	@ (100061e4 <tud_cdc_n_write_flush+0xd8>)
100061b8:	f7fe fa92 	bl	100046e0 <__wrap_printf>
100061bc:	2000      	movs	r0, #0
100061be:	e7af      	b.n	10006120 <tud_cdc_n_write_flush+0x14>
100061c0:	00a8      	lsls	r0, r5, #2
100061c2:	1940      	adds	r0, r0, r5
100061c4:	00c0      	lsls	r0, r0, #3
100061c6:	1945      	adds	r5, r0, r5
100061c8:	00ed      	lsls	r5, r5, #3
100061ca:	4b04      	ldr	r3, [pc, #16]	@ (100061dc <tud_cdc_n_write_flush+0xd0>)
100061cc:	195d      	adds	r5, r3, r5
100061ce:	78a9      	ldrb	r1, [r5, #2]
100061d0:	2000      	movs	r0, #0
100061d2:	f7ff fa89 	bl	100056e8 <usbd_edpt_release>
100061d6:	2000      	movs	r0, #0
100061d8:	e7a2      	b.n	10006120 <tud_cdc_n_write_flush+0x14>
100061da:	46c0      	nop			@ (mov r8, r8)
100061dc:	200017b4 	.word	0x200017b4
100061e0:	1000a5e8 	.word	0x1000a5e8
100061e4:	1000a3ec 	.word	0x1000a3ec

100061e8 <tud_cdc_n_write>:
100061e8:	b570      	push	{r4, r5, r6, lr}
100061ea:	0005      	movs	r5, r0
100061ec:	0084      	lsls	r4, r0, #2
100061ee:	1824      	adds	r4, r4, r0
100061f0:	00e4      	lsls	r4, r4, #3
100061f2:	1824      	adds	r4, r4, r0
100061f4:	00e4      	lsls	r4, r4, #3
100061f6:	3420      	adds	r4, #32
100061f8:	4b0b      	ldr	r3, [pc, #44]	@ (10006228 <tud_cdc_n_write+0x40>)
100061fa:	18e4      	adds	r4, r4, r3
100061fc:	3404      	adds	r4, #4
100061fe:	4b0b      	ldr	r3, [pc, #44]	@ (1000622c <tud_cdc_n_write+0x44>)
10006200:	429a      	cmp	r2, r3
10006202:	d80b      	bhi.n	1000621c <tud_cdc_n_write+0x34>
10006204:	b292      	uxth	r2, r2
10006206:	0020      	movs	r0, r4
10006208:	f000 ffae 	bl	10007168 <tu_fifo_write_n>
1000620c:	0006      	movs	r6, r0
1000620e:	0020      	movs	r0, r4
10006210:	f000 ff0b 	bl	1000702a <tu_fifo_count>
10006214:	283f      	cmp	r0, #63	@ 0x3f
10006216:	d803      	bhi.n	10006220 <tud_cdc_n_write+0x38>
10006218:	0030      	movs	r0, r6
1000621a:	bd70      	pop	{r4, r5, r6, pc}
1000621c:	4a04      	ldr	r2, [pc, #16]	@ (10006230 <tud_cdc_n_write+0x48>)
1000621e:	e7f2      	b.n	10006206 <tud_cdc_n_write+0x1e>
10006220:	0028      	movs	r0, r5
10006222:	f7ff ff73 	bl	1000610c <tud_cdc_n_write_flush>
10006226:	e7f7      	b.n	10006218 <tud_cdc_n_write+0x30>
10006228:	200017b4 	.word	0x200017b4
1000622c:	0000fffe 	.word	0x0000fffe
10006230:	0000ffff 	.word	0x0000ffff

10006234 <tud_cdc_n_write_available>:
10006234:	b510      	push	{r4, lr}
10006236:	0002      	movs	r2, r0
10006238:	0083      	lsls	r3, r0, #2
1000623a:	181b      	adds	r3, r3, r0
1000623c:	00d8      	lsls	r0, r3, #3
1000623e:	1880      	adds	r0, r0, r2
10006240:	00c0      	lsls	r0, r0, #3
10006242:	3020      	adds	r0, #32
10006244:	4b02      	ldr	r3, [pc, #8]	@ (10006250 <tud_cdc_n_write_available+0x1c>)
10006246:	18c0      	adds	r0, r0, r3
10006248:	3004      	adds	r0, #4
1000624a:	f000 ff1f 	bl	1000708c <tu_fifo_remaining>
1000624e:	bd10      	pop	{r4, pc}
10006250:	200017b4 	.word	0x200017b4

10006254 <cdcd_init>:
10006254:	b5f0      	push	{r4, r5, r6, r7, lr}
10006256:	46d6      	mov	lr, sl
10006258:	464f      	mov	r7, r9
1000625a:	4646      	mov	r6, r8
1000625c:	b5c0      	push	{r6, r7, lr}
1000625e:	b082      	sub	sp, #8
10006260:	22a4      	movs	r2, #164	@ 0xa4
10006262:	0052      	lsls	r2, r2, #1
10006264:	2100      	movs	r1, #0
10006266:	482b      	ldr	r0, [pc, #172]	@ (10006314 <cdcd_init+0xc0>)
10006268:	f7fc ff86 	bl	10003178 <__wrap_memset>
1000626c:	4b2a      	ldr	r3, [pc, #168]	@ (10006318 <cdcd_init+0xc4>)
1000626e:	2200      	movs	r2, #0
10006270:	701a      	strb	r2, [r3, #0]
10006272:	2400      	movs	r4, #0
10006274:	2c00      	cmp	r4, #0
10006276:	d005      	beq.n	10006284 <cdcd_init+0x30>
10006278:	b002      	add	sp, #8
1000627a:	bce0      	pop	{r5, r6, r7}
1000627c:	46ba      	mov	sl, r7
1000627e:	46b1      	mov	r9, r6
10006280:	46a8      	mov	r8, r5
10006282:	bdf0      	pop	{r4, r5, r6, r7, pc}
10006284:	4f23      	ldr	r7, [pc, #140]	@ (10006314 <cdcd_init+0xc0>)
10006286:	00a5      	lsls	r5, r4, #2
10006288:	192d      	adds	r5, r5, r4
1000628a:	00ed      	lsls	r5, r5, #3
1000628c:	192b      	adds	r3, r5, r4
1000628e:	00de      	lsls	r6, r3, #3
10006290:	19be      	adds	r6, r7, r6
10006292:	23ff      	movs	r3, #255	@ 0xff
10006294:	7173      	strb	r3, [r6, #5]
10006296:	23e1      	movs	r3, #225	@ 0xe1
10006298:	025b      	lsls	r3, r3, #9
1000629a:	60b3      	str	r3, [r6, #8]
1000629c:	2300      	movs	r3, #0
1000629e:	4698      	mov	r8, r3
100062a0:	7333      	strb	r3, [r6, #12]
100062a2:	7373      	strb	r3, [r6, #13]
100062a4:	3308      	adds	r3, #8
100062a6:	73b3      	strb	r3, [r6, #14]
100062a8:	192b      	adds	r3, r5, r4
100062aa:	00d9      	lsls	r1, r3, #3
100062ac:	3138      	adds	r1, #56	@ 0x38
100062ae:	19c9      	adds	r1, r1, r7
100062b0:	00d8      	lsls	r0, r3, #3
100062b2:	3010      	adds	r0, #16
100062b4:	19c0      	adds	r0, r0, r7
100062b6:	4643      	mov	r3, r8
100062b8:	9300      	str	r3, [sp, #0]
100062ba:	3301      	adds	r3, #1
100062bc:	2240      	movs	r2, #64	@ 0x40
100062be:	f000 fe76 	bl	10006fae <tu_fifo_config>
100062c2:	192b      	adds	r3, r5, r4
100062c4:	00d9      	lsls	r1, r3, #3
100062c6:	3178      	adds	r1, #120	@ 0x78
100062c8:	19c9      	adds	r1, r1, r7
100062ca:	00d8      	lsls	r0, r3, #3
100062cc:	3020      	adds	r0, #32
100062ce:	19c0      	adds	r0, r0, r7
100062d0:	3004      	adds	r0, #4
100062d2:	2301      	movs	r3, #1
100062d4:	9300      	str	r3, [sp, #0]
100062d6:	2240      	movs	r2, #64	@ 0x40
100062d8:	f000 fe69 	bl	10006fae <tu_fifo_config>
100062dc:	192a      	adds	r2, r5, r4
100062de:	00d3      	lsls	r3, r2, #3
100062e0:	33b8      	adds	r3, #184	@ 0xb8
100062e2:	469a      	mov	sl, r3
100062e4:	44ba      	add	sl, r7
100062e6:	4650      	mov	r0, sl
100062e8:	f7fb f8aa 	bl	10001440 <mutex_init>
100062ec:	192a      	adds	r2, r5, r4
100062ee:	00d3      	lsls	r3, r2, #3
100062f0:	33c0      	adds	r3, #192	@ 0xc0
100062f2:	4699      	mov	r9, r3
100062f4:	44b9      	add	r9, r7
100062f6:	4648      	mov	r0, r9
100062f8:	f7fb f8a2 	bl	10001440 <mutex_init>
100062fc:	4643      	mov	r3, r8
100062fe:	61f3      	str	r3, [r6, #28]
10006300:	4653      	mov	r3, sl
10006302:	6233      	str	r3, [r6, #32]
10006304:	464b      	mov	r3, r9
10006306:	6333      	str	r3, [r6, #48]	@ 0x30
10006308:	4643      	mov	r3, r8
1000630a:	6373      	str	r3, [r6, #52]	@ 0x34
1000630c:	3401      	adds	r4, #1
1000630e:	b2e4      	uxtb	r4, r4
10006310:	e7b0      	b.n	10006274 <cdcd_init+0x20>
10006312:	46c0      	nop			@ (mov r8, r8)
10006314:	200017b4 	.word	0x200017b4
10006318:	200017b0 	.word	0x200017b0

1000631c <cdcd_deinit>:
1000631c:	b530      	push	{r4, r5, lr}
1000631e:	2300      	movs	r3, #0
10006320:	2b00      	cmp	r3, #0
10006322:	d001      	beq.n	10006328 <cdcd_deinit+0xc>
10006324:	2001      	movs	r0, #1
10006326:	bd30      	pop	{r4, r5, pc}
10006328:	0018      	movs	r0, r3
1000632a:	009a      	lsls	r2, r3, #2
1000632c:	18d2      	adds	r2, r2, r3
1000632e:	00d2      	lsls	r2, r2, #3
10006330:	18d2      	adds	r2, r2, r3
10006332:	00d1      	lsls	r1, r2, #3
10006334:	4a0f      	ldr	r2, [pc, #60]	@ (10006374 <cdcd_deinit+0x58>)
10006336:	1852      	adds	r2, r2, r1
10006338:	6a11      	ldr	r1, [r2, #32]
1000633a:	6b15      	ldr	r5, [r2, #48]	@ 0x30
1000633c:	2900      	cmp	r1, #0
1000633e:	d009      	beq.n	10006354 <cdcd_deinit+0x38>
10006340:	0099      	lsls	r1, r3, #2
10006342:	18c9      	adds	r1, r1, r3
10006344:	00c9      	lsls	r1, r1, #3
10006346:	18c9      	adds	r1, r1, r3
10006348:	00cc      	lsls	r4, r1, #3
1000634a:	4a0a      	ldr	r2, [pc, #40]	@ (10006374 <cdcd_deinit+0x58>)
1000634c:	1912      	adds	r2, r2, r4
1000634e:	2100      	movs	r1, #0
10006350:	61d1      	str	r1, [r2, #28]
10006352:	6211      	str	r1, [r2, #32]
10006354:	2d00      	cmp	r5, #0
10006356:	d009      	beq.n	1000636c <cdcd_deinit+0x50>
10006358:	4906      	ldr	r1, [pc, #24]	@ (10006374 <cdcd_deinit+0x58>)
1000635a:	0082      	lsls	r2, r0, #2
1000635c:	1812      	adds	r2, r2, r0
1000635e:	00d2      	lsls	r2, r2, #3
10006360:	1815      	adds	r5, r2, r0
10006362:	00ec      	lsls	r4, r5, #3
10006364:	190c      	adds	r4, r1, r4
10006366:	2500      	movs	r5, #0
10006368:	6325      	str	r5, [r4, #48]	@ 0x30
1000636a:	6365      	str	r5, [r4, #52]	@ 0x34
1000636c:	3301      	adds	r3, #1
1000636e:	b2db      	uxtb	r3, r3
10006370:	e7d6      	b.n	10006320 <cdcd_deinit+0x4>
10006372:	46c0      	nop			@ (mov r8, r8)
10006374:	200017b4 	.word	0x200017b4

10006378 <cdcd_reset>:
10006378:	b570      	push	{r4, r5, r6, lr}
1000637a:	2400      	movs	r4, #0
1000637c:	2c00      	cmp	r4, #0
1000637e:	d000      	beq.n	10006382 <cdcd_reset+0xa>
10006380:	bd70      	pop	{r4, r5, r6, pc}
10006382:	0025      	movs	r5, r4
10006384:	00a3      	lsls	r3, r4, #2
10006386:	191b      	adds	r3, r3, r4
10006388:	00db      	lsls	r3, r3, #3
1000638a:	191b      	adds	r3, r3, r4
1000638c:	00d8      	lsls	r0, r3, #3
1000638e:	4b1a      	ldr	r3, [pc, #104]	@ (100063f8 <cdcd_reset+0x80>)
10006390:	18c0      	adds	r0, r0, r3
10006392:	2205      	movs	r2, #5
10006394:	2100      	movs	r1, #0
10006396:	f7fc feef 	bl	10003178 <__wrap_memset>
1000639a:	4b18      	ldr	r3, [pc, #96]	@ (100063fc <cdcd_reset+0x84>)
1000639c:	781b      	ldrb	r3, [r3, #0]
1000639e:	07db      	lsls	r3, r3, #31
100063a0:	d512      	bpl.n	100063c8 <cdcd_reset+0x50>
100063a2:	4b16      	ldr	r3, [pc, #88]	@ (100063fc <cdcd_reset+0x84>)
100063a4:	781b      	ldrb	r3, [r3, #0]
100063a6:	079b      	lsls	r3, r3, #30
100063a8:	d519      	bpl.n	100063de <cdcd_reset+0x66>
100063aa:	00ab      	lsls	r3, r5, #2
100063ac:	195b      	adds	r3, r3, r5
100063ae:	00db      	lsls	r3, r3, #3
100063b0:	195b      	adds	r3, r3, r5
100063b2:	00d8      	lsls	r0, r3, #3
100063b4:	3020      	adds	r0, #32
100063b6:	4b10      	ldr	r3, [pc, #64]	@ (100063f8 <cdcd_reset+0x80>)
100063b8:	18c0      	adds	r0, r0, r3
100063ba:	3004      	adds	r0, #4
100063bc:	2101      	movs	r1, #1
100063be:	f000 fef7 	bl	100071b0 <tu_fifo_set_overwritable>
100063c2:	3401      	adds	r4, #1
100063c4:	b2e4      	uxtb	r4, r4
100063c6:	e7d9      	b.n	1000637c <cdcd_reset+0x4>
100063c8:	00a3      	lsls	r3, r4, #2
100063ca:	191b      	adds	r3, r3, r4
100063cc:	00db      	lsls	r3, r3, #3
100063ce:	191b      	adds	r3, r3, r4
100063d0:	00d8      	lsls	r0, r3, #3
100063d2:	3010      	adds	r0, #16
100063d4:	4b08      	ldr	r3, [pc, #32]	@ (100063f8 <cdcd_reset+0x80>)
100063d6:	18c0      	adds	r0, r0, r3
100063d8:	f000 fecb 	bl	10007172 <tu_fifo_clear>
100063dc:	e7e1      	b.n	100063a2 <cdcd_reset+0x2a>
100063de:	00ab      	lsls	r3, r5, #2
100063e0:	195b      	adds	r3, r3, r5
100063e2:	00db      	lsls	r3, r3, #3
100063e4:	195b      	adds	r3, r3, r5
100063e6:	00d8      	lsls	r0, r3, #3
100063e8:	3020      	adds	r0, #32
100063ea:	4b03      	ldr	r3, [pc, #12]	@ (100063f8 <cdcd_reset+0x80>)
100063ec:	18c0      	adds	r0, r0, r3
100063ee:	3004      	adds	r0, #4
100063f0:	f000 febf 	bl	10007172 <tu_fifo_clear>
100063f4:	e7d9      	b.n	100063aa <cdcd_reset+0x32>
100063f6:	46c0      	nop			@ (mov r8, r8)
100063f8:	200017b4 	.word	0x200017b4
100063fc:	200017b0 	.word	0x200017b0

10006400 <cdcd_open>:
10006400:	b5f0      	push	{r4, r5, r6, r7, lr}
10006402:	b083      	sub	sp, #12
10006404:	0006      	movs	r6, r0
10006406:	794b      	ldrb	r3, [r1, #5]
10006408:	2b02      	cmp	r3, #2
1000640a:	d16f      	bne.n	100064ec <cdcd_open+0xec>
1000640c:	798b      	ldrb	r3, [r1, #6]
1000640e:	2b02      	cmp	r3, #2
10006410:	d000      	beq.n	10006414 <cdcd_open+0x14>
10006412:	e06f      	b.n	100064f4 <cdcd_open+0xf4>
10006414:	2300      	movs	r3, #0
10006416:	2b00      	cmp	r3, #0
10006418:	d008      	beq.n	1000642c <cdcd_open+0x2c>
1000641a:	2700      	movs	r7, #0
1000641c:	2f00      	cmp	r7, #0
1000641e:	d019      	beq.n	10006454 <cdcd_open+0x54>
10006420:	788b      	ldrb	r3, [r1, #2]
10006422:	703b      	strb	r3, [r7, #0]
10006424:	780c      	ldrb	r4, [r1, #0]
10006426:	190c      	adds	r4, r1, r4
10006428:	2509      	movs	r5, #9
1000642a:	e01f      	b.n	1000646c <cdcd_open+0x6c>
1000642c:	0098      	lsls	r0, r3, #2
1000642e:	18c0      	adds	r0, r0, r3
10006430:	00c0      	lsls	r0, r0, #3
10006432:	18c0      	adds	r0, r0, r3
10006434:	00c0      	lsls	r0, r0, #3
10006436:	4d30      	ldr	r5, [pc, #192]	@ (100064f8 <cdcd_open+0xf8>)
10006438:	1828      	adds	r0, r5, r0
1000643a:	7880      	ldrb	r0, [r0, #2]
1000643c:	2800      	cmp	r0, #0
1000643e:	d002      	beq.n	10006446 <cdcd_open+0x46>
10006440:	3301      	adds	r3, #1
10006442:	b2db      	uxtb	r3, r3
10006444:	e7e7      	b.n	10006416 <cdcd_open+0x16>
10006446:	009f      	lsls	r7, r3, #2
10006448:	18ff      	adds	r7, r7, r3
1000644a:	00ff      	lsls	r7, r7, #3
1000644c:	18ff      	adds	r7, r7, r3
1000644e:	00ff      	lsls	r7, r7, #3
10006450:	197f      	adds	r7, r7, r5
10006452:	e7e3      	b.n	1000641c <cdcd_open+0x1c>
10006454:	229a      	movs	r2, #154	@ 0x9a
10006456:	0052      	lsls	r2, r2, #1
10006458:	4928      	ldr	r1, [pc, #160]	@ (100064fc <cdcd_open+0xfc>)
1000645a:	4829      	ldr	r0, [pc, #164]	@ (10006500 <cdcd_open+0x100>)
1000645c:	f7fe f940 	bl	100046e0 <__wrap_printf>
10006460:	2500      	movs	r5, #0
10006462:	e044      	b.n	100064ee <cdcd_open+0xee>
10006464:	7821      	ldrb	r1, [r4, #0]
10006466:	194d      	adds	r5, r1, r5
10006468:	b2ad      	uxth	r5, r5
1000646a:	1864      	adds	r4, r4, r1
1000646c:	7863      	ldrb	r3, [r4, #1]
1000646e:	2b24      	cmp	r3, #36	@ 0x24
10006470:	d101      	bne.n	10006476 <cdcd_open+0x76>
10006472:	4295      	cmp	r5, r2
10006474:	d9f6      	bls.n	10006464 <cdcd_open+0x64>
10006476:	2b05      	cmp	r3, #5
10006478:	d009      	beq.n	1000648e <cdcd_open+0x8e>
1000647a:	7863      	ldrb	r3, [r4, #1]
1000647c:	2b04      	cmp	r3, #4
1000647e:	d102      	bne.n	10006486 <cdcd_open+0x86>
10006480:	7963      	ldrb	r3, [r4, #5]
10006482:	2b0a      	cmp	r3, #10
10006484:	d018      	beq.n	100064b8 <cdcd_open+0xb8>
10006486:	0038      	movs	r0, r7
10006488:	f7ff fdb4 	bl	10005ff4 <_prep_out_transaction>
1000648c:	e02f      	b.n	100064ee <cdcd_open+0xee>
1000648e:	0021      	movs	r1, r4
10006490:	0030      	movs	r0, r6
10006492:	f7ff f89f 	bl	100055d4 <usbd_edpt_open>
10006496:	2800      	cmp	r0, #0
10006498:	d006      	beq.n	100064a8 <cdcd_open+0xa8>
1000649a:	78a3      	ldrb	r3, [r4, #2]
1000649c:	707b      	strb	r3, [r7, #1]
1000649e:	7822      	ldrb	r2, [r4, #0]
100064a0:	1955      	adds	r5, r2, r5
100064a2:	b2ad      	uxth	r5, r5
100064a4:	18a4      	adds	r4, r4, r2
100064a6:	e7e8      	b.n	1000647a <cdcd_open+0x7a>
100064a8:	22a3      	movs	r2, #163	@ 0xa3
100064aa:	0052      	lsls	r2, r2, #1
100064ac:	4913      	ldr	r1, [pc, #76]	@ (100064fc <cdcd_open+0xfc>)
100064ae:	4814      	ldr	r0, [pc, #80]	@ (10006500 <cdcd_open+0x100>)
100064b0:	f7fe f916 	bl	100046e0 <__wrap_printf>
100064b4:	2500      	movs	r5, #0
100064b6:	e01a      	b.n	100064ee <cdcd_open+0xee>
100064b8:	7821      	ldrb	r1, [r4, #0]
100064ba:	194d      	adds	r5, r1, r5
100064bc:	b2ad      	uxth	r5, r5
100064be:	1861      	adds	r1, r4, r1
100064c0:	1cbb      	adds	r3, r7, #2
100064c2:	9301      	str	r3, [sp, #4]
100064c4:	1cfb      	adds	r3, r7, #3
100064c6:	9300      	str	r3, [sp, #0]
100064c8:	2302      	movs	r3, #2
100064ca:	2202      	movs	r2, #2
100064cc:	0030      	movs	r0, r6
100064ce:	f7ff f8b1 	bl	10005634 <usbd_open_edpt_pair>
100064d2:	2800      	cmp	r0, #0
100064d4:	d002      	beq.n	100064dc <cdcd_open+0xdc>
100064d6:	350e      	adds	r5, #14
100064d8:	b2ad      	uxth	r5, r5
100064da:	e7d4      	b.n	10006486 <cdcd_open+0x86>
100064dc:	2256      	movs	r2, #86	@ 0x56
100064de:	32ff      	adds	r2, #255	@ 0xff
100064e0:	4906      	ldr	r1, [pc, #24]	@ (100064fc <cdcd_open+0xfc>)
100064e2:	4807      	ldr	r0, [pc, #28]	@ (10006500 <cdcd_open+0x100>)
100064e4:	f7fe f8fc 	bl	100046e0 <__wrap_printf>
100064e8:	2500      	movs	r5, #0
100064ea:	e000      	b.n	100064ee <cdcd_open+0xee>
100064ec:	2500      	movs	r5, #0
100064ee:	0028      	movs	r0, r5
100064f0:	b003      	add	sp, #12
100064f2:	bdf0      	pop	{r4, r5, r6, r7, pc}
100064f4:	2500      	movs	r5, #0
100064f6:	e7fa      	b.n	100064ee <cdcd_open+0xee>
100064f8:	200017b4 	.word	0x200017b4
100064fc:	1000a5dc 	.word	0x1000a5dc
10006500:	1000a3ec 	.word	0x1000a3ec

10006504 <cdcd_control_xfer_cb>:
10006504:	b5f8      	push	{r3, r4, r5, r6, r7, lr}
10006506:	0014      	movs	r4, r2
10006508:	7812      	ldrb	r2, [r2, #0]
1000650a:	2360      	movs	r3, #96	@ 0x60
1000650c:	4013      	ands	r3, r2
1000650e:	2b20      	cmp	r3, #32
10006510:	d17e      	bne.n	10006610 <cdcd_control_xfer_cb+0x10c>
10006512:	4a44      	ldr	r2, [pc, #272]	@ (10006624 <cdcd_control_xfer_cb+0x120>)
10006514:	2500      	movs	r5, #0
10006516:	2d00      	cmp	r5, #0
10006518:	d000      	beq.n	1000651c <cdcd_control_xfer_cb+0x18>
1000651a:	e07b      	b.n	10006614 <cdcd_control_xfer_cb+0x110>
1000651c:	7816      	ldrb	r6, [r2, #0]
1000651e:	7927      	ldrb	r7, [r4, #4]
10006520:	7963      	ldrb	r3, [r4, #5]
10006522:	021b      	lsls	r3, r3, #8
10006524:	433b      	orrs	r3, r7
10006526:	429e      	cmp	r6, r3
10006528:	d004      	beq.n	10006534 <cdcd_control_xfer_cb+0x30>
1000652a:	3501      	adds	r5, #1
1000652c:	b2ed      	uxtb	r5, r5
1000652e:	3249      	adds	r2, #73	@ 0x49
10006530:	32ff      	adds	r2, #255	@ 0xff
10006532:	e7f0      	b.n	10006516 <cdcd_control_xfer_cb+0x12>
10006534:	7863      	ldrb	r3, [r4, #1]
10006536:	2b22      	cmp	r3, #34	@ 0x22
10006538:	d032      	beq.n	100065a0 <cdcd_control_xfer_cb+0x9c>
1000653a:	d809      	bhi.n	10006550 <cdcd_control_xfer_cb+0x4c>
1000653c:	2b20      	cmp	r3, #32
1000653e:	d011      	beq.n	10006564 <cdcd_control_xfer_cb+0x60>
10006540:	2b21      	cmp	r3, #33	@ 0x21
10006542:	d103      	bne.n	1000654c <cdcd_control_xfer_cb+0x48>
10006544:	2901      	cmp	r1, #1
10006546:	d024      	beq.n	10006592 <cdcd_control_xfer_cb+0x8e>
10006548:	2001      	movs	r0, #1
1000654a:	e062      	b.n	10006612 <cdcd_control_xfer_cb+0x10e>
1000654c:	2000      	movs	r0, #0
1000654e:	e060      	b.n	10006612 <cdcd_control_xfer_cb+0x10e>
10006550:	2b23      	cmp	r3, #35	@ 0x23
10006552:	d105      	bne.n	10006560 <cdcd_control_xfer_cb+0x5c>
10006554:	2901      	cmp	r1, #1
10006556:	d04a      	beq.n	100065ee <cdcd_control_xfer_cb+0xea>
10006558:	2903      	cmp	r1, #3
1000655a:	d04d      	beq.n	100065f8 <cdcd_control_xfer_cb+0xf4>
1000655c:	2001      	movs	r0, #1
1000655e:	e058      	b.n	10006612 <cdcd_control_xfer_cb+0x10e>
10006560:	2000      	movs	r0, #0
10006562:	e056      	b.n	10006612 <cdcd_control_xfer_cb+0x10e>
10006564:	2901      	cmp	r1, #1
10006566:	d003      	beq.n	10006570 <cdcd_control_xfer_cb+0x6c>
10006568:	2903      	cmp	r1, #3
1000656a:	d008      	beq.n	1000657e <cdcd_control_xfer_cb+0x7a>
1000656c:	2001      	movs	r0, #1
1000656e:	e050      	b.n	10006612 <cdcd_control_xfer_cb+0x10e>
10006570:	3208      	adds	r2, #8
10006572:	2307      	movs	r3, #7
10006574:	0021      	movs	r1, r4
10006576:	f7ff fc51 	bl	10005e1c <tud_control_xfer>
1000657a:	2001      	movs	r0, #1
1000657c:	e049      	b.n	10006612 <cdcd_control_xfer_cb+0x10e>
1000657e:	4b2a      	ldr	r3, [pc, #168]	@ (10006628 <cdcd_control_xfer_cb+0x124>)
10006580:	2b00      	cmp	r3, #0
10006582:	d049      	beq.n	10006618 <cdcd_control_xfer_cb+0x114>
10006584:	3208      	adds	r2, #8
10006586:	0011      	movs	r1, r2
10006588:	0028      	movs	r0, r5
1000658a:	f7fe f92f 	bl	100047ec <tud_cdc_line_coding_cb>
1000658e:	2001      	movs	r0, #1
10006590:	e03f      	b.n	10006612 <cdcd_control_xfer_cb+0x10e>
10006592:	3208      	adds	r2, #8
10006594:	2307      	movs	r3, #7
10006596:	0021      	movs	r1, r4
10006598:	f7ff fc40 	bl	10005e1c <tud_control_xfer>
1000659c:	2001      	movs	r0, #1
1000659e:	e038      	b.n	10006612 <cdcd_control_xfer_cb+0x10e>
100065a0:	2901      	cmp	r1, #1
100065a2:	d003      	beq.n	100065ac <cdcd_control_xfer_cb+0xa8>
100065a4:	2903      	cmp	r1, #3
100065a6:	d006      	beq.n	100065b6 <cdcd_control_xfer_cb+0xb2>
100065a8:	2001      	movs	r0, #1
100065aa:	e032      	b.n	10006612 <cdcd_control_xfer_cb+0x10e>
100065ac:	0021      	movs	r1, r4
100065ae:	f7ff fc19 	bl	10005de4 <tud_control_status>
100065b2:	2001      	movs	r0, #1
100065b4:	e02d      	b.n	10006612 <cdcd_control_xfer_cb+0x10e>
100065b6:	78a1      	ldrb	r1, [r4, #2]
100065b8:	78e3      	ldrb	r3, [r4, #3]
100065ba:	021b      	lsls	r3, r3, #8
100065bc:	430b      	orrs	r3, r1
100065be:	2001      	movs	r0, #1
100065c0:	0019      	movs	r1, r3
100065c2:	4001      	ands	r1, r0
100065c4:	000e      	movs	r6, r1
100065c6:	085c      	lsrs	r4, r3, #1
100065c8:	4004      	ands	r4, r0
100065ca:	7113      	strb	r3, [r2, #4]
100065cc:	424b      	negs	r3, r1
100065ce:	4159      	adcs	r1, r3
100065d0:	b2c9      	uxtb	r1, r1
100065d2:	3224      	adds	r2, #36	@ 0x24
100065d4:	0010      	movs	r0, r2
100065d6:	f000 fdeb 	bl	100071b0 <tu_fifo_set_overwritable>
100065da:	4b14      	ldr	r3, [pc, #80]	@ (1000662c <cdcd_control_xfer_cb+0x128>)
100065dc:	2b00      	cmp	r3, #0
100065de:	d01d      	beq.n	1000661c <cdcd_control_xfer_cb+0x118>
100065e0:	0022      	movs	r2, r4
100065e2:	0031      	movs	r1, r6
100065e4:	0028      	movs	r0, r5
100065e6:	e000      	b.n	100065ea <cdcd_control_xfer_cb+0xe6>
100065e8:	bf00      	nop
100065ea:	2001      	movs	r0, #1
100065ec:	e011      	b.n	10006612 <cdcd_control_xfer_cb+0x10e>
100065ee:	0021      	movs	r1, r4
100065f0:	f7ff fbf8 	bl	10005de4 <tud_control_status>
100065f4:	2001      	movs	r0, #1
100065f6:	e00c      	b.n	10006612 <cdcd_control_xfer_cb+0x10e>
100065f8:	4b0d      	ldr	r3, [pc, #52]	@ (10006630 <cdcd_control_xfer_cb+0x12c>)
100065fa:	2b00      	cmp	r3, #0
100065fc:	d010      	beq.n	10006620 <cdcd_control_xfer_cb+0x11c>
100065fe:	78a3      	ldrb	r3, [r4, #2]
10006600:	78e1      	ldrb	r1, [r4, #3]
10006602:	0209      	lsls	r1, r1, #8
10006604:	4319      	orrs	r1, r3
10006606:	0028      	movs	r0, r5
10006608:	e000      	b.n	1000660c <cdcd_control_xfer_cb+0x108>
1000660a:	bf00      	nop
1000660c:	2001      	movs	r0, #1
1000660e:	e000      	b.n	10006612 <cdcd_control_xfer_cb+0x10e>
10006610:	2000      	movs	r0, #0
10006612:	bdf8      	pop	{r3, r4, r5, r6, r7, pc}
10006614:	2000      	movs	r0, #0
10006616:	e7fc      	b.n	10006612 <cdcd_control_xfer_cb+0x10e>
10006618:	2001      	movs	r0, #1
1000661a:	e7fa      	b.n	10006612 <cdcd_control_xfer_cb+0x10e>
1000661c:	2001      	movs	r0, #1
1000661e:	e7f8      	b.n	10006612 <cdcd_control_xfer_cb+0x10e>
10006620:	2001      	movs	r0, #1
10006622:	e7f6      	b.n	10006612 <cdcd_control_xfer_cb+0x10e>
10006624:	200017b4 	.word	0x200017b4
10006628:	100047ed 	.word	0x100047ed
	...

10006634 <cdcd_xfer_cb>:
10006634:	b5f0      	push	{r4, r5, r6, r7, lr}
10006636:	46d6      	mov	lr, sl
10006638:	b500      	push	{lr}
1000663a:	b082      	sub	sp, #8
1000663c:	9001      	str	r0, [sp, #4]
1000663e:	000e      	movs	r6, r1
10006640:	9300      	str	r3, [sp, #0]
10006642:	2700      	movs	r7, #0
10006644:	2f00      	cmp	r7, #0
10006646:	d00d      	beq.n	10006664 <cdcd_xfer_cb+0x30>
10006648:	2f00      	cmp	r7, #0
1000664a:	d11b      	bne.n	10006684 <cdcd_xfer_cb+0x50>
1000664c:	78e3      	ldrb	r3, [r4, #3]
1000664e:	42b3      	cmp	r3, r6
10006650:	d020      	beq.n	10006694 <cdcd_xfer_cb+0x60>
10006652:	78a3      	ldrb	r3, [r4, #2]
10006654:	42b3      	cmp	r3, r6
10006656:	d053      	beq.n	10006700 <cdcd_xfer_cb+0xcc>
10006658:	2501      	movs	r5, #1
1000665a:	0028      	movs	r0, r5
1000665c:	b002      	add	sp, #8
1000665e:	bc80      	pop	{r7}
10006660:	46ba      	mov	sl, r7
10006662:	bdf0      	pop	{r4, r5, r6, r7, pc}
10006664:	00bc      	lsls	r4, r7, #2
10006666:	19e4      	adds	r4, r4, r7
10006668:	00e4      	lsls	r4, r4, #3
1000666a:	19e4      	adds	r4, r4, r7
1000666c:	00e4      	lsls	r4, r4, #3
1000666e:	4b3b      	ldr	r3, [pc, #236]	@ (1000675c <cdcd_xfer_cb+0x128>)
10006670:	18e4      	adds	r4, r4, r3
10006672:	78e3      	ldrb	r3, [r4, #3]
10006674:	42b3      	cmp	r3, r6
10006676:	d0e7      	beq.n	10006648 <cdcd_xfer_cb+0x14>
10006678:	78a3      	ldrb	r3, [r4, #2]
1000667a:	42b3      	cmp	r3, r6
1000667c:	d0e4      	beq.n	10006648 <cdcd_xfer_cb+0x14>
1000667e:	3701      	adds	r7, #1
10006680:	b2ff      	uxtb	r7, r7
10006682:	e7df      	b.n	10006644 <cdcd_xfer_cb+0x10>
10006684:	22b6      	movs	r2, #182	@ 0xb6
10006686:	32ff      	adds	r2, #255	@ 0xff
10006688:	4935      	ldr	r1, [pc, #212]	@ (10006760 <cdcd_xfer_cb+0x12c>)
1000668a:	4836      	ldr	r0, [pc, #216]	@ (10006764 <cdcd_xfer_cb+0x130>)
1000668c:	f7fe f828 	bl	100046e0 <__wrap_printf>
10006690:	2500      	movs	r5, #0
10006692:	e7e2      	b.n	1000665a <cdcd_xfer_cb+0x26>
10006694:	2310      	movs	r3, #16
10006696:	469a      	mov	sl, r3
10006698:	44a2      	add	sl, r4
1000669a:	0021      	movs	r1, r4
1000669c:	31c8      	adds	r1, #200	@ 0xc8
1000669e:	466b      	mov	r3, sp
100066a0:	881a      	ldrh	r2, [r3, #0]
100066a2:	4650      	mov	r0, sl
100066a4:	f000 fd60 	bl	10007168 <tu_fifo_write_n>
100066a8:	4b2f      	ldr	r3, [pc, #188]	@ (10006768 <cdcd_xfer_cb+0x134>)
100066aa:	2b00      	cmp	r3, #0
100066ac:	d018      	beq.n	100066e0 <cdcd_xfer_cb+0xac>
100066ae:	7963      	ldrb	r3, [r4, #5]
100066b0:	2bff      	cmp	r3, #255	@ 0xff
100066b2:	d015      	beq.n	100066e0 <cdcd_xfer_cb+0xac>
100066b4:	2500      	movs	r5, #0
100066b6:	e000      	b.n	100066ba <cdcd_xfer_cb+0x86>
100066b8:	3501      	adds	r5, #1
100066ba:	9b00      	ldr	r3, [sp, #0]
100066bc:	429d      	cmp	r5, r3
100066be:	d20f      	bcs.n	100066e0 <cdcd_xfer_cb+0xac>
100066c0:	7962      	ldrb	r2, [r4, #5]
100066c2:	1963      	adds	r3, r4, r5
100066c4:	33c8      	adds	r3, #200	@ 0xc8
100066c6:	781b      	ldrb	r3, [r3, #0]
100066c8:	429a      	cmp	r2, r3
100066ca:	d1f5      	bne.n	100066b8 <cdcd_xfer_cb+0x84>
100066cc:	4650      	mov	r0, sl
100066ce:	f000 fcc1 	bl	10007054 <tu_fifo_empty>
100066d2:	2800      	cmp	r0, #0
100066d4:	d1f0      	bne.n	100066b8 <cdcd_xfer_cb+0x84>
100066d6:	7961      	ldrb	r1, [r4, #5]
100066d8:	0038      	movs	r0, r7
100066da:	e000      	b.n	100066de <cdcd_xfer_cb+0xaa>
100066dc:	bf00      	nop
100066de:	e7eb      	b.n	100066b8 <cdcd_xfer_cb+0x84>
100066e0:	4b22      	ldr	r3, [pc, #136]	@ (1000676c <cdcd_xfer_cb+0x138>)
100066e2:	2b00      	cmp	r3, #0
100066e4:	d004      	beq.n	100066f0 <cdcd_xfer_cb+0xbc>
100066e6:	4650      	mov	r0, sl
100066e8:	f000 fcb4 	bl	10007054 <tu_fifo_empty>
100066ec:	2800      	cmp	r0, #0
100066ee:	d003      	beq.n	100066f8 <cdcd_xfer_cb+0xc4>
100066f0:	0020      	movs	r0, r4
100066f2:	f7ff fc7f 	bl	10005ff4 <_prep_out_transaction>
100066f6:	e7ac      	b.n	10006652 <cdcd_xfer_cb+0x1e>
100066f8:	0038      	movs	r0, r7
100066fa:	e000      	b.n	100066fe <cdcd_xfer_cb+0xca>
100066fc:	bf00      	nop
100066fe:	e7f7      	b.n	100066f0 <cdcd_xfer_cb+0xbc>
10006700:	4b1b      	ldr	r3, [pc, #108]	@ (10006770 <cdcd_xfer_cb+0x13c>)
10006702:	2b00      	cmp	r3, #0
10006704:	d002      	beq.n	1000670c <cdcd_xfer_cb+0xd8>
10006706:	0038      	movs	r0, r7
10006708:	e000      	b.n	1000670c <cdcd_xfer_cb+0xd8>
1000670a:	bf00      	nop
1000670c:	0038      	movs	r0, r7
1000670e:	f7ff fcfd 	bl	1000610c <tud_cdc_n_write_flush>
10006712:	2800      	cmp	r0, #0
10006714:	d001      	beq.n	1000671a <cdcd_xfer_cb+0xe6>
10006716:	2501      	movs	r5, #1
10006718:	e79f      	b.n	1000665a <cdcd_xfer_cb+0x26>
1000671a:	0020      	movs	r0, r4
1000671c:	3024      	adds	r0, #36	@ 0x24
1000671e:	f000 fc84 	bl	1000702a <tu_fifo_count>
10006722:	2800      	cmp	r0, #0
10006724:	d115      	bne.n	10006752 <cdcd_xfer_cb+0x11e>
10006726:	9b00      	ldr	r3, [sp, #0]
10006728:	2b00      	cmp	r3, #0
1000672a:	d014      	beq.n	10006756 <cdcd_xfer_cb+0x122>
1000672c:	069b      	lsls	r3, r3, #26
1000672e:	d001      	beq.n	10006734 <cdcd_xfer_cb+0x100>
10006730:	2501      	movs	r5, #1
10006732:	e792      	b.n	1000665a <cdcd_xfer_cb+0x26>
10006734:	78a1      	ldrb	r1, [r4, #2]
10006736:	9801      	ldr	r0, [sp, #4]
10006738:	f7fe ffc2 	bl	100056c0 <usbd_edpt_claim>
1000673c:	1e05      	subs	r5, r0, #0
1000673e:	d101      	bne.n	10006744 <cdcd_xfer_cb+0x110>
10006740:	2501      	movs	r5, #1
10006742:	e78a      	b.n	1000665a <cdcd_xfer_cb+0x26>
10006744:	78a1      	ldrb	r1, [r4, #2]
10006746:	2300      	movs	r3, #0
10006748:	2200      	movs	r2, #0
1000674a:	9801      	ldr	r0, [sp, #4]
1000674c:	f7fe ffe0 	bl	10005710 <usbd_edpt_xfer>
10006750:	e783      	b.n	1000665a <cdcd_xfer_cb+0x26>
10006752:	2501      	movs	r5, #1
10006754:	e781      	b.n	1000665a <cdcd_xfer_cb+0x26>
10006756:	2501      	movs	r5, #1
10006758:	e77f      	b.n	1000665a <cdcd_xfer_cb+0x26>
1000675a:	46c0      	nop			@ (mov r8, r8)
1000675c:	200017b4 	.word	0x200017b4
10006760:	1000a5cc 	.word	0x1000a5cc
10006764:	1000a3ec 	.word	0x1000a3ec
	...

10006774 <_prep_out_transaction>:
10006774:	b510      	push	{r4, lr}
10006776:	0004      	movs	r4, r0
10006778:	7881      	ldrb	r1, [r0, #2]
1000677a:	2000      	movs	r0, #0
1000677c:	f7fe ffa0 	bl	100056c0 <usbd_edpt_claim>
10006780:	2800      	cmp	r0, #0
10006782:	d100      	bne.n	10006786 <_prep_out_transaction+0x12>
10006784:	bd10      	pop	{r4, pc}
10006786:	1d20      	adds	r0, r4, #4
10006788:	f000 fc80 	bl	1000708c <tu_fifo_remaining>
1000678c:	283f      	cmp	r0, #63	@ 0x3f
1000678e:	d909      	bls.n	100067a4 <_prep_out_transaction+0x30>
10006790:	238f      	movs	r3, #143	@ 0x8f
10006792:	009b      	lsls	r3, r3, #2
10006794:	18e2      	adds	r2, r4, r3
10006796:	78a1      	ldrb	r1, [r4, #2]
10006798:	3bfd      	subs	r3, #253	@ 0xfd
1000679a:	3bff      	subs	r3, #255	@ 0xff
1000679c:	2000      	movs	r0, #0
1000679e:	f7fe ffb7 	bl	10005710 <usbd_edpt_xfer>
100067a2:	e7ef      	b.n	10006784 <_prep_out_transaction+0x10>
100067a4:	78a1      	ldrb	r1, [r4, #2]
100067a6:	2000      	movs	r0, #0
100067a8:	f7fe ff9e 	bl	100056e8 <usbd_edpt_release>
100067ac:	e7ea      	b.n	10006784 <_prep_out_transaction+0x10>
	...

100067b0 <tud_vendor_n_write_flush>:
100067b0:	b570      	push	{r4, r5, r6, lr}
100067b2:	0005      	movs	r5, r0
100067b4:	f7fe fe86 	bl	100054c4 <tud_mounted>
100067b8:	2800      	cmp	r0, #0
100067ba:	d104      	bne.n	100067c6 <tud_vendor_n_write_flush+0x16>
100067bc:	2300      	movs	r3, #0
100067be:	2b00      	cmp	r3, #0
100067c0:	d109      	bne.n	100067d6 <tud_vendor_n_write_flush+0x26>
100067c2:	2000      	movs	r0, #0
100067c4:	bd70      	pop	{r4, r5, r6, pc}
100067c6:	f7fe fe85 	bl	100054d4 <tud_suspended>
100067ca:	2800      	cmp	r0, #0
100067cc:	d101      	bne.n	100067d2 <tud_vendor_n_write_flush+0x22>
100067ce:	2301      	movs	r3, #1
100067d0:	e7f5      	b.n	100067be <tud_vendor_n_write_flush+0xe>
100067d2:	2300      	movs	r3, #0
100067d4:	e7f3      	b.n	100067be <tud_vendor_n_write_flush+0xe>
100067d6:	24af      	movs	r4, #175	@ 0xaf
100067d8:	00a4      	lsls	r4, r4, #2
100067da:	436c      	muls	r4, r5
100067dc:	3418      	adds	r4, #24
100067de:	4b24      	ldr	r3, [pc, #144]	@ (10006870 <tud_vendor_n_write_flush+0xc0>)
100067e0:	18e4      	adds	r4, r4, r3
100067e2:	0020      	movs	r0, r4
100067e4:	f000 fc21 	bl	1000702a <tu_fifo_count>
100067e8:	2800      	cmp	r0, #0
100067ea:	d101      	bne.n	100067f0 <tud_vendor_n_write_flush+0x40>
100067ec:	2000      	movs	r0, #0
100067ee:	e7e9      	b.n	100067c4 <tud_vendor_n_write_flush+0x14>
100067f0:	22af      	movs	r2, #175	@ 0xaf
100067f2:	0092      	lsls	r2, r2, #2
100067f4:	436a      	muls	r2, r5
100067f6:	4b1e      	ldr	r3, [pc, #120]	@ (10006870 <tud_vendor_n_write_flush+0xc0>)
100067f8:	189b      	adds	r3, r3, r2
100067fa:	7859      	ldrb	r1, [r3, #1]
100067fc:	2000      	movs	r0, #0
100067fe:	f7fe ff5f 	bl	100056c0 <usbd_edpt_claim>
10006802:	2800      	cmp	r0, #0
10006804:	d101      	bne.n	1000680a <tud_vendor_n_write_flush+0x5a>
10006806:	2000      	movs	r0, #0
10006808:	e7dc      	b.n	100067c4 <tud_vendor_n_write_flush+0x14>
1000680a:	26af      	movs	r6, #175	@ 0xaf
1000680c:	00b6      	lsls	r6, r6, #2
1000680e:	436e      	muls	r6, r5
10006810:	239e      	movs	r3, #158	@ 0x9e
10006812:	009b      	lsls	r3, r3, #2
10006814:	469c      	mov	ip, r3
10006816:	4466      	add	r6, ip
10006818:	4b15      	ldr	r3, [pc, #84]	@ (10006870 <tud_vendor_n_write_flush+0xc0>)
1000681a:	18f6      	adds	r6, r6, r3
1000681c:	3604      	adds	r6, #4
1000681e:	2240      	movs	r2, #64	@ 0x40
10006820:	0031      	movs	r1, r6
10006822:	0020      	movs	r0, r4
10006824:	f000 fc69 	bl	100070fa <tu_fifo_read_n>
10006828:	1e04      	subs	r4, r0, #0
1000682a:	d015      	beq.n	10006858 <tud_vendor_n_write_flush+0xa8>
1000682c:	20af      	movs	r0, #175	@ 0xaf
1000682e:	0080      	lsls	r0, r0, #2
10006830:	4345      	muls	r5, r0
10006832:	480f      	ldr	r0, [pc, #60]	@ (10006870 <tud_vendor_n_write_flush+0xc0>)
10006834:	1940      	adds	r0, r0, r5
10006836:	7841      	ldrb	r1, [r0, #1]
10006838:	0023      	movs	r3, r4
1000683a:	0032      	movs	r2, r6
1000683c:	2000      	movs	r0, #0
1000683e:	f7fe ff67 	bl	10005710 <usbd_edpt_xfer>
10006842:	2800      	cmp	r0, #0
10006844:	d001      	beq.n	1000684a <tud_vendor_n_write_flush+0x9a>
10006846:	0020      	movs	r0, r4
10006848:	e7bc      	b.n	100067c4 <tud_vendor_n_write_flush+0x14>
1000684a:	229b      	movs	r2, #155	@ 0x9b
1000684c:	4909      	ldr	r1, [pc, #36]	@ (10006874 <tud_vendor_n_write_flush+0xc4>)
1000684e:	480a      	ldr	r0, [pc, #40]	@ (10006878 <tud_vendor_n_write_flush+0xc8>)
10006850:	f7fd ff46 	bl	100046e0 <__wrap_printf>
10006854:	2000      	movs	r0, #0
10006856:	e7b5      	b.n	100067c4 <tud_vendor_n_write_flush+0x14>
10006858:	20af      	movs	r0, #175	@ 0xaf
1000685a:	0080      	lsls	r0, r0, #2
1000685c:	4345      	muls	r5, r0
1000685e:	4804      	ldr	r0, [pc, #16]	@ (10006870 <tud_vendor_n_write_flush+0xc0>)
10006860:	1940      	adds	r0, r0, r5
10006862:	7841      	ldrb	r1, [r0, #1]
10006864:	2000      	movs	r0, #0
10006866:	f7fe ff3f 	bl	100056e8 <usbd_edpt_release>
1000686a:	2000      	movs	r0, #0
1000686c:	e7aa      	b.n	100067c4 <tud_vendor_n_write_flush+0x14>
1000686e:	46c0      	nop			@ (mov r8, r8)
10006870:	20001a74 	.word	0x20001a74
10006874:	1000a610 	.word	0x1000a610
10006878:	1000a3ec 	.word	0x1000a3ec

1000687c <vendord_init>:
1000687c:	b5f0      	push	{r4, r5, r6, r7, lr}
1000687e:	46ce      	mov	lr, r9
10006880:	4647      	mov	r7, r8
10006882:	b580      	push	{r7, lr}
10006884:	b083      	sub	sp, #12
10006886:	22af      	movs	r2, #175	@ 0xaf
10006888:	0092      	lsls	r2, r2, #2
1000688a:	2100      	movs	r1, #0
1000688c:	4822      	ldr	r0, [pc, #136]	@ (10006918 <vendord_init+0x9c>)
1000688e:	f7fc fc73 	bl	10003178 <__wrap_memset>
10006892:	2500      	movs	r5, #0
10006894:	2d00      	cmp	r5, #0
10006896:	d004      	beq.n	100068a2 <vendord_init+0x26>
10006898:	b003      	add	sp, #12
1000689a:	bcc0      	pop	{r6, r7}
1000689c:	46b9      	mov	r9, r7
1000689e:	46b0      	mov	r8, r6
100068a0:	bdf0      	pop	{r4, r5, r6, r7, pc}
100068a2:	24af      	movs	r4, #175	@ 0xaf
100068a4:	00a4      	lsls	r4, r4, #2
100068a6:	436c      	muls	r4, r5
100068a8:	0021      	movs	r1, r4
100068aa:	3128      	adds	r1, #40	@ 0x28
100068ac:	4b1a      	ldr	r3, [pc, #104]	@ (10006918 <vendord_init+0x9c>)
100068ae:	4699      	mov	r9, r3
100068b0:	4449      	add	r1, r9
100068b2:	3104      	adds	r1, #4
100068b4:	2680      	movs	r6, #128	@ 0x80
100068b6:	0076      	lsls	r6, r6, #1
100068b8:	18e7      	adds	r7, r4, r3
100068ba:	1d38      	adds	r0, r7, #4
100068bc:	2300      	movs	r3, #0
100068be:	4698      	mov	r8, r3
100068c0:	9300      	str	r3, [sp, #0]
100068c2:	3301      	adds	r3, #1
100068c4:	0032      	movs	r2, r6
100068c6:	f000 fb72 	bl	10006fae <tu_fifo_config>
100068ca:	0021      	movs	r1, r4
100068cc:	3129      	adds	r1, #41	@ 0x29
100068ce:	31ff      	adds	r1, #255	@ 0xff
100068d0:	4449      	add	r1, r9
100068d2:	3104      	adds	r1, #4
100068d4:	0020      	movs	r0, r4
100068d6:	3018      	adds	r0, #24
100068d8:	4448      	add	r0, r9
100068da:	4643      	mov	r3, r8
100068dc:	9300      	str	r3, [sp, #0]
100068de:	3301      	adds	r3, #1
100068e0:	0032      	movs	r2, r6
100068e2:	f000 fb64 	bl	10006fae <tu_fifo_config>
100068e6:	238a      	movs	r3, #138	@ 0x8a
100068e8:	009b      	lsls	r3, r3, #2
100068ea:	18e6      	adds	r6, r4, r3
100068ec:	444e      	add	r6, r9
100068ee:	3604      	adds	r6, #4
100068f0:	0030      	movs	r0, r6
100068f2:	f7fa fda5 	bl	10001440 <mutex_init>
100068f6:	238c      	movs	r3, #140	@ 0x8c
100068f8:	009b      	lsls	r3, r3, #2
100068fa:	469c      	mov	ip, r3
100068fc:	4464      	add	r4, ip
100068fe:	444c      	add	r4, r9
10006900:	3404      	adds	r4, #4
10006902:	0020      	movs	r0, r4
10006904:	f7fa fd9c 	bl	10001440 <mutex_init>
10006908:	4643      	mov	r3, r8
1000690a:	613b      	str	r3, [r7, #16]
1000690c:	617e      	str	r6, [r7, #20]
1000690e:	627c      	str	r4, [r7, #36]	@ 0x24
10006910:	62bb      	str	r3, [r7, #40]	@ 0x28
10006912:	3501      	adds	r5, #1
10006914:	b2ed      	uxtb	r5, r5
10006916:	e7bd      	b.n	10006894 <vendord_init+0x18>
10006918:	20001a74 	.word	0x20001a74

1000691c <vendord_deinit>:
1000691c:	b510      	push	{r4, lr}
1000691e:	2300      	movs	r3, #0
10006920:	2b00      	cmp	r3, #0
10006922:	d001      	beq.n	10006928 <vendord_deinit+0xc>
10006924:	2001      	movs	r0, #1
10006926:	bd10      	pop	{r4, pc}
10006928:	0018      	movs	r0, r3
1000692a:	21af      	movs	r1, #175	@ 0xaf
1000692c:	0089      	lsls	r1, r1, #2
1000692e:	4359      	muls	r1, r3
10006930:	4a0d      	ldr	r2, [pc, #52]	@ (10006968 <vendord_deinit+0x4c>)
10006932:	1852      	adds	r2, r2, r1
10006934:	6951      	ldr	r1, [r2, #20]
10006936:	6a54      	ldr	r4, [r2, #36]	@ 0x24
10006938:	2900      	cmp	r1, #0
1000693a:	d007      	beq.n	1000694c <vendord_deinit+0x30>
1000693c:	22af      	movs	r2, #175	@ 0xaf
1000693e:	0092      	lsls	r2, r2, #2
10006940:	435a      	muls	r2, r3
10006942:	4909      	ldr	r1, [pc, #36]	@ (10006968 <vendord_deinit+0x4c>)
10006944:	1889      	adds	r1, r1, r2
10006946:	2200      	movs	r2, #0
10006948:	610a      	str	r2, [r1, #16]
1000694a:	614a      	str	r2, [r1, #20]
1000694c:	2c00      	cmp	r4, #0
1000694e:	d007      	beq.n	10006960 <vendord_deinit+0x44>
10006950:	22af      	movs	r2, #175	@ 0xaf
10006952:	0092      	lsls	r2, r2, #2
10006954:	4350      	muls	r0, r2
10006956:	4a04      	ldr	r2, [pc, #16]	@ (10006968 <vendord_deinit+0x4c>)
10006958:	1812      	adds	r2, r2, r0
1000695a:	2100      	movs	r1, #0
1000695c:	6251      	str	r1, [r2, #36]	@ 0x24
1000695e:	6291      	str	r1, [r2, #40]	@ 0x28
10006960:	3301      	adds	r3, #1
10006962:	b2db      	uxtb	r3, r3
10006964:	e7dc      	b.n	10006920 <vendord_deinit+0x4>
10006966:	46c0      	nop			@ (mov r8, r8)
10006968:	20001a74 	.word	0x20001a74

1000696c <vendord_reset>:
1000696c:	b5f8      	push	{r3, r4, r5, r6, r7, lr}
1000696e:	2500      	movs	r5, #0
10006970:	2d00      	cmp	r5, #0
10006972:	d000      	beq.n	10006976 <vendord_reset+0xa>
10006974:	bdf8      	pop	{r3, r4, r5, r6, r7, pc}
10006976:	24af      	movs	r4, #175	@ 0xaf
10006978:	00a4      	lsls	r4, r4, #2
1000697a:	436c      	muls	r4, r5
1000697c:	4f08      	ldr	r7, [pc, #32]	@ (100069a0 <vendord_reset+0x34>)
1000697e:	19e6      	adds	r6, r4, r7
10006980:	2204      	movs	r2, #4
10006982:	2100      	movs	r1, #0
10006984:	0030      	movs	r0, r6
10006986:	f7fc fbf7 	bl	10003178 <__wrap_memset>
1000698a:	1d30      	adds	r0, r6, #4
1000698c:	f000 fbf1 	bl	10007172 <tu_fifo_clear>
10006990:	0020      	movs	r0, r4
10006992:	3018      	adds	r0, #24
10006994:	19c0      	adds	r0, r0, r7
10006996:	f000 fbec 	bl	10007172 <tu_fifo_clear>
1000699a:	3501      	adds	r5, #1
1000699c:	b2ed      	uxtb	r5, r5
1000699e:	e7e7      	b.n	10006970 <vendord_reset+0x4>
100069a0:	20001a74 	.word	0x20001a74

100069a4 <vendord_open>:
100069a4:	b5f0      	push	{r4, r5, r6, r7, lr}
100069a6:	b083      	sub	sp, #12
100069a8:	000d      	movs	r5, r1
100069aa:	794b      	ldrb	r3, [r1, #5]
100069ac:	2bff      	cmp	r3, #255	@ 0xff
100069ae:	d157      	bne.n	10006a60 <vendord_open+0xbc>
100069b0:	780c      	ldrb	r4, [r1, #0]
100069b2:	190c      	adds	r4, r1, r4
100069b4:	18a3      	adds	r3, r4, r2
100069b6:	2200      	movs	r2, #0
100069b8:	2a00      	cmp	r2, #0
100069ba:	d00a      	beq.n	100069d2 <vendord_open+0x2e>
100069bc:	2700      	movs	r7, #0
100069be:	2f00      	cmp	r7, #0
100069c0:	d051      	beq.n	10006a66 <vendord_open+0xc2>
100069c2:	78aa      	ldrb	r2, [r5, #2]
100069c4:	703a      	strb	r2, [r7, #0]
100069c6:	792a      	ldrb	r2, [r5, #4]
100069c8:	2a00      	cmp	r2, #0
100069ca:	d11b      	bne.n	10006a04 <vendord_open+0x60>
100069cc:	1b60      	subs	r0, r4, r5
100069ce:	b280      	uxth	r0, r0
100069d0:	e047      	b.n	10006a62 <vendord_open+0xbe>
100069d2:	27af      	movs	r7, #175	@ 0xaf
100069d4:	00bf      	lsls	r7, r7, #2
100069d6:	4357      	muls	r7, r2
100069d8:	4924      	ldr	r1, [pc, #144]	@ (10006a6c <vendord_open+0xc8>)
100069da:	19c9      	adds	r1, r1, r7
100069dc:	7849      	ldrb	r1, [r1, #1]
100069de:	2900      	cmp	r1, #0
100069e0:	d107      	bne.n	100069f2 <vendord_open+0x4e>
100069e2:	27af      	movs	r7, #175	@ 0xaf
100069e4:	00bf      	lsls	r7, r7, #2
100069e6:	4357      	muls	r7, r2
100069e8:	4920      	ldr	r1, [pc, #128]	@ (10006a6c <vendord_open+0xc8>)
100069ea:	19c9      	adds	r1, r1, r7
100069ec:	7889      	ldrb	r1, [r1, #2]
100069ee:	2900      	cmp	r1, #0
100069f0:	d002      	beq.n	100069f8 <vendord_open+0x54>
100069f2:	3201      	adds	r2, #1
100069f4:	b2d2      	uxtb	r2, r2
100069f6:	e7df      	b.n	100069b8 <vendord_open+0x14>
100069f8:	003a      	movs	r2, r7
100069fa:	4f1c      	ldr	r7, [pc, #112]	@ (10006a6c <vendord_open+0xc8>)
100069fc:	19d7      	adds	r7, r2, r7
100069fe:	e7de      	b.n	100069be <vendord_open+0x1a>
10006a00:	7821      	ldrb	r1, [r4, #0]
10006a02:	1864      	adds	r4, r4, r1
10006a04:	7861      	ldrb	r1, [r4, #1]
10006a06:	2905      	cmp	r1, #5
10006a08:	d001      	beq.n	10006a0e <vendord_open+0x6a>
10006a0a:	429c      	cmp	r4, r3
10006a0c:	d3f8      	bcc.n	10006a00 <vendord_open+0x5c>
10006a0e:	1c7b      	adds	r3, r7, #1
10006a10:	9301      	str	r3, [sp, #4]
10006a12:	1cbb      	adds	r3, r7, #2
10006a14:	9300      	str	r3, [sp, #0]
10006a16:	2302      	movs	r3, #2
10006a18:	0021      	movs	r1, r4
10006a1a:	f7fe fe0b 	bl	10005634 <usbd_open_edpt_pair>
10006a1e:	2800      	cmp	r0, #0
10006a20:	d012      	beq.n	10006a48 <vendord_open+0xa4>
10006a22:	792a      	ldrb	r2, [r5, #4]
10006a24:	00d3      	lsls	r3, r2, #3
10006a26:	1a9b      	subs	r3, r3, r2
10006a28:	18e4      	adds	r4, r4, r3
10006a2a:	78bb      	ldrb	r3, [r7, #2]
10006a2c:	2b00      	cmp	r3, #0
10006a2e:	d113      	bne.n	10006a58 <vendord_open+0xb4>
10006a30:	787b      	ldrb	r3, [r7, #1]
10006a32:	2b00      	cmp	r3, #0
10006a34:	d0ca      	beq.n	100069cc <vendord_open+0x28>
10006a36:	480d      	ldr	r0, [pc, #52]	@ (10006a6c <vendord_open+0xc8>)
10006a38:	1a38      	subs	r0, r7, r0
10006a3a:	1080      	asrs	r0, r0, #2
10006a3c:	4f0c      	ldr	r7, [pc, #48]	@ (10006a70 <vendord_open+0xcc>)
10006a3e:	4378      	muls	r0, r7
10006a40:	b2c0      	uxtb	r0, r0
10006a42:	f7ff feb5 	bl	100067b0 <tud_vendor_n_write_flush>
10006a46:	e7c1      	b.n	100069cc <vendord_open+0x28>
10006a48:	2282      	movs	r2, #130	@ 0x82
10006a4a:	0052      	lsls	r2, r2, #1
10006a4c:	4909      	ldr	r1, [pc, #36]	@ (10006a74 <vendord_open+0xd0>)
10006a4e:	480a      	ldr	r0, [pc, #40]	@ (10006a78 <vendord_open+0xd4>)
10006a50:	f7fd fe46 	bl	100046e0 <__wrap_printf>
10006a54:	2000      	movs	r0, #0
10006a56:	e004      	b.n	10006a62 <vendord_open+0xbe>
10006a58:	0038      	movs	r0, r7
10006a5a:	f7ff fe8b 	bl	10006774 <_prep_out_transaction>
10006a5e:	e7e7      	b.n	10006a30 <vendord_open+0x8c>
10006a60:	2000      	movs	r0, #0
10006a62:	b003      	add	sp, #12
10006a64:	bdf0      	pop	{r4, r5, r6, r7, pc}
10006a66:	2000      	movs	r0, #0
10006a68:	e7fb      	b.n	10006a62 <vendord_open+0xbe>
10006a6a:	46c0      	nop			@ (mov r8, r8)
10006a6c:	20001a74 	.word	0x20001a74
10006a70:	1bcb564f 	.word	0x1bcb564f
10006a74:	1000a600 	.word	0x1000a600
10006a78:	1000a3ec 	.word	0x1000a3ec

10006a7c <vendord_xfer_cb>:
10006a7c:	b5f8      	push	{r3, r4, r5, r6, r7, lr}
10006a7e:	0005      	movs	r5, r0
10006a80:	001e      	movs	r6, r3
10006a82:	4f2d      	ldr	r7, [pc, #180]	@ (10006b38 <vendord_xfer_cb+0xbc>)
10006a84:	2400      	movs	r4, #0
10006a86:	2c00      	cmp	r4, #0
10006a88:	d14f      	bne.n	10006b2a <vendord_xfer_cb+0xae>
10006a8a:	78bb      	ldrb	r3, [r7, #2]
10006a8c:	428b      	cmp	r3, r1
10006a8e:	d009      	beq.n	10006aa4 <vendord_xfer_cb+0x28>
10006a90:	787a      	ldrb	r2, [r7, #1]
10006a92:	428a      	cmp	r2, r1
10006a94:	d006      	beq.n	10006aa4 <vendord_xfer_cb+0x28>
10006a96:	3401      	adds	r4, #1
10006a98:	b2e4      	uxtb	r4, r4
10006a9a:	23af      	movs	r3, #175	@ 0xaf
10006a9c:	009b      	lsls	r3, r3, #2
10006a9e:	469c      	mov	ip, r3
10006aa0:	4467      	add	r7, ip
10006aa2:	e7f0      	b.n	10006a86 <vendord_xfer_cb+0xa>
10006aa4:	428b      	cmp	r3, r1
10006aa6:	d004      	beq.n	10006ab2 <vendord_xfer_cb+0x36>
10006aa8:	787b      	ldrb	r3, [r7, #1]
10006aaa:	428b      	cmp	r3, r1
10006aac:	d013      	beq.n	10006ad6 <vendord_xfer_cb+0x5a>
10006aae:	2401      	movs	r4, #1
10006ab0:	e03c      	b.n	10006b2c <vendord_xfer_cb+0xb0>
10006ab2:	238f      	movs	r3, #143	@ 0x8f
10006ab4:	009b      	lsls	r3, r3, #2
10006ab6:	18f9      	adds	r1, r7, r3
10006ab8:	b2b2      	uxth	r2, r6
10006aba:	1d38      	adds	r0, r7, #4
10006abc:	f000 fb54 	bl	10007168 <tu_fifo_write_n>
10006ac0:	4b1e      	ldr	r3, [pc, #120]	@ (10006b3c <vendord_xfer_cb+0xc0>)
10006ac2:	2b00      	cmp	r3, #0
10006ac4:	d002      	beq.n	10006acc <vendord_xfer_cb+0x50>
10006ac6:	0020      	movs	r0, r4
10006ac8:	e000      	b.n	10006acc <vendord_xfer_cb+0x50>
10006aca:	bf00      	nop
10006acc:	0038      	movs	r0, r7
10006ace:	f7ff fe51 	bl	10006774 <_prep_out_transaction>
10006ad2:	2401      	movs	r4, #1
10006ad4:	e02a      	b.n	10006b2c <vendord_xfer_cb+0xb0>
10006ad6:	4b1a      	ldr	r3, [pc, #104]	@ (10006b40 <vendord_xfer_cb+0xc4>)
10006ad8:	2b00      	cmp	r3, #0
10006ada:	d004      	beq.n	10006ae6 <vendord_xfer_cb+0x6a>
10006adc:	0431      	lsls	r1, r6, #16
10006ade:	0c09      	lsrs	r1, r1, #16
10006ae0:	0020      	movs	r0, r4
10006ae2:	e000      	b.n	10006ae6 <vendord_xfer_cb+0x6a>
10006ae4:	bf00      	nop
10006ae6:	0020      	movs	r0, r4
10006ae8:	f7ff fe62 	bl	100067b0 <tud_vendor_n_write_flush>
10006aec:	2800      	cmp	r0, #0
10006aee:	d001      	beq.n	10006af4 <vendord_xfer_cb+0x78>
10006af0:	2401      	movs	r4, #1
10006af2:	e01b      	b.n	10006b2c <vendord_xfer_cb+0xb0>
10006af4:	0038      	movs	r0, r7
10006af6:	3018      	adds	r0, #24
10006af8:	f000 fa97 	bl	1000702a <tu_fifo_count>
10006afc:	2800      	cmp	r0, #0
10006afe:	d117      	bne.n	10006b30 <vendord_xfer_cb+0xb4>
10006b00:	2e00      	cmp	r6, #0
10006b02:	d017      	beq.n	10006b34 <vendord_xfer_cb+0xb8>
10006b04:	06b3      	lsls	r3, r6, #26
10006b06:	d001      	beq.n	10006b0c <vendord_xfer_cb+0x90>
10006b08:	2401      	movs	r4, #1
10006b0a:	e00f      	b.n	10006b2c <vendord_xfer_cb+0xb0>
10006b0c:	7879      	ldrb	r1, [r7, #1]
10006b0e:	0028      	movs	r0, r5
10006b10:	f7fe fdd6 	bl	100056c0 <usbd_edpt_claim>
10006b14:	1e04      	subs	r4, r0, #0
10006b16:	d101      	bne.n	10006b1c <vendord_xfer_cb+0xa0>
10006b18:	2401      	movs	r4, #1
10006b1a:	e007      	b.n	10006b2c <vendord_xfer_cb+0xb0>
10006b1c:	7879      	ldrb	r1, [r7, #1]
10006b1e:	2300      	movs	r3, #0
10006b20:	001a      	movs	r2, r3
10006b22:	0028      	movs	r0, r5
10006b24:	f7fe fdf4 	bl	10005710 <usbd_edpt_xfer>
10006b28:	e000      	b.n	10006b2c <vendord_xfer_cb+0xb0>
10006b2a:	2400      	movs	r4, #0
10006b2c:	0020      	movs	r0, r4
10006b2e:	bdf8      	pop	{r3, r4, r5, r6, r7, pc}
10006b30:	2401      	movs	r4, #1
10006b32:	e7fb      	b.n	10006b2c <vendord_xfer_cb+0xb0>
10006b34:	2401      	movs	r4, #1
10006b36:	e7f9      	b.n	10006b2c <vendord_xfer_cb+0xb0>
10006b38:	20001a74 	.word	0x20001a74
	...

10006b44 <tusb_init>:
10006b44:	b510      	push	{r4, lr}
10006b46:	2000      	movs	r0, #0
10006b48:	f7fe fcd6 	bl	100054f8 <tud_init>
10006b4c:	1e04      	subs	r4, r0, #0
10006b4e:	d001      	beq.n	10006b54 <tusb_init+0x10>
10006b50:	0020      	movs	r0, r4
10006b52:	bd10      	pop	{r4, pc}
10006b54:	2231      	movs	r2, #49	@ 0x31
10006b56:	4902      	ldr	r1, [pc, #8]	@ (10006b60 <tusb_init+0x1c>)
10006b58:	4802      	ldr	r0, [pc, #8]	@ (10006b64 <tusb_init+0x20>)
10006b5a:	f7fd fdc1 	bl	100046e0 <__wrap_printf>
10006b5e:	e7f7      	b.n	10006b50 <tusb_init+0xc>
10006b60:	1000a640 	.word	0x1000a640
10006b64:	1000a3ec 	.word	0x1000a3ec

10006b68 <tu_edpt_claim>:
10006b68:	b570      	push	{r4, r5, r6, lr}
10006b6a:	0004      	movs	r4, r0
10006b6c:	000d      	movs	r5, r1
10006b6e:	7803      	ldrb	r3, [r0, #0]
10006b70:	07db      	lsls	r3, r3, #31
10006b72:	0fde      	lsrs	r6, r3, #31
10006b74:	2b00      	cmp	r3, #0
10006b76:	d11c      	bne.n	10006bb2 <tu_edpt_claim+0x4a>
10006b78:	7803      	ldrb	r3, [r0, #0]
10006b7a:	075b      	lsls	r3, r3, #29
10006b7c:	d41a      	bmi.n	10006bb4 <tu_edpt_claim+0x4c>
10006b7e:	2101      	movs	r1, #1
10006b80:	4249      	negs	r1, r1
10006b82:	0028      	movs	r0, r5
10006b84:	f002 f900 	bl	10008d88 <__mutex_enter_timeout_ms_veneer>
10006b88:	7823      	ldrb	r3, [r4, #0]
10006b8a:	07db      	lsls	r3, r3, #31
10006b8c:	d404      	bmi.n	10006b98 <tu_edpt_claim+0x30>
10006b8e:	7823      	ldrb	r3, [r4, #0]
10006b90:	075b      	lsls	r3, r3, #29
10006b92:	d50c      	bpl.n	10006bae <tu_edpt_claim+0x46>
10006b94:	2600      	movs	r6, #0
10006b96:	e000      	b.n	10006b9a <tu_edpt_claim+0x32>
10006b98:	2600      	movs	r6, #0
10006b9a:	2e00      	cmp	r6, #0
10006b9c:	d003      	beq.n	10006ba6 <tu_edpt_claim+0x3e>
10006b9e:	7823      	ldrb	r3, [r4, #0]
10006ba0:	2204      	movs	r2, #4
10006ba2:	4313      	orrs	r3, r2
10006ba4:	7023      	strb	r3, [r4, #0]
10006ba6:	0028      	movs	r0, r5
10006ba8:	f002 f8c6 	bl	10008d38 <__mutex_exit_veneer>
10006bac:	e002      	b.n	10006bb4 <tu_edpt_claim+0x4c>
10006bae:	2601      	movs	r6, #1
10006bb0:	e7f3      	b.n	10006b9a <tu_edpt_claim+0x32>
10006bb2:	2600      	movs	r6, #0
10006bb4:	0030      	movs	r0, r6
10006bb6:	bd70      	pop	{r4, r5, r6, pc}

10006bb8 <tu_edpt_release>:
10006bb8:	b570      	push	{r4, r5, r6, lr}
10006bba:	0004      	movs	r4, r0
10006bbc:	000e      	movs	r6, r1
10006bbe:	2101      	movs	r1, #1
10006bc0:	4249      	negs	r1, r1
10006bc2:	0030      	movs	r0, r6
10006bc4:	f002 f8e0 	bl	10008d88 <__mutex_enter_timeout_ms_veneer>
10006bc8:	7823      	ldrb	r3, [r4, #0]
10006bca:	075b      	lsls	r3, r3, #29
10006bcc:	d40b      	bmi.n	10006be6 <tu_edpt_release+0x2e>
10006bce:	2500      	movs	r5, #0
10006bd0:	2d00      	cmp	r5, #0
10006bd2:	d003      	beq.n	10006bdc <tu_edpt_release+0x24>
10006bd4:	7823      	ldrb	r3, [r4, #0]
10006bd6:	2204      	movs	r2, #4
10006bd8:	4393      	bics	r3, r2
10006bda:	7023      	strb	r3, [r4, #0]
10006bdc:	0030      	movs	r0, r6
10006bde:	f002 f8ab 	bl	10008d38 <__mutex_exit_veneer>
10006be2:	0028      	movs	r0, r5
10006be4:	bd70      	pop	{r4, r5, r6, pc}
10006be6:	7823      	ldrb	r3, [r4, #0]
10006be8:	07db      	lsls	r3, r3, #31
10006bea:	d501      	bpl.n	10006bf0 <tu_edpt_release+0x38>
10006bec:	2500      	movs	r5, #0
10006bee:	e7ef      	b.n	10006bd0 <tu_edpt_release+0x18>
10006bf0:	2501      	movs	r5, #1
10006bf2:	e7ed      	b.n	10006bd0 <tu_edpt_release+0x18>

10006bf4 <tu_edpt_validate>:
10006bf4:	b510      	push	{r4, lr}
10006bf6:	7904      	ldrb	r4, [r0, #4]
10006bf8:	7943      	ldrb	r3, [r0, #5]
10006bfa:	021b      	lsls	r3, r3, #8
10006bfc:	4323      	orrs	r3, r4
10006bfe:	055b      	lsls	r3, r3, #21
10006c00:	0d5b      	lsrs	r3, r3, #21
10006c02:	78c2      	ldrb	r2, [r0, #3]
10006c04:	0792      	lsls	r2, r2, #30
10006c06:	0f92      	lsrs	r2, r2, #30
10006c08:	2a02      	cmp	r2, #2
10006c0a:	d016      	beq.n	10006c3a <tu_edpt_validate+0x46>
10006c0c:	2a03      	cmp	r2, #3
10006c0e:	d02f      	beq.n	10006c70 <tu_edpt_validate+0x7c>
10006c10:	2a01      	cmp	r2, #1
10006c12:	d001      	beq.n	10006c18 <tu_edpt_validate+0x24>
10006c14:	2000      	movs	r0, #0
10006c16:	bd10      	pop	{r4, pc}
10006c18:	2902      	cmp	r1, #2
10006c1a:	d004      	beq.n	10006c26 <tu_edpt_validate+0x32>
10006c1c:	4a1d      	ldr	r2, [pc, #116]	@ (10006c94 <tu_edpt_validate+0xa0>)
10006c1e:	429a      	cmp	r2, r3
10006c20:	d304      	bcc.n	10006c2c <tu_edpt_validate+0x38>
10006c22:	2001      	movs	r0, #1
10006c24:	e7f7      	b.n	10006c16 <tu_edpt_validate+0x22>
10006c26:	2280      	movs	r2, #128	@ 0x80
10006c28:	00d2      	lsls	r2, r2, #3
10006c2a:	e7f8      	b.n	10006c1e <tu_edpt_validate+0x2a>
10006c2c:	2290      	movs	r2, #144	@ 0x90
10006c2e:	491a      	ldr	r1, [pc, #104]	@ (10006c98 <tu_edpt_validate+0xa4>)
10006c30:	481a      	ldr	r0, [pc, #104]	@ (10006c9c <tu_edpt_validate+0xa8>)
10006c32:	f7fd fd55 	bl	100046e0 <__wrap_printf>
10006c36:	2000      	movs	r0, #0
10006c38:	e7ed      	b.n	10006c16 <tu_edpt_validate+0x22>
10006c3a:	2902      	cmp	r1, #2
10006c3c:	d003      	beq.n	10006c46 <tu_edpt_validate+0x52>
10006c3e:	2b40      	cmp	r3, #64	@ 0x40
10006c40:	d80f      	bhi.n	10006c62 <tu_edpt_validate+0x6e>
10006c42:	2001      	movs	r0, #1
10006c44:	e7e7      	b.n	10006c16 <tu_edpt_validate+0x22>
10006c46:	2280      	movs	r2, #128	@ 0x80
10006c48:	0092      	lsls	r2, r2, #2
10006c4a:	4293      	cmp	r3, r2
10006c4c:	d101      	bne.n	10006c52 <tu_edpt_validate+0x5e>
10006c4e:	2001      	movs	r0, #1
10006c50:	e7e1      	b.n	10006c16 <tu_edpt_validate+0x22>
10006c52:	3a6a      	subs	r2, #106	@ 0x6a
10006c54:	3aff      	subs	r2, #255	@ 0xff
10006c56:	4910      	ldr	r1, [pc, #64]	@ (10006c98 <tu_edpt_validate+0xa4>)
10006c58:	4810      	ldr	r0, [pc, #64]	@ (10006c9c <tu_edpt_validate+0xa8>)
10006c5a:	f7fd fd41 	bl	100046e0 <__wrap_printf>
10006c5e:	2000      	movs	r0, #0
10006c60:	e7d9      	b.n	10006c16 <tu_edpt_validate+0x22>
10006c62:	229a      	movs	r2, #154	@ 0x9a
10006c64:	490c      	ldr	r1, [pc, #48]	@ (10006c98 <tu_edpt_validate+0xa4>)
10006c66:	480d      	ldr	r0, [pc, #52]	@ (10006c9c <tu_edpt_validate+0xa8>)
10006c68:	f7fd fd3a 	bl	100046e0 <__wrap_printf>
10006c6c:	2000      	movs	r0, #0
10006c6e:	e7d2      	b.n	10006c16 <tu_edpt_validate+0x22>
10006c70:	2902      	cmp	r1, #2
10006c72:	d004      	beq.n	10006c7e <tu_edpt_validate+0x8a>
10006c74:	2240      	movs	r2, #64	@ 0x40
10006c76:	429a      	cmp	r2, r3
10006c78:	d304      	bcc.n	10006c84 <tu_edpt_validate+0x90>
10006c7a:	2001      	movs	r0, #1
10006c7c:	e7cb      	b.n	10006c16 <tu_edpt_validate+0x22>
10006c7e:	2280      	movs	r2, #128	@ 0x80
10006c80:	00d2      	lsls	r2, r2, #3
10006c82:	e7f8      	b.n	10006c76 <tu_edpt_validate+0x82>
10006c84:	22a0      	movs	r2, #160	@ 0xa0
10006c86:	4904      	ldr	r1, [pc, #16]	@ (10006c98 <tu_edpt_validate+0xa4>)
10006c88:	4804      	ldr	r0, [pc, #16]	@ (10006c9c <tu_edpt_validate+0xa8>)
10006c8a:	f7fd fd29 	bl	100046e0 <__wrap_printf>
10006c8e:	2000      	movs	r0, #0
10006c90:	e7c1      	b.n	10006c16 <tu_edpt_validate+0x22>
10006c92:	46c0      	nop			@ (mov r8, r8)
10006c94:	000003ff 	.word	0x000003ff
10006c98:	1000a62c 	.word	0x1000a62c
10006c9c:	1000a3ec 	.word	0x1000a3ec

10006ca0 <tu_edpt_bind_driver>:
10006ca0:	b530      	push	{r4, r5, lr}
10006ca2:	188a      	adds	r2, r1, r2
10006ca4:	e001      	b.n	10006caa <tu_edpt_bind_driver+0xa>
10006ca6:	780c      	ldrb	r4, [r1, #0]
10006ca8:	1909      	adds	r1, r1, r4
10006caa:	4291      	cmp	r1, r2
10006cac:	d20a      	bcs.n	10006cc4 <tu_edpt_bind_driver+0x24>
10006cae:	784c      	ldrb	r4, [r1, #1]
10006cb0:	2c05      	cmp	r4, #5
10006cb2:	d1f8      	bne.n	10006ca6 <tu_edpt_bind_driver+0x6>
10006cb4:	788d      	ldrb	r5, [r1, #2]
10006cb6:	347a      	adds	r4, #122	@ 0x7a
10006cb8:	402c      	ands	r4, r5
10006cba:	0064      	lsls	r4, r4, #1
10006cbc:	1904      	adds	r4, r0, r4
10006cbe:	09ed      	lsrs	r5, r5, #7
10006cc0:	5563      	strb	r3, [r4, r5]
10006cc2:	e7f0      	b.n	10006ca6 <tu_edpt_bind_driver+0x6>
10006cc4:	bd30      	pop	{r4, r5, pc}

10006cc6 <advance_index>:
10006cc6:	0003      	movs	r3, r0
10006cc8:	188a      	adds	r2, r1, r2
10006cca:	b290      	uxth	r0, r2
10006ccc:	4281      	cmp	r1, r0
10006cce:	d802      	bhi.n	10006cd6 <advance_index+0x10>
10006cd0:	005a      	lsls	r2, r3, #1
10006cd2:	4290      	cmp	r0, r2
10006cd4:	db03      	blt.n	10006cde <advance_index+0x18>
10006cd6:	005b      	lsls	r3, r3, #1
10006cd8:	b29b      	uxth	r3, r3
10006cda:	1ac0      	subs	r0, r0, r3
10006cdc:	b280      	uxth	r0, r0
10006cde:	4770      	bx	lr

10006ce0 <_tu_fifo_peek>:
10006ce0:	b570      	push	{r4, r5, r6, lr}
10006ce2:	0005      	movs	r5, r0
10006ce4:	0008      	movs	r0, r1
10006ce6:	88ac      	ldrh	r4, [r5, #4]
10006ce8:	429a      	cmp	r2, r3
10006cea:	d30b      	bcc.n	10006d04 <_tu_fifo_peek+0x24>
10006cec:	1ad1      	subs	r1, r2, r3
10006cee:	b289      	uxth	r1, r1
10006cf0:	2900      	cmp	r1, #0
10006cf2:	d01e      	beq.n	10006d32 <_tu_fifo_peek+0x52>
10006cf4:	428c      	cmp	r4, r1
10006cf6:	d210      	bcs.n	10006d1a <_tu_fifo_peek+0x3a>
10006cf8:	4294      	cmp	r4, r2
10006cfa:	d809      	bhi.n	10006d10 <_tu_fifo_peek+0x30>
10006cfc:	1b13      	subs	r3, r2, r4
10006cfe:	b29b      	uxth	r3, r3
10006d00:	816b      	strh	r3, [r5, #10]
10006d02:	e00a      	b.n	10006d1a <_tu_fifo_peek+0x3a>
10006d04:	1ad1      	subs	r1, r2, r3
10006d06:	b289      	uxth	r1, r1
10006d08:	0066      	lsls	r6, r4, #1
10006d0a:	1989      	adds	r1, r1, r6
10006d0c:	b289      	uxth	r1, r1
10006d0e:	e7ef      	b.n	10006cf0 <_tu_fifo_peek+0x10>
10006d10:	18a2      	adds	r2, r4, r2
10006d12:	b293      	uxth	r3, r2
10006d14:	e7f4      	b.n	10006d00 <_tu_fifo_peek+0x20>
10006d16:	1b1b      	subs	r3, r3, r4
10006d18:	b29b      	uxth	r3, r3
10006d1a:	429c      	cmp	r4, r3
10006d1c:	d9fb      	bls.n	10006d16 <_tu_fifo_peek+0x36>
10006d1e:	6829      	ldr	r1, [r5, #0]
10006d20:	88ea      	ldrh	r2, [r5, #6]
10006d22:	0452      	lsls	r2, r2, #17
10006d24:	0c52      	lsrs	r2, r2, #17
10006d26:	4353      	muls	r3, r2
10006d28:	18c9      	adds	r1, r1, r3
10006d2a:	f7fc fa2b 	bl	10003184 <__wrap___aeabi_memcpy>
10006d2e:	2001      	movs	r0, #1
10006d30:	bd70      	pop	{r4, r5, r6, pc}
10006d32:	2000      	movs	r0, #0
10006d34:	e7fc      	b.n	10006d30 <_tu_fifo_peek+0x50>

10006d36 <_ff_pull_n>:
10006d36:	b5f8      	push	{r3, r4, r5, r6, r7, lr}
10006d38:	46ce      	mov	lr, r9
10006d3a:	4647      	mov	r7, r8
10006d3c:	b580      	push	{r7, lr}
10006d3e:	0005      	movs	r5, r0
10006d40:	4688      	mov	r8, r1
10006d42:	a908      	add	r1, sp, #32
10006d44:	7809      	ldrb	r1, [r1, #0]
10006d46:	8884      	ldrh	r4, [r0, #4]
10006d48:	1ae0      	subs	r0, r4, r3
10006d4a:	b280      	uxth	r0, r0
10006d4c:	1b1c      	subs	r4, r3, r4
10006d4e:	1914      	adds	r4, r2, r4
10006d50:	b2a4      	uxth	r4, r4
10006d52:	88ef      	ldrh	r7, [r5, #6]
10006d54:	047f      	lsls	r7, r7, #17
10006d56:	0c7e      	lsrs	r6, r7, #17
10006d58:	0007      	movs	r7, r0
10006d5a:	4377      	muls	r7, r6
10006d5c:	b2bf      	uxth	r7, r7
10006d5e:	4374      	muls	r4, r6
10006d60:	b2a4      	uxth	r4, r4
10006d62:	46a1      	mov	r9, r4
10006d64:	4373      	muls	r3, r6
10006d66:	682c      	ldr	r4, [r5, #0]
10006d68:	46a4      	mov	ip, r4
10006d6a:	4463      	add	r3, ip
10006d6c:	2900      	cmp	r1, #0
10006d6e:	d106      	bne.n	10006d7e <_ff_pull_n+0x48>
10006d70:	4290      	cmp	r0, r2
10006d72:	d308      	bcc.n	10006d86 <_ff_pull_n+0x50>
10006d74:	4372      	muls	r2, r6
10006d76:	0019      	movs	r1, r3
10006d78:	4640      	mov	r0, r8
10006d7a:	f7fc fa03 	bl	10003184 <__wrap___aeabi_memcpy>
10006d7e:	bcc0      	pop	{r6, r7}
10006d80:	46b9      	mov	r9, r7
10006d82:	46b0      	mov	r8, r6
10006d84:	bdf8      	pop	{r3, r4, r5, r6, r7, pc}
10006d86:	003a      	movs	r2, r7
10006d88:	0019      	movs	r1, r3
10006d8a:	4644      	mov	r4, r8
10006d8c:	4640      	mov	r0, r8
10006d8e:	f7fc f9f9 	bl	10003184 <__wrap___aeabi_memcpy>
10006d92:	6829      	ldr	r1, [r5, #0]
10006d94:	19e0      	adds	r0, r4, r7
10006d96:	464a      	mov	r2, r9
10006d98:	f7fc f9f4 	bl	10003184 <__wrap___aeabi_memcpy>
10006d9c:	e7ef      	b.n	10006d7e <_ff_pull_n+0x48>

10006d9e <_tu_fifo_peek_n>:
10006d9e:	b5f0      	push	{r4, r5, r6, r7, lr}
10006da0:	46c6      	mov	lr, r8
10006da2:	b500      	push	{lr}
10006da4:	b082      	sub	sp, #8
10006da6:	001e      	movs	r6, r3
10006da8:	ab08      	add	r3, sp, #32
10006daa:	881b      	ldrh	r3, [r3, #0]
10006dac:	ac09      	add	r4, sp, #36	@ 0x24
10006dae:	7827      	ldrb	r7, [r4, #0]
10006db0:	8884      	ldrh	r4, [r0, #4]
10006db2:	429e      	cmp	r6, r3
10006db4:	d30f      	bcc.n	10006dd6 <_tu_fifo_peek_n+0x38>
10006db6:	1af5      	subs	r5, r6, r3
10006db8:	b2ad      	uxth	r5, r5
10006dba:	2d00      	cmp	r5, #0
10006dbc:	d01f      	beq.n	10006dfe <_tu_fifo_peek_n+0x60>
10006dbe:	42ac      	cmp	r4, r5
10006dc0:	d205      	bcs.n	10006dce <_tu_fifo_peek_n+0x30>
10006dc2:	42b4      	cmp	r4, r6
10006dc4:	d810      	bhi.n	10006de8 <_tu_fifo_peek_n+0x4a>
10006dc6:	1b33      	subs	r3, r6, r4
10006dc8:	b29b      	uxth	r3, r3
10006dca:	8143      	strh	r3, [r0, #10]
10006dcc:	0025      	movs	r5, r4
10006dce:	4295      	cmp	r5, r2
10006dd0:	d30f      	bcc.n	10006df2 <_tu_fifo_peek_n+0x54>
10006dd2:	0015      	movs	r5, r2
10006dd4:	e00d      	b.n	10006df2 <_tu_fifo_peek_n+0x54>
10006dd6:	1af5      	subs	r5, r6, r3
10006dd8:	b2ad      	uxth	r5, r5
10006dda:	46a8      	mov	r8, r5
10006ddc:	0065      	lsls	r5, r4, #1
10006dde:	46ac      	mov	ip, r5
10006de0:	4645      	mov	r5, r8
10006de2:	4465      	add	r5, ip
10006de4:	b2ad      	uxth	r5, r5
10006de6:	e7e8      	b.n	10006dba <_tu_fifo_peek_n+0x1c>
10006de8:	19a6      	adds	r6, r4, r6
10006dea:	b2b3      	uxth	r3, r6
10006dec:	e7ed      	b.n	10006dca <_tu_fifo_peek_n+0x2c>
10006dee:	1b1b      	subs	r3, r3, r4
10006df0:	b29b      	uxth	r3, r3
10006df2:	429c      	cmp	r4, r3
10006df4:	d9fb      	bls.n	10006dee <_tu_fifo_peek_n+0x50>
10006df6:	9700      	str	r7, [sp, #0]
10006df8:	002a      	movs	r2, r5
10006dfa:	f7ff ff9c 	bl	10006d36 <_ff_pull_n>
10006dfe:	0028      	movs	r0, r5
10006e00:	b002      	add	sp, #8
10006e02:	bc80      	pop	{r7}
10006e04:	46b8      	mov	r8, r7
10006e06:	bdf0      	pop	{r4, r5, r6, r7, pc}

10006e08 <_tu_fifo_read_n>:
10006e08:	b5f0      	push	{r4, r5, r6, r7, lr}
10006e0a:	b083      	sub	sp, #12
10006e0c:	0004      	movs	r4, r0
10006e0e:	000d      	movs	r5, r1
10006e10:	0016      	movs	r6, r2
10006e12:	001f      	movs	r7, r3
10006e14:	6900      	ldr	r0, [r0, #16]
10006e16:	2800      	cmp	r0, #0
10006e18:	d003      	beq.n	10006e22 <_tu_fifo_read_n+0x1a>
10006e1a:	2101      	movs	r1, #1
10006e1c:	4249      	negs	r1, r1
10006e1e:	f001 ffb3 	bl	10008d88 <__mutex_enter_timeout_ms_veneer>
10006e22:	8923      	ldrh	r3, [r4, #8]
10006e24:	b29b      	uxth	r3, r3
10006e26:	8962      	ldrh	r2, [r4, #10]
10006e28:	9701      	str	r7, [sp, #4]
10006e2a:	9200      	str	r2, [sp, #0]
10006e2c:	0032      	movs	r2, r6
10006e2e:	0029      	movs	r1, r5
10006e30:	0020      	movs	r0, r4
10006e32:	f7ff ffb4 	bl	10006d9e <_tu_fifo_peek_n>
10006e36:	0005      	movs	r5, r0
10006e38:	8961      	ldrh	r1, [r4, #10]
10006e3a:	b289      	uxth	r1, r1
10006e3c:	88a0      	ldrh	r0, [r4, #4]
10006e3e:	002a      	movs	r2, r5
10006e40:	f7ff ff41 	bl	10006cc6 <advance_index>
10006e44:	8160      	strh	r0, [r4, #10]
10006e46:	6920      	ldr	r0, [r4, #16]
10006e48:	2800      	cmp	r0, #0
10006e4a:	d001      	beq.n	10006e50 <_tu_fifo_read_n+0x48>
10006e4c:	f001 ff74 	bl	10008d38 <__mutex_exit_veneer>
10006e50:	0028      	movs	r0, r5
10006e52:	b003      	add	sp, #12
10006e54:	bdf0      	pop	{r4, r5, r6, r7, pc}

10006e56 <_ff_push_n>:
10006e56:	b5f8      	push	{r3, r4, r5, r6, r7, lr}
10006e58:	46ce      	mov	lr, r9
10006e5a:	4647      	mov	r7, r8
10006e5c:	b580      	push	{r7, lr}
10006e5e:	0005      	movs	r5, r0
10006e60:	4688      	mov	r8, r1
10006e62:	a908      	add	r1, sp, #32
10006e64:	7808      	ldrb	r0, [r1, #0]
10006e66:	88ac      	ldrh	r4, [r5, #4]
10006e68:	1ae1      	subs	r1, r4, r3
10006e6a:	b289      	uxth	r1, r1
10006e6c:	1b1c      	subs	r4, r3, r4
10006e6e:	1914      	adds	r4, r2, r4
10006e70:	b2a4      	uxth	r4, r4
10006e72:	88ef      	ldrh	r7, [r5, #6]
10006e74:	047f      	lsls	r7, r7, #17
10006e76:	0c7e      	lsrs	r6, r7, #17
10006e78:	000f      	movs	r7, r1
10006e7a:	4377      	muls	r7, r6
10006e7c:	b2bf      	uxth	r7, r7
10006e7e:	4374      	muls	r4, r6
10006e80:	b2a4      	uxth	r4, r4
10006e82:	46a1      	mov	r9, r4
10006e84:	4373      	muls	r3, r6
10006e86:	682c      	ldr	r4, [r5, #0]
10006e88:	46a4      	mov	ip, r4
10006e8a:	4463      	add	r3, ip
10006e8c:	2800      	cmp	r0, #0
10006e8e:	d106      	bne.n	10006e9e <_ff_push_n+0x48>
10006e90:	4291      	cmp	r1, r2
10006e92:	d308      	bcc.n	10006ea6 <_ff_push_n+0x50>
10006e94:	4372      	muls	r2, r6
10006e96:	4641      	mov	r1, r8
10006e98:	0018      	movs	r0, r3
10006e9a:	f7fc f973 	bl	10003184 <__wrap___aeabi_memcpy>
10006e9e:	bcc0      	pop	{r6, r7}
10006ea0:	46b9      	mov	r9, r7
10006ea2:	46b0      	mov	r8, r6
10006ea4:	bdf8      	pop	{r3, r4, r5, r6, r7, pc}
10006ea6:	003a      	movs	r2, r7
10006ea8:	4644      	mov	r4, r8
10006eaa:	4641      	mov	r1, r8
10006eac:	0018      	movs	r0, r3
10006eae:	f7fc f969 	bl	10003184 <__wrap___aeabi_memcpy>
10006eb2:	6828      	ldr	r0, [r5, #0]
10006eb4:	19e1      	adds	r1, r4, r7
10006eb6:	464a      	mov	r2, r9
10006eb8:	f7fc f964 	bl	10003184 <__wrap___aeabi_memcpy>
10006ebc:	e7ef      	b.n	10006e9e <_ff_push_n+0x48>

10006ebe <_tu_fifo_write_n>:
10006ebe:	b5f0      	push	{r4, r5, r6, r7, lr}
10006ec0:	b085      	sub	sp, #20
10006ec2:	0006      	movs	r6, r0
10006ec4:	9103      	str	r1, [sp, #12]
10006ec6:	1e15      	subs	r5, r2, #0
10006ec8:	9302      	str	r3, [sp, #8]
10006eca:	d100      	bne.n	10006ece <_tu_fifo_write_n+0x10>
10006ecc:	e06d      	b.n	10006faa <_tu_fifo_write_n+0xec>
10006ece:	68c0      	ldr	r0, [r0, #12]
10006ed0:	2800      	cmp	r0, #0
10006ed2:	d003      	beq.n	10006edc <_tu_fifo_write_n+0x1e>
10006ed4:	2101      	movs	r1, #1
10006ed6:	4249      	negs	r1, r1
10006ed8:	f001 ff56 	bl	10008d88 <__mutex_enter_timeout_ms_veneer>
10006edc:	8934      	ldrh	r4, [r6, #8]
10006ede:	b2a4      	uxth	r4, r4
10006ee0:	8971      	ldrh	r1, [r6, #10]
10006ee2:	b289      	uxth	r1, r1
10006ee4:	79f3      	ldrb	r3, [r6, #7]
10006ee6:	09db      	lsrs	r3, r3, #7
10006ee8:	d11a      	bne.n	10006f20 <_tu_fifo_write_n+0x62>
10006eea:	88b3      	ldrh	r3, [r6, #4]
10006eec:	428c      	cmp	r4, r1
10006eee:	d30f      	bcc.n	10006f10 <_tu_fifo_write_n+0x52>
10006ef0:	1a61      	subs	r1, r4, r1
10006ef2:	b289      	uxth	r1, r1
10006ef4:	428b      	cmp	r3, r1
10006ef6:	d911      	bls.n	10006f1c <_tu_fifo_write_n+0x5e>
10006ef8:	1a5b      	subs	r3, r3, r1
10006efa:	b29b      	uxth	r3, r3
10006efc:	1c2f      	adds	r7, r5, #0
10006efe:	429d      	cmp	r5, r3
10006f00:	d900      	bls.n	10006f04 <_tu_fifo_write_n+0x46>
10006f02:	1c1f      	adds	r7, r3, #0
10006f04:	b2bf      	uxth	r7, r7
10006f06:	2f00      	cmp	r7, #0
10006f08:	d047      	beq.n	10006f9a <_tu_fifo_write_n+0xdc>
10006f0a:	88b2      	ldrh	r2, [r6, #4]
10006f0c:	0023      	movs	r3, r4
10006f0e:	e035      	b.n	10006f7c <_tu_fifo_write_n+0xbe>
10006f10:	1a61      	subs	r1, r4, r1
10006f12:	b289      	uxth	r1, r1
10006f14:	005a      	lsls	r2, r3, #1
10006f16:	1889      	adds	r1, r1, r2
10006f18:	b289      	uxth	r1, r1
10006f1a:	e7eb      	b.n	10006ef4 <_tu_fifo_write_n+0x36>
10006f1c:	2300      	movs	r3, #0
10006f1e:	e7ed      	b.n	10006efc <_tu_fifo_write_n+0x3e>
10006f20:	88b7      	ldrh	r7, [r6, #4]
10006f22:	42af      	cmp	r7, r5
10006f24:	d80e      	bhi.n	10006f44 <_tu_fifo_write_n+0x86>
10006f26:	9b02      	ldr	r3, [sp, #8]
10006f28:	2b00      	cmp	r3, #0
10006f2a:	d121      	bne.n	10006f70 <_tu_fifo_write_n+0xb2>
10006f2c:	1bed      	subs	r5, r5, r7
10006f2e:	88f3      	ldrh	r3, [r6, #6]
10006f30:	045b      	lsls	r3, r3, #17
10006f32:	0c5a      	lsrs	r2, r3, #17
10006f34:	436a      	muls	r2, r5
10006f36:	9b03      	ldr	r3, [sp, #12]
10006f38:	469c      	mov	ip, r3
10006f3a:	4494      	add	ip, r2
10006f3c:	4663      	mov	r3, ip
10006f3e:	9303      	str	r3, [sp, #12]
10006f40:	000c      	movs	r4, r1
10006f42:	e7e0      	b.n	10006f06 <_tu_fifo_write_n+0x48>
10006f44:	428c      	cmp	r4, r1
10006f46:	d30d      	bcc.n	10006f64 <_tu_fifo_write_n+0xa6>
10006f48:	1a63      	subs	r3, r4, r1
10006f4a:	b29b      	uxth	r3, r3
10006f4c:	195b      	adds	r3, r3, r5
10006f4e:	007a      	lsls	r2, r7, #1
10006f50:	4293      	cmp	r3, r2
10006f52:	db0f      	blt.n	10006f74 <_tu_fifo_write_n+0xb6>
10006f54:	1b7a      	subs	r2, r7, r5
10006f56:	b292      	uxth	r2, r2
10006f58:	0038      	movs	r0, r7
10006f5a:	f7ff feb4 	bl	10006cc6 <advance_index>
10006f5e:	0004      	movs	r4, r0
10006f60:	002f      	movs	r7, r5
10006f62:	e7d0      	b.n	10006f06 <_tu_fifo_write_n+0x48>
10006f64:	1a63      	subs	r3, r4, r1
10006f66:	b29b      	uxth	r3, r3
10006f68:	007a      	lsls	r2, r7, #1
10006f6a:	189b      	adds	r3, r3, r2
10006f6c:	b29b      	uxth	r3, r3
10006f6e:	e7ed      	b.n	10006f4c <_tu_fifo_write_n+0x8e>
10006f70:	000c      	movs	r4, r1
10006f72:	e7c8      	b.n	10006f06 <_tu_fifo_write_n+0x48>
10006f74:	002f      	movs	r7, r5
10006f76:	e7c6      	b.n	10006f06 <_tu_fifo_write_n+0x48>
10006f78:	1a9b      	subs	r3, r3, r2
10006f7a:	b29b      	uxth	r3, r3
10006f7c:	429a      	cmp	r2, r3
10006f7e:	d9fb      	bls.n	10006f78 <_tu_fifo_write_n+0xba>
10006f80:	9a02      	ldr	r2, [sp, #8]
10006f82:	9200      	str	r2, [sp, #0]
10006f84:	003a      	movs	r2, r7
10006f86:	9903      	ldr	r1, [sp, #12]
10006f88:	0030      	movs	r0, r6
10006f8a:	f7ff ff64 	bl	10006e56 <_ff_push_n>
10006f8e:	88b0      	ldrh	r0, [r6, #4]
10006f90:	003a      	movs	r2, r7
10006f92:	0021      	movs	r1, r4
10006f94:	f7ff fe97 	bl	10006cc6 <advance_index>
10006f98:	8130      	strh	r0, [r6, #8]
10006f9a:	68f0      	ldr	r0, [r6, #12]
10006f9c:	2800      	cmp	r0, #0
10006f9e:	d001      	beq.n	10006fa4 <_tu_fifo_write_n+0xe6>
10006fa0:	f001 feca 	bl	10008d38 <__mutex_exit_veneer>
10006fa4:	0038      	movs	r0, r7
10006fa6:	b005      	add	sp, #20
10006fa8:	bdf0      	pop	{r4, r5, r6, r7, pc}
10006faa:	0017      	movs	r7, r2
10006fac:	e7fa      	b.n	10006fa4 <_tu_fifo_write_n+0xe6>

10006fae <tu_fifo_config>:
10006fae:	b5f0      	push	{r4, r5, r6, r7, lr}
10006fb0:	b083      	sub	sp, #12
10006fb2:	0004      	movs	r4, r0
10006fb4:	9101      	str	r1, [sp, #4]
10006fb6:	0016      	movs	r6, r2
10006fb8:	001d      	movs	r5, r3
10006fba:	ab08      	add	r3, sp, #32
10006fbc:	781f      	ldrb	r7, [r3, #0]
10006fbe:	2380      	movs	r3, #128	@ 0x80
10006fc0:	021b      	lsls	r3, r3, #8
10006fc2:	429a      	cmp	r2, r3
10006fc4:	d82d      	bhi.n	10007022 <tu_fifo_config+0x74>
10006fc6:	68c0      	ldr	r0, [r0, #12]
10006fc8:	2800      	cmp	r0, #0
10006fca:	d003      	beq.n	10006fd4 <tu_fifo_config+0x26>
10006fcc:	2101      	movs	r1, #1
10006fce:	4249      	negs	r1, r1
10006fd0:	f001 feda 	bl	10008d88 <__mutex_enter_timeout_ms_veneer>
10006fd4:	6920      	ldr	r0, [r4, #16]
10006fd6:	2800      	cmp	r0, #0
10006fd8:	d003      	beq.n	10006fe2 <tu_fifo_config+0x34>
10006fda:	2101      	movs	r1, #1
10006fdc:	4249      	negs	r1, r1
10006fde:	f001 fed3 	bl	10008d88 <__mutex_enter_timeout_ms_veneer>
10006fe2:	9b01      	ldr	r3, [sp, #4]
10006fe4:	6023      	str	r3, [r4, #0]
10006fe6:	80a6      	strh	r6, [r4, #4]
10006fe8:	046d      	lsls	r5, r5, #17
10006fea:	0c6b      	lsrs	r3, r5, #17
10006fec:	88e2      	ldrh	r2, [r4, #6]
10006fee:	0bd2      	lsrs	r2, r2, #15
10006ff0:	03d5      	lsls	r5, r2, #15
10006ff2:	431d      	orrs	r5, r3
10006ff4:	80e5      	strh	r5, [r4, #6]
10006ff6:	01fb      	lsls	r3, r7, #7
10006ff8:	79e2      	ldrb	r2, [r4, #7]
10006ffa:	277f      	movs	r7, #127	@ 0x7f
10006ffc:	4017      	ands	r7, r2
10006ffe:	431f      	orrs	r7, r3
10007000:	71e7      	strb	r7, [r4, #7]
10007002:	2300      	movs	r3, #0
10007004:	8163      	strh	r3, [r4, #10]
10007006:	8123      	strh	r3, [r4, #8]
10007008:	68e0      	ldr	r0, [r4, #12]
1000700a:	2800      	cmp	r0, #0
1000700c:	d001      	beq.n	10007012 <tu_fifo_config+0x64>
1000700e:	f001 fe93 	bl	10008d38 <__mutex_exit_veneer>
10007012:	6920      	ldr	r0, [r4, #16]
10007014:	2800      	cmp	r0, #0
10007016:	d006      	beq.n	10007026 <tu_fifo_config+0x78>
10007018:	f001 fe8e 	bl	10008d38 <__mutex_exit_veneer>
1000701c:	2001      	movs	r0, #1
1000701e:	b003      	add	sp, #12
10007020:	bdf0      	pop	{r4, r5, r6, r7, pc}
10007022:	2000      	movs	r0, #0
10007024:	e7fb      	b.n	1000701e <tu_fifo_config+0x70>
10007026:	2001      	movs	r0, #1
10007028:	e7f9      	b.n	1000701e <tu_fifo_config+0x70>

1000702a <tu_fifo_count>:
1000702a:	8881      	ldrh	r1, [r0, #4]
1000702c:	8903      	ldrh	r3, [r0, #8]
1000702e:	b29b      	uxth	r3, r3
10007030:	8942      	ldrh	r2, [r0, #10]
10007032:	b292      	uxth	r2, r2
10007034:	4293      	cmp	r3, r2
10007036:	d307      	bcc.n	10007048 <tu_fifo_count+0x1e>
10007038:	1a9b      	subs	r3, r3, r2
1000703a:	b29b      	uxth	r3, r3
1000703c:	1c08      	adds	r0, r1, #0
1000703e:	4299      	cmp	r1, r3
10007040:	d900      	bls.n	10007044 <tu_fifo_count+0x1a>
10007042:	1c18      	adds	r0, r3, #0
10007044:	b280      	uxth	r0, r0
10007046:	4770      	bx	lr
10007048:	1a9b      	subs	r3, r3, r2
1000704a:	b29b      	uxth	r3, r3
1000704c:	004a      	lsls	r2, r1, #1
1000704e:	189b      	adds	r3, r3, r2
10007050:	b29b      	uxth	r3, r3
10007052:	e7f3      	b.n	1000703c <tu_fifo_count+0x12>

10007054 <tu_fifo_empty>:
10007054:	0003      	movs	r3, r0
10007056:	8900      	ldrh	r0, [r0, #8]
10007058:	895b      	ldrh	r3, [r3, #10]
1000705a:	1ac0      	subs	r0, r0, r3
1000705c:	4243      	negs	r3, r0
1000705e:	4158      	adcs	r0, r3
10007060:	b2c0      	uxtb	r0, r0
10007062:	4770      	bx	lr

10007064 <tu_fifo_full>:
10007064:	8881      	ldrh	r1, [r0, #4]
10007066:	8903      	ldrh	r3, [r0, #8]
10007068:	b29b      	uxth	r3, r3
1000706a:	8942      	ldrh	r2, [r0, #10]
1000706c:	b292      	uxth	r2, r2
1000706e:	4293      	cmp	r3, r2
10007070:	d306      	bcc.n	10007080 <tu_fifo_full+0x1c>
10007072:	1a9b      	subs	r3, r3, r2
10007074:	b29b      	uxth	r3, r3
10007076:	2000      	movs	r0, #0
10007078:	428b      	cmp	r3, r1
1000707a:	4140      	adcs	r0, r0
1000707c:	b2c0      	uxtb	r0, r0
1000707e:	4770      	bx	lr
10007080:	1a9b      	subs	r3, r3, r2
10007082:	b29b      	uxth	r3, r3
10007084:	004a      	lsls	r2, r1, #1
10007086:	189b      	adds	r3, r3, r2
10007088:	b29b      	uxth	r3, r3
1000708a:	e7f4      	b.n	10007076 <tu_fifo_full+0x12>

1000708c <tu_fifo_remaining>:
1000708c:	8882      	ldrh	r2, [r0, #4]
1000708e:	8903      	ldrh	r3, [r0, #8]
10007090:	b29b      	uxth	r3, r3
10007092:	8940      	ldrh	r0, [r0, #10]
10007094:	b280      	uxth	r0, r0
10007096:	4283      	cmp	r3, r0
10007098:	d306      	bcc.n	100070a8 <tu_fifo_remaining+0x1c>
1000709a:	1a1b      	subs	r3, r3, r0
1000709c:	b29b      	uxth	r3, r3
1000709e:	429a      	cmp	r2, r3
100070a0:	d908      	bls.n	100070b4 <tu_fifo_remaining+0x28>
100070a2:	1ad3      	subs	r3, r2, r3
100070a4:	b298      	uxth	r0, r3
100070a6:	4770      	bx	lr
100070a8:	1a1b      	subs	r3, r3, r0
100070aa:	b29b      	uxth	r3, r3
100070ac:	0050      	lsls	r0, r2, #1
100070ae:	181b      	adds	r3, r3, r0
100070b0:	b29b      	uxth	r3, r3
100070b2:	e7f4      	b.n	1000709e <tu_fifo_remaining+0x12>
100070b4:	2000      	movs	r0, #0
100070b6:	e7f6      	b.n	100070a6 <tu_fifo_remaining+0x1a>

100070b8 <tu_fifo_read>:
100070b8:	b570      	push	{r4, r5, r6, lr}
100070ba:	0004      	movs	r4, r0
100070bc:	000d      	movs	r5, r1
100070be:	6900      	ldr	r0, [r0, #16]
100070c0:	2800      	cmp	r0, #0
100070c2:	d003      	beq.n	100070cc <tu_fifo_read+0x14>
100070c4:	2101      	movs	r1, #1
100070c6:	4249      	negs	r1, r1
100070c8:	f001 fe5e 	bl	10008d88 <__mutex_enter_timeout_ms_veneer>
100070cc:	8922      	ldrh	r2, [r4, #8]
100070ce:	b292      	uxth	r2, r2
100070d0:	8963      	ldrh	r3, [r4, #10]
100070d2:	b29b      	uxth	r3, r3
100070d4:	0029      	movs	r1, r5
100070d6:	0020      	movs	r0, r4
100070d8:	f7ff fe02 	bl	10006ce0 <_tu_fifo_peek>
100070dc:	0005      	movs	r5, r0
100070de:	8961      	ldrh	r1, [r4, #10]
100070e0:	b289      	uxth	r1, r1
100070e2:	b282      	uxth	r2, r0
100070e4:	88a0      	ldrh	r0, [r4, #4]
100070e6:	f7ff fdee 	bl	10006cc6 <advance_index>
100070ea:	8160      	strh	r0, [r4, #10]
100070ec:	6920      	ldr	r0, [r4, #16]
100070ee:	2800      	cmp	r0, #0
100070f0:	d001      	beq.n	100070f6 <tu_fifo_read+0x3e>
100070f2:	f001 fe21 	bl	10008d38 <__mutex_exit_veneer>
100070f6:	0028      	movs	r0, r5
100070f8:	bd70      	pop	{r4, r5, r6, pc}

100070fa <tu_fifo_read_n>:
100070fa:	b510      	push	{r4, lr}
100070fc:	2300      	movs	r3, #0
100070fe:	f7ff fe83 	bl	10006e08 <_tu_fifo_read_n>
10007102:	bd10      	pop	{r4, pc}

10007104 <tu_fifo_write>:
10007104:	b5f8      	push	{r3, r4, r5, r6, r7, lr}
10007106:	0004      	movs	r4, r0
10007108:	000e      	movs	r6, r1
1000710a:	68c0      	ldr	r0, [r0, #12]
1000710c:	2800      	cmp	r0, #0
1000710e:	d003      	beq.n	10007118 <tu_fifo_write+0x14>
10007110:	2101      	movs	r1, #1
10007112:	4249      	negs	r1, r1
10007114:	f001 fe38 	bl	10008d88 <__mutex_enter_timeout_ms_veneer>
10007118:	8925      	ldrh	r5, [r4, #8]
1000711a:	b2ad      	uxth	r5, r5
1000711c:	0020      	movs	r0, r4
1000711e:	f7ff ffa1 	bl	10007064 <tu_fifo_full>
10007122:	2800      	cmp	r0, #0
10007124:	d002      	beq.n	1000712c <tu_fifo_write+0x28>
10007126:	79e7      	ldrb	r7, [r4, #7]
10007128:	09ff      	lsrs	r7, r7, #7
1000712a:	d016      	beq.n	1000715a <tu_fifo_write+0x56>
1000712c:	88a2      	ldrh	r2, [r4, #4]
1000712e:	002b      	movs	r3, r5
10007130:	e001      	b.n	10007136 <tu_fifo_write+0x32>
10007132:	1a9b      	subs	r3, r3, r2
10007134:	b29b      	uxth	r3, r3
10007136:	429a      	cmp	r2, r3
10007138:	d9fb      	bls.n	10007132 <tu_fifo_write+0x2e>
1000713a:	88e2      	ldrh	r2, [r4, #6]
1000713c:	0452      	lsls	r2, r2, #17
1000713e:	0c52      	lsrs	r2, r2, #17
10007140:	4353      	muls	r3, r2
10007142:	6821      	ldr	r1, [r4, #0]
10007144:	18c8      	adds	r0, r1, r3
10007146:	0031      	movs	r1, r6
10007148:	f7fc f81c 	bl	10003184 <__wrap___aeabi_memcpy>
1000714c:	88a0      	ldrh	r0, [r4, #4]
1000714e:	2201      	movs	r2, #1
10007150:	0029      	movs	r1, r5
10007152:	f7ff fdb8 	bl	10006cc6 <advance_index>
10007156:	8120      	strh	r0, [r4, #8]
10007158:	2701      	movs	r7, #1
1000715a:	68e0      	ldr	r0, [r4, #12]
1000715c:	2800      	cmp	r0, #0
1000715e:	d001      	beq.n	10007164 <tu_fifo_write+0x60>
10007160:	f001 fdea 	bl	10008d38 <__mutex_exit_veneer>
10007164:	0038      	movs	r0, r7
10007166:	bdf8      	pop	{r3, r4, r5, r6, r7, pc}

10007168 <tu_fifo_write_n>:
10007168:	b510      	push	{r4, lr}
1000716a:	2300      	movs	r3, #0
1000716c:	f7ff fea7 	bl	10006ebe <_tu_fifo_write_n>
10007170:	bd10      	pop	{r4, pc}

10007172 <tu_fifo_clear>:
10007172:	b510      	push	{r4, lr}
10007174:	0004      	movs	r4, r0
10007176:	68c0      	ldr	r0, [r0, #12]
10007178:	2800      	cmp	r0, #0
1000717a:	d003      	beq.n	10007184 <tu_fifo_clear+0x12>
1000717c:	2101      	movs	r1, #1
1000717e:	4249      	negs	r1, r1
10007180:	f001 fe02 	bl	10008d88 <__mutex_enter_timeout_ms_veneer>
10007184:	6920      	ldr	r0, [r4, #16]
10007186:	2800      	cmp	r0, #0
10007188:	d003      	beq.n	10007192 <tu_fifo_clear+0x20>
1000718a:	2101      	movs	r1, #1
1000718c:	4249      	negs	r1, r1
1000718e:	f001 fdfb 	bl	10008d88 <__mutex_enter_timeout_ms_veneer>
10007192:	2300      	movs	r3, #0
10007194:	8163      	strh	r3, [r4, #10]
10007196:	8123      	strh	r3, [r4, #8]
10007198:	68e0      	ldr	r0, [r4, #12]
1000719a:	2800      	cmp	r0, #0
1000719c:	d001      	beq.n	100071a2 <tu_fifo_clear+0x30>
1000719e:	f001 fdcb 	bl	10008d38 <__mutex_exit_veneer>
100071a2:	6920      	ldr	r0, [r4, #16]
100071a4:	2800      	cmp	r0, #0
100071a6:	d001      	beq.n	100071ac <tu_fifo_clear+0x3a>
100071a8:	f001 fdc6 	bl	10008d38 <__mutex_exit_veneer>
100071ac:	2001      	movs	r0, #1
100071ae:	bd10      	pop	{r4, pc}

100071b0 <tu_fifo_set_overwritable>:
100071b0:	b570      	push	{r4, r5, r6, lr}
100071b2:	0004      	movs	r4, r0
100071b4:	000d      	movs	r5, r1
100071b6:	68c0      	ldr	r0, [r0, #12]
100071b8:	2800      	cmp	r0, #0
100071ba:	d003      	beq.n	100071c4 <tu_fifo_set_overwritable+0x14>
100071bc:	2101      	movs	r1, #1
100071be:	4249      	negs	r1, r1
100071c0:	f001 fde2 	bl	10008d88 <__mutex_enter_timeout_ms_veneer>
100071c4:	6920      	ldr	r0, [r4, #16]
100071c6:	2800      	cmp	r0, #0
100071c8:	d003      	beq.n	100071d2 <tu_fifo_set_overwritable+0x22>
100071ca:	2101      	movs	r1, #1
100071cc:	4249      	negs	r1, r1
100071ce:	f001 fddb 	bl	10008d88 <__mutex_enter_timeout_ms_veneer>
100071d2:	01ed      	lsls	r5, r5, #7
100071d4:	79e3      	ldrb	r3, [r4, #7]
100071d6:	217f      	movs	r1, #127	@ 0x7f
100071d8:	4019      	ands	r1, r3
100071da:	4329      	orrs	r1, r5
100071dc:	71e1      	strb	r1, [r4, #7]
100071de:	68e0      	ldr	r0, [r4, #12]
100071e0:	2800      	cmp	r0, #0
100071e2:	d001      	beq.n	100071e8 <tu_fifo_set_overwritable+0x38>
100071e4:	f001 fda8 	bl	10008d38 <__mutex_exit_veneer>
100071e8:	6920      	ldr	r0, [r4, #16]
100071ea:	2800      	cmp	r0, #0
100071ec:	d001      	beq.n	100071f2 <tu_fifo_set_overwritable+0x42>
100071ee:	f001 fda3 	bl	10008d38 <__mutex_exit_veneer>
100071f2:	2001      	movs	r0, #1
100071f4:	bd70      	pop	{r4, r5, r6, pc}
	...

100071f8 <spi_set_baudrate>:
100071f8:	b5f8      	push	{r3, r4, r5, r6, r7, lr}
100071fa:	46de      	mov	lr, fp
100071fc:	4657      	mov	r7, sl
100071fe:	464e      	mov	r6, r9
10007200:	4645      	mov	r5, r8
10007202:	b5e0      	push	{r5, r6, r7, lr}
10007204:	4681      	mov	r9, r0
10007206:	000e      	movs	r6, r1
10007208:	2006      	movs	r0, #6
1000720a:	f7fa fe37 	bl	10001e7c <clock_get_hz>
1000720e:	4680      	mov	r8, r0
10007210:	464b      	mov	r3, r9
10007212:	685a      	ldr	r2, [r3, #4]
10007214:	2302      	movs	r3, #2
10007216:	401a      	ands	r2, r3
10007218:	4693      	mov	fp, r2
1000721a:	2204      	movs	r2, #4
1000721c:	444a      	add	r2, r9
1000721e:	4692      	mov	sl, r2
10007220:	4a21      	ldr	r2, [pc, #132]	@ (100072a8 <spi_set_baudrate+0xb0>)
10007222:	444a      	add	r2, r9
10007224:	6013      	str	r3, [r2, #0]
10007226:	2402      	movs	r4, #2
10007228:	e000      	b.n	1000722c <spi_set_baudrate+0x34>
1000722a:	3402      	adds	r4, #2
1000722c:	2cfe      	cmp	r4, #254	@ 0xfe
1000722e:	d81a      	bhi.n	10007266 <spi_set_baudrate+0x6e>
10007230:	2500      	movs	r5, #0
10007232:	0220      	lsls	r0, r4, #8
10007234:	0032      	movs	r2, r6
10007236:	2300      	movs	r3, #0
10007238:	2100      	movs	r1, #0
1000723a:	f7fb fee3 	bl	10003004 <__wrap___aeabi_lmul>
1000723e:	2900      	cmp	r1, #0
10007240:	d103      	bne.n	1000724a <spi_set_baudrate+0x52>
10007242:	42a9      	cmp	r1, r5
10007244:	d1f1      	bne.n	1000722a <spi_set_baudrate+0x32>
10007246:	4540      	cmp	r0, r8
10007248:	d9ef      	bls.n	1000722a <spi_set_baudrate+0x32>
1000724a:	2780      	movs	r7, #128	@ 0x80
1000724c:	007f      	lsls	r7, r7, #1
1000724e:	2f01      	cmp	r7, #1
10007250:	d90c      	bls.n	1000726c <spi_set_baudrate+0x74>
10007252:	1e7d      	subs	r5, r7, #1
10007254:	0021      	movs	r1, r4
10007256:	4369      	muls	r1, r5
10007258:	4640      	mov	r0, r8
1000725a:	f7fb f899 	bl	10002390 <__wrap___aeabi_uidiv>
1000725e:	42b0      	cmp	r0, r6
10007260:	d804      	bhi.n	1000726c <spi_set_baudrate+0x74>
10007262:	002f      	movs	r7, r5
10007264:	e7f3      	b.n	1000724e <spi_set_baudrate+0x56>
10007266:	2780      	movs	r7, #128	@ 0x80
10007268:	007f      	lsls	r7, r7, #1
1000726a:	e7f0      	b.n	1000724e <spi_set_baudrate+0x56>
1000726c:	464b      	mov	r3, r9
1000726e:	611c      	str	r4, [r3, #16]
10007270:	1e7b      	subs	r3, r7, #1
10007272:	021b      	lsls	r3, r3, #8
10007274:	464a      	mov	r2, r9
10007276:	6812      	ldr	r2, [r2, #0]
10007278:	4053      	eors	r3, r2
1000727a:	22ff      	movs	r2, #255	@ 0xff
1000727c:	0212      	lsls	r2, r2, #8
1000727e:	4013      	ands	r3, r2
10007280:	2080      	movs	r0, #128	@ 0x80
10007282:	0140      	lsls	r0, r0, #5
10007284:	4448      	add	r0, r9
10007286:	6003      	str	r3, [r0, #0]
10007288:	2380      	movs	r3, #128	@ 0x80
1000728a:	019b      	lsls	r3, r3, #6
1000728c:	4453      	add	r3, sl
1000728e:	465a      	mov	r2, fp
10007290:	601a      	str	r2, [r3, #0]
10007292:	0039      	movs	r1, r7
10007294:	4361      	muls	r1, r4
10007296:	4640      	mov	r0, r8
10007298:	f7fb f87a 	bl	10002390 <__wrap___aeabi_uidiv>
1000729c:	bcf0      	pop	{r4, r5, r6, r7}
1000729e:	46bb      	mov	fp, r7
100072a0:	46b2      	mov	sl, r6
100072a2:	46a9      	mov	r9, r5
100072a4:	46a0      	mov	r8, r4
100072a6:	bdf8      	pop	{r3, r4, r5, r6, r7, pc}
100072a8:	00003004 	.word	0x00003004

100072ac <spi_init>:
100072ac:	b570      	push	{r4, r5, r6, lr}
100072ae:	0004      	movs	r4, r0
100072b0:	4b1a      	ldr	r3, [pc, #104]	@ (1000731c <spi_init+0x70>)
100072b2:	4298      	cmp	r0, r3
100072b4:	d02d      	beq.n	10007312 <spi_init+0x66>
100072b6:	2211      	movs	r2, #17
100072b8:	2301      	movs	r3, #1
100072ba:	4093      	lsls	r3, r2
100072bc:	4a18      	ldr	r2, [pc, #96]	@ (10007320 <spi_init+0x74>)
100072be:	6013      	str	r3, [r2, #0]
100072c0:	4b16      	ldr	r3, [pc, #88]	@ (1000731c <spi_init+0x70>)
100072c2:	429c      	cmp	r4, r3
100072c4:	d027      	beq.n	10007316 <spi_init+0x6a>
100072c6:	2311      	movs	r3, #17
100072c8:	2201      	movs	r2, #1
100072ca:	409a      	lsls	r2, r3
100072cc:	4b15      	ldr	r3, [pc, #84]	@ (10007324 <spi_init+0x78>)
100072ce:	601a      	str	r2, [r3, #0]
100072d0:	4b15      	ldr	r3, [pc, #84]	@ (10007328 <spi_init+0x7c>)
100072d2:	681b      	ldr	r3, [r3, #0]
100072d4:	0010      	movs	r0, r2
100072d6:	4398      	bics	r0, r3
100072d8:	d1fa      	bne.n	100072d0 <spi_init+0x24>
100072da:	0020      	movs	r0, r4
100072dc:	f7ff ff8c 	bl	100071f8 <spi_set_baudrate>
100072e0:	6862      	ldr	r2, [r4, #4]
100072e2:	2302      	movs	r3, #2
100072e4:	401a      	ands	r2, r3
100072e6:	4911      	ldr	r1, [pc, #68]	@ (1000732c <spi_init+0x80>)
100072e8:	1861      	adds	r1, r4, r1
100072ea:	600b      	str	r3, [r1, #0]
100072ec:	6821      	ldr	r1, [r4, #0]
100072ee:	2507      	movs	r5, #7
100072f0:	404d      	eors	r5, r1
100072f2:	21cf      	movs	r1, #207	@ 0xcf
100072f4:	4029      	ands	r1, r5
100072f6:	2580      	movs	r5, #128	@ 0x80
100072f8:	016d      	lsls	r5, r5, #5
100072fa:	1965      	adds	r5, r4, r5
100072fc:	6029      	str	r1, [r5, #0]
100072fe:	490c      	ldr	r1, [pc, #48]	@ (10007330 <spi_init+0x84>)
10007300:	1861      	adds	r1, r4, r1
10007302:	600a      	str	r2, [r1, #0]
10007304:	4a0b      	ldr	r2, [pc, #44]	@ (10007334 <spi_init+0x88>)
10007306:	4694      	mov	ip, r2
10007308:	4464      	add	r4, ip
1000730a:	2203      	movs	r2, #3
1000730c:	6022      	str	r2, [r4, #0]
1000730e:	600b      	str	r3, [r1, #0]
10007310:	bd70      	pop	{r4, r5, r6, pc}
10007312:	2210      	movs	r2, #16
10007314:	e7d0      	b.n	100072b8 <spi_init+0xc>
10007316:	2310      	movs	r3, #16
10007318:	e7d6      	b.n	100072c8 <spi_init+0x1c>
1000731a:	46c0      	nop			@ (mov r8, r8)
1000731c:	4003c000 	.word	0x4003c000
10007320:	4000e000 	.word	0x4000e000
10007324:	4000f000 	.word	0x4000f000
10007328:	4000c008 	.word	0x4000c008
1000732c:	00003004 	.word	0x00003004
10007330:	00002004 	.word	0x00002004
10007334:	00002024 	.word	0x00002024

10007338 <dma_claim_unused_channel>:
10007338:	b500      	push	{lr}
1000733a:	b083      	sub	sp, #12
1000733c:	0001      	movs	r1, r0
1000733e:	4b04      	ldr	r3, [pc, #16]	@ (10007350 <dma_claim_unused_channel+0x18>)
10007340:	9300      	str	r3, [sp, #0]
10007342:	230b      	movs	r3, #11
10007344:	2200      	movs	r2, #0
10007346:	4803      	ldr	r0, [pc, #12]	@ (10007354 <dma_claim_unused_channel+0x1c>)
10007348:	f7f9 fc97 	bl	10000c7a <hw_claim_unused_from_range>
1000734c:	b003      	add	sp, #12
1000734e:	bd00      	pop	{pc}
10007350:	1000a64c 	.word	0x1000a64c
10007354:	20006520 	.word	0x20006520

10007358 <core1_trampoline>:
10007358:	bd03      	pop	{r0, r1, pc}

1000735a <core1_wrapper>:
1000735a:	b510      	push	{r4, lr}
1000735c:	0004      	movs	r4, r0
1000735e:	f7fa feff 	bl	10002160 <runtime_run_per_core_initializers>
10007362:	47a0      	blx	r4
10007364:	bd10      	pop	{r4, pc}

10007366 <multicore_fifo_push_blocking>:
10007366:	23d0      	movs	r3, #208	@ 0xd0
10007368:	061b      	lsls	r3, r3, #24
1000736a:	6d1b      	ldr	r3, [r3, #80]	@ 0x50
1000736c:	079b      	lsls	r3, r3, #30
1000736e:	d5fa      	bpl.n	10007366 <multicore_fifo_push_blocking>
10007370:	23d0      	movs	r3, #208	@ 0xd0
10007372:	061b      	lsls	r3, r3, #24
10007374:	6558      	str	r0, [r3, #84]	@ 0x54
10007376:	bf40      	sev
10007378:	4770      	bx	lr

1000737a <multicore_fifo_pop_blocking>:
1000737a:	e000      	b.n	1000737e <multicore_fifo_pop_blocking+0x4>
1000737c:	bf20      	wfe
1000737e:	23d0      	movs	r3, #208	@ 0xd0
10007380:	061b      	lsls	r3, r3, #24
10007382:	6d1b      	ldr	r3, [r3, #80]	@ 0x50
10007384:	07db      	lsls	r3, r3, #31
10007386:	d5f9      	bpl.n	1000737c <multicore_fifo_pop_blocking+0x2>
10007388:	23d0      	movs	r3, #208	@ 0xd0
1000738a:	061b      	lsls	r3, r3, #24
1000738c:	6d98      	ldr	r0, [r3, #88]	@ 0x58
1000738e:	4770      	bx	lr

10007390 <multicore_launch_core1_raw>:
10007390:	b5f0      	push	{r4, r5, r6, r7, lr}
10007392:	b087      	sub	sp, #28
10007394:	0004      	movs	r4, r0
10007396:	000d      	movs	r5, r1
10007398:	0017      	movs	r7, r2
1000739a:	200f      	movs	r0, #15
1000739c:	f7f9 fd4a 	bl	10000e34 <irq_is_enabled>
100073a0:	0006      	movs	r6, r0
100073a2:	2100      	movs	r1, #0
100073a4:	200f      	movs	r0, #15
100073a6:	f7f9 fd5f 	bl	10000e68 <irq_set_enabled>
100073aa:	2300      	movs	r3, #0
100073ac:	9300      	str	r3, [sp, #0]
100073ae:	9301      	str	r3, [sp, #4]
100073b0:	3301      	adds	r3, #1
100073b2:	9302      	str	r3, [sp, #8]
100073b4:	9703      	str	r7, [sp, #12]
100073b6:	9504      	str	r5, [sp, #16]
100073b8:	9405      	str	r4, [sp, #20]
100073ba:	2500      	movs	r5, #0
100073bc:	e000      	b.n	100073c0 <multicore_launch_core1_raw+0x30>
100073be:	2500      	movs	r5, #0
100073c0:	00ab      	lsls	r3, r5, #2
100073c2:	466a      	mov	r2, sp
100073c4:	589c      	ldr	r4, [r3, r2]
100073c6:	2c00      	cmp	r4, #0
100073c8:	d012      	beq.n	100073f0 <multicore_launch_core1_raw+0x60>
100073ca:	0020      	movs	r0, r4
100073cc:	f7ff ffcb 	bl	10007366 <multicore_fifo_push_blocking>
100073d0:	f7ff ffd3 	bl	1000737a <multicore_fifo_pop_blocking>
100073d4:	4284      	cmp	r4, r0
100073d6:	d1f2      	bne.n	100073be <multicore_launch_core1_raw+0x2e>
100073d8:	3501      	adds	r5, #1
100073da:	2d05      	cmp	r5, #5
100073dc:	d9f0      	bls.n	100073c0 <multicore_launch_core1_raw+0x30>
100073de:	0031      	movs	r1, r6
100073e0:	200f      	movs	r0, #15
100073e2:	f7f9 fd41 	bl	10000e68 <irq_set_enabled>
100073e6:	b007      	add	sp, #28
100073e8:	bdf0      	pop	{r4, r5, r6, r7, pc}
100073ea:	23d0      	movs	r3, #208	@ 0xd0
100073ec:	061b      	lsls	r3, r3, #24
100073ee:	6d9b      	ldr	r3, [r3, #88]	@ 0x58
100073f0:	23d0      	movs	r3, #208	@ 0xd0
100073f2:	061b      	lsls	r3, r3, #24
100073f4:	6d1b      	ldr	r3, [r3, #80]	@ 0x50
100073f6:	07db      	lsls	r3, r3, #31
100073f8:	d4f7      	bmi.n	100073ea <multicore_launch_core1_raw+0x5a>
100073fa:	bf40      	sev
100073fc:	e7e5      	b.n	100073ca <multicore_launch_core1_raw+0x3a>
	...

10007400 <multicore_launch_core1_with_stack>:
10007400:	b510      	push	{r4, lr}
10007402:	000c      	movs	r4, r1
10007404:	0793      	lsls	r3, r2, #30
10007406:	d111      	bne.n	1000742c <multicore_launch_core1_with_stack+0x2c>
10007408:	2303      	movs	r3, #3
1000740a:	439a      	bics	r2, r3
1000740c:	188b      	adds	r3, r1, r2
1000740e:	0019      	movs	r1, r3
10007410:	390c      	subs	r1, #12
10007412:	4a09      	ldr	r2, [pc, #36]	@ (10007438 <multicore_launch_core1_with_stack+0x38>)
10007414:	6892      	ldr	r2, [r2, #8]
10007416:	6008      	str	r0, [r1, #0]
10007418:	0018      	movs	r0, r3
1000741a:	3808      	subs	r0, #8
1000741c:	6004      	str	r4, [r0, #0]
1000741e:	3b04      	subs	r3, #4
10007420:	4806      	ldr	r0, [pc, #24]	@ (1000743c <multicore_launch_core1_with_stack+0x3c>)
10007422:	6018      	str	r0, [r3, #0]
10007424:	4806      	ldr	r0, [pc, #24]	@ (10007440 <multicore_launch_core1_with_stack+0x40>)
10007426:	f7ff ffb3 	bl	10007390 <multicore_launch_core1_raw>
1000742a:	bd10      	pop	{r4, pc}
1000742c:	4b05      	ldr	r3, [pc, #20]	@ (10007444 <multicore_launch_core1_with_stack+0x44>)
1000742e:	4a06      	ldr	r2, [pc, #24]	@ (10007448 <multicore_launch_core1_with_stack+0x48>)
10007430:	218e      	movs	r1, #142	@ 0x8e
10007432:	4806      	ldr	r0, [pc, #24]	@ (1000744c <multicore_launch_core1_with_stack+0x4c>)
10007434:	f7fc ffa0 	bl	10004378 <__assert_func>
10007438:	e000ed00 	.word	0xe000ed00
1000743c:	1000735b 	.word	0x1000735b
10007440:	10007359 	.word	0x10007359
10007444:	1000a6e0 	.word	0x1000a6e0
10007448:	1000a6fc 	.word	0x1000a6fc
1000744c:	1000a694 	.word	0x1000a694

10007450 <multicore_launch_core1>:
10007450:	b510      	push	{r4, lr}
10007452:	4a06      	ldr	r2, [pc, #24]	@ (1000746c <multicore_launch_core1+0x1c>)
10007454:	4b06      	ldr	r3, [pc, #24]	@ (10007470 <multicore_launch_core1+0x20>)
10007456:	429a      	cmp	r2, r3
10007458:	d305      	bcc.n	10007466 <multicore_launch_core1+0x16>
1000745a:	0011      	movs	r1, r2
1000745c:	2280      	movs	r2, #128	@ 0x80
1000745e:	0112      	lsls	r2, r2, #4
10007460:	f7ff ffce 	bl	10007400 <multicore_launch_core1_with_stack>
10007464:	bd10      	pop	{r4, pc}
10007466:	2101      	movs	r1, #1
10007468:	4249      	negs	r1, r1
1000746a:	e7f7      	b.n	1000745c <multicore_launch_core1+0xc>
1000746c:	20040800 	.word	0x20040800
10007470:	20040000 	.word	0x20040000

10007474 <__sflush_r>:
10007474:	b5f0      	push	{r4, r5, r6, r7, lr}
10007476:	46c6      	mov	lr, r8
10007478:	000c      	movs	r4, r1
1000747a:	b500      	push	{lr}
1000747c:	89a2      	ldrh	r2, [r4, #12]
1000747e:	4680      	mov	r8, r0
10007480:	230c      	movs	r3, #12
10007482:	5ec9      	ldrsh	r1, [r1, r3]
10007484:	0713      	lsls	r3, r2, #28
10007486:	d44c      	bmi.n	10007522 <__sflush_r+0xae>
10007488:	2380      	movs	r3, #128	@ 0x80
1000748a:	6862      	ldr	r2, [r4, #4]
1000748c:	011b      	lsls	r3, r3, #4
1000748e:	430b      	orrs	r3, r1
10007490:	81a3      	strh	r3, [r4, #12]
10007492:	2a00      	cmp	r2, #0
10007494:	dd66      	ble.n	10007564 <__sflush_r+0xf0>
10007496:	6aa6      	ldr	r6, [r4, #40]	@ 0x28
10007498:	2e00      	cmp	r6, #0
1000749a:	d03e      	beq.n	1000751a <__sflush_r+0xa6>
1000749c:	4642      	mov	r2, r8
1000749e:	4641      	mov	r1, r8
100074a0:	6815      	ldr	r5, [r2, #0]
100074a2:	2200      	movs	r2, #0
100074a4:	600a      	str	r2, [r1, #0]
100074a6:	b29a      	uxth	r2, r3
100074a8:	04db      	lsls	r3, r3, #19
100074aa:	d460      	bmi.n	1000756e <__sflush_r+0xfa>
100074ac:	2301      	movs	r3, #1
100074ae:	2200      	movs	r2, #0
100074b0:	4640      	mov	r0, r8
100074b2:	69e1      	ldr	r1, [r4, #28]
100074b4:	47b0      	blx	r6
100074b6:	1c43      	adds	r3, r0, #1
100074b8:	d068      	beq.n	1000758c <__sflush_r+0x118>
100074ba:	89a2      	ldrh	r2, [r4, #12]
100074bc:	6aa6      	ldr	r6, [r4, #40]	@ 0x28
100074be:	0753      	lsls	r3, r2, #29
100074c0:	d506      	bpl.n	100074d0 <__sflush_r+0x5c>
100074c2:	6863      	ldr	r3, [r4, #4]
100074c4:	1ac0      	subs	r0, r0, r3
100074c6:	6b23      	ldr	r3, [r4, #48]	@ 0x30
100074c8:	2b00      	cmp	r3, #0
100074ca:	d001      	beq.n	100074d0 <__sflush_r+0x5c>
100074cc:	6be3      	ldr	r3, [r4, #60]	@ 0x3c
100074ce:	1ac0      	subs	r0, r0, r3
100074d0:	2300      	movs	r3, #0
100074d2:	0002      	movs	r2, r0
100074d4:	69e1      	ldr	r1, [r4, #28]
100074d6:	4640      	mov	r0, r8
100074d8:	47b0      	blx	r6
100074da:	1c43      	adds	r3, r0, #1
100074dc:	d149      	bne.n	10007572 <__sflush_r+0xfe>
100074de:	4643      	mov	r3, r8
100074e0:	681b      	ldr	r3, [r3, #0]
100074e2:	2b00      	cmp	r3, #0
100074e4:	d045      	beq.n	10007572 <__sflush_r+0xfe>
100074e6:	2b1d      	cmp	r3, #29
100074e8:	d001      	beq.n	100074ee <__sflush_r+0x7a>
100074ea:	2b16      	cmp	r3, #22
100074ec:	d157      	bne.n	1000759e <__sflush_r+0x12a>
100074ee:	89a3      	ldrh	r3, [r4, #12]
100074f0:	4a2f      	ldr	r2, [pc, #188]	@ (100075b0 <__sflush_r+0x13c>)
100074f2:	4013      	ands	r3, r2
100074f4:	81a3      	strh	r3, [r4, #12]
100074f6:	2300      	movs	r3, #0
100074f8:	6063      	str	r3, [r4, #4]
100074fa:	6923      	ldr	r3, [r4, #16]
100074fc:	6023      	str	r3, [r4, #0]
100074fe:	4643      	mov	r3, r8
10007500:	6b21      	ldr	r1, [r4, #48]	@ 0x30
10007502:	601d      	str	r5, [r3, #0]
10007504:	2900      	cmp	r1, #0
10007506:	d008      	beq.n	1000751a <__sflush_r+0xa6>
10007508:	0023      	movs	r3, r4
1000750a:	3340      	adds	r3, #64	@ 0x40
1000750c:	4299      	cmp	r1, r3
1000750e:	d002      	beq.n	10007516 <__sflush_r+0xa2>
10007510:	4640      	mov	r0, r8
10007512:	f000 f9b7 	bl	10007884 <_free_r>
10007516:	2300      	movs	r3, #0
10007518:	6323      	str	r3, [r4, #48]	@ 0x30
1000751a:	2000      	movs	r0, #0
1000751c:	bc80      	pop	{r7}
1000751e:	46b8      	mov	r8, r7
10007520:	bdf0      	pop	{r4, r5, r6, r7, pc}
10007522:	6926      	ldr	r6, [r4, #16]
10007524:	2e00      	cmp	r6, #0
10007526:	d0f8      	beq.n	1000751a <__sflush_r+0xa6>
10007528:	6823      	ldr	r3, [r4, #0]
1000752a:	6026      	str	r6, [r4, #0]
1000752c:	1b9d      	subs	r5, r3, r6
1000752e:	2300      	movs	r3, #0
10007530:	0792      	lsls	r2, r2, #30
10007532:	d100      	bne.n	10007536 <__sflush_r+0xc2>
10007534:	6963      	ldr	r3, [r4, #20]
10007536:	60a3      	str	r3, [r4, #8]
10007538:	2d00      	cmp	r5, #0
1000753a:	dc04      	bgt.n	10007546 <__sflush_r+0xd2>
1000753c:	e7ed      	b.n	1000751a <__sflush_r+0xa6>
1000753e:	1836      	adds	r6, r6, r0
10007540:	1a2d      	subs	r5, r5, r0
10007542:	2d00      	cmp	r5, #0
10007544:	dde9      	ble.n	1000751a <__sflush_r+0xa6>
10007546:	002b      	movs	r3, r5
10007548:	0032      	movs	r2, r6
1000754a:	4640      	mov	r0, r8
1000754c:	69e1      	ldr	r1, [r4, #28]
1000754e:	6a67      	ldr	r7, [r4, #36]	@ 0x24
10007550:	47b8      	blx	r7
10007552:	2800      	cmp	r0, #0
10007554:	dcf3      	bgt.n	1000753e <__sflush_r+0xca>
10007556:	2240      	movs	r2, #64	@ 0x40
10007558:	2001      	movs	r0, #1
1000755a:	89a3      	ldrh	r3, [r4, #12]
1000755c:	4240      	negs	r0, r0
1000755e:	4313      	orrs	r3, r2
10007560:	81a3      	strh	r3, [r4, #12]
10007562:	e7db      	b.n	1000751c <__sflush_r+0xa8>
10007564:	6be2      	ldr	r2, [r4, #60]	@ 0x3c
10007566:	2a00      	cmp	r2, #0
10007568:	dd00      	ble.n	1000756c <__sflush_r+0xf8>
1000756a:	e794      	b.n	10007496 <__sflush_r+0x22>
1000756c:	e7d5      	b.n	1000751a <__sflush_r+0xa6>
1000756e:	6d20      	ldr	r0, [r4, #80]	@ 0x50
10007570:	e7a5      	b.n	100074be <__sflush_r+0x4a>
10007572:	89a3      	ldrh	r3, [r4, #12]
10007574:	4a0e      	ldr	r2, [pc, #56]	@ (100075b0 <__sflush_r+0x13c>)
10007576:	4013      	ands	r3, r2
10007578:	2200      	movs	r2, #0
1000757a:	6062      	str	r2, [r4, #4]
1000757c:	6922      	ldr	r2, [r4, #16]
1000757e:	b21b      	sxth	r3, r3
10007580:	81a3      	strh	r3, [r4, #12]
10007582:	6022      	str	r2, [r4, #0]
10007584:	04db      	lsls	r3, r3, #19
10007586:	d5ba      	bpl.n	100074fe <__sflush_r+0x8a>
10007588:	6520      	str	r0, [r4, #80]	@ 0x50
1000758a:	e7b8      	b.n	100074fe <__sflush_r+0x8a>
1000758c:	4643      	mov	r3, r8
1000758e:	681b      	ldr	r3, [r3, #0]
10007590:	2b00      	cmp	r3, #0
10007592:	d100      	bne.n	10007596 <__sflush_r+0x122>
10007594:	e791      	b.n	100074ba <__sflush_r+0x46>
10007596:	2b1d      	cmp	r3, #29
10007598:	d006      	beq.n	100075a8 <__sflush_r+0x134>
1000759a:	2b16      	cmp	r3, #22
1000759c:	d004      	beq.n	100075a8 <__sflush_r+0x134>
1000759e:	2240      	movs	r2, #64	@ 0x40
100075a0:	89a3      	ldrh	r3, [r4, #12]
100075a2:	4313      	orrs	r3, r2
100075a4:	81a3      	strh	r3, [r4, #12]
100075a6:	e7b9      	b.n	1000751c <__sflush_r+0xa8>
100075a8:	4643      	mov	r3, r8
100075aa:	2000      	movs	r0, #0
100075ac:	601d      	str	r5, [r3, #0]
100075ae:	e7b5      	b.n	1000751c <__sflush_r+0xa8>
100075b0:	fffff7ff 	.word	0xfffff7ff

100075b4 <_fflush_r>:
100075b4:	b570      	push	{r4, r5, r6, lr}
100075b6:	0005      	movs	r5, r0
100075b8:	000c      	movs	r4, r1
100075ba:	2800      	cmp	r0, #0
100075bc:	d002      	beq.n	100075c4 <_fflush_r+0x10>
100075be:	6b83      	ldr	r3, [r0, #56]	@ 0x38
100075c0:	2b00      	cmp	r3, #0
100075c2:	d015      	beq.n	100075f0 <_fflush_r+0x3c>
100075c4:	220c      	movs	r2, #12
100075c6:	5ea3      	ldrsh	r3, [r4, r2]
100075c8:	2b00      	cmp	r3, #0
100075ca:	d017      	beq.n	100075fc <_fflush_r+0x48>
100075cc:	6e62      	ldr	r2, [r4, #100]	@ 0x64
100075ce:	07d2      	lsls	r2, r2, #31
100075d0:	d401      	bmi.n	100075d6 <_fflush_r+0x22>
100075d2:	059b      	lsls	r3, r3, #22
100075d4:	d514      	bpl.n	10007600 <_fflush_r+0x4c>
100075d6:	0028      	movs	r0, r5
100075d8:	0021      	movs	r1, r4
100075da:	f7ff ff4b 	bl	10007474 <__sflush_r>
100075de:	6e63      	ldr	r3, [r4, #100]	@ 0x64
100075e0:	0005      	movs	r5, r0
100075e2:	07db      	lsls	r3, r3, #31
100075e4:	d402      	bmi.n	100075ec <_fflush_r+0x38>
100075e6:	89a3      	ldrh	r3, [r4, #12]
100075e8:	059b      	lsls	r3, r3, #22
100075ea:	d515      	bpl.n	10007618 <_fflush_r+0x64>
100075ec:	0028      	movs	r0, r5
100075ee:	bd70      	pop	{r4, r5, r6, pc}
100075f0:	f000 f85a 	bl	100076a8 <__sinit>
100075f4:	220c      	movs	r2, #12
100075f6:	5ea3      	ldrsh	r3, [r4, r2]
100075f8:	2b00      	cmp	r3, #0
100075fa:	d1e7      	bne.n	100075cc <_fflush_r+0x18>
100075fc:	2500      	movs	r5, #0
100075fe:	e7f5      	b.n	100075ec <_fflush_r+0x38>
10007600:	6da0      	ldr	r0, [r4, #88]	@ 0x58
10007602:	f000 fab1 	bl	10007b68 <__retarget_lock_acquire_recursive>
10007606:	0028      	movs	r0, r5
10007608:	0021      	movs	r1, r4
1000760a:	f7ff ff33 	bl	10007474 <__sflush_r>
1000760e:	6e63      	ldr	r3, [r4, #100]	@ 0x64
10007610:	0005      	movs	r5, r0
10007612:	07db      	lsls	r3, r3, #31
10007614:	d4ea      	bmi.n	100075ec <_fflush_r+0x38>
10007616:	e7e6      	b.n	100075e6 <_fflush_r+0x32>
10007618:	6da0      	ldr	r0, [r4, #88]	@ 0x58
1000761a:	f000 faa7 	bl	10007b6c <__retarget_lock_release_recursive>
1000761e:	e7e5      	b.n	100075ec <_fflush_r+0x38>

10007620 <fflush>:
10007620:	b570      	push	{r4, r5, r6, lr}
10007622:	1e04      	subs	r4, r0, #0
10007624:	d02a      	beq.n	1000767c <fflush+0x5c>
10007626:	4b19      	ldr	r3, [pc, #100]	@ (1000768c <fflush+0x6c>)
10007628:	681d      	ldr	r5, [r3, #0]
1000762a:	2d00      	cmp	r5, #0
1000762c:	d002      	beq.n	10007634 <fflush+0x14>
1000762e:	6bab      	ldr	r3, [r5, #56]	@ 0x38
10007630:	2b00      	cmp	r3, #0
10007632:	d017      	beq.n	10007664 <fflush+0x44>
10007634:	220c      	movs	r2, #12
10007636:	5ea3      	ldrsh	r3, [r4, r2]
10007638:	2b00      	cmp	r3, #0
1000763a:	d011      	beq.n	10007660 <fflush+0x40>
1000763c:	6e62      	ldr	r2, [r4, #100]	@ 0x64
1000763e:	07d2      	lsls	r2, r2, #31
10007640:	d401      	bmi.n	10007646 <fflush+0x26>
10007642:	059b      	lsls	r3, r3, #22
10007644:	d512      	bpl.n	1000766c <fflush+0x4c>
10007646:	0028      	movs	r0, r5
10007648:	0021      	movs	r1, r4
1000764a:	f7ff ff13 	bl	10007474 <__sflush_r>
1000764e:	6e63      	ldr	r3, [r4, #100]	@ 0x64
10007650:	0005      	movs	r5, r0
10007652:	07db      	lsls	r3, r3, #31
10007654:	d402      	bmi.n	1000765c <fflush+0x3c>
10007656:	89a3      	ldrh	r3, [r4, #12]
10007658:	059b      	lsls	r3, r3, #22
1000765a:	d50b      	bpl.n	10007674 <fflush+0x54>
1000765c:	0028      	movs	r0, r5
1000765e:	bd70      	pop	{r4, r5, r6, pc}
10007660:	2500      	movs	r5, #0
10007662:	e7fb      	b.n	1000765c <fflush+0x3c>
10007664:	0028      	movs	r0, r5
10007666:	f000 f81f 	bl	100076a8 <__sinit>
1000766a:	e7e3      	b.n	10007634 <fflush+0x14>
1000766c:	6da0      	ldr	r0, [r4, #88]	@ 0x58
1000766e:	f000 fa7b 	bl	10007b68 <__retarget_lock_acquire_recursive>
10007672:	e7e8      	b.n	10007646 <fflush+0x26>
10007674:	6da0      	ldr	r0, [r4, #88]	@ 0x58
10007676:	f000 fa79 	bl	10007b6c <__retarget_lock_release_recursive>
1000767a:	e7ef      	b.n	1000765c <fflush+0x3c>
1000767c:	4b04      	ldr	r3, [pc, #16]	@ (10007690 <fflush+0x70>)
1000767e:	4905      	ldr	r1, [pc, #20]	@ (10007694 <fflush+0x74>)
10007680:	6818      	ldr	r0, [r3, #0]
10007682:	f000 f9e1 	bl	10007a48 <_fwalk_reent>
10007686:	0005      	movs	r5, r0
10007688:	e7e8      	b.n	1000765c <fflush+0x3c>
1000768a:	46c0      	nop			@ (mov r8, r8)
1000768c:	20000d78 	.word	0x20000d78
10007690:	1000a720 	.word	0x1000a720
10007694:	100075b5 	.word	0x100075b5

10007698 <_cleanup_r>:
10007698:	b510      	push	{r4, lr}
1000769a:	4902      	ldr	r1, [pc, #8]	@ (100076a4 <_cleanup_r+0xc>)
1000769c:	f000 f9d4 	bl	10007a48 <_fwalk_reent>
100076a0:	bd10      	pop	{r4, pc}
100076a2:	46c0      	nop			@ (mov r8, r8)
100076a4:	100085d5 	.word	0x100085d5

100076a8 <__sinit>:
100076a8:	b5f8      	push	{r3, r4, r5, r6, r7, lr}
100076aa:	46de      	mov	lr, fp
100076ac:	4657      	mov	r7, sl
100076ae:	464e      	mov	r6, r9
100076b0:	4645      	mov	r5, r8
100076b2:	b5e0      	push	{r5, r6, r7, lr}
100076b4:	0006      	movs	r6, r0
100076b6:	4f3c      	ldr	r7, [pc, #240]	@ (100077a8 <__sinit+0x100>)
100076b8:	0038      	movs	r0, r7
100076ba:	f000 fa55 	bl	10007b68 <__retarget_lock_acquire_recursive>
100076be:	6bb4      	ldr	r4, [r6, #56]	@ 0x38
100076c0:	2c00      	cmp	r4, #0
100076c2:	d168      	bne.n	10007796 <__sinit+0xee>
100076c4:	4b39      	ldr	r3, [pc, #228]	@ (100077ac <__sinit+0x104>)
100076c6:	2203      	movs	r2, #3
100076c8:	63f3      	str	r3, [r6, #60]	@ 0x3c
100076ca:	23b8      	movs	r3, #184	@ 0xb8
100076cc:	009b      	lsls	r3, r3, #2
100076ce:	50f4      	str	r4, [r6, r3]
100076d0:	3304      	adds	r3, #4
100076d2:	6875      	ldr	r5, [r6, #4]
100076d4:	50f2      	str	r2, [r6, r3]
100076d6:	3308      	adds	r3, #8
100076d8:	18f2      	adds	r2, r6, r3
100076da:	3b04      	subs	r3, #4
100076dc:	50f2      	str	r2, [r6, r3]
100076de:	0028      	movs	r0, r5
100076e0:	2304      	movs	r3, #4
100076e2:	2208      	movs	r2, #8
100076e4:	2100      	movs	r1, #0
100076e6:	60eb      	str	r3, [r5, #12]
100076e8:	666c      	str	r4, [r5, #100]	@ 0x64
100076ea:	602c      	str	r4, [r5, #0]
100076ec:	606c      	str	r4, [r5, #4]
100076ee:	60ac      	str	r4, [r5, #8]
100076f0:	612c      	str	r4, [r5, #16]
100076f2:	616c      	str	r4, [r5, #20]
100076f4:	61ac      	str	r4, [r5, #24]
100076f6:	305c      	adds	r0, #92	@ 0x5c
100076f8:	f7fb fd3e 	bl	10003178 <__wrap_memset>
100076fc:	0028      	movs	r0, r5
100076fe:	4b2c      	ldr	r3, [pc, #176]	@ (100077b0 <__sinit+0x108>)
10007700:	61ed      	str	r5, [r5, #28]
10007702:	469b      	mov	fp, r3
10007704:	622b      	str	r3, [r5, #32]
10007706:	4b2b      	ldr	r3, [pc, #172]	@ (100077b4 <__sinit+0x10c>)
10007708:	3058      	adds	r0, #88	@ 0x58
1000770a:	469a      	mov	sl, r3
1000770c:	626b      	str	r3, [r5, #36]	@ 0x24
1000770e:	4b2a      	ldr	r3, [pc, #168]	@ (100077b8 <__sinit+0x110>)
10007710:	4699      	mov	r9, r3
10007712:	62ab      	str	r3, [r5, #40]	@ 0x28
10007714:	4b29      	ldr	r3, [pc, #164]	@ (100077bc <__sinit+0x114>)
10007716:	62eb      	str	r3, [r5, #44]	@ 0x2c
10007718:	4698      	mov	r8, r3
1000771a:	f000 fa21 	bl	10007b60 <__retarget_lock_init_recursive>
1000771e:	68b5      	ldr	r5, [r6, #8]
10007720:	4b27      	ldr	r3, [pc, #156]	@ (100077c0 <__sinit+0x118>)
10007722:	0028      	movs	r0, r5
10007724:	2208      	movs	r2, #8
10007726:	2100      	movs	r1, #0
10007728:	60eb      	str	r3, [r5, #12]
1000772a:	666c      	str	r4, [r5, #100]	@ 0x64
1000772c:	602c      	str	r4, [r5, #0]
1000772e:	606c      	str	r4, [r5, #4]
10007730:	60ac      	str	r4, [r5, #8]
10007732:	612c      	str	r4, [r5, #16]
10007734:	616c      	str	r4, [r5, #20]
10007736:	61ac      	str	r4, [r5, #24]
10007738:	305c      	adds	r0, #92	@ 0x5c
1000773a:	f7fb fd1d 	bl	10003178 <__wrap_memset>
1000773e:	465b      	mov	r3, fp
10007740:	622b      	str	r3, [r5, #32]
10007742:	4653      	mov	r3, sl
10007744:	626b      	str	r3, [r5, #36]	@ 0x24
10007746:	464b      	mov	r3, r9
10007748:	0028      	movs	r0, r5
1000774a:	62ab      	str	r3, [r5, #40]	@ 0x28
1000774c:	4643      	mov	r3, r8
1000774e:	61ed      	str	r5, [r5, #28]
10007750:	62eb      	str	r3, [r5, #44]	@ 0x2c
10007752:	3058      	adds	r0, #88	@ 0x58
10007754:	f000 fa04 	bl	10007b60 <__retarget_lock_init_recursive>
10007758:	68f5      	ldr	r5, [r6, #12]
1000775a:	4b1a      	ldr	r3, [pc, #104]	@ (100077c4 <__sinit+0x11c>)
1000775c:	0028      	movs	r0, r5
1000775e:	2208      	movs	r2, #8
10007760:	2100      	movs	r1, #0
10007762:	60eb      	str	r3, [r5, #12]
10007764:	666c      	str	r4, [r5, #100]	@ 0x64
10007766:	602c      	str	r4, [r5, #0]
10007768:	606c      	str	r4, [r5, #4]
1000776a:	60ac      	str	r4, [r5, #8]
1000776c:	612c      	str	r4, [r5, #16]
1000776e:	616c      	str	r4, [r5, #20]
10007770:	61ac      	str	r4, [r5, #24]
10007772:	305c      	adds	r0, #92	@ 0x5c
10007774:	f7fb fd00 	bl	10003178 <__wrap_memset>
10007778:	465b      	mov	r3, fp
1000777a:	622b      	str	r3, [r5, #32]
1000777c:	4653      	mov	r3, sl
1000777e:	626b      	str	r3, [r5, #36]	@ 0x24
10007780:	464b      	mov	r3, r9
10007782:	0028      	movs	r0, r5
10007784:	62ab      	str	r3, [r5, #40]	@ 0x28
10007786:	4643      	mov	r3, r8
10007788:	61ed      	str	r5, [r5, #28]
1000778a:	62eb      	str	r3, [r5, #44]	@ 0x2c
1000778c:	3058      	adds	r0, #88	@ 0x58
1000778e:	f000 f9e7 	bl	10007b60 <__retarget_lock_init_recursive>
10007792:	2301      	movs	r3, #1
10007794:	63b3      	str	r3, [r6, #56]	@ 0x38
10007796:	0038      	movs	r0, r7
10007798:	f000 f9e8 	bl	10007b6c <__retarget_lock_release_recursive>
1000779c:	bcf0      	pop	{r4, r5, r6, r7}
1000779e:	46bb      	mov	fp, r7
100077a0:	46b2      	mov	sl, r6
100077a2:	46a9      	mov	r9, r5
100077a4:	46a0      	mov	r8, r4
100077a6:	bdf8      	pop	{r3, r4, r5, r6, r7, pc}
100077a8:	20001774 	.word	0x20001774
100077ac:	10007699 	.word	0x10007699
100077b0:	1000848d 	.word	0x1000848d
100077b4:	100084b5 	.word	0x100084b5
100077b8:	100084f5 	.word	0x100084f5
100077bc:	10008521 	.word	0x10008521
100077c0:	00010009 	.word	0x00010009
100077c4:	00020012 	.word	0x00020012

100077c8 <__sfp_lock_acquire>:
100077c8:	b510      	push	{r4, lr}
100077ca:	4802      	ldr	r0, [pc, #8]	@ (100077d4 <__sfp_lock_acquire+0xc>)
100077cc:	f000 f9cc 	bl	10007b68 <__retarget_lock_acquire_recursive>
100077d0:	bd10      	pop	{r4, pc}
100077d2:	46c0      	nop			@ (mov r8, r8)
100077d4:	20001770 	.word	0x20001770

100077d8 <__sfp_lock_release>:
100077d8:	b510      	push	{r4, lr}
100077da:	4802      	ldr	r0, [pc, #8]	@ (100077e4 <__sfp_lock_release+0xc>)
100077dc:	f000 f9c6 	bl	10007b6c <__retarget_lock_release_recursive>
100077e0:	bd10      	pop	{r4, pc}
100077e2:	46c0      	nop			@ (mov r8, r8)
100077e4:	20001770 	.word	0x20001770

100077e8 <_malloc_trim_r>:
100077e8:	b5f8      	push	{r3, r4, r5, r6, r7, lr}
100077ea:	000c      	movs	r4, r1
100077ec:	0005      	movs	r5, r0
100077ee:	f000 fc81 	bl	100080f4 <__malloc_lock>
100077f2:	4f20      	ldr	r7, [pc, #128]	@ (10007874 <_malloc_trim_r+0x8c>)
100077f4:	68bb      	ldr	r3, [r7, #8]
100077f6:	685e      	ldr	r6, [r3, #4]
100077f8:	2303      	movs	r3, #3
100077fa:	439e      	bics	r6, r3
100077fc:	4b1e      	ldr	r3, [pc, #120]	@ (10007878 <_malloc_trim_r+0x90>)
100077fe:	1b34      	subs	r4, r6, r4
10007800:	469c      	mov	ip, r3
10007802:	4464      	add	r4, ip
10007804:	0b24      	lsrs	r4, r4, #12
10007806:	3c01      	subs	r4, #1
10007808:	3311      	adds	r3, #17
1000780a:	0324      	lsls	r4, r4, #12
1000780c:	429c      	cmp	r4, r3
1000780e:	db07      	blt.n	10007820 <_malloc_trim_r+0x38>
10007810:	2100      	movs	r1, #0
10007812:	0028      	movs	r0, r5
10007814:	f000 fe28 	bl	10008468 <_sbrk_r>
10007818:	68bb      	ldr	r3, [r7, #8]
1000781a:	199b      	adds	r3, r3, r6
1000781c:	4298      	cmp	r0, r3
1000781e:	d004      	beq.n	1000782a <_malloc_trim_r+0x42>
10007820:	0028      	movs	r0, r5
10007822:	f000 fc6f 	bl	10008104 <__malloc_unlock>
10007826:	2000      	movs	r0, #0
10007828:	bdf8      	pop	{r3, r4, r5, r6, r7, pc}
1000782a:	0028      	movs	r0, r5
1000782c:	4261      	negs	r1, r4
1000782e:	f000 fe1b 	bl	10008468 <_sbrk_r>
10007832:	1c43      	adds	r3, r0, #1
10007834:	d00d      	beq.n	10007852 <_malloc_trim_r+0x6a>
10007836:	2201      	movs	r2, #1
10007838:	68bb      	ldr	r3, [r7, #8]
1000783a:	1b36      	subs	r6, r6, r4
1000783c:	4316      	orrs	r6, r2
1000783e:	605e      	str	r6, [r3, #4]
10007840:	4b0e      	ldr	r3, [pc, #56]	@ (1000787c <_malloc_trim_r+0x94>)
10007842:	0028      	movs	r0, r5
10007844:	681a      	ldr	r2, [r3, #0]
10007846:	1b14      	subs	r4, r2, r4
10007848:	601c      	str	r4, [r3, #0]
1000784a:	f000 fc5b 	bl	10008104 <__malloc_unlock>
1000784e:	2001      	movs	r0, #1
10007850:	e7ea      	b.n	10007828 <_malloc_trim_r+0x40>
10007852:	2100      	movs	r1, #0
10007854:	0028      	movs	r0, r5
10007856:	f000 fe07 	bl	10008468 <_sbrk_r>
1000785a:	68ba      	ldr	r2, [r7, #8]
1000785c:	1a83      	subs	r3, r0, r2
1000785e:	2b0f      	cmp	r3, #15
10007860:	ddde      	ble.n	10007820 <_malloc_trim_r+0x38>
10007862:	4907      	ldr	r1, [pc, #28]	@ (10007880 <_malloc_trim_r+0x98>)
10007864:	6809      	ldr	r1, [r1, #0]
10007866:	1a40      	subs	r0, r0, r1
10007868:	4904      	ldr	r1, [pc, #16]	@ (1000787c <_malloc_trim_r+0x94>)
1000786a:	6008      	str	r0, [r1, #0]
1000786c:	2101      	movs	r1, #1
1000786e:	430b      	orrs	r3, r1
10007870:	6053      	str	r3, [r2, #4]
10007872:	e7d5      	b.n	10007820 <_malloc_trim_r+0x38>
10007874:	200011a8 	.word	0x200011a8
10007878:	00000fef 	.word	0x00000fef
1000787c:	20001778 	.word	0x20001778
10007880:	200015b0 	.word	0x200015b0

10007884 <_free_r>:
10007884:	b5f0      	push	{r4, r5, r6, r7, lr}
10007886:	46c6      	mov	lr, r8
10007888:	0005      	movs	r5, r0
1000788a:	000c      	movs	r4, r1
1000788c:	b500      	push	{lr}
1000788e:	2900      	cmp	r1, #0
10007890:	d04f      	beq.n	10007932 <_free_r+0xae>
10007892:	f000 fc2f 	bl	100080f4 <__malloc_lock>
10007896:	0021      	movs	r1, r4
10007898:	3908      	subs	r1, #8
1000789a:	684c      	ldr	r4, [r1, #4]
1000789c:	2601      	movs	r6, #1
1000789e:	0022      	movs	r2, r4
100078a0:	2003      	movs	r0, #3
100078a2:	43b2      	bics	r2, r6
100078a4:	188f      	adds	r7, r1, r2
100078a6:	687b      	ldr	r3, [r7, #4]
100078a8:	4383      	bics	r3, r0
100078aa:	4862      	ldr	r0, [pc, #392]	@ (10007a34 <_free_r+0x1b0>)
100078ac:	4698      	mov	r8, r3
100078ae:	6883      	ldr	r3, [r0, #8]
100078b0:	42bb      	cmp	r3, r7
100078b2:	d06a      	beq.n	1000798a <_free_r+0x106>
100078b4:	4643      	mov	r3, r8
100078b6:	607b      	str	r3, [r7, #4]
100078b8:	4226      	tst	r6, r4
100078ba:	d11e      	bne.n	100078fa <_free_r+0x76>
100078bc:	2308      	movs	r3, #8
100078be:	469c      	mov	ip, r3
100078c0:	680c      	ldr	r4, [r1, #0]
100078c2:	4484      	add	ip, r0
100078c4:	1b09      	subs	r1, r1, r4
100078c6:	1912      	adds	r2, r2, r4
100078c8:	688c      	ldr	r4, [r1, #8]
100078ca:	4564      	cmp	r4, ip
100078cc:	d04f      	beq.n	1000796e <_free_r+0xea>
100078ce:	68cb      	ldr	r3, [r1, #12]
100078d0:	60e3      	str	r3, [r4, #12]
100078d2:	609c      	str	r4, [r3, #8]
100078d4:	4643      	mov	r3, r8
100078d6:	18fc      	adds	r4, r7, r3
100078d8:	6864      	ldr	r4, [r4, #4]
100078da:	4234      	tst	r4, r6
100078dc:	d111      	bne.n	10007902 <_free_r+0x7e>
100078de:	68bb      	ldr	r3, [r7, #8]
100078e0:	4c55      	ldr	r4, [pc, #340]	@ (10007a38 <_free_r+0x1b4>)
100078e2:	4442      	add	r2, r8
100078e4:	42a3      	cmp	r3, r4
100078e6:	d100      	bne.n	100078ea <_free_r+0x66>
100078e8:	e07e      	b.n	100079e8 <_free_r+0x164>
100078ea:	68fc      	ldr	r4, [r7, #12]
100078ec:	60dc      	str	r4, [r3, #12]
100078ee:	60a3      	str	r3, [r4, #8]
100078f0:	2301      	movs	r3, #1
100078f2:	4313      	orrs	r3, r2
100078f4:	604b      	str	r3, [r1, #4]
100078f6:	508a      	str	r2, [r1, r2]
100078f8:	e006      	b.n	10007908 <_free_r+0x84>
100078fa:	18fc      	adds	r4, r7, r3
100078fc:	6864      	ldr	r4, [r4, #4]
100078fe:	4234      	tst	r4, r6
10007900:	d0ed      	beq.n	100078de <_free_r+0x5a>
10007902:	4316      	orrs	r6, r2
10007904:	604e      	str	r6, [r1, #4]
10007906:	603a      	str	r2, [r7, #0]
10007908:	2380      	movs	r3, #128	@ 0x80
1000790a:	009b      	lsls	r3, r3, #2
1000790c:	429a      	cmp	r2, r3
1000790e:	d213      	bcs.n	10007938 <_free_r+0xb4>
10007910:	0954      	lsrs	r4, r2, #5
10007912:	08d3      	lsrs	r3, r2, #3
10007914:	2201      	movs	r2, #1
10007916:	40a2      	lsls	r2, r4
10007918:	6844      	ldr	r4, [r0, #4]
1000791a:	00db      	lsls	r3, r3, #3
1000791c:	4322      	orrs	r2, r4
1000791e:	6042      	str	r2, [r0, #4]
10007920:	1818      	adds	r0, r3, r0
10007922:	6883      	ldr	r3, [r0, #8]
10007924:	60c8      	str	r0, [r1, #12]
10007926:	608b      	str	r3, [r1, #8]
10007928:	6081      	str	r1, [r0, #8]
1000792a:	60d9      	str	r1, [r3, #12]
1000792c:	0028      	movs	r0, r5
1000792e:	f000 fbe9 	bl	10008104 <__malloc_unlock>
10007932:	bc80      	pop	{r7}
10007934:	46b8      	mov	r8, r7
10007936:	bdf0      	pop	{r4, r5, r6, r7, pc}
10007938:	0a53      	lsrs	r3, r2, #9
1000793a:	2b04      	cmp	r3, #4
1000793c:	d83e      	bhi.n	100079bc <_free_r+0x138>
1000793e:	0994      	lsrs	r4, r2, #6
10007940:	0026      	movs	r6, r4
10007942:	3439      	adds	r4, #57	@ 0x39
10007944:	3638      	adds	r6, #56	@ 0x38
10007946:	00e4      	lsls	r4, r4, #3
10007948:	1904      	adds	r4, r0, r4
1000794a:	6823      	ldr	r3, [r4, #0]
1000794c:	3c08      	subs	r4, #8
1000794e:	2703      	movs	r7, #3
10007950:	429c      	cmp	r4, r3
10007952:	d042      	beq.n	100079da <_free_r+0x156>
10007954:	6858      	ldr	r0, [r3, #4]
10007956:	43b8      	bics	r0, r7
10007958:	4290      	cmp	r0, r2
1000795a:	d902      	bls.n	10007962 <_free_r+0xde>
1000795c:	689b      	ldr	r3, [r3, #8]
1000795e:	429c      	cmp	r4, r3
10007960:	d1f8      	bne.n	10007954 <_free_r+0xd0>
10007962:	68dc      	ldr	r4, [r3, #12]
10007964:	60cc      	str	r4, [r1, #12]
10007966:	608b      	str	r3, [r1, #8]
10007968:	60a1      	str	r1, [r4, #8]
1000796a:	60d9      	str	r1, [r3, #12]
1000796c:	e7de      	b.n	1000792c <_free_r+0xa8>
1000796e:	4643      	mov	r3, r8
10007970:	18f8      	adds	r0, r7, r3
10007972:	6840      	ldr	r0, [r0, #4]
10007974:	4230      	tst	r0, r6
10007976:	d157      	bne.n	10007a28 <_free_r+0x1a4>
10007978:	68fb      	ldr	r3, [r7, #12]
1000797a:	68b8      	ldr	r0, [r7, #8]
1000797c:	4442      	add	r2, r8
1000797e:	4316      	orrs	r6, r2
10007980:	60c3      	str	r3, [r0, #12]
10007982:	6098      	str	r0, [r3, #8]
10007984:	604e      	str	r6, [r1, #4]
10007986:	508a      	str	r2, [r1, r2]
10007988:	e7d0      	b.n	1000792c <_free_r+0xa8>
1000798a:	0013      	movs	r3, r2
1000798c:	4443      	add	r3, r8
1000798e:	4226      	tst	r6, r4
10007990:	d106      	bne.n	100079a0 <_free_r+0x11c>
10007992:	680a      	ldr	r2, [r1, #0]
10007994:	1a89      	subs	r1, r1, r2
10007996:	688c      	ldr	r4, [r1, #8]
10007998:	189b      	adds	r3, r3, r2
1000799a:	68ca      	ldr	r2, [r1, #12]
1000799c:	60e2      	str	r2, [r4, #12]
1000799e:	6094      	str	r4, [r2, #8]
100079a0:	2201      	movs	r2, #1
100079a2:	431a      	orrs	r2, r3
100079a4:	604a      	str	r2, [r1, #4]
100079a6:	4a25      	ldr	r2, [pc, #148]	@ (10007a3c <_free_r+0x1b8>)
100079a8:	6081      	str	r1, [r0, #8]
100079aa:	6812      	ldr	r2, [r2, #0]
100079ac:	429a      	cmp	r2, r3
100079ae:	d8bd      	bhi.n	1000792c <_free_r+0xa8>
100079b0:	4b23      	ldr	r3, [pc, #140]	@ (10007a40 <_free_r+0x1bc>)
100079b2:	0028      	movs	r0, r5
100079b4:	6819      	ldr	r1, [r3, #0]
100079b6:	f7ff ff17 	bl	100077e8 <_malloc_trim_r>
100079ba:	e7b7      	b.n	1000792c <_free_r+0xa8>
100079bc:	2b14      	cmp	r3, #20
100079be:	d907      	bls.n	100079d0 <_free_r+0x14c>
100079c0:	2b54      	cmp	r3, #84	@ 0x54
100079c2:	d81a      	bhi.n	100079fa <_free_r+0x176>
100079c4:	0b14      	lsrs	r4, r2, #12
100079c6:	0026      	movs	r6, r4
100079c8:	346f      	adds	r4, #111	@ 0x6f
100079ca:	366e      	adds	r6, #110	@ 0x6e
100079cc:	00e4      	lsls	r4, r4, #3
100079ce:	e7bb      	b.n	10007948 <_free_r+0xc4>
100079d0:	001e      	movs	r6, r3
100079d2:	335c      	adds	r3, #92	@ 0x5c
100079d4:	365b      	adds	r6, #91	@ 0x5b
100079d6:	00dc      	lsls	r4, r3, #3
100079d8:	e7b6      	b.n	10007948 <_free_r+0xc4>
100079da:	2201      	movs	r2, #1
100079dc:	10b6      	asrs	r6, r6, #2
100079de:	40b2      	lsls	r2, r6
100079e0:	6846      	ldr	r6, [r0, #4]
100079e2:	4332      	orrs	r2, r6
100079e4:	6042      	str	r2, [r0, #4]
100079e6:	e7bd      	b.n	10007964 <_free_r+0xe0>
100079e8:	60d9      	str	r1, [r3, #12]
100079ea:	6099      	str	r1, [r3, #8]
100079ec:	60cb      	str	r3, [r1, #12]
100079ee:	608b      	str	r3, [r1, #8]
100079f0:	2301      	movs	r3, #1
100079f2:	4313      	orrs	r3, r2
100079f4:	604b      	str	r3, [r1, #4]
100079f6:	508a      	str	r2, [r1, r2]
100079f8:	e798      	b.n	1000792c <_free_r+0xa8>
100079fa:	24aa      	movs	r4, #170	@ 0xaa
100079fc:	0064      	lsls	r4, r4, #1
100079fe:	42a3      	cmp	r3, r4
10007a00:	d805      	bhi.n	10007a0e <_free_r+0x18a>
10007a02:	0bd4      	lsrs	r4, r2, #15
10007a04:	0026      	movs	r6, r4
10007a06:	3478      	adds	r4, #120	@ 0x78
10007a08:	3677      	adds	r6, #119	@ 0x77
10007a0a:	00e4      	lsls	r4, r4, #3
10007a0c:	e79c      	b.n	10007948 <_free_r+0xc4>
10007a0e:	4c0d      	ldr	r4, [pc, #52]	@ (10007a44 <_free_r+0x1c0>)
10007a10:	42a3      	cmp	r3, r4
10007a12:	d805      	bhi.n	10007a20 <_free_r+0x19c>
10007a14:	0c94      	lsrs	r4, r2, #18
10007a16:	0026      	movs	r6, r4
10007a18:	347d      	adds	r4, #125	@ 0x7d
10007a1a:	367c      	adds	r6, #124	@ 0x7c
10007a1c:	00e4      	lsls	r4, r4, #3
10007a1e:	e793      	b.n	10007948 <_free_r+0xc4>
10007a20:	24fe      	movs	r4, #254	@ 0xfe
10007a22:	267e      	movs	r6, #126	@ 0x7e
10007a24:	00a4      	lsls	r4, r4, #2
10007a26:	e78f      	b.n	10007948 <_free_r+0xc4>
10007a28:	0033      	movs	r3, r6
10007a2a:	4313      	orrs	r3, r2
10007a2c:	604b      	str	r3, [r1, #4]
10007a2e:	603a      	str	r2, [r7, #0]
10007a30:	e77c      	b.n	1000792c <_free_r+0xa8>
10007a32:	46c0      	nop			@ (mov r8, r8)
10007a34:	200011a8 	.word	0x200011a8
10007a38:	200011b0 	.word	0x200011b0
10007a3c:	200015b4 	.word	0x200015b4
10007a40:	200017a8 	.word	0x200017a8
10007a44:	00000554 	.word	0x00000554

10007a48 <_fwalk_reent>:
10007a48:	b5f8      	push	{r3, r4, r5, r6, r7, lr}
10007a4a:	4647      	mov	r7, r8
10007a4c:	46ce      	mov	lr, r9
10007a4e:	b580      	push	{r7, lr}
10007a50:	27b8      	movs	r7, #184	@ 0xb8
10007a52:	4680      	mov	r8, r0
10007a54:	4689      	mov	r9, r1
10007a56:	2600      	movs	r6, #0
10007a58:	00bf      	lsls	r7, r7, #2
10007a5a:	4447      	add	r7, r8
10007a5c:	687b      	ldr	r3, [r7, #4]
10007a5e:	68bc      	ldr	r4, [r7, #8]
10007a60:	1e5d      	subs	r5, r3, #1
10007a62:	d40d      	bmi.n	10007a80 <_fwalk_reent+0x38>
10007a64:	89a3      	ldrh	r3, [r4, #12]
10007a66:	2b01      	cmp	r3, #1
10007a68:	d907      	bls.n	10007a7a <_fwalk_reent+0x32>
10007a6a:	220e      	movs	r2, #14
10007a6c:	5ea3      	ldrsh	r3, [r4, r2]
10007a6e:	3301      	adds	r3, #1
10007a70:	d003      	beq.n	10007a7a <_fwalk_reent+0x32>
10007a72:	0021      	movs	r1, r4
10007a74:	4640      	mov	r0, r8
10007a76:	47c8      	blx	r9
10007a78:	4306      	orrs	r6, r0
10007a7a:	3468      	adds	r4, #104	@ 0x68
10007a7c:	3d01      	subs	r5, #1
10007a7e:	d2f1      	bcs.n	10007a64 <_fwalk_reent+0x1c>
10007a80:	683f      	ldr	r7, [r7, #0]
10007a82:	2f00      	cmp	r7, #0
10007a84:	d1ea      	bne.n	10007a5c <_fwalk_reent+0x14>
10007a86:	0030      	movs	r0, r6
10007a88:	bcc0      	pop	{r6, r7}
10007a8a:	46b9      	mov	r9, r7
10007a8c:	46b0      	mov	r8, r6
10007a8e:	bdf8      	pop	{r3, r4, r5, r6, r7, pc}

10007a90 <_fwrite_r>:
10007a90:	b5f0      	push	{r4, r5, r6, r7, lr}
10007a92:	46c6      	mov	lr, r8
10007a94:	b500      	push	{lr}
10007a96:	001d      	movs	r5, r3
10007a98:	0017      	movs	r7, r2
10007a9a:	b086      	sub	sp, #24
10007a9c:	ab01      	add	r3, sp, #4
10007a9e:	9303      	str	r3, [sp, #12]
10007aa0:	2301      	movs	r3, #1
10007aa2:	436f      	muls	r7, r5
10007aa4:	1e06      	subs	r6, r0, #0
10007aa6:	4690      	mov	r8, r2
10007aa8:	9c0c      	ldr	r4, [sp, #48]	@ 0x30
10007aaa:	9101      	str	r1, [sp, #4]
10007aac:	9702      	str	r7, [sp, #8]
10007aae:	9705      	str	r7, [sp, #20]
10007ab0:	9304      	str	r3, [sp, #16]
10007ab2:	d002      	beq.n	10007aba <_fwrite_r+0x2a>
10007ab4:	6b83      	ldr	r3, [r0, #56]	@ 0x38
10007ab6:	2b00      	cmp	r3, #0
10007ab8:	d034      	beq.n	10007b24 <_fwrite_r+0x94>
10007aba:	6e63      	ldr	r3, [r4, #100]	@ 0x64
10007abc:	07db      	lsls	r3, r3, #31
10007abe:	d426      	bmi.n	10007b0e <_fwrite_r+0x7e>
10007ac0:	89a2      	ldrh	r2, [r4, #12]
10007ac2:	230c      	movs	r3, #12
10007ac4:	5ee1      	ldrsh	r1, [r4, r3]
10007ac6:	0593      	lsls	r3, r2, #22
10007ac8:	d51e      	bpl.n	10007b08 <_fwrite_r+0x78>
10007aca:	2380      	movs	r3, #128	@ 0x80
10007acc:	019b      	lsls	r3, r3, #6
10007ace:	421a      	tst	r2, r3
10007ad0:	d105      	bne.n	10007ade <_fwrite_r+0x4e>
10007ad2:	430b      	orrs	r3, r1
10007ad4:	6e62      	ldr	r2, [r4, #100]	@ 0x64
10007ad6:	81a3      	strh	r3, [r4, #12]
10007ad8:	4b18      	ldr	r3, [pc, #96]	@ (10007b3c <_fwrite_r+0xac>)
10007ada:	4013      	ands	r3, r2
10007adc:	6663      	str	r3, [r4, #100]	@ 0x64
10007ade:	0021      	movs	r1, r4
10007ae0:	0030      	movs	r0, r6
10007ae2:	aa03      	add	r2, sp, #12
10007ae4:	f000 fde4 	bl	100086b0 <__sfvwrite_r>
10007ae8:	6e63      	ldr	r3, [r4, #100]	@ 0x64
10007aea:	2800      	cmp	r0, #0
10007aec:	d01d      	beq.n	10007b2a <_fwrite_r+0x9a>
10007aee:	07db      	lsls	r3, r3, #31
10007af0:	d511      	bpl.n	10007b16 <_fwrite_r+0x86>
10007af2:	9805      	ldr	r0, [sp, #20]
10007af4:	4641      	mov	r1, r8
10007af6:	1a38      	subs	r0, r7, r0
10007af8:	f7fa fc4a 	bl	10002390 <__wrap___aeabi_uidiv>
10007afc:	0005      	movs	r5, r0
10007afe:	0028      	movs	r0, r5
10007b00:	b006      	add	sp, #24
10007b02:	bc80      	pop	{r7}
10007b04:	46b8      	mov	r8, r7
10007b06:	bdf0      	pop	{r4, r5, r6, r7, pc}
10007b08:	6da0      	ldr	r0, [r4, #88]	@ 0x58
10007b0a:	f000 f82d 	bl	10007b68 <__retarget_lock_acquire_recursive>
10007b0e:	230c      	movs	r3, #12
10007b10:	5ee1      	ldrsh	r1, [r4, r3]
10007b12:	89a2      	ldrh	r2, [r4, #12]
10007b14:	e7d9      	b.n	10007aca <_fwrite_r+0x3a>
10007b16:	89a3      	ldrh	r3, [r4, #12]
10007b18:	059b      	lsls	r3, r3, #22
10007b1a:	d4ea      	bmi.n	10007af2 <_fwrite_r+0x62>
10007b1c:	6da0      	ldr	r0, [r4, #88]	@ 0x58
10007b1e:	f000 f825 	bl	10007b6c <__retarget_lock_release_recursive>
10007b22:	e7e6      	b.n	10007af2 <_fwrite_r+0x62>
10007b24:	f7ff fdc0 	bl	100076a8 <__sinit>
10007b28:	e7c7      	b.n	10007aba <_fwrite_r+0x2a>
10007b2a:	07db      	lsls	r3, r3, #31
10007b2c:	d4e7      	bmi.n	10007afe <_fwrite_r+0x6e>
10007b2e:	89a3      	ldrh	r3, [r4, #12]
10007b30:	059b      	lsls	r3, r3, #22
10007b32:	d4e4      	bmi.n	10007afe <_fwrite_r+0x6e>
10007b34:	6da0      	ldr	r0, [r4, #88]	@ 0x58
10007b36:	f000 f819 	bl	10007b6c <__retarget_lock_release_recursive>
10007b3a:	e7e0      	b.n	10007afe <_fwrite_r+0x6e>
10007b3c:	ffffdfff 	.word	0xffffdfff

10007b40 <fwrite>:
10007b40:	b510      	push	{r4, lr}
10007b42:	0004      	movs	r4, r0
10007b44:	4805      	ldr	r0, [pc, #20]	@ (10007b5c <fwrite+0x1c>)
10007b46:	b082      	sub	sp, #8
10007b48:	6800      	ldr	r0, [r0, #0]
10007b4a:	9300      	str	r3, [sp, #0]
10007b4c:	0013      	movs	r3, r2
10007b4e:	000a      	movs	r2, r1
10007b50:	0021      	movs	r1, r4
10007b52:	f7ff ff9d 	bl	10007a90 <_fwrite_r>
10007b56:	b002      	add	sp, #8
10007b58:	bd10      	pop	{r4, pc}
10007b5a:	46c0      	nop			@ (mov r8, r8)
10007b5c:	20000d78 	.word	0x20000d78

10007b60 <__retarget_lock_init_recursive>:
10007b60:	4770      	bx	lr
10007b62:	46c0      	nop			@ (mov r8, r8)

10007b64 <__retarget_lock_close_recursive>:
10007b64:	4770      	bx	lr
10007b66:	46c0      	nop			@ (mov r8, r8)

10007b68 <__retarget_lock_acquire_recursive>:
10007b68:	4770      	bx	lr
10007b6a:	46c0      	nop			@ (mov r8, r8)

10007b6c <__retarget_lock_release_recursive>:
10007b6c:	4770      	bx	lr
10007b6e:	46c0      	nop			@ (mov r8, r8)

10007b70 <_malloc_r>:
10007b70:	b5f0      	push	{r4, r5, r6, r7, lr}
10007b72:	464e      	mov	r6, r9
10007b74:	4645      	mov	r5, r8
10007b76:	46de      	mov	lr, fp
10007b78:	4657      	mov	r7, sl
10007b7a:	b5e0      	push	{r5, r6, r7, lr}
10007b7c:	000d      	movs	r5, r1
10007b7e:	350b      	adds	r5, #11
10007b80:	0006      	movs	r6, r0
10007b82:	b083      	sub	sp, #12
10007b84:	2d16      	cmp	r5, #22
10007b86:	d822      	bhi.n	10007bce <_malloc_r+0x5e>
10007b88:	2910      	cmp	r1, #16
10007b8a:	d900      	bls.n	10007b8e <_malloc_r+0x1e>
10007b8c:	e0b2      	b.n	10007cf4 <_malloc_r+0x184>
10007b8e:	f000 fab1 	bl	100080f4 <__malloc_lock>
10007b92:	2510      	movs	r5, #16
10007b94:	2318      	movs	r3, #24
10007b96:	2002      	movs	r0, #2
10007b98:	4fcc      	ldr	r7, [pc, #816]	@ (10007ecc <_malloc_r+0x35c>)
10007b9a:	18fb      	adds	r3, r7, r3
10007b9c:	001a      	movs	r2, r3
10007b9e:	685c      	ldr	r4, [r3, #4]
10007ba0:	3a08      	subs	r2, #8
10007ba2:	4294      	cmp	r4, r2
10007ba4:	d100      	bne.n	10007ba8 <_malloc_r+0x38>
10007ba6:	e0b5      	b.n	10007d14 <_malloc_r+0x1a4>
10007ba8:	2303      	movs	r3, #3
10007baa:	6862      	ldr	r2, [r4, #4]
10007bac:	439a      	bics	r2, r3
10007bae:	0013      	movs	r3, r2
10007bb0:	68e2      	ldr	r2, [r4, #12]
10007bb2:	68a1      	ldr	r1, [r4, #8]
10007bb4:	60ca      	str	r2, [r1, #12]
10007bb6:	6091      	str	r1, [r2, #8]
10007bb8:	2201      	movs	r2, #1
10007bba:	18e3      	adds	r3, r4, r3
10007bbc:	6859      	ldr	r1, [r3, #4]
10007bbe:	0030      	movs	r0, r6
10007bc0:	430a      	orrs	r2, r1
10007bc2:	605a      	str	r2, [r3, #4]
10007bc4:	f000 fa9e 	bl	10008104 <__malloc_unlock>
10007bc8:	0020      	movs	r0, r4
10007bca:	3008      	adds	r0, #8
10007bcc:	e095      	b.n	10007cfa <_malloc_r+0x18a>
10007bce:	2307      	movs	r3, #7
10007bd0:	439d      	bics	r5, r3
10007bd2:	d500      	bpl.n	10007bd6 <_malloc_r+0x66>
10007bd4:	e08e      	b.n	10007cf4 <_malloc_r+0x184>
10007bd6:	42a9      	cmp	r1, r5
10007bd8:	d900      	bls.n	10007bdc <_malloc_r+0x6c>
10007bda:	e08b      	b.n	10007cf4 <_malloc_r+0x184>
10007bdc:	f000 fa8a 	bl	100080f4 <__malloc_lock>
10007be0:	23fc      	movs	r3, #252	@ 0xfc
10007be2:	005b      	lsls	r3, r3, #1
10007be4:	429d      	cmp	r5, r3
10007be6:	d200      	bcs.n	10007bea <_malloc_r+0x7a>
10007be8:	e1a7      	b.n	10007f3a <_malloc_r+0x3ca>
10007bea:	0a68      	lsrs	r0, r5, #9
10007bec:	d100      	bne.n	10007bf0 <_malloc_r+0x80>
10007bee:	e08b      	b.n	10007d08 <_malloc_r+0x198>
10007bf0:	2804      	cmp	r0, #4
10007bf2:	d900      	bls.n	10007bf6 <_malloc_r+0x86>
10007bf4:	e17a      	b.n	10007eec <_malloc_r+0x37c>
10007bf6:	2338      	movs	r3, #56	@ 0x38
10007bf8:	4698      	mov	r8, r3
10007bfa:	09a8      	lsrs	r0, r5, #6
10007bfc:	4480      	add	r8, r0
10007bfe:	3039      	adds	r0, #57	@ 0x39
10007c00:	00c1      	lsls	r1, r0, #3
10007c02:	4fb2      	ldr	r7, [pc, #712]	@ (10007ecc <_malloc_r+0x35c>)
10007c04:	1879      	adds	r1, r7, r1
10007c06:	684c      	ldr	r4, [r1, #4]
10007c08:	3908      	subs	r1, #8
10007c0a:	42a1      	cmp	r1, r4
10007c0c:	d00e      	beq.n	10007c2c <_malloc_r+0xbc>
10007c0e:	2303      	movs	r3, #3
10007c10:	469c      	mov	ip, r3
10007c12:	e004      	b.n	10007c1e <_malloc_r+0xae>
10007c14:	2a00      	cmp	r2, #0
10007c16:	dacb      	bge.n	10007bb0 <_malloc_r+0x40>
10007c18:	68e4      	ldr	r4, [r4, #12]
10007c1a:	42a1      	cmp	r1, r4
10007c1c:	d006      	beq.n	10007c2c <_malloc_r+0xbc>
10007c1e:	4662      	mov	r2, ip
10007c20:	6863      	ldr	r3, [r4, #4]
10007c22:	4393      	bics	r3, r2
10007c24:	1b5a      	subs	r2, r3, r5
10007c26:	2a0f      	cmp	r2, #15
10007c28:	ddf4      	ble.n	10007c14 <_malloc_r+0xa4>
10007c2a:	4640      	mov	r0, r8
10007c2c:	003a      	movs	r2, r7
10007c2e:	693c      	ldr	r4, [r7, #16]
10007c30:	3208      	adds	r2, #8
10007c32:	4294      	cmp	r4, r2
10007c34:	d100      	bne.n	10007c38 <_malloc_r+0xc8>
10007c36:	e078      	b.n	10007d2a <_malloc_r+0x1ba>
10007c38:	2303      	movs	r3, #3
10007c3a:	6861      	ldr	r1, [r4, #4]
10007c3c:	4399      	bics	r1, r3
10007c3e:	4689      	mov	r9, r1
10007c40:	000b      	movs	r3, r1
10007c42:	1b49      	subs	r1, r1, r5
10007c44:	290f      	cmp	r1, #15
10007c46:	dd00      	ble.n	10007c4a <_malloc_r+0xda>
10007c48:	e17b      	b.n	10007f42 <_malloc_r+0x3d2>
10007c4a:	617a      	str	r2, [r7, #20]
10007c4c:	613a      	str	r2, [r7, #16]
10007c4e:	2900      	cmp	r1, #0
10007c50:	dab2      	bge.n	10007bb8 <_malloc_r+0x48>
10007c52:	2280      	movs	r2, #128	@ 0x80
10007c54:	0092      	lsls	r2, r2, #2
10007c56:	4591      	cmp	r9, r2
10007c58:	d300      	bcc.n	10007c5c <_malloc_r+0xec>
10007c5a:	e10f      	b.n	10007e7c <_malloc_r+0x30c>
10007c5c:	0959      	lsrs	r1, r3, #5
10007c5e:	08da      	lsrs	r2, r3, #3
10007c60:	2301      	movs	r3, #1
10007c62:	408b      	lsls	r3, r1
10007c64:	00d2      	lsls	r2, r2, #3
10007c66:	6879      	ldr	r1, [r7, #4]
10007c68:	19d2      	adds	r2, r2, r7
10007c6a:	430b      	orrs	r3, r1
10007c6c:	6891      	ldr	r1, [r2, #8]
10007c6e:	607b      	str	r3, [r7, #4]
10007c70:	60e2      	str	r2, [r4, #12]
10007c72:	60a1      	str	r1, [r4, #8]
10007c74:	6094      	str	r4, [r2, #8]
10007c76:	60cc      	str	r4, [r1, #12]
10007c78:	2101      	movs	r1, #1
10007c7a:	1082      	asrs	r2, r0, #2
10007c7c:	4091      	lsls	r1, r2
10007c7e:	4299      	cmp	r1, r3
10007c80:	d859      	bhi.n	10007d36 <_malloc_r+0x1c6>
10007c82:	420b      	tst	r3, r1
10007c84:	d105      	bne.n	10007c92 <_malloc_r+0x122>
10007c86:	2203      	movs	r2, #3
10007c88:	4390      	bics	r0, r2
10007c8a:	0049      	lsls	r1, r1, #1
10007c8c:	3004      	adds	r0, #4
10007c8e:	420b      	tst	r3, r1
10007c90:	d0fb      	beq.n	10007c8a <_malloc_r+0x11a>
10007c92:	2303      	movs	r3, #3
10007c94:	4698      	mov	r8, r3
10007c96:	00c3      	lsls	r3, r0, #3
10007c98:	4699      	mov	r9, r3
10007c9a:	44b9      	add	r9, r7
10007c9c:	46cc      	mov	ip, r9
10007c9e:	4682      	mov	sl, r0
10007ca0:	4663      	mov	r3, ip
10007ca2:	68dc      	ldr	r4, [r3, #12]
10007ca4:	45a4      	cmp	ip, r4
10007ca6:	d107      	bne.n	10007cb8 <_malloc_r+0x148>
10007ca8:	e12c      	b.n	10007f04 <_malloc_r+0x394>
10007caa:	2a00      	cmp	r2, #0
10007cac:	db00      	blt.n	10007cb0 <_malloc_r+0x140>
10007cae:	e135      	b.n	10007f1c <_malloc_r+0x3ac>
10007cb0:	68e4      	ldr	r4, [r4, #12]
10007cb2:	45a4      	cmp	ip, r4
10007cb4:	d100      	bne.n	10007cb8 <_malloc_r+0x148>
10007cb6:	e125      	b.n	10007f04 <_malloc_r+0x394>
10007cb8:	4642      	mov	r2, r8
10007cba:	6863      	ldr	r3, [r4, #4]
10007cbc:	4393      	bics	r3, r2
10007cbe:	1b5a      	subs	r2, r3, r5
10007cc0:	2a0f      	cmp	r2, #15
10007cc2:	ddf2      	ble.n	10007caa <_malloc_r+0x13a>
10007cc4:	2001      	movs	r0, #1
10007cc6:	4680      	mov	r8, r0
10007cc8:	1961      	adds	r1, r4, r5
10007cca:	4305      	orrs	r5, r0
10007ccc:	6065      	str	r5, [r4, #4]
10007cce:	68a0      	ldr	r0, [r4, #8]
10007cd0:	68e5      	ldr	r5, [r4, #12]
10007cd2:	3708      	adds	r7, #8
10007cd4:	60c5      	str	r5, [r0, #12]
10007cd6:	60a8      	str	r0, [r5, #8]
10007cd8:	4640      	mov	r0, r8
10007cda:	4310      	orrs	r0, r2
10007cdc:	60f9      	str	r1, [r7, #12]
10007cde:	60b9      	str	r1, [r7, #8]
10007ce0:	6048      	str	r0, [r1, #4]
10007ce2:	60cf      	str	r7, [r1, #12]
10007ce4:	0030      	movs	r0, r6
10007ce6:	608f      	str	r7, [r1, #8]
10007ce8:	50e2      	str	r2, [r4, r3]
10007cea:	f000 fa0b 	bl	10008104 <__malloc_unlock>
10007cee:	0020      	movs	r0, r4
10007cf0:	3008      	adds	r0, #8
10007cf2:	e002      	b.n	10007cfa <_malloc_r+0x18a>
10007cf4:	230c      	movs	r3, #12
10007cf6:	2000      	movs	r0, #0
10007cf8:	6033      	str	r3, [r6, #0]
10007cfa:	b003      	add	sp, #12
10007cfc:	bcf0      	pop	{r4, r5, r6, r7}
10007cfe:	46bb      	mov	fp, r7
10007d00:	46b2      	mov	sl, r6
10007d02:	46a9      	mov	r9, r5
10007d04:	46a0      	mov	r8, r4
10007d06:	bdf0      	pop	{r4, r5, r6, r7, pc}
10007d08:	2180      	movs	r1, #128	@ 0x80
10007d0a:	233f      	movs	r3, #63	@ 0x3f
10007d0c:	2040      	movs	r0, #64	@ 0x40
10007d0e:	4698      	mov	r8, r3
10007d10:	0089      	lsls	r1, r1, #2
10007d12:	e776      	b.n	10007c02 <_malloc_r+0x92>
10007d14:	68dc      	ldr	r4, [r3, #12]
10007d16:	3002      	adds	r0, #2
10007d18:	42a3      	cmp	r3, r4
10007d1a:	d000      	beq.n	10007d1e <_malloc_r+0x1ae>
10007d1c:	e744      	b.n	10007ba8 <_malloc_r+0x38>
10007d1e:	003a      	movs	r2, r7
10007d20:	693c      	ldr	r4, [r7, #16]
10007d22:	3208      	adds	r2, #8
10007d24:	4294      	cmp	r4, r2
10007d26:	d000      	beq.n	10007d2a <_malloc_r+0x1ba>
10007d28:	e786      	b.n	10007c38 <_malloc_r+0xc8>
10007d2a:	2101      	movs	r1, #1
10007d2c:	687b      	ldr	r3, [r7, #4]
10007d2e:	1082      	asrs	r2, r0, #2
10007d30:	4091      	lsls	r1, r2
10007d32:	4299      	cmp	r1, r3
10007d34:	d9a5      	bls.n	10007c82 <_malloc_r+0x112>
10007d36:	2303      	movs	r3, #3
10007d38:	68bc      	ldr	r4, [r7, #8]
10007d3a:	6862      	ldr	r2, [r4, #4]
10007d3c:	439a      	bics	r2, r3
10007d3e:	4691      	mov	r9, r2
10007d40:	4295      	cmp	r5, r2
10007d42:	d803      	bhi.n	10007d4c <_malloc_r+0x1dc>
10007d44:	1b53      	subs	r3, r2, r5
10007d46:	2b0f      	cmp	r3, #15
10007d48:	dd00      	ble.n	10007d4c <_malloc_r+0x1dc>
10007d4a:	e089      	b.n	10007e60 <_malloc_r+0x2f0>
10007d4c:	0023      	movs	r3, r4
10007d4e:	444b      	add	r3, r9
10007d50:	4a5f      	ldr	r2, [pc, #380]	@ (10007ed0 <_malloc_r+0x360>)
10007d52:	9301      	str	r3, [sp, #4]
10007d54:	4b5f      	ldr	r3, [pc, #380]	@ (10007ed4 <_malloc_r+0x364>)
10007d56:	4693      	mov	fp, r2
10007d58:	681b      	ldr	r3, [r3, #0]
10007d5a:	6812      	ldr	r2, [r2, #0]
10007d5c:	18eb      	adds	r3, r5, r3
10007d5e:	3201      	adds	r2, #1
10007d60:	d100      	bne.n	10007d64 <_malloc_r+0x1f4>
10007d62:	e13d      	b.n	10007fe0 <_malloc_r+0x470>
10007d64:	4a5c      	ldr	r2, [pc, #368]	@ (10007ed8 <_malloc_r+0x368>)
10007d66:	4694      	mov	ip, r2
10007d68:	4463      	add	r3, ip
10007d6a:	0b1b      	lsrs	r3, r3, #12
10007d6c:	031b      	lsls	r3, r3, #12
10007d6e:	9300      	str	r3, [sp, #0]
10007d70:	0030      	movs	r0, r6
10007d72:	9900      	ldr	r1, [sp, #0]
10007d74:	f000 fb78 	bl	10008468 <_sbrk_r>
10007d78:	0003      	movs	r3, r0
10007d7a:	4680      	mov	r8, r0
10007d7c:	3301      	adds	r3, #1
10007d7e:	d100      	bne.n	10007d82 <_malloc_r+0x212>
10007d80:	e0fa      	b.n	10007f78 <_malloc_r+0x408>
10007d82:	9b01      	ldr	r3, [sp, #4]
10007d84:	4283      	cmp	r3, r0
10007d86:	d900      	bls.n	10007d8a <_malloc_r+0x21a>
10007d88:	e0f4      	b.n	10007f74 <_malloc_r+0x404>
10007d8a:	4b54      	ldr	r3, [pc, #336]	@ (10007edc <_malloc_r+0x36c>)
10007d8c:	9800      	ldr	r0, [sp, #0]
10007d8e:	001a      	movs	r2, r3
10007d90:	469a      	mov	sl, r3
10007d92:	6812      	ldr	r2, [r2, #0]
10007d94:	0003      	movs	r3, r0
10007d96:	4694      	mov	ip, r2
10007d98:	4651      	mov	r1, sl
10007d9a:	4463      	add	r3, ip
10007d9c:	600b      	str	r3, [r1, #0]
10007d9e:	9901      	ldr	r1, [sp, #4]
10007da0:	001a      	movs	r2, r3
10007da2:	4541      	cmp	r1, r8
10007da4:	d100      	bne.n	10007da8 <_malloc_r+0x238>
10007da6:	e151      	b.n	1000804c <_malloc_r+0x4dc>
10007da8:	465b      	mov	r3, fp
10007daa:	681b      	ldr	r3, [r3, #0]
10007dac:	3301      	adds	r3, #1
10007dae:	d100      	bne.n	10007db2 <_malloc_r+0x242>
10007db0:	e156      	b.n	10008060 <_malloc_r+0x4f0>
10007db2:	4643      	mov	r3, r8
10007db4:	9901      	ldr	r1, [sp, #4]
10007db6:	1a5b      	subs	r3, r3, r1
10007db8:	189a      	adds	r2, r3, r2
10007dba:	4653      	mov	r3, sl
10007dbc:	601a      	str	r2, [r3, #0]
10007dbe:	2307      	movs	r3, #7
10007dc0:	4642      	mov	r2, r8
10007dc2:	4641      	mov	r1, r8
10007dc4:	401a      	ands	r2, r3
10007dc6:	9201      	str	r2, [sp, #4]
10007dc8:	4219      	tst	r1, r3
10007dca:	d100      	bne.n	10007dce <_malloc_r+0x25e>
10007dcc:	e112      	b.n	10007ff4 <_malloc_r+0x484>
10007dce:	2308      	movs	r3, #8
10007dd0:	4698      	mov	r8, r3
10007dd2:	1a88      	subs	r0, r1, r2
10007dd4:	4b42      	ldr	r3, [pc, #264]	@ (10007ee0 <_malloc_r+0x370>)
10007dd6:	9900      	ldr	r1, [sp, #0]
10007dd8:	4480      	add	r8, r0
10007dda:	4441      	add	r1, r8
10007ddc:	1a9b      	subs	r3, r3, r2
10007dde:	1a5b      	subs	r3, r3, r1
10007de0:	051b      	lsls	r3, r3, #20
10007de2:	0d1b      	lsrs	r3, r3, #20
10007de4:	9100      	str	r1, [sp, #0]
10007de6:	0030      	movs	r0, r6
10007de8:	0019      	movs	r1, r3
10007dea:	469b      	mov	fp, r3
10007dec:	f000 fb3c 	bl	10008468 <_sbrk_r>
10007df0:	1c43      	adds	r3, r0, #1
10007df2:	d100      	bne.n	10007df6 <_malloc_r+0x286>
10007df4:	e150      	b.n	10008098 <_malloc_r+0x528>
10007df6:	4643      	mov	r3, r8
10007df8:	1ac0      	subs	r0, r0, r3
10007dfa:	0003      	movs	r3, r0
10007dfc:	445b      	add	r3, fp
10007dfe:	9300      	str	r3, [sp, #0]
10007e00:	4653      	mov	r3, sl
10007e02:	4652      	mov	r2, sl
10007e04:	681b      	ldr	r3, [r3, #0]
10007e06:	2101      	movs	r1, #1
10007e08:	445b      	add	r3, fp
10007e0a:	6013      	str	r3, [r2, #0]
10007e0c:	4642      	mov	r2, r8
10007e0e:	4640      	mov	r0, r8
10007e10:	60ba      	str	r2, [r7, #8]
10007e12:	9a00      	ldr	r2, [sp, #0]
10007e14:	430a      	orrs	r2, r1
10007e16:	6042      	str	r2, [r0, #4]
10007e18:	42bc      	cmp	r4, r7
10007e1a:	d100      	bne.n	10007e1e <_malloc_r+0x2ae>
10007e1c:	e124      	b.n	10008068 <_malloc_r+0x4f8>
10007e1e:	464a      	mov	r2, r9
10007e20:	2a0f      	cmp	r2, #15
10007e22:	d800      	bhi.n	10007e26 <_malloc_r+0x2b6>
10007e24:	e122      	b.n	1000806c <_malloc_r+0x4fc>
10007e26:	2007      	movs	r0, #7
10007e28:	3a0c      	subs	r2, #12
10007e2a:	4382      	bics	r2, r0
10007e2c:	6860      	ldr	r0, [r4, #4]
10007e2e:	4001      	ands	r1, r0
10007e30:	2005      	movs	r0, #5
10007e32:	4311      	orrs	r1, r2
10007e34:	6061      	str	r1, [r4, #4]
10007e36:	18a1      	adds	r1, r4, r2
10007e38:	6048      	str	r0, [r1, #4]
10007e3a:	6088      	str	r0, [r1, #8]
10007e3c:	2a0f      	cmp	r2, #15
10007e3e:	d900      	bls.n	10007e42 <_malloc_r+0x2d2>
10007e40:	e135      	b.n	100080ae <_malloc_r+0x53e>
10007e42:	4642      	mov	r2, r8
10007e44:	4644      	mov	r4, r8
10007e46:	6852      	ldr	r2, [r2, #4]
10007e48:	4926      	ldr	r1, [pc, #152]	@ (10007ee4 <_malloc_r+0x374>)
10007e4a:	6808      	ldr	r0, [r1, #0]
10007e4c:	4298      	cmp	r0, r3
10007e4e:	d200      	bcs.n	10007e52 <_malloc_r+0x2e2>
10007e50:	600b      	str	r3, [r1, #0]
10007e52:	4925      	ldr	r1, [pc, #148]	@ (10007ee8 <_malloc_r+0x378>)
10007e54:	6808      	ldr	r0, [r1, #0]
10007e56:	4298      	cmp	r0, r3
10007e58:	d300      	bcc.n	10007e5c <_malloc_r+0x2ec>
10007e5a:	e08f      	b.n	10007f7c <_malloc_r+0x40c>
10007e5c:	600b      	str	r3, [r1, #0]
10007e5e:	e08d      	b.n	10007f7c <_malloc_r+0x40c>
10007e60:	2201      	movs	r2, #1
10007e62:	0029      	movs	r1, r5
10007e64:	4313      	orrs	r3, r2
10007e66:	4311      	orrs	r1, r2
10007e68:	1965      	adds	r5, r4, r5
10007e6a:	6061      	str	r1, [r4, #4]
10007e6c:	0030      	movs	r0, r6
10007e6e:	60bd      	str	r5, [r7, #8]
10007e70:	606b      	str	r3, [r5, #4]
10007e72:	f000 f947 	bl	10008104 <__malloc_unlock>
10007e76:	0020      	movs	r0, r4
10007e78:	3008      	adds	r0, #8
10007e7a:	e73e      	b.n	10007cfa <_malloc_r+0x18a>
10007e7c:	0a5a      	lsrs	r2, r3, #9
10007e7e:	2a04      	cmp	r2, #4
10007e80:	d972      	bls.n	10007f68 <_malloc_r+0x3f8>
10007e82:	2a14      	cmp	r2, #20
10007e84:	d900      	bls.n	10007e88 <_malloc_r+0x318>
10007e86:	e0c5      	b.n	10008014 <_malloc_r+0x4a4>
10007e88:	0011      	movs	r1, r2
10007e8a:	325c      	adds	r2, #92	@ 0x5c
10007e8c:	315b      	adds	r1, #91	@ 0x5b
10007e8e:	00d2      	lsls	r2, r2, #3
10007e90:	2308      	movs	r3, #8
10007e92:	425b      	negs	r3, r3
10007e94:	469c      	mov	ip, r3
10007e96:	18ba      	adds	r2, r7, r2
10007e98:	4494      	add	ip, r2
10007e9a:	4663      	mov	r3, ip
10007e9c:	689a      	ldr	r2, [r3, #8]
10007e9e:	2303      	movs	r3, #3
10007ea0:	4698      	mov	r8, r3
10007ea2:	4594      	cmp	ip, r2
10007ea4:	d100      	bne.n	10007ea8 <_malloc_r+0x338>
10007ea6:	e09e      	b.n	10007fe6 <_malloc_r+0x476>
10007ea8:	4643      	mov	r3, r8
10007eaa:	6851      	ldr	r1, [r2, #4]
10007eac:	4399      	bics	r1, r3
10007eae:	4549      	cmp	r1, r9
10007eb0:	d902      	bls.n	10007eb8 <_malloc_r+0x348>
10007eb2:	6892      	ldr	r2, [r2, #8]
10007eb4:	4594      	cmp	ip, r2
10007eb6:	d1f7      	bne.n	10007ea8 <_malloc_r+0x338>
10007eb8:	68d3      	ldr	r3, [r2, #12]
10007eba:	469c      	mov	ip, r3
10007ebc:	687b      	ldr	r3, [r7, #4]
10007ebe:	4661      	mov	r1, ip
10007ec0:	60a2      	str	r2, [r4, #8]
10007ec2:	60e1      	str	r1, [r4, #12]
10007ec4:	608c      	str	r4, [r1, #8]
10007ec6:	60d4      	str	r4, [r2, #12]
10007ec8:	e6d6      	b.n	10007c78 <_malloc_r+0x108>
10007eca:	46c0      	nop			@ (mov r8, r8)
10007ecc:	200011a8 	.word	0x200011a8
10007ed0:	200015b0 	.word	0x200015b0
10007ed4:	200017a8 	.word	0x200017a8
10007ed8:	0000100f 	.word	0x0000100f
10007edc:	20001778 	.word	0x20001778
10007ee0:	00001008 	.word	0x00001008
10007ee4:	200017a0 	.word	0x200017a0
10007ee8:	200017a4 	.word	0x200017a4
10007eec:	2814      	cmp	r0, #20
10007eee:	d952      	bls.n	10007f96 <_malloc_r+0x426>
10007ef0:	2854      	cmp	r0, #84	@ 0x54
10007ef2:	d900      	bls.n	10007ef6 <_malloc_r+0x386>
10007ef4:	e096      	b.n	10008024 <_malloc_r+0x4b4>
10007ef6:	236e      	movs	r3, #110	@ 0x6e
10007ef8:	4698      	mov	r8, r3
10007efa:	0b28      	lsrs	r0, r5, #12
10007efc:	4480      	add	r8, r0
10007efe:	306f      	adds	r0, #111	@ 0x6f
10007f00:	00c1      	lsls	r1, r0, #3
10007f02:	e67e      	b.n	10007c02 <_malloc_r+0x92>
10007f04:	2308      	movs	r3, #8
10007f06:	469b      	mov	fp, r3
10007f08:	3b07      	subs	r3, #7
10007f0a:	44dc      	add	ip, fp
10007f0c:	469b      	mov	fp, r3
10007f0e:	44da      	add	sl, fp
10007f10:	4643      	mov	r3, r8
10007f12:	4652      	mov	r2, sl
10007f14:	4213      	tst	r3, r2
10007f16:	d000      	beq.n	10007f1a <_malloc_r+0x3aa>
10007f18:	e6c2      	b.n	10007ca0 <_malloc_r+0x130>
10007f1a:	e04c      	b.n	10007fb6 <_malloc_r+0x446>
10007f1c:	2201      	movs	r2, #1
10007f1e:	18e3      	adds	r3, r4, r3
10007f20:	6859      	ldr	r1, [r3, #4]
10007f22:	0030      	movs	r0, r6
10007f24:	430a      	orrs	r2, r1
10007f26:	605a      	str	r2, [r3, #4]
10007f28:	68e3      	ldr	r3, [r4, #12]
10007f2a:	68a2      	ldr	r2, [r4, #8]
10007f2c:	60d3      	str	r3, [r2, #12]
10007f2e:	609a      	str	r2, [r3, #8]
10007f30:	f000 f8e8 	bl	10008104 <__malloc_unlock>
10007f34:	0020      	movs	r0, r4
10007f36:	3008      	adds	r0, #8
10007f38:	e6df      	b.n	10007cfa <_malloc_r+0x18a>
10007f3a:	002b      	movs	r3, r5
10007f3c:	08e8      	lsrs	r0, r5, #3
10007f3e:	3308      	adds	r3, #8
10007f40:	e62a      	b.n	10007b98 <_malloc_r+0x28>
10007f42:	2301      	movs	r3, #1
10007f44:	1960      	adds	r0, r4, r5
10007f46:	431d      	orrs	r5, r3
10007f48:	6065      	str	r5, [r4, #4]
10007f4a:	6178      	str	r0, [r7, #20]
10007f4c:	6138      	str	r0, [r7, #16]
10007f4e:	60c2      	str	r2, [r0, #12]
10007f50:	6082      	str	r2, [r0, #8]
10007f52:	001a      	movs	r2, r3
10007f54:	464b      	mov	r3, r9
10007f56:	430a      	orrs	r2, r1
10007f58:	6042      	str	r2, [r0, #4]
10007f5a:	0030      	movs	r0, r6
10007f5c:	50e1      	str	r1, [r4, r3]
10007f5e:	f000 f8d1 	bl	10008104 <__malloc_unlock>
10007f62:	0020      	movs	r0, r4
10007f64:	3008      	adds	r0, #8
10007f66:	e6c8      	b.n	10007cfa <_malloc_r+0x18a>
10007f68:	099a      	lsrs	r2, r3, #6
10007f6a:	0011      	movs	r1, r2
10007f6c:	3239      	adds	r2, #57	@ 0x39
10007f6e:	3138      	adds	r1, #56	@ 0x38
10007f70:	00d2      	lsls	r2, r2, #3
10007f72:	e78d      	b.n	10007e90 <_malloc_r+0x320>
10007f74:	42bc      	cmp	r4, r7
10007f76:	d060      	beq.n	1000803a <_malloc_r+0x4ca>
10007f78:	68bc      	ldr	r4, [r7, #8]
10007f7a:	6862      	ldr	r2, [r4, #4]
10007f7c:	2303      	movs	r3, #3
10007f7e:	439a      	bics	r2, r3
10007f80:	1b53      	subs	r3, r2, r5
10007f82:	4295      	cmp	r5, r2
10007f84:	d802      	bhi.n	10007f8c <_malloc_r+0x41c>
10007f86:	2b0f      	cmp	r3, #15
10007f88:	dd00      	ble.n	10007f8c <_malloc_r+0x41c>
10007f8a:	e769      	b.n	10007e60 <_malloc_r+0x2f0>
10007f8c:	0030      	movs	r0, r6
10007f8e:	f000 f8b9 	bl	10008104 <__malloc_unlock>
10007f92:	2000      	movs	r0, #0
10007f94:	e6b1      	b.n	10007cfa <_malloc_r+0x18a>
10007f96:	235b      	movs	r3, #91	@ 0x5b
10007f98:	4698      	mov	r8, r3
10007f9a:	4480      	add	r8, r0
10007f9c:	305c      	adds	r0, #92	@ 0x5c
10007f9e:	00c1      	lsls	r1, r0, #3
10007fa0:	e62f      	b.n	10007c02 <_malloc_r+0x92>
10007fa2:	2308      	movs	r3, #8
10007fa4:	425b      	negs	r3, r3
10007fa6:	469c      	mov	ip, r3
10007fa8:	44e1      	add	r9, ip
10007faa:	464b      	mov	r3, r9
10007fac:	689b      	ldr	r3, [r3, #8]
10007fae:	3801      	subs	r0, #1
10007fb0:	454b      	cmp	r3, r9
10007fb2:	d000      	beq.n	10007fb6 <_malloc_r+0x446>
10007fb4:	e098      	b.n	100080e8 <_malloc_r+0x578>
10007fb6:	4643      	mov	r3, r8
10007fb8:	4203      	tst	r3, r0
10007fba:	d1f2      	bne.n	10007fa2 <_malloc_r+0x432>
10007fbc:	687b      	ldr	r3, [r7, #4]
10007fbe:	438b      	bics	r3, r1
10007fc0:	607b      	str	r3, [r7, #4]
10007fc2:	0049      	lsls	r1, r1, #1
10007fc4:	4299      	cmp	r1, r3
10007fc6:	d900      	bls.n	10007fca <_malloc_r+0x45a>
10007fc8:	e6b5      	b.n	10007d36 <_malloc_r+0x1c6>
10007fca:	2900      	cmp	r1, #0
10007fcc:	d104      	bne.n	10007fd8 <_malloc_r+0x468>
10007fce:	e6b2      	b.n	10007d36 <_malloc_r+0x1c6>
10007fd0:	2204      	movs	r2, #4
10007fd2:	4694      	mov	ip, r2
10007fd4:	0049      	lsls	r1, r1, #1
10007fd6:	44e2      	add	sl, ip
10007fd8:	420b      	tst	r3, r1
10007fda:	d0f9      	beq.n	10007fd0 <_malloc_r+0x460>
10007fdc:	4650      	mov	r0, sl
10007fde:	e65a      	b.n	10007c96 <_malloc_r+0x126>
10007fe0:	3310      	adds	r3, #16
10007fe2:	9300      	str	r3, [sp, #0]
10007fe4:	e6c4      	b.n	10007d70 <_malloc_r+0x200>
10007fe6:	1089      	asrs	r1, r1, #2
10007fe8:	3b02      	subs	r3, #2
10007fea:	408b      	lsls	r3, r1
10007fec:	6879      	ldr	r1, [r7, #4]
10007fee:	430b      	orrs	r3, r1
10007ff0:	607b      	str	r3, [r7, #4]
10007ff2:	e764      	b.n	10007ebe <_malloc_r+0x34e>
10007ff4:	9b00      	ldr	r3, [sp, #0]
10007ff6:	0030      	movs	r0, r6
10007ff8:	4443      	add	r3, r8
10007ffa:	425b      	negs	r3, r3
10007ffc:	051b      	lsls	r3, r3, #20
10007ffe:	0d1b      	lsrs	r3, r3, #20
10008000:	0019      	movs	r1, r3
10008002:	469b      	mov	fp, r3
10008004:	f000 fa30 	bl	10008468 <_sbrk_r>
10008008:	1c43      	adds	r3, r0, #1
1000800a:	d000      	beq.n	1000800e <_malloc_r+0x49e>
1000800c:	e6f3      	b.n	10007df6 <_malloc_r+0x286>
1000800e:	2300      	movs	r3, #0
10008010:	469b      	mov	fp, r3
10008012:	e6f5      	b.n	10007e00 <_malloc_r+0x290>
10008014:	2a54      	cmp	r2, #84	@ 0x54
10008016:	d82b      	bhi.n	10008070 <_malloc_r+0x500>
10008018:	0b1a      	lsrs	r2, r3, #12
1000801a:	0011      	movs	r1, r2
1000801c:	326f      	adds	r2, #111	@ 0x6f
1000801e:	316e      	adds	r1, #110	@ 0x6e
10008020:	00d2      	lsls	r2, r2, #3
10008022:	e735      	b.n	10007e90 <_malloc_r+0x320>
10008024:	23aa      	movs	r3, #170	@ 0xaa
10008026:	005b      	lsls	r3, r3, #1
10008028:	4298      	cmp	r0, r3
1000802a:	d82b      	bhi.n	10008084 <_malloc_r+0x514>
1000802c:	3bdd      	subs	r3, #221	@ 0xdd
1000802e:	4698      	mov	r8, r3
10008030:	0be8      	lsrs	r0, r5, #15
10008032:	4480      	add	r8, r0
10008034:	3078      	adds	r0, #120	@ 0x78
10008036:	00c1      	lsls	r1, r0, #3
10008038:	e5e3      	b.n	10007c02 <_malloc_r+0x92>
1000803a:	4b2c      	ldr	r3, [pc, #176]	@ (100080ec <_malloc_r+0x57c>)
1000803c:	9a00      	ldr	r2, [sp, #0]
1000803e:	469a      	mov	sl, r3
10008040:	681b      	ldr	r3, [r3, #0]
10008042:	469c      	mov	ip, r3
10008044:	4653      	mov	r3, sl
10008046:	4462      	add	r2, ip
10008048:	601a      	str	r2, [r3, #0]
1000804a:	e6ad      	b.n	10007da8 <_malloc_r+0x238>
1000804c:	0509      	lsls	r1, r1, #20
1000804e:	d000      	beq.n	10008052 <_malloc_r+0x4e2>
10008050:	e6aa      	b.n	10007da8 <_malloc_r+0x238>
10008052:	0002      	movs	r2, r0
10008054:	68bc      	ldr	r4, [r7, #8]
10008056:	444a      	add	r2, r9
10008058:	3101      	adds	r1, #1
1000805a:	430a      	orrs	r2, r1
1000805c:	6062      	str	r2, [r4, #4]
1000805e:	e6f3      	b.n	10007e48 <_malloc_r+0x2d8>
10008060:	465b      	mov	r3, fp
10008062:	4642      	mov	r2, r8
10008064:	601a      	str	r2, [r3, #0]
10008066:	e6aa      	b.n	10007dbe <_malloc_r+0x24e>
10008068:	4644      	mov	r4, r8
1000806a:	e6ed      	b.n	10007e48 <_malloc_r+0x2d8>
1000806c:	6041      	str	r1, [r0, #4]
1000806e:	e78d      	b.n	10007f8c <_malloc_r+0x41c>
10008070:	21aa      	movs	r1, #170	@ 0xaa
10008072:	0049      	lsls	r1, r1, #1
10008074:	428a      	cmp	r2, r1
10008076:	d824      	bhi.n	100080c2 <_malloc_r+0x552>
10008078:	0bda      	lsrs	r2, r3, #15
1000807a:	0011      	movs	r1, r2
1000807c:	3278      	adds	r2, #120	@ 0x78
1000807e:	3177      	adds	r1, #119	@ 0x77
10008080:	00d2      	lsls	r2, r2, #3
10008082:	e705      	b.n	10007e90 <_malloc_r+0x320>
10008084:	4b1a      	ldr	r3, [pc, #104]	@ (100080f0 <_malloc_r+0x580>)
10008086:	4298      	cmp	r0, r3
10008088:	d824      	bhi.n	100080d4 <_malloc_r+0x564>
1000808a:	237c      	movs	r3, #124	@ 0x7c
1000808c:	4698      	mov	r8, r3
1000808e:	0ca8      	lsrs	r0, r5, #18
10008090:	4480      	add	r8, r0
10008092:	307d      	adds	r0, #125	@ 0x7d
10008094:	00c1      	lsls	r1, r0, #3
10008096:	e5b4      	b.n	10007c02 <_malloc_r+0x92>
10008098:	9a00      	ldr	r2, [sp, #0]
1000809a:	9b01      	ldr	r3, [sp, #4]
1000809c:	4694      	mov	ip, r2
1000809e:	4642      	mov	r2, r8
100080a0:	3b08      	subs	r3, #8
100080a2:	4463      	add	r3, ip
100080a4:	1a9b      	subs	r3, r3, r2
100080a6:	9300      	str	r3, [sp, #0]
100080a8:	2300      	movs	r3, #0
100080aa:	469b      	mov	fp, r3
100080ac:	e6a8      	b.n	10007e00 <_malloc_r+0x290>
100080ae:	0021      	movs	r1, r4
100080b0:	0030      	movs	r0, r6
100080b2:	3108      	adds	r1, #8
100080b4:	f7ff fbe6 	bl	10007884 <_free_r>
100080b8:	4653      	mov	r3, sl
100080ba:	68bc      	ldr	r4, [r7, #8]
100080bc:	681b      	ldr	r3, [r3, #0]
100080be:	6862      	ldr	r2, [r4, #4]
100080c0:	e6c2      	b.n	10007e48 <_malloc_r+0x2d8>
100080c2:	490b      	ldr	r1, [pc, #44]	@ (100080f0 <_malloc_r+0x580>)
100080c4:	428a      	cmp	r2, r1
100080c6:	d80b      	bhi.n	100080e0 <_malloc_r+0x570>
100080c8:	0c9a      	lsrs	r2, r3, #18
100080ca:	0011      	movs	r1, r2
100080cc:	327d      	adds	r2, #125	@ 0x7d
100080ce:	317c      	adds	r1, #124	@ 0x7c
100080d0:	00d2      	lsls	r2, r2, #3
100080d2:	e6dd      	b.n	10007e90 <_malloc_r+0x320>
100080d4:	21fe      	movs	r1, #254	@ 0xfe
100080d6:	237e      	movs	r3, #126	@ 0x7e
100080d8:	207f      	movs	r0, #127	@ 0x7f
100080da:	4698      	mov	r8, r3
100080dc:	0089      	lsls	r1, r1, #2
100080de:	e590      	b.n	10007c02 <_malloc_r+0x92>
100080e0:	22fe      	movs	r2, #254	@ 0xfe
100080e2:	217e      	movs	r1, #126	@ 0x7e
100080e4:	0092      	lsls	r2, r2, #2
100080e6:	e6d3      	b.n	10007e90 <_malloc_r+0x320>
100080e8:	687b      	ldr	r3, [r7, #4]
100080ea:	e76a      	b.n	10007fc2 <_malloc_r+0x452>
100080ec:	20001778 	.word	0x20001778
100080f0:	00000554 	.word	0x00000554

100080f4 <__malloc_lock>:
100080f4:	b510      	push	{r4, lr}
100080f6:	4802      	ldr	r0, [pc, #8]	@ (10008100 <__malloc_lock+0xc>)
100080f8:	f7ff fd36 	bl	10007b68 <__retarget_lock_acquire_recursive>
100080fc:	bd10      	pop	{r4, pc}
100080fe:	46c0      	nop			@ (mov r8, r8)
10008100:	2000176c 	.word	0x2000176c

10008104 <__malloc_unlock>:
10008104:	b510      	push	{r4, lr}
10008106:	4802      	ldr	r0, [pc, #8]	@ (10008110 <__malloc_unlock+0xc>)
10008108:	f7ff fd30 	bl	10007b6c <__retarget_lock_release_recursive>
1000810c:	bd10      	pop	{r4, pc}
1000810e:	46c0      	nop			@ (mov r8, r8)
10008110:	2000176c 	.word	0x2000176c

10008114 <_realloc_r>:
10008114:	b5f0      	push	{r4, r5, r6, r7, lr}
10008116:	4657      	mov	r7, sl
10008118:	4645      	mov	r5, r8
1000811a:	46de      	mov	lr, fp
1000811c:	464e      	mov	r6, r9
1000811e:	b5e0      	push	{r5, r6, r7, lr}
10008120:	000c      	movs	r4, r1
10008122:	0007      	movs	r7, r0
10008124:	4690      	mov	r8, r2
10008126:	b083      	sub	sp, #12
10008128:	2900      	cmp	r1, #0
1000812a:	d100      	bne.n	1000812e <_realloc_r+0x1a>
1000812c:	e0a8      	b.n	10008280 <_realloc_r+0x16c>
1000812e:	4645      	mov	r5, r8
10008130:	350b      	adds	r5, #11
10008132:	f7ff ffdf 	bl	100080f4 <__malloc_lock>
10008136:	2d16      	cmp	r5, #22
10008138:	d870      	bhi.n	1000821c <_realloc_r+0x108>
1000813a:	2510      	movs	r5, #16
1000813c:	2310      	movs	r3, #16
1000813e:	45a8      	cmp	r8, r5
10008140:	d870      	bhi.n	10008224 <_realloc_r+0x110>
10008142:	0026      	movs	r6, r4
10008144:	3e08      	subs	r6, #8
10008146:	6871      	ldr	r1, [r6, #4]
10008148:	2203      	movs	r2, #3
1000814a:	0008      	movs	r0, r1
1000814c:	4390      	bics	r0, r2
1000814e:	4681      	mov	r9, r0
10008150:	9600      	str	r6, [sp, #0]
10008152:	4298      	cmp	r0, r3
10008154:	db00      	blt.n	10008158 <_realloc_r+0x44>
10008156:	e077      	b.n	10008248 <_realloc_r+0x134>
10008158:	4ac2      	ldr	r2, [pc, #776]	@ (10008464 <_realloc_r+0x350>)
1000815a:	1830      	adds	r0, r6, r0
1000815c:	4693      	mov	fp, r2
1000815e:	6892      	ldr	r2, [r2, #8]
10008160:	4282      	cmp	r2, r0
10008162:	d100      	bne.n	10008166 <_realloc_r+0x52>
10008164:	e0ca      	b.n	100082fc <_realloc_r+0x1e8>
10008166:	6842      	ldr	r2, [r0, #4]
10008168:	9001      	str	r0, [sp, #4]
1000816a:	9200      	str	r2, [sp, #0]
1000816c:	2201      	movs	r2, #1
1000816e:	4692      	mov	sl, r2
10008170:	4650      	mov	r0, sl
10008172:	9a00      	ldr	r2, [sp, #0]
10008174:	4382      	bics	r2, r0
10008176:	9801      	ldr	r0, [sp, #4]
10008178:	4694      	mov	ip, r2
1000817a:	4683      	mov	fp, r0
1000817c:	44dc      	add	ip, fp
1000817e:	4662      	mov	r2, ip
10008180:	4650      	mov	r0, sl
10008182:	6852      	ldr	r2, [r2, #4]
10008184:	4202      	tst	r2, r0
10008186:	d000      	beq.n	1000818a <_realloc_r+0x76>
10008188:	e071      	b.n	1000826e <_realloc_r+0x15a>
1000818a:	2003      	movs	r0, #3
1000818c:	9a00      	ldr	r2, [sp, #0]
1000818e:	46cb      	mov	fp, r9
10008190:	4382      	bics	r2, r0
10008192:	4694      	mov	ip, r2
10008194:	44e3      	add	fp, ip
10008196:	459b      	cmp	fp, r3
10008198:	da50      	bge.n	1000823c <_realloc_r+0x128>
1000819a:	4652      	mov	r2, sl
1000819c:	420a      	tst	r2, r1
1000819e:	d111      	bne.n	100081c4 <_realloc_r+0xb0>
100081a0:	2103      	movs	r1, #3
100081a2:	6832      	ldr	r2, [r6, #0]
100081a4:	1ab2      	subs	r2, r6, r2
100081a6:	4692      	mov	sl, r2
100081a8:	6852      	ldr	r2, [r2, #4]
100081aa:	438a      	bics	r2, r1
100081ac:	4661      	mov	r1, ip
100081ae:	1851      	adds	r1, r2, r1
100081b0:	4449      	add	r1, r9
100081b2:	468b      	mov	fp, r1
100081b4:	4299      	cmp	r1, r3
100081b6:	db00      	blt.n	100081ba <_realloc_r+0xa6>
100081b8:	e078      	b.n	100082ac <_realloc_r+0x198>
100081ba:	444a      	add	r2, r9
100081bc:	4693      	mov	fp, r2
100081be:	429a      	cmp	r2, r3
100081c0:	db00      	blt.n	100081c4 <_realloc_r+0xb0>
100081c2:	e078      	b.n	100082b6 <_realloc_r+0x1a2>
100081c4:	4641      	mov	r1, r8
100081c6:	0038      	movs	r0, r7
100081c8:	f7ff fcd2 	bl	10007b70 <_malloc_r>
100081cc:	4680      	mov	r8, r0
100081ce:	2800      	cmp	r0, #0
100081d0:	d020      	beq.n	10008214 <_realloc_r+0x100>
100081d2:	6873      	ldr	r3, [r6, #4]
100081d4:	46b4      	mov	ip, r6
100081d6:	9300      	str	r3, [sp, #0]
100081d8:	2301      	movs	r3, #1
100081da:	9900      	ldr	r1, [sp, #0]
100081dc:	0002      	movs	r2, r0
100081de:	4399      	bics	r1, r3
100081e0:	000b      	movs	r3, r1
100081e2:	3a08      	subs	r2, #8
100081e4:	4463      	add	r3, ip
100081e6:	4293      	cmp	r3, r2
100081e8:	d100      	bne.n	100081ec <_realloc_r+0xd8>
100081ea:	e0f7      	b.n	100083dc <_realloc_r+0x2c8>
100081ec:	464a      	mov	r2, r9
100081ee:	3a04      	subs	r2, #4
100081f0:	2a24      	cmp	r2, #36	@ 0x24
100081f2:	d900      	bls.n	100081f6 <_realloc_r+0xe2>
100081f4:	e0f7      	b.n	100083e6 <_realloc_r+0x2d2>
100081f6:	0003      	movs	r3, r0
100081f8:	0021      	movs	r1, r4
100081fa:	2a13      	cmp	r2, #19
100081fc:	d900      	bls.n	10008200 <_realloc_r+0xec>
100081fe:	e0c8      	b.n	10008392 <_realloc_r+0x27e>
10008200:	680a      	ldr	r2, [r1, #0]
10008202:	601a      	str	r2, [r3, #0]
10008204:	684a      	ldr	r2, [r1, #4]
10008206:	605a      	str	r2, [r3, #4]
10008208:	688a      	ldr	r2, [r1, #8]
1000820a:	609a      	str	r2, [r3, #8]
1000820c:	0021      	movs	r1, r4
1000820e:	0038      	movs	r0, r7
10008210:	f7ff fb38 	bl	10007884 <_free_r>
10008214:	0038      	movs	r0, r7
10008216:	f7ff ff75 	bl	10008104 <__malloc_unlock>
1000821a:	e007      	b.n	1000822c <_realloc_r+0x118>
1000821c:	2307      	movs	r3, #7
1000821e:	439d      	bics	r5, r3
10008220:	1e2b      	subs	r3, r5, #0
10008222:	da8c      	bge.n	1000813e <_realloc_r+0x2a>
10008224:	230c      	movs	r3, #12
10008226:	603b      	str	r3, [r7, #0]
10008228:	2300      	movs	r3, #0
1000822a:	4698      	mov	r8, r3
1000822c:	4640      	mov	r0, r8
1000822e:	b003      	add	sp, #12
10008230:	bcf0      	pop	{r4, r5, r6, r7}
10008232:	46bb      	mov	fp, r7
10008234:	46b2      	mov	sl, r6
10008236:	46a9      	mov	r9, r5
10008238:	46a0      	mov	r8, r4
1000823a:	bdf0      	pop	{r4, r5, r6, r7, pc}
1000823c:	46d9      	mov	r9, fp
1000823e:	9a01      	ldr	r2, [sp, #4]
10008240:	68d3      	ldr	r3, [r2, #12]
10008242:	6892      	ldr	r2, [r2, #8]
10008244:	60d3      	str	r3, [r2, #12]
10008246:	609a      	str	r2, [r3, #8]
10008248:	464b      	mov	r3, r9
1000824a:	1b5b      	subs	r3, r3, r5
1000824c:	2b0f      	cmp	r3, #15
1000824e:	d81c      	bhi.n	1000828a <_realloc_r+0x176>
10008250:	2101      	movs	r1, #1
10008252:	464a      	mov	r2, r9
10008254:	6873      	ldr	r3, [r6, #4]
10008256:	400b      	ands	r3, r1
10008258:	4313      	orrs	r3, r2
1000825a:	6073      	str	r3, [r6, #4]
1000825c:	444e      	add	r6, r9
1000825e:	6873      	ldr	r3, [r6, #4]
10008260:	4319      	orrs	r1, r3
10008262:	6071      	str	r1, [r6, #4]
10008264:	0038      	movs	r0, r7
10008266:	f7ff ff4d 	bl	10008104 <__malloc_unlock>
1000826a:	46a0      	mov	r8, r4
1000826c:	e7de      	b.n	1000822c <_realloc_r+0x118>
1000826e:	4208      	tst	r0, r1
10008270:	d1a8      	bne.n	100081c4 <_realloc_r+0xb0>
10008272:	2103      	movs	r1, #3
10008274:	6832      	ldr	r2, [r6, #0]
10008276:	1ab2      	subs	r2, r6, r2
10008278:	4692      	mov	sl, r2
1000827a:	6852      	ldr	r2, [r2, #4]
1000827c:	438a      	bics	r2, r1
1000827e:	e79c      	b.n	100081ba <_realloc_r+0xa6>
10008280:	0011      	movs	r1, r2
10008282:	f7ff fc75 	bl	10007b70 <_malloc_r>
10008286:	4680      	mov	r8, r0
10008288:	e7d0      	b.n	1000822c <_realloc_r+0x118>
1000828a:	2001      	movs	r0, #1
1000828c:	6872      	ldr	r2, [r6, #4]
1000828e:	1971      	adds	r1, r6, r5
10008290:	4002      	ands	r2, r0
10008292:	4303      	orrs	r3, r0
10008294:	4315      	orrs	r5, r2
10008296:	6075      	str	r5, [r6, #4]
10008298:	604b      	str	r3, [r1, #4]
1000829a:	444e      	add	r6, r9
1000829c:	6873      	ldr	r3, [r6, #4]
1000829e:	3108      	adds	r1, #8
100082a0:	4318      	orrs	r0, r3
100082a2:	6070      	str	r0, [r6, #4]
100082a4:	0038      	movs	r0, r7
100082a6:	f7ff faed 	bl	10007884 <_free_r>
100082aa:	e7db      	b.n	10008264 <_realloc_r+0x150>
100082ac:	9a01      	ldr	r2, [sp, #4]
100082ae:	68d3      	ldr	r3, [r2, #12]
100082b0:	6892      	ldr	r2, [r2, #8]
100082b2:	60d3      	str	r3, [r2, #12]
100082b4:	609a      	str	r2, [r3, #8]
100082b6:	4653      	mov	r3, sl
100082b8:	4652      	mov	r2, sl
100082ba:	68db      	ldr	r3, [r3, #12]
100082bc:	6892      	ldr	r2, [r2, #8]
100082be:	4656      	mov	r6, sl
100082c0:	60d3      	str	r3, [r2, #12]
100082c2:	609a      	str	r2, [r3, #8]
100082c4:	464a      	mov	r2, r9
100082c6:	3a04      	subs	r2, #4
100082c8:	3608      	adds	r6, #8
100082ca:	2a24      	cmp	r2, #36	@ 0x24
100082cc:	d86b      	bhi.n	100083a6 <_realloc_r+0x292>
100082ce:	0033      	movs	r3, r6
100082d0:	2a13      	cmp	r2, #19
100082d2:	d909      	bls.n	100082e8 <_realloc_r+0x1d4>
100082d4:	4653      	mov	r3, sl
100082d6:	6821      	ldr	r1, [r4, #0]
100082d8:	6099      	str	r1, [r3, #8]
100082da:	6861      	ldr	r1, [r4, #4]
100082dc:	60d9      	str	r1, [r3, #12]
100082de:	2a1b      	cmp	r2, #27
100082e0:	d900      	bls.n	100082e4 <_realloc_r+0x1d0>
100082e2:	e08e      	b.n	10008402 <_realloc_r+0x2ee>
100082e4:	3408      	adds	r4, #8
100082e6:	3310      	adds	r3, #16
100082e8:	6822      	ldr	r2, [r4, #0]
100082ea:	46d9      	mov	r9, fp
100082ec:	601a      	str	r2, [r3, #0]
100082ee:	6862      	ldr	r2, [r4, #4]
100082f0:	605a      	str	r2, [r3, #4]
100082f2:	68a2      	ldr	r2, [r4, #8]
100082f4:	0034      	movs	r4, r6
100082f6:	609a      	str	r2, [r3, #8]
100082f8:	4656      	mov	r6, sl
100082fa:	e7a5      	b.n	10008248 <_realloc_r+0x134>
100082fc:	6850      	ldr	r0, [r2, #4]
100082fe:	2203      	movs	r2, #3
10008300:	4390      	bics	r0, r2
10008302:	320d      	adds	r2, #13
10008304:	4682      	mov	sl, r0
10008306:	4694      	mov	ip, r2
10008308:	44ca      	add	sl, r9
1000830a:	44ac      	add	ip, r5
1000830c:	45e2      	cmp	sl, ip
1000830e:	da52      	bge.n	100083b6 <_realloc_r+0x2a2>
10008310:	07ca      	lsls	r2, r1, #31
10008312:	d500      	bpl.n	10008316 <_realloc_r+0x202>
10008314:	e756      	b.n	100081c4 <_realloc_r+0xb0>
10008316:	6831      	ldr	r1, [r6, #0]
10008318:	1a72      	subs	r2, r6, r1
1000831a:	2103      	movs	r1, #3
1000831c:	4692      	mov	sl, r2
1000831e:	6852      	ldr	r2, [r2, #4]
10008320:	438a      	bics	r2, r1
10008322:	1810      	adds	r0, r2, r0
10008324:	0001      	movs	r1, r0
10008326:	4449      	add	r1, r9
10008328:	9100      	str	r1, [sp, #0]
1000832a:	458c      	cmp	ip, r1
1000832c:	dd00      	ble.n	10008330 <_realloc_r+0x21c>
1000832e:	e744      	b.n	100081ba <_realloc_r+0xa6>
10008330:	4653      	mov	r3, sl
10008332:	4652      	mov	r2, sl
10008334:	68db      	ldr	r3, [r3, #12]
10008336:	6892      	ldr	r2, [r2, #8]
10008338:	60d3      	str	r3, [r2, #12]
1000833a:	609a      	str	r2, [r3, #8]
1000833c:	2308      	movs	r3, #8
1000833e:	464a      	mov	r2, r9
10008340:	4453      	add	r3, sl
10008342:	3a04      	subs	r2, #4
10008344:	4698      	mov	r8, r3
10008346:	2a24      	cmp	r2, #36	@ 0x24
10008348:	d875      	bhi.n	10008436 <_realloc_r+0x322>
1000834a:	2a13      	cmp	r2, #19
1000834c:	d908      	bls.n	10008360 <_realloc_r+0x24c>
1000834e:	4653      	mov	r3, sl
10008350:	6821      	ldr	r1, [r4, #0]
10008352:	6099      	str	r1, [r3, #8]
10008354:	6861      	ldr	r1, [r4, #4]
10008356:	60d9      	str	r1, [r3, #12]
10008358:	2a1b      	cmp	r2, #27
1000835a:	d871      	bhi.n	10008440 <_realloc_r+0x32c>
1000835c:	3408      	adds	r4, #8
1000835e:	3310      	adds	r3, #16
10008360:	6822      	ldr	r2, [r4, #0]
10008362:	601a      	str	r2, [r3, #0]
10008364:	6862      	ldr	r2, [r4, #4]
10008366:	605a      	str	r2, [r3, #4]
10008368:	68a2      	ldr	r2, [r4, #8]
1000836a:	609a      	str	r2, [r3, #8]
1000836c:	4653      	mov	r3, sl
1000836e:	1959      	adds	r1, r3, r5
10008370:	465b      	mov	r3, fp
10008372:	6099      	str	r1, [r3, #8]
10008374:	9b00      	ldr	r3, [sp, #0]
10008376:	0038      	movs	r0, r7
10008378:	1b5a      	subs	r2, r3, r5
1000837a:	2301      	movs	r3, #1
1000837c:	431a      	orrs	r2, r3
1000837e:	604a      	str	r2, [r1, #4]
10008380:	4652      	mov	r2, sl
10008382:	6852      	ldr	r2, [r2, #4]
10008384:	4013      	ands	r3, r2
10008386:	431d      	orrs	r5, r3
10008388:	4653      	mov	r3, sl
1000838a:	605d      	str	r5, [r3, #4]
1000838c:	f7ff feba 	bl	10008104 <__malloc_unlock>
10008390:	e74c      	b.n	1000822c <_realloc_r+0x118>
10008392:	6821      	ldr	r1, [r4, #0]
10008394:	6001      	str	r1, [r0, #0]
10008396:	6861      	ldr	r1, [r4, #4]
10008398:	6041      	str	r1, [r0, #4]
1000839a:	2a1b      	cmp	r2, #27
1000839c:	d827      	bhi.n	100083ee <_realloc_r+0x2da>
1000839e:	0021      	movs	r1, r4
100083a0:	3308      	adds	r3, #8
100083a2:	3108      	adds	r1, #8
100083a4:	e72c      	b.n	10008200 <_realloc_r+0xec>
100083a6:	0021      	movs	r1, r4
100083a8:	0030      	movs	r0, r6
100083aa:	0034      	movs	r4, r6
100083ac:	f000 fb48 	bl	10008a40 <memmove>
100083b0:	46d9      	mov	r9, fp
100083b2:	4656      	mov	r6, sl
100083b4:	e748      	b.n	10008248 <_realloc_r+0x134>
100083b6:	465b      	mov	r3, fp
100083b8:	9800      	ldr	r0, [sp, #0]
100083ba:	46a0      	mov	r8, r4
100083bc:	1941      	adds	r1, r0, r5
100083be:	6099      	str	r1, [r3, #8]
100083c0:	4653      	mov	r3, sl
100083c2:	1b5a      	subs	r2, r3, r5
100083c4:	2301      	movs	r3, #1
100083c6:	431a      	orrs	r2, r3
100083c8:	604a      	str	r2, [r1, #4]
100083ca:	6841      	ldr	r1, [r0, #4]
100083cc:	400b      	ands	r3, r1
100083ce:	431d      	orrs	r5, r3
100083d0:	6045      	str	r5, [r0, #4]
100083d2:	0038      	movs	r0, r7
100083d4:	9100      	str	r1, [sp, #0]
100083d6:	f7ff fe95 	bl	10008104 <__malloc_unlock>
100083da:	e727      	b.n	1000822c <_realloc_r+0x118>
100083dc:	2203      	movs	r2, #3
100083de:	685b      	ldr	r3, [r3, #4]
100083e0:	4393      	bics	r3, r2
100083e2:	4499      	add	r9, r3
100083e4:	e730      	b.n	10008248 <_realloc_r+0x134>
100083e6:	0021      	movs	r1, r4
100083e8:	f000 fb2a 	bl	10008a40 <memmove>
100083ec:	e70e      	b.n	1000820c <_realloc_r+0xf8>
100083ee:	68a1      	ldr	r1, [r4, #8]
100083f0:	6081      	str	r1, [r0, #8]
100083f2:	68e1      	ldr	r1, [r4, #12]
100083f4:	60c1      	str	r1, [r0, #12]
100083f6:	2a24      	cmp	r2, #36	@ 0x24
100083f8:	d00c      	beq.n	10008414 <_realloc_r+0x300>
100083fa:	0021      	movs	r1, r4
100083fc:	3310      	adds	r3, #16
100083fe:	3110      	adds	r1, #16
10008400:	e6fe      	b.n	10008200 <_realloc_r+0xec>
10008402:	68a1      	ldr	r1, [r4, #8]
10008404:	6119      	str	r1, [r3, #16]
10008406:	68e1      	ldr	r1, [r4, #12]
10008408:	6159      	str	r1, [r3, #20]
1000840a:	2a24      	cmp	r2, #36	@ 0x24
1000840c:	d00b      	beq.n	10008426 <_realloc_r+0x312>
1000840e:	3410      	adds	r4, #16
10008410:	3318      	adds	r3, #24
10008412:	e769      	b.n	100082e8 <_realloc_r+0x1d4>
10008414:	6922      	ldr	r2, [r4, #16]
10008416:	0021      	movs	r1, r4
10008418:	6102      	str	r2, [r0, #16]
1000841a:	0002      	movs	r2, r0
1000841c:	6960      	ldr	r0, [r4, #20]
1000841e:	3118      	adds	r1, #24
10008420:	3318      	adds	r3, #24
10008422:	6150      	str	r0, [r2, #20]
10008424:	e6ec      	b.n	10008200 <_realloc_r+0xec>
10008426:	6922      	ldr	r2, [r4, #16]
10008428:	619a      	str	r2, [r3, #24]
1000842a:	4652      	mov	r2, sl
1000842c:	6961      	ldr	r1, [r4, #20]
1000842e:	3320      	adds	r3, #32
10008430:	61d1      	str	r1, [r2, #28]
10008432:	3418      	adds	r4, #24
10008434:	e758      	b.n	100082e8 <_realloc_r+0x1d4>
10008436:	0021      	movs	r1, r4
10008438:	0018      	movs	r0, r3
1000843a:	f000 fb01 	bl	10008a40 <memmove>
1000843e:	e795      	b.n	1000836c <_realloc_r+0x258>
10008440:	68a1      	ldr	r1, [r4, #8]
10008442:	6119      	str	r1, [r3, #16]
10008444:	68e1      	ldr	r1, [r4, #12]
10008446:	6159      	str	r1, [r3, #20]
10008448:	2a24      	cmp	r2, #36	@ 0x24
1000844a:	d002      	beq.n	10008452 <_realloc_r+0x33e>
1000844c:	3410      	adds	r4, #16
1000844e:	3318      	adds	r3, #24
10008450:	e786      	b.n	10008360 <_realloc_r+0x24c>
10008452:	6922      	ldr	r2, [r4, #16]
10008454:	619a      	str	r2, [r3, #24]
10008456:	4652      	mov	r2, sl
10008458:	6961      	ldr	r1, [r4, #20]
1000845a:	3320      	adds	r3, #32
1000845c:	61d1      	str	r1, [r2, #28]
1000845e:	3418      	adds	r4, #24
10008460:	e77e      	b.n	10008360 <_realloc_r+0x24c>
10008462:	46c0      	nop			@ (mov r8, r8)
10008464:	200011a8 	.word	0x200011a8

10008468 <_sbrk_r>:
10008468:	2300      	movs	r3, #0
1000846a:	b570      	push	{r4, r5, r6, lr}
1000846c:	4d06      	ldr	r5, [pc, #24]	@ (10008488 <_sbrk_r+0x20>)
1000846e:	0004      	movs	r4, r0
10008470:	0008      	movs	r0, r1
10008472:	602b      	str	r3, [r5, #0]
10008474:	f7fb ff2e 	bl	100042d4 <_sbrk>
10008478:	1c43      	adds	r3, r0, #1
1000847a:	d000      	beq.n	1000847e <_sbrk_r+0x16>
1000847c:	bd70      	pop	{r4, r5, r6, pc}
1000847e:	682b      	ldr	r3, [r5, #0]
10008480:	2b00      	cmp	r3, #0
10008482:	d0fb      	beq.n	1000847c <_sbrk_r+0x14>
10008484:	6023      	str	r3, [r4, #0]
10008486:	e7f9      	b.n	1000847c <_sbrk_r+0x14>
10008488:	20005ea8 	.word	0x20005ea8

1000848c <__sread>:
1000848c:	b570      	push	{r4, r5, r6, lr}
1000848e:	000c      	movs	r4, r1
10008490:	250e      	movs	r5, #14
10008492:	5f49      	ldrsh	r1, [r1, r5]
10008494:	f000 fb2a 	bl	10008aec <_read_r>
10008498:	2800      	cmp	r0, #0
1000849a:	db03      	blt.n	100084a4 <__sread+0x18>
1000849c:	6d23      	ldr	r3, [r4, #80]	@ 0x50
1000849e:	181b      	adds	r3, r3, r0
100084a0:	6523      	str	r3, [r4, #80]	@ 0x50
100084a2:	bd70      	pop	{r4, r5, r6, pc}
100084a4:	89a3      	ldrh	r3, [r4, #12]
100084a6:	4a02      	ldr	r2, [pc, #8]	@ (100084b0 <__sread+0x24>)
100084a8:	4013      	ands	r3, r2
100084aa:	81a3      	strh	r3, [r4, #12]
100084ac:	e7f9      	b.n	100084a2 <__sread+0x16>
100084ae:	46c0      	nop			@ (mov r8, r8)
100084b0:	ffffefff 	.word	0xffffefff

100084b4 <__swrite>:
100084b4:	b5f8      	push	{r3, r4, r5, r6, r7, lr}
100084b6:	000c      	movs	r4, r1
100084b8:	001f      	movs	r7, r3
100084ba:	230c      	movs	r3, #12
100084bc:	5ec9      	ldrsh	r1, [r1, r3]
100084be:	0005      	movs	r5, r0
100084c0:	0016      	movs	r6, r2
100084c2:	05cb      	lsls	r3, r1, #23
100084c4:	d40a      	bmi.n	100084dc <__swrite+0x28>
100084c6:	4b0a      	ldr	r3, [pc, #40]	@ (100084f0 <__swrite+0x3c>)
100084c8:	0032      	movs	r2, r6
100084ca:	4019      	ands	r1, r3
100084cc:	0028      	movs	r0, r5
100084ce:	81a1      	strh	r1, [r4, #12]
100084d0:	230e      	movs	r3, #14
100084d2:	5ee1      	ldrsh	r1, [r4, r3]
100084d4:	003b      	movs	r3, r7
100084d6:	f000 f857 	bl	10008588 <_write_r>
100084da:	bdf8      	pop	{r3, r4, r5, r6, r7, pc}
100084dc:	230e      	movs	r3, #14
100084de:	5ee1      	ldrsh	r1, [r4, r3]
100084e0:	2200      	movs	r2, #0
100084e2:	2302      	movs	r3, #2
100084e4:	f000 fa5e 	bl	100089a4 <_lseek_r>
100084e8:	230c      	movs	r3, #12
100084ea:	5ee1      	ldrsh	r1, [r4, r3]
100084ec:	e7eb      	b.n	100084c6 <__swrite+0x12>
100084ee:	46c0      	nop			@ (mov r8, r8)
100084f0:	ffffefff 	.word	0xffffefff

100084f4 <__sseek>:
100084f4:	b570      	push	{r4, r5, r6, lr}
100084f6:	000c      	movs	r4, r1
100084f8:	250e      	movs	r5, #14
100084fa:	5f49      	ldrsh	r1, [r1, r5]
100084fc:	f000 fa52 	bl	100089a4 <_lseek_r>
10008500:	1c43      	adds	r3, r0, #1
10008502:	d006      	beq.n	10008512 <__sseek+0x1e>
10008504:	2380      	movs	r3, #128	@ 0x80
10008506:	89a2      	ldrh	r2, [r4, #12]
10008508:	015b      	lsls	r3, r3, #5
1000850a:	4313      	orrs	r3, r2
1000850c:	81a3      	strh	r3, [r4, #12]
1000850e:	6520      	str	r0, [r4, #80]	@ 0x50
10008510:	bd70      	pop	{r4, r5, r6, pc}
10008512:	89a3      	ldrh	r3, [r4, #12]
10008514:	4a01      	ldr	r2, [pc, #4]	@ (1000851c <__sseek+0x28>)
10008516:	4013      	ands	r3, r2
10008518:	81a3      	strh	r3, [r4, #12]
1000851a:	e7f9      	b.n	10008510 <__sseek+0x1c>
1000851c:	ffffefff 	.word	0xffffefff

10008520 <__sclose>:
10008520:	b510      	push	{r4, lr}
10008522:	230e      	movs	r3, #14
10008524:	5ec9      	ldrsh	r1, [r1, r3]
10008526:	f000 f843 	bl	100085b0 <_close_r>
1000852a:	bd10      	pop	{r4, pc}

1000852c <strlen>:
1000852c:	b510      	push	{r4, lr}
1000852e:	0783      	lsls	r3, r0, #30
10008530:	d00a      	beq.n	10008548 <strlen+0x1c>
10008532:	0003      	movs	r3, r0
10008534:	2103      	movs	r1, #3
10008536:	e002      	b.n	1000853e <strlen+0x12>
10008538:	3301      	adds	r3, #1
1000853a:	420b      	tst	r3, r1
1000853c:	d005      	beq.n	1000854a <strlen+0x1e>
1000853e:	781a      	ldrb	r2, [r3, #0]
10008540:	2a00      	cmp	r2, #0
10008542:	d1f9      	bne.n	10008538 <strlen+0xc>
10008544:	1a18      	subs	r0, r3, r0
10008546:	bd10      	pop	{r4, pc}
10008548:	0003      	movs	r3, r0
1000854a:	6819      	ldr	r1, [r3, #0]
1000854c:	4a0c      	ldr	r2, [pc, #48]	@ (10008580 <strlen+0x54>)
1000854e:	4c0d      	ldr	r4, [pc, #52]	@ (10008584 <strlen+0x58>)
10008550:	188a      	adds	r2, r1, r2
10008552:	438a      	bics	r2, r1
10008554:	4222      	tst	r2, r4
10008556:	d10f      	bne.n	10008578 <strlen+0x4c>
10008558:	6859      	ldr	r1, [r3, #4]
1000855a:	4a09      	ldr	r2, [pc, #36]	@ (10008580 <strlen+0x54>)
1000855c:	3304      	adds	r3, #4
1000855e:	188a      	adds	r2, r1, r2
10008560:	438a      	bics	r2, r1
10008562:	4222      	tst	r2, r4
10008564:	d108      	bne.n	10008578 <strlen+0x4c>
10008566:	6859      	ldr	r1, [r3, #4]
10008568:	4a05      	ldr	r2, [pc, #20]	@ (10008580 <strlen+0x54>)
1000856a:	3304      	adds	r3, #4
1000856c:	188a      	adds	r2, r1, r2
1000856e:	438a      	bics	r2, r1
10008570:	4222      	tst	r2, r4
10008572:	d0f1      	beq.n	10008558 <strlen+0x2c>
10008574:	e000      	b.n	10008578 <strlen+0x4c>
10008576:	3301      	adds	r3, #1
10008578:	781a      	ldrb	r2, [r3, #0]
1000857a:	2a00      	cmp	r2, #0
1000857c:	d1fb      	bne.n	10008576 <strlen+0x4a>
1000857e:	e7e1      	b.n	10008544 <strlen+0x18>
10008580:	fefefeff 	.word	0xfefefeff
10008584:	80808080 	.word	0x80808080

10008588 <_write_r>:
10008588:	b570      	push	{r4, r5, r6, lr}
1000858a:	0004      	movs	r4, r0
1000858c:	0008      	movs	r0, r1
1000858e:	0011      	movs	r1, r2
10008590:	001a      	movs	r2, r3
10008592:	2300      	movs	r3, #0
10008594:	4d05      	ldr	r5, [pc, #20]	@ (100085ac <_write_r+0x24>)
10008596:	602b      	str	r3, [r5, #0]
10008598:	f7fb feca 	bl	10004330 <_write>
1000859c:	1c43      	adds	r3, r0, #1
1000859e:	d000      	beq.n	100085a2 <_write_r+0x1a>
100085a0:	bd70      	pop	{r4, r5, r6, pc}
100085a2:	682b      	ldr	r3, [r5, #0]
100085a4:	2b00      	cmp	r3, #0
100085a6:	d0fb      	beq.n	100085a0 <_write_r+0x18>
100085a8:	6023      	str	r3, [r4, #0]
100085aa:	e7f9      	b.n	100085a0 <_write_r+0x18>
100085ac:	20005ea8 	.word	0x20005ea8

100085b0 <_close_r>:
100085b0:	2300      	movs	r3, #0
100085b2:	b570      	push	{r4, r5, r6, lr}
100085b4:	4d06      	ldr	r5, [pc, #24]	@ (100085d0 <_close_r+0x20>)
100085b6:	0004      	movs	r4, r0
100085b8:	0008      	movs	r0, r1
100085ba:	602b      	str	r3, [r5, #0]
100085bc:	f7fb fec9 	bl	10004352 <_close>
100085c0:	1c43      	adds	r3, r0, #1
100085c2:	d000      	beq.n	100085c6 <_close_r+0x16>
100085c4:	bd70      	pop	{r4, r5, r6, pc}
100085c6:	682b      	ldr	r3, [r5, #0]
100085c8:	2b00      	cmp	r3, #0
100085ca:	d0fb      	beq.n	100085c4 <_close_r+0x14>
100085cc:	6023      	str	r3, [r4, #0]
100085ce:	e7f9      	b.n	100085c4 <_close_r+0x14>
100085d0:	20005ea8 	.word	0x20005ea8

100085d4 <_fclose_r>:
100085d4:	b5f8      	push	{r3, r4, r5, r6, r7, lr}
100085d6:	0006      	movs	r6, r0
100085d8:	1e0c      	subs	r4, r1, #0
100085da:	d04d      	beq.n	10008678 <_fclose_r+0xa4>
100085dc:	2800      	cmp	r0, #0
100085de:	d002      	beq.n	100085e6 <_fclose_r+0x12>
100085e0:	6b83      	ldr	r3, [r0, #56]	@ 0x38
100085e2:	2b00      	cmp	r3, #0
100085e4:	d04a      	beq.n	1000867c <_fclose_r+0xa8>
100085e6:	2701      	movs	r7, #1
100085e8:	6e63      	ldr	r3, [r4, #100]	@ 0x64
100085ea:	423b      	tst	r3, r7
100085ec:	d035      	beq.n	1000865a <_fclose_r+0x86>
100085ee:	220c      	movs	r2, #12
100085f0:	5ea3      	ldrsh	r3, [r4, r2]
100085f2:	2b00      	cmp	r3, #0
100085f4:	d040      	beq.n	10008678 <_fclose_r+0xa4>
100085f6:	0021      	movs	r1, r4
100085f8:	0030      	movs	r0, r6
100085fa:	f7fe ff3b 	bl	10007474 <__sflush_r>
100085fe:	6ae3      	ldr	r3, [r4, #44]	@ 0x2c
10008600:	0005      	movs	r5, r0
10008602:	2b00      	cmp	r3, #0
10008604:	d004      	beq.n	10008610 <_fclose_r+0x3c>
10008606:	0030      	movs	r0, r6
10008608:	69e1      	ldr	r1, [r4, #28]
1000860a:	4798      	blx	r3
1000860c:	2800      	cmp	r0, #0
1000860e:	db3c      	blt.n	1000868a <_fclose_r+0xb6>
10008610:	89a3      	ldrh	r3, [r4, #12]
10008612:	061b      	lsls	r3, r3, #24
10008614:	d43e      	bmi.n	10008694 <_fclose_r+0xc0>
10008616:	6b21      	ldr	r1, [r4, #48]	@ 0x30
10008618:	2900      	cmp	r1, #0
1000861a:	d008      	beq.n	1000862e <_fclose_r+0x5a>
1000861c:	0023      	movs	r3, r4
1000861e:	3340      	adds	r3, #64	@ 0x40
10008620:	4299      	cmp	r1, r3
10008622:	d002      	beq.n	1000862a <_fclose_r+0x56>
10008624:	0030      	movs	r0, r6
10008626:	f7ff f92d 	bl	10007884 <_free_r>
1000862a:	2300      	movs	r3, #0
1000862c:	6323      	str	r3, [r4, #48]	@ 0x30
1000862e:	6c61      	ldr	r1, [r4, #68]	@ 0x44
10008630:	2900      	cmp	r1, #0
10008632:	d004      	beq.n	1000863e <_fclose_r+0x6a>
10008634:	0030      	movs	r0, r6
10008636:	f7ff f925 	bl	10007884 <_free_r>
1000863a:	2300      	movs	r3, #0
1000863c:	6463      	str	r3, [r4, #68]	@ 0x44
1000863e:	f7ff f8c3 	bl	100077c8 <__sfp_lock_acquire>
10008642:	2300      	movs	r3, #0
10008644:	81a3      	strh	r3, [r4, #12]
10008646:	6e63      	ldr	r3, [r4, #100]	@ 0x64
10008648:	07db      	lsls	r3, r3, #31
1000864a:	d52c      	bpl.n	100086a6 <_fclose_r+0xd2>
1000864c:	6da0      	ldr	r0, [r4, #88]	@ 0x58
1000864e:	f7ff fa89 	bl	10007b64 <__retarget_lock_close_recursive>
10008652:	f7ff f8c1 	bl	100077d8 <__sfp_lock_release>
10008656:	0028      	movs	r0, r5
10008658:	bdf8      	pop	{r3, r4, r5, r6, r7, pc}
1000865a:	89a3      	ldrh	r3, [r4, #12]
1000865c:	059b      	lsls	r3, r3, #22
1000865e:	d4ca      	bmi.n	100085f6 <_fclose_r+0x22>
10008660:	6da0      	ldr	r0, [r4, #88]	@ 0x58
10008662:	f7ff fa81 	bl	10007b68 <__retarget_lock_acquire_recursive>
10008666:	220c      	movs	r2, #12
10008668:	5ea3      	ldrsh	r3, [r4, r2]
1000866a:	2b00      	cmp	r3, #0
1000866c:	d1c3      	bne.n	100085f6 <_fclose_r+0x22>
1000866e:	6e63      	ldr	r3, [r4, #100]	@ 0x64
10008670:	001d      	movs	r5, r3
10008672:	403d      	ands	r5, r7
10008674:	423b      	tst	r3, r7
10008676:	d012      	beq.n	1000869e <_fclose_r+0xca>
10008678:	2500      	movs	r5, #0
1000867a:	e7ec      	b.n	10008656 <_fclose_r+0x82>
1000867c:	2701      	movs	r7, #1
1000867e:	f7ff f813 	bl	100076a8 <__sinit>
10008682:	6e63      	ldr	r3, [r4, #100]	@ 0x64
10008684:	423b      	tst	r3, r7
10008686:	d1b2      	bne.n	100085ee <_fclose_r+0x1a>
10008688:	e7e7      	b.n	1000865a <_fclose_r+0x86>
1000868a:	2501      	movs	r5, #1
1000868c:	89a3      	ldrh	r3, [r4, #12]
1000868e:	426d      	negs	r5, r5
10008690:	061b      	lsls	r3, r3, #24
10008692:	d5c0      	bpl.n	10008616 <_fclose_r+0x42>
10008694:	0030      	movs	r0, r6
10008696:	6921      	ldr	r1, [r4, #16]
10008698:	f7ff f8f4 	bl	10007884 <_free_r>
1000869c:	e7bb      	b.n	10008616 <_fclose_r+0x42>
1000869e:	6da0      	ldr	r0, [r4, #88]	@ 0x58
100086a0:	f7ff fa64 	bl	10007b6c <__retarget_lock_release_recursive>
100086a4:	e7d7      	b.n	10008656 <_fclose_r+0x82>
100086a6:	6da0      	ldr	r0, [r4, #88]	@ 0x58
100086a8:	f7ff fa60 	bl	10007b6c <__retarget_lock_release_recursive>
100086ac:	e7ce      	b.n	1000864c <_fclose_r+0x78>
100086ae:	46c0      	nop			@ (mov r8, r8)

100086b0 <__sfvwrite_r>:
100086b0:	b5f0      	push	{r4, r5, r6, r7, lr}
100086b2:	46de      	mov	lr, fp
100086b4:	4645      	mov	r5, r8
100086b6:	4657      	mov	r7, sl
100086b8:	464e      	mov	r6, r9
100086ba:	b5e0      	push	{r5, r6, r7, lr}
100086bc:	6893      	ldr	r3, [r2, #8]
100086be:	4683      	mov	fp, r0
100086c0:	000c      	movs	r4, r1
100086c2:	4690      	mov	r8, r2
100086c4:	b083      	sub	sp, #12
100086c6:	2b00      	cmp	r3, #0
100086c8:	d023      	beq.n	10008712 <__sfvwrite_r+0x62>
100086ca:	898b      	ldrh	r3, [r1, #12]
100086cc:	071a      	lsls	r2, r3, #28
100086ce:	d528      	bpl.n	10008722 <__sfvwrite_r+0x72>
100086d0:	690a      	ldr	r2, [r1, #16]
100086d2:	2a00      	cmp	r2, #0
100086d4:	d025      	beq.n	10008722 <__sfvwrite_r+0x72>
100086d6:	4642      	mov	r2, r8
100086d8:	6816      	ldr	r6, [r2, #0]
100086da:	079a      	lsls	r2, r3, #30
100086dc:	d52d      	bpl.n	1000873a <__sfvwrite_r+0x8a>
100086de:	2700      	movs	r7, #0
100086e0:	4bac      	ldr	r3, [pc, #688]	@ (10008994 <__sfvwrite_r+0x2e4>)
100086e2:	2500      	movs	r5, #0
100086e4:	4699      	mov	r9, r3
100086e6:	46ba      	mov	sl, r7
100086e8:	2d00      	cmp	r5, #0
100086ea:	d058      	beq.n	1000879e <__sfvwrite_r+0xee>
100086ec:	002b      	movs	r3, r5
100086ee:	454d      	cmp	r5, r9
100086f0:	d900      	bls.n	100086f4 <__sfvwrite_r+0x44>
100086f2:	4ba8      	ldr	r3, [pc, #672]	@ (10008994 <__sfvwrite_r+0x2e4>)
100086f4:	4652      	mov	r2, sl
100086f6:	4658      	mov	r0, fp
100086f8:	69e1      	ldr	r1, [r4, #28]
100086fa:	6a67      	ldr	r7, [r4, #36]	@ 0x24
100086fc:	47b8      	blx	r7
100086fe:	2800      	cmp	r0, #0
10008700:	dd58      	ble.n	100087b4 <__sfvwrite_r+0x104>
10008702:	4643      	mov	r3, r8
10008704:	689b      	ldr	r3, [r3, #8]
10008706:	4482      	add	sl, r0
10008708:	1a2d      	subs	r5, r5, r0
1000870a:	1a18      	subs	r0, r3, r0
1000870c:	4643      	mov	r3, r8
1000870e:	6098      	str	r0, [r3, #8]
10008710:	d1ea      	bne.n	100086e8 <__sfvwrite_r+0x38>
10008712:	2000      	movs	r0, #0
10008714:	b003      	add	sp, #12
10008716:	bcf0      	pop	{r4, r5, r6, r7}
10008718:	46bb      	mov	fp, r7
1000871a:	46b2      	mov	sl, r6
1000871c:	46a9      	mov	r9, r5
1000871e:	46a0      	mov	r8, r4
10008720:	bdf0      	pop	{r4, r5, r6, r7, pc}
10008722:	0021      	movs	r1, r4
10008724:	4658      	mov	r0, fp
10008726:	f000 f9f5 	bl	10008b14 <__swsetup_r>
1000872a:	2800      	cmp	r0, #0
1000872c:	d000      	beq.n	10008730 <__sfvwrite_r+0x80>
1000872e:	e12d      	b.n	1000898c <__sfvwrite_r+0x2dc>
10008730:	4642      	mov	r2, r8
10008732:	89a3      	ldrh	r3, [r4, #12]
10008734:	6816      	ldr	r6, [r2, #0]
10008736:	079a      	lsls	r2, r3, #30
10008738:	d4d1      	bmi.n	100086de <__sfvwrite_r+0x2e>
1000873a:	07da      	lsls	r2, r3, #31
1000873c:	d442      	bmi.n	100087c4 <__sfvwrite_r+0x114>
1000873e:	2200      	movs	r2, #0
10008740:	2700      	movs	r7, #0
10008742:	4691      	mov	r9, r2
10008744:	2f00      	cmp	r7, #0
10008746:	d025      	beq.n	10008794 <__sfvwrite_r+0xe4>
10008748:	2280      	movs	r2, #128	@ 0x80
1000874a:	0092      	lsls	r2, r2, #2
1000874c:	68a5      	ldr	r5, [r4, #8]
1000874e:	4213      	tst	r3, r2
10008750:	d100      	bne.n	10008754 <__sfvwrite_r+0xa4>
10008752:	e080      	b.n	10008856 <__sfvwrite_r+0x1a6>
10008754:	46aa      	mov	sl, r5
10008756:	42bd      	cmp	r5, r7
10008758:	d900      	bls.n	1000875c <__sfvwrite_r+0xac>
1000875a:	e0af      	b.n	100088bc <__sfvwrite_r+0x20c>
1000875c:	2290      	movs	r2, #144	@ 0x90
1000875e:	00d2      	lsls	r2, r2, #3
10008760:	4213      	tst	r3, r2
10008762:	d000      	beq.n	10008766 <__sfvwrite_r+0xb6>
10008764:	e0bb      	b.n	100088de <__sfvwrite_r+0x22e>
10008766:	6820      	ldr	r0, [r4, #0]
10008768:	4652      	mov	r2, sl
1000876a:	4649      	mov	r1, r9
1000876c:	f000 f968 	bl	10008a40 <memmove>
10008770:	68a3      	ldr	r3, [r4, #8]
10008772:	1b5d      	subs	r5, r3, r5
10008774:	60a5      	str	r5, [r4, #8]
10008776:	003d      	movs	r5, r7
10008778:	2700      	movs	r7, #0
1000877a:	6823      	ldr	r3, [r4, #0]
1000877c:	4453      	add	r3, sl
1000877e:	6023      	str	r3, [r4, #0]
10008780:	4643      	mov	r3, r8
10008782:	689b      	ldr	r3, [r3, #8]
10008784:	44a9      	add	r9, r5
10008786:	1b5d      	subs	r5, r3, r5
10008788:	4643      	mov	r3, r8
1000878a:	609d      	str	r5, [r3, #8]
1000878c:	d0c1      	beq.n	10008712 <__sfvwrite_r+0x62>
1000878e:	89a3      	ldrh	r3, [r4, #12]
10008790:	2f00      	cmp	r7, #0
10008792:	d1d9      	bne.n	10008748 <__sfvwrite_r+0x98>
10008794:	6832      	ldr	r2, [r6, #0]
10008796:	6877      	ldr	r7, [r6, #4]
10008798:	4691      	mov	r9, r2
1000879a:	3608      	adds	r6, #8
1000879c:	e7d2      	b.n	10008744 <__sfvwrite_r+0x94>
1000879e:	6833      	ldr	r3, [r6, #0]
100087a0:	6875      	ldr	r5, [r6, #4]
100087a2:	469a      	mov	sl, r3
100087a4:	3608      	adds	r6, #8
100087a6:	e79f      	b.n	100086e8 <__sfvwrite_r+0x38>
100087a8:	0021      	movs	r1, r4
100087aa:	9801      	ldr	r0, [sp, #4]
100087ac:	f7fe ff02 	bl	100075b4 <_fflush_r>
100087b0:	2800      	cmp	r0, #0
100087b2:	d02f      	beq.n	10008814 <__sfvwrite_r+0x164>
100087b4:	220c      	movs	r2, #12
100087b6:	5ea3      	ldrsh	r3, [r4, r2]
100087b8:	2240      	movs	r2, #64	@ 0x40
100087ba:	2001      	movs	r0, #1
100087bc:	4313      	orrs	r3, r2
100087be:	81a3      	strh	r3, [r4, #12]
100087c0:	4240      	negs	r0, r0
100087c2:	e7a7      	b.n	10008714 <__sfvwrite_r+0x64>
100087c4:	2300      	movs	r3, #0
100087c6:	2200      	movs	r2, #0
100087c8:	46b1      	mov	r9, r6
100087ca:	2700      	movs	r7, #0
100087cc:	001e      	movs	r6, r3
100087ce:	465b      	mov	r3, fp
100087d0:	2000      	movs	r0, #0
100087d2:	4692      	mov	sl, r2
100087d4:	9301      	str	r3, [sp, #4]
100087d6:	2f00      	cmp	r7, #0
100087d8:	d027      	beq.n	1000882a <__sfvwrite_r+0x17a>
100087da:	2800      	cmp	r0, #0
100087dc:	d02f      	beq.n	1000883e <__sfvwrite_r+0x18e>
100087de:	0033      	movs	r3, r6
100087e0:	46bb      	mov	fp, r7
100087e2:	429f      	cmp	r7, r3
100087e4:	d900      	bls.n	100087e8 <__sfvwrite_r+0x138>
100087e6:	469b      	mov	fp, r3
100087e8:	6820      	ldr	r0, [r4, #0]
100087ea:	6922      	ldr	r2, [r4, #16]
100087ec:	6963      	ldr	r3, [r4, #20]
100087ee:	4290      	cmp	r0, r2
100087f0:	d904      	bls.n	100087fc <__sfvwrite_r+0x14c>
100087f2:	68a2      	ldr	r2, [r4, #8]
100087f4:	189d      	adds	r5, r3, r2
100087f6:	45ab      	cmp	fp, r5
100087f8:	dd00      	ble.n	100087fc <__sfvwrite_r+0x14c>
100087fa:	e09e      	b.n	1000893a <__sfvwrite_r+0x28a>
100087fc:	455b      	cmp	r3, fp
100087fe:	dc61      	bgt.n	100088c4 <__sfvwrite_r+0x214>
10008800:	6a65      	ldr	r5, [r4, #36]	@ 0x24
10008802:	4652      	mov	r2, sl
10008804:	69e1      	ldr	r1, [r4, #28]
10008806:	9801      	ldr	r0, [sp, #4]
10008808:	47a8      	blx	r5
1000880a:	1e05      	subs	r5, r0, #0
1000880c:	ddd2      	ble.n	100087b4 <__sfvwrite_r+0x104>
1000880e:	2001      	movs	r0, #1
10008810:	1b76      	subs	r6, r6, r5
10008812:	d0c9      	beq.n	100087a8 <__sfvwrite_r+0xf8>
10008814:	4643      	mov	r3, r8
10008816:	689b      	ldr	r3, [r3, #8]
10008818:	44aa      	add	sl, r5
1000881a:	1b7f      	subs	r7, r7, r5
1000881c:	1b5d      	subs	r5, r3, r5
1000881e:	4643      	mov	r3, r8
10008820:	609d      	str	r5, [r3, #8]
10008822:	d100      	bne.n	10008826 <__sfvwrite_r+0x176>
10008824:	e775      	b.n	10008712 <__sfvwrite_r+0x62>
10008826:	2f00      	cmp	r7, #0
10008828:	d1d7      	bne.n	100087da <__sfvwrite_r+0x12a>
1000882a:	464b      	mov	r3, r9
1000882c:	681b      	ldr	r3, [r3, #0]
1000882e:	469a      	mov	sl, r3
10008830:	464b      	mov	r3, r9
10008832:	685f      	ldr	r7, [r3, #4]
10008834:	2308      	movs	r3, #8
10008836:	469c      	mov	ip, r3
10008838:	44e1      	add	r9, ip
1000883a:	2f00      	cmp	r7, #0
1000883c:	d0f5      	beq.n	1000882a <__sfvwrite_r+0x17a>
1000883e:	003a      	movs	r2, r7
10008840:	210a      	movs	r1, #10
10008842:	4650      	mov	r0, sl
10008844:	f000 f8c2 	bl	100089cc <memchr>
10008848:	2800      	cmp	r0, #0
1000884a:	d100      	bne.n	1000884e <__sfvwrite_r+0x19e>
1000884c:	e095      	b.n	1000897a <__sfvwrite_r+0x2ca>
1000884e:	4653      	mov	r3, sl
10008850:	3001      	adds	r0, #1
10008852:	1ac6      	subs	r6, r0, r3
10008854:	e7c3      	b.n	100087de <__sfvwrite_r+0x12e>
10008856:	6820      	ldr	r0, [r4, #0]
10008858:	6923      	ldr	r3, [r4, #16]
1000885a:	4298      	cmp	r0, r3
1000885c:	d816      	bhi.n	1000888c <__sfvwrite_r+0x1dc>
1000885e:	6963      	ldr	r3, [r4, #20]
10008860:	469a      	mov	sl, r3
10008862:	42bb      	cmp	r3, r7
10008864:	d812      	bhi.n	1000888c <__sfvwrite_r+0x1dc>
10008866:	4b4c      	ldr	r3, [pc, #304]	@ (10008998 <__sfvwrite_r+0x2e8>)
10008868:	0038      	movs	r0, r7
1000886a:	429f      	cmp	r7, r3
1000886c:	d900      	bls.n	10008870 <__sfvwrite_r+0x1c0>
1000886e:	484b      	ldr	r0, [pc, #300]	@ (1000899c <__sfvwrite_r+0x2ec>)
10008870:	4651      	mov	r1, sl
10008872:	f7f9 fd65 	bl	10002340 <__wrap___aeabi_idiv>
10008876:	4653      	mov	r3, sl
10008878:	6a65      	ldr	r5, [r4, #36]	@ 0x24
1000887a:	4343      	muls	r3, r0
1000887c:	464a      	mov	r2, r9
1000887e:	4658      	mov	r0, fp
10008880:	69e1      	ldr	r1, [r4, #28]
10008882:	47a8      	blx	r5
10008884:	1e05      	subs	r5, r0, #0
10008886:	dd95      	ble.n	100087b4 <__sfvwrite_r+0x104>
10008888:	1b7f      	subs	r7, r7, r5
1000888a:	e779      	b.n	10008780 <__sfvwrite_r+0xd0>
1000888c:	42bd      	cmp	r5, r7
1000888e:	d900      	bls.n	10008892 <__sfvwrite_r+0x1e2>
10008890:	003d      	movs	r5, r7
10008892:	002a      	movs	r2, r5
10008894:	4649      	mov	r1, r9
10008896:	f000 f8d3 	bl	10008a40 <memmove>
1000889a:	68a3      	ldr	r3, [r4, #8]
1000889c:	6822      	ldr	r2, [r4, #0]
1000889e:	1b5b      	subs	r3, r3, r5
100088a0:	1952      	adds	r2, r2, r5
100088a2:	60a3      	str	r3, [r4, #8]
100088a4:	6022      	str	r2, [r4, #0]
100088a6:	2b00      	cmp	r3, #0
100088a8:	d1ee      	bne.n	10008888 <__sfvwrite_r+0x1d8>
100088aa:	0021      	movs	r1, r4
100088ac:	4658      	mov	r0, fp
100088ae:	f7fe fe81 	bl	100075b4 <_fflush_r>
100088b2:	2800      	cmp	r0, #0
100088b4:	d000      	beq.n	100088b8 <__sfvwrite_r+0x208>
100088b6:	e77d      	b.n	100087b4 <__sfvwrite_r+0x104>
100088b8:	1b7f      	subs	r7, r7, r5
100088ba:	e761      	b.n	10008780 <__sfvwrite_r+0xd0>
100088bc:	003d      	movs	r5, r7
100088be:	46ba      	mov	sl, r7
100088c0:	6820      	ldr	r0, [r4, #0]
100088c2:	e751      	b.n	10008768 <__sfvwrite_r+0xb8>
100088c4:	465a      	mov	r2, fp
100088c6:	4651      	mov	r1, sl
100088c8:	f000 f8ba 	bl	10008a40 <memmove>
100088cc:	465a      	mov	r2, fp
100088ce:	68a3      	ldr	r3, [r4, #8]
100088d0:	465d      	mov	r5, fp
100088d2:	1a9b      	subs	r3, r3, r2
100088d4:	60a3      	str	r3, [r4, #8]
100088d6:	6823      	ldr	r3, [r4, #0]
100088d8:	445b      	add	r3, fp
100088da:	6023      	str	r3, [r4, #0]
100088dc:	e797      	b.n	1000880e <__sfvwrite_r+0x15e>
100088de:	6960      	ldr	r0, [r4, #20]
100088e0:	6822      	ldr	r2, [r4, #0]
100088e2:	6921      	ldr	r1, [r4, #16]
100088e4:	1a55      	subs	r5, r2, r1
100088e6:	0042      	lsls	r2, r0, #1
100088e8:	1812      	adds	r2, r2, r0
100088ea:	0fd0      	lsrs	r0, r2, #31
100088ec:	1882      	adds	r2, r0, r2
100088ee:	1c68      	adds	r0, r5, #1
100088f0:	1052      	asrs	r2, r2, #1
100088f2:	19c0      	adds	r0, r0, r7
100088f4:	4692      	mov	sl, r2
100088f6:	9501      	str	r5, [sp, #4]
100088f8:	4290      	cmp	r0, r2
100088fa:	d901      	bls.n	10008900 <__sfvwrite_r+0x250>
100088fc:	4682      	mov	sl, r0
100088fe:	0002      	movs	r2, r0
10008900:	055b      	lsls	r3, r3, #21
10008902:	d529      	bpl.n	10008958 <__sfvwrite_r+0x2a8>
10008904:	0011      	movs	r1, r2
10008906:	4658      	mov	r0, fp
10008908:	f7ff f932 	bl	10007b70 <_malloc_r>
1000890c:	1e05      	subs	r5, r0, #0
1000890e:	d037      	beq.n	10008980 <__sfvwrite_r+0x2d0>
10008910:	9a01      	ldr	r2, [sp, #4]
10008912:	6921      	ldr	r1, [r4, #16]
10008914:	f7fa fc36 	bl	10003184 <__wrap___aeabi_memcpy>
10008918:	89a3      	ldrh	r3, [r4, #12]
1000891a:	4a21      	ldr	r2, [pc, #132]	@ (100089a0 <__sfvwrite_r+0x2f0>)
1000891c:	4013      	ands	r3, r2
1000891e:	2280      	movs	r2, #128	@ 0x80
10008920:	4313      	orrs	r3, r2
10008922:	81a3      	strh	r3, [r4, #12]
10008924:	4652      	mov	r2, sl
10008926:	9b01      	ldr	r3, [sp, #4]
10008928:	6125      	str	r5, [r4, #16]
1000892a:	18e8      	adds	r0, r5, r3
1000892c:	1ad3      	subs	r3, r2, r3
1000892e:	003d      	movs	r5, r7
10008930:	46ba      	mov	sl, r7
10008932:	6020      	str	r0, [r4, #0]
10008934:	6162      	str	r2, [r4, #20]
10008936:	60a3      	str	r3, [r4, #8]
10008938:	e716      	b.n	10008768 <__sfvwrite_r+0xb8>
1000893a:	4651      	mov	r1, sl
1000893c:	002a      	movs	r2, r5
1000893e:	f000 f87f 	bl	10008a40 <memmove>
10008942:	6823      	ldr	r3, [r4, #0]
10008944:	0021      	movs	r1, r4
10008946:	195b      	adds	r3, r3, r5
10008948:	9801      	ldr	r0, [sp, #4]
1000894a:	6023      	str	r3, [r4, #0]
1000894c:	f7fe fe32 	bl	100075b4 <_fflush_r>
10008950:	2800      	cmp	r0, #0
10008952:	d100      	bne.n	10008956 <__sfvwrite_r+0x2a6>
10008954:	e75b      	b.n	1000880e <__sfvwrite_r+0x15e>
10008956:	e72d      	b.n	100087b4 <__sfvwrite_r+0x104>
10008958:	4658      	mov	r0, fp
1000895a:	f7ff fbdb 	bl	10008114 <_realloc_r>
1000895e:	1e05      	subs	r5, r0, #0
10008960:	d1e0      	bne.n	10008924 <__sfvwrite_r+0x274>
10008962:	6921      	ldr	r1, [r4, #16]
10008964:	4658      	mov	r0, fp
10008966:	f7fe ff8d 	bl	10007884 <_free_r>
1000896a:	2280      	movs	r2, #128	@ 0x80
1000896c:	4659      	mov	r1, fp
1000896e:	89a3      	ldrh	r3, [r4, #12]
10008970:	4393      	bics	r3, r2
10008972:	3a74      	subs	r2, #116	@ 0x74
10008974:	b21b      	sxth	r3, r3
10008976:	600a      	str	r2, [r1, #0]
10008978:	e71e      	b.n	100087b8 <__sfvwrite_r+0x108>
1000897a:	1c7b      	adds	r3, r7, #1
1000897c:	001e      	movs	r6, r3
1000897e:	e72f      	b.n	100087e0 <__sfvwrite_r+0x130>
10008980:	230c      	movs	r3, #12
10008982:	465a      	mov	r2, fp
10008984:	6013      	str	r3, [r2, #0]
10008986:	220c      	movs	r2, #12
10008988:	5ea3      	ldrsh	r3, [r4, r2]
1000898a:	e715      	b.n	100087b8 <__sfvwrite_r+0x108>
1000898c:	2001      	movs	r0, #1
1000898e:	4240      	negs	r0, r0
10008990:	e6c0      	b.n	10008714 <__sfvwrite_r+0x64>
10008992:	46c0      	nop			@ (mov r8, r8)
10008994:	7ffffc00 	.word	0x7ffffc00
10008998:	7ffffffe 	.word	0x7ffffffe
1000899c:	7fffffff 	.word	0x7fffffff
100089a0:	fffffb7f 	.word	0xfffffb7f

100089a4 <_lseek_r>:
100089a4:	b570      	push	{r4, r5, r6, lr}
100089a6:	0004      	movs	r4, r0
100089a8:	0008      	movs	r0, r1
100089aa:	0011      	movs	r1, r2
100089ac:	001a      	movs	r2, r3
100089ae:	2300      	movs	r3, #0
100089b0:	4d05      	ldr	r5, [pc, #20]	@ (100089c8 <_lseek_r+0x24>)
100089b2:	602b      	str	r3, [r5, #0]
100089b4:	f7fb fcd0 	bl	10004358 <_lseek>
100089b8:	1c43      	adds	r3, r0, #1
100089ba:	d000      	beq.n	100089be <_lseek_r+0x1a>
100089bc:	bd70      	pop	{r4, r5, r6, pc}
100089be:	682b      	ldr	r3, [r5, #0]
100089c0:	2b00      	cmp	r3, #0
100089c2:	d0fb      	beq.n	100089bc <_lseek_r+0x18>
100089c4:	6023      	str	r3, [r4, #0]
100089c6:	e7f9      	b.n	100089bc <_lseek_r+0x18>
100089c8:	20005ea8 	.word	0x20005ea8

100089cc <memchr>:
100089cc:	b570      	push	{r4, r5, r6, lr}
100089ce:	b2cc      	uxtb	r4, r1
100089d0:	0783      	lsls	r3, r0, #30
100089d2:	d00d      	beq.n	100089f0 <memchr+0x24>
100089d4:	1e53      	subs	r3, r2, #1
100089d6:	2a00      	cmp	r2, #0
100089d8:	d00f      	beq.n	100089fa <memchr+0x2e>
100089da:	2503      	movs	r5, #3
100089dc:	e004      	b.n	100089e8 <memchr+0x1c>
100089de:	3001      	adds	r0, #1
100089e0:	4228      	tst	r0, r5
100089e2:	d006      	beq.n	100089f2 <memchr+0x26>
100089e4:	3b01      	subs	r3, #1
100089e6:	d308      	bcc.n	100089fa <memchr+0x2e>
100089e8:	7802      	ldrb	r2, [r0, #0]
100089ea:	42a2      	cmp	r2, r4
100089ec:	d1f7      	bne.n	100089de <memchr+0x12>
100089ee:	bd70      	pop	{r4, r5, r6, pc}
100089f0:	0013      	movs	r3, r2
100089f2:	2b03      	cmp	r3, #3
100089f4:	d80c      	bhi.n	10008a10 <memchr+0x44>
100089f6:	2b00      	cmp	r3, #0
100089f8:	d101      	bne.n	100089fe <memchr+0x32>
100089fa:	2000      	movs	r0, #0
100089fc:	e7f7      	b.n	100089ee <memchr+0x22>
100089fe:	18c3      	adds	r3, r0, r3
10008a00:	e002      	b.n	10008a08 <memchr+0x3c>
10008a02:	3001      	adds	r0, #1
10008a04:	4283      	cmp	r3, r0
10008a06:	d0f8      	beq.n	100089fa <memchr+0x2e>
10008a08:	7802      	ldrb	r2, [r0, #0]
10008a0a:	42a2      	cmp	r2, r4
10008a0c:	d1f9      	bne.n	10008a02 <memchr+0x36>
10008a0e:	e7ee      	b.n	100089ee <memchr+0x22>
10008a10:	25ff      	movs	r5, #255	@ 0xff
10008a12:	4029      	ands	r1, r5
10008a14:	020d      	lsls	r5, r1, #8
10008a16:	4329      	orrs	r1, r5
10008a18:	040d      	lsls	r5, r1, #16
10008a1a:	4e07      	ldr	r6, [pc, #28]	@ (10008a38 <memchr+0x6c>)
10008a1c:	430d      	orrs	r5, r1
10008a1e:	6802      	ldr	r2, [r0, #0]
10008a20:	4906      	ldr	r1, [pc, #24]	@ (10008a3c <memchr+0x70>)
10008a22:	406a      	eors	r2, r5
10008a24:	1851      	adds	r1, r2, r1
10008a26:	4391      	bics	r1, r2
10008a28:	4231      	tst	r1, r6
10008a2a:	d1e8      	bne.n	100089fe <memchr+0x32>
10008a2c:	3b04      	subs	r3, #4
10008a2e:	3004      	adds	r0, #4
10008a30:	2b03      	cmp	r3, #3
10008a32:	d8f4      	bhi.n	10008a1e <memchr+0x52>
10008a34:	e7df      	b.n	100089f6 <memchr+0x2a>
10008a36:	46c0      	nop			@ (mov r8, r8)
10008a38:	80808080 	.word	0x80808080
10008a3c:	fefefeff 	.word	0xfefefeff

10008a40 <memmove>:
10008a40:	b5f0      	push	{r4, r5, r6, r7, lr}
10008a42:	4288      	cmp	r0, r1
10008a44:	d90a      	bls.n	10008a5c <memmove+0x1c>
10008a46:	188b      	adds	r3, r1, r2
10008a48:	4298      	cmp	r0, r3
10008a4a:	d207      	bcs.n	10008a5c <memmove+0x1c>
10008a4c:	1e53      	subs	r3, r2, #1
10008a4e:	2a00      	cmp	r2, #0
10008a50:	d003      	beq.n	10008a5a <memmove+0x1a>
10008a52:	5cca      	ldrb	r2, [r1, r3]
10008a54:	54c2      	strb	r2, [r0, r3]
10008a56:	3b01      	subs	r3, #1
10008a58:	d2fb      	bcs.n	10008a52 <memmove+0x12>
10008a5a:	bdf0      	pop	{r4, r5, r6, r7, pc}
10008a5c:	2a0f      	cmp	r2, #15
10008a5e:	d80b      	bhi.n	10008a78 <memmove+0x38>
10008a60:	0005      	movs	r5, r0
10008a62:	1e56      	subs	r6, r2, #1
10008a64:	2a00      	cmp	r2, #0
10008a66:	d0f8      	beq.n	10008a5a <memmove+0x1a>
10008a68:	2300      	movs	r3, #0
10008a6a:	5ccc      	ldrb	r4, [r1, r3]
10008a6c:	001a      	movs	r2, r3
10008a6e:	54ec      	strb	r4, [r5, r3]
10008a70:	3301      	adds	r3, #1
10008a72:	4296      	cmp	r6, r2
10008a74:	d1f9      	bne.n	10008a6a <memmove+0x2a>
10008a76:	e7f0      	b.n	10008a5a <memmove+0x1a>
10008a78:	2703      	movs	r7, #3
10008a7a:	000d      	movs	r5, r1
10008a7c:	003e      	movs	r6, r7
10008a7e:	4305      	orrs	r5, r0
10008a80:	000c      	movs	r4, r1
10008a82:	0003      	movs	r3, r0
10008a84:	402e      	ands	r6, r5
10008a86:	422f      	tst	r7, r5
10008a88:	d12b      	bne.n	10008ae2 <memmove+0xa2>
10008a8a:	0015      	movs	r5, r2
10008a8c:	3d10      	subs	r5, #16
10008a8e:	092d      	lsrs	r5, r5, #4
10008a90:	46ac      	mov	ip, r5
10008a92:	012f      	lsls	r7, r5, #4
10008a94:	183f      	adds	r7, r7, r0
10008a96:	6825      	ldr	r5, [r4, #0]
10008a98:	601d      	str	r5, [r3, #0]
10008a9a:	6865      	ldr	r5, [r4, #4]
10008a9c:	605d      	str	r5, [r3, #4]
10008a9e:	68a5      	ldr	r5, [r4, #8]
10008aa0:	609d      	str	r5, [r3, #8]
10008aa2:	68e5      	ldr	r5, [r4, #12]
10008aa4:	3410      	adds	r4, #16
10008aa6:	60dd      	str	r5, [r3, #12]
10008aa8:	001d      	movs	r5, r3
10008aaa:	3310      	adds	r3, #16
10008aac:	42bd      	cmp	r5, r7
10008aae:	d1f2      	bne.n	10008a96 <memmove+0x56>
10008ab0:	4665      	mov	r5, ip
10008ab2:	230f      	movs	r3, #15
10008ab4:	240c      	movs	r4, #12
10008ab6:	3501      	adds	r5, #1
10008ab8:	012d      	lsls	r5, r5, #4
10008aba:	1949      	adds	r1, r1, r5
10008abc:	4013      	ands	r3, r2
10008abe:	1945      	adds	r5, r0, r5
10008ac0:	4214      	tst	r4, r2
10008ac2:	d011      	beq.n	10008ae8 <memmove+0xa8>
10008ac4:	598c      	ldr	r4, [r1, r6]
10008ac6:	51ac      	str	r4, [r5, r6]
10008ac8:	3604      	adds	r6, #4
10008aca:	1b9c      	subs	r4, r3, r6
10008acc:	2c03      	cmp	r4, #3
10008ace:	d8f9      	bhi.n	10008ac4 <memmove+0x84>
10008ad0:	3b04      	subs	r3, #4
10008ad2:	089b      	lsrs	r3, r3, #2
10008ad4:	3301      	adds	r3, #1
10008ad6:	009b      	lsls	r3, r3, #2
10008ad8:	18ed      	adds	r5, r5, r3
10008ada:	18c9      	adds	r1, r1, r3
10008adc:	2303      	movs	r3, #3
10008ade:	401a      	ands	r2, r3
10008ae0:	e7bf      	b.n	10008a62 <memmove+0x22>
10008ae2:	0005      	movs	r5, r0
10008ae4:	1e56      	subs	r6, r2, #1
10008ae6:	e7bf      	b.n	10008a68 <memmove+0x28>
10008ae8:	001a      	movs	r2, r3
10008aea:	e7ba      	b.n	10008a62 <memmove+0x22>

10008aec <_read_r>:
10008aec:	b570      	push	{r4, r5, r6, lr}
10008aee:	0004      	movs	r4, r0
10008af0:	0008      	movs	r0, r1
10008af2:	0011      	movs	r1, r2
10008af4:	001a      	movs	r2, r3
10008af6:	2300      	movs	r3, #0
10008af8:	4d05      	ldr	r5, [pc, #20]	@ (10008b10 <_read_r+0x24>)
10008afa:	602b      	str	r3, [r5, #0]
10008afc:	f7fb fc06 	bl	1000430c <_read>
10008b00:	1c43      	adds	r3, r0, #1
10008b02:	d000      	beq.n	10008b06 <_read_r+0x1a>
10008b04:	bd70      	pop	{r4, r5, r6, pc}
10008b06:	682b      	ldr	r3, [r5, #0]
10008b08:	2b00      	cmp	r3, #0
10008b0a:	d0fb      	beq.n	10008b04 <_read_r+0x18>
10008b0c:	6023      	str	r3, [r4, #0]
10008b0e:	e7f9      	b.n	10008b04 <_read_r+0x18>
10008b10:	20005ea8 	.word	0x20005ea8

10008b14 <__swsetup_r>:
10008b14:	4b35      	ldr	r3, [pc, #212]	@ (10008bec <__swsetup_r+0xd8>)
10008b16:	b570      	push	{r4, r5, r6, lr}
10008b18:	0005      	movs	r5, r0
10008b1a:	6818      	ldr	r0, [r3, #0]
10008b1c:	000c      	movs	r4, r1
10008b1e:	2800      	cmp	r0, #0
10008b20:	d002      	beq.n	10008b28 <__swsetup_r+0x14>
10008b22:	6b83      	ldr	r3, [r0, #56]	@ 0x38
10008b24:	2b00      	cmp	r3, #0
10008b26:	d021      	beq.n	10008b6c <__swsetup_r+0x58>
10008b28:	230c      	movs	r3, #12
10008b2a:	5ee2      	ldrsh	r2, [r4, r3]
10008b2c:	89a3      	ldrh	r3, [r4, #12]
10008b2e:	0719      	lsls	r1, r3, #28
10008b30:	d523      	bpl.n	10008b7a <__swsetup_r+0x66>
10008b32:	6921      	ldr	r1, [r4, #16]
10008b34:	2900      	cmp	r1, #0
10008b36:	d02b      	beq.n	10008b90 <__swsetup_r+0x7c>
10008b38:	07d8      	lsls	r0, r3, #31
10008b3a:	d508      	bpl.n	10008b4e <__swsetup_r+0x3a>
10008b3c:	2000      	movs	r0, #0
10008b3e:	60a0      	str	r0, [r4, #8]
10008b40:	6960      	ldr	r0, [r4, #20]
10008b42:	4240      	negs	r0, r0
10008b44:	61a0      	str	r0, [r4, #24]
10008b46:	2000      	movs	r0, #0
10008b48:	2900      	cmp	r1, #0
10008b4a:	d008      	beq.n	10008b5e <__swsetup_r+0x4a>
10008b4c:	bd70      	pop	{r4, r5, r6, pc}
10008b4e:	2000      	movs	r0, #0
10008b50:	079d      	lsls	r5, r3, #30
10008b52:	d400      	bmi.n	10008b56 <__swsetup_r+0x42>
10008b54:	6960      	ldr	r0, [r4, #20]
10008b56:	60a0      	str	r0, [r4, #8]
10008b58:	2000      	movs	r0, #0
10008b5a:	2900      	cmp	r1, #0
10008b5c:	d1f6      	bne.n	10008b4c <__swsetup_r+0x38>
10008b5e:	061b      	lsls	r3, r3, #24
10008b60:	d5f4      	bpl.n	10008b4c <__swsetup_r+0x38>
10008b62:	2340      	movs	r3, #64	@ 0x40
10008b64:	431a      	orrs	r2, r3
10008b66:	81a2      	strh	r2, [r4, #12]
10008b68:	3801      	subs	r0, #1
10008b6a:	e7ef      	b.n	10008b4c <__swsetup_r+0x38>
10008b6c:	f7fe fd9c 	bl	100076a8 <__sinit>
10008b70:	230c      	movs	r3, #12
10008b72:	5ee2      	ldrsh	r2, [r4, r3]
10008b74:	89a3      	ldrh	r3, [r4, #12]
10008b76:	0719      	lsls	r1, r3, #28
10008b78:	d4db      	bmi.n	10008b32 <__swsetup_r+0x1e>
10008b7a:	06d9      	lsls	r1, r3, #27
10008b7c:	d52d      	bpl.n	10008bda <__swsetup_r+0xc6>
10008b7e:	075b      	lsls	r3, r3, #29
10008b80:	d416      	bmi.n	10008bb0 <__swsetup_r+0x9c>
10008b82:	6921      	ldr	r1, [r4, #16]
10008b84:	2308      	movs	r3, #8
10008b86:	431a      	orrs	r2, r3
10008b88:	81a2      	strh	r2, [r4, #12]
10008b8a:	b293      	uxth	r3, r2
10008b8c:	2900      	cmp	r1, #0
10008b8e:	d1d3      	bne.n	10008b38 <__swsetup_r+0x24>
10008b90:	20a0      	movs	r0, #160	@ 0xa0
10008b92:	2680      	movs	r6, #128	@ 0x80
10008b94:	0080      	lsls	r0, r0, #2
10008b96:	00b6      	lsls	r6, r6, #2
10008b98:	4018      	ands	r0, r3
10008b9a:	42b0      	cmp	r0, r6
10008b9c:	d0cc      	beq.n	10008b38 <__swsetup_r+0x24>
10008b9e:	0021      	movs	r1, r4
10008ba0:	0028      	movs	r0, r5
10008ba2:	f000 f825 	bl	10008bf0 <__smakebuf_r>
10008ba6:	230c      	movs	r3, #12
10008ba8:	5ee2      	ldrsh	r2, [r4, r3]
10008baa:	6921      	ldr	r1, [r4, #16]
10008bac:	89a3      	ldrh	r3, [r4, #12]
10008bae:	e7c3      	b.n	10008b38 <__swsetup_r+0x24>
10008bb0:	6b21      	ldr	r1, [r4, #48]	@ 0x30
10008bb2:	2900      	cmp	r1, #0
10008bb4:	d00a      	beq.n	10008bcc <__swsetup_r+0xb8>
10008bb6:	0023      	movs	r3, r4
10008bb8:	3340      	adds	r3, #64	@ 0x40
10008bba:	4299      	cmp	r1, r3
10008bbc:	d004      	beq.n	10008bc8 <__swsetup_r+0xb4>
10008bbe:	0028      	movs	r0, r5
10008bc0:	f7fe fe60 	bl	10007884 <_free_r>
10008bc4:	230c      	movs	r3, #12
10008bc6:	5ee2      	ldrsh	r2, [r4, r3]
10008bc8:	2300      	movs	r3, #0
10008bca:	6323      	str	r3, [r4, #48]	@ 0x30
10008bcc:	2324      	movs	r3, #36	@ 0x24
10008bce:	439a      	bics	r2, r3
10008bd0:	2300      	movs	r3, #0
10008bd2:	6921      	ldr	r1, [r4, #16]
10008bd4:	6063      	str	r3, [r4, #4]
10008bd6:	6021      	str	r1, [r4, #0]
10008bd8:	e7d4      	b.n	10008b84 <__swsetup_r+0x70>
10008bda:	2309      	movs	r3, #9
10008bdc:	602b      	str	r3, [r5, #0]
10008bde:	2340      	movs	r3, #64	@ 0x40
10008be0:	2001      	movs	r0, #1
10008be2:	431a      	orrs	r2, r3
10008be4:	81a2      	strh	r2, [r4, #12]
10008be6:	4240      	negs	r0, r0
10008be8:	e7b0      	b.n	10008b4c <__swsetup_r+0x38>
10008bea:	46c0      	nop			@ (mov r8, r8)
10008bec:	20000d78 	.word	0x20000d78

10008bf0 <__smakebuf_r>:
10008bf0:	b5f0      	push	{r4, r5, r6, r7, lr}
10008bf2:	46c6      	mov	lr, r8
10008bf4:	b500      	push	{lr}
10008bf6:	898b      	ldrh	r3, [r1, #12]
10008bf8:	0005      	movs	r5, r0
10008bfa:	000c      	movs	r4, r1
10008bfc:	b096      	sub	sp, #88	@ 0x58
10008bfe:	079a      	lsls	r2, r3, #30
10008c00:	d509      	bpl.n	10008c16 <__smakebuf_r+0x26>
10008c02:	0023      	movs	r3, r4
10008c04:	3343      	adds	r3, #67	@ 0x43
10008c06:	6023      	str	r3, [r4, #0]
10008c08:	6123      	str	r3, [r4, #16]
10008c0a:	2301      	movs	r3, #1
10008c0c:	6163      	str	r3, [r4, #20]
10008c0e:	b016      	add	sp, #88	@ 0x58
10008c10:	bc80      	pop	{r7}
10008c12:	46b8      	mov	r8, r7
10008c14:	bdf0      	pop	{r4, r5, r6, r7, pc}
10008c16:	220e      	movs	r2, #14
10008c18:	5e89      	ldrsh	r1, [r1, r2]
10008c1a:	2900      	cmp	r1, #0
10008c1c:	db29      	blt.n	10008c72 <__smakebuf_r+0x82>
10008c1e:	466a      	mov	r2, sp
10008c20:	f000 f858 	bl	10008cd4 <_fstat_r>
10008c24:	2800      	cmp	r0, #0
10008c26:	db23      	blt.n	10008c70 <__smakebuf_r+0x80>
10008c28:	23f0      	movs	r3, #240	@ 0xf0
10008c2a:	9f01      	ldr	r7, [sp, #4]
10008c2c:	021b      	lsls	r3, r3, #8
10008c2e:	401f      	ands	r7, r3
10008c30:	4b26      	ldr	r3, [pc, #152]	@ (10008ccc <__smakebuf_r+0xdc>)
10008c32:	2680      	movs	r6, #128	@ 0x80
10008c34:	469c      	mov	ip, r3
10008c36:	4467      	add	r7, ip
10008c38:	427b      	negs	r3, r7
10008c3a:	415f      	adcs	r7, r3
10008c3c:	2380      	movs	r3, #128	@ 0x80
10008c3e:	00db      	lsls	r3, r3, #3
10008c40:	4698      	mov	r8, r3
10008c42:	0136      	lsls	r6, r6, #4
10008c44:	4641      	mov	r1, r8
10008c46:	0028      	movs	r0, r5
10008c48:	f7fe ff92 	bl	10007b70 <_malloc_r>
10008c4c:	2800      	cmp	r0, #0
10008c4e:	d01c      	beq.n	10008c8a <__smakebuf_r+0x9a>
10008c50:	2280      	movs	r2, #128	@ 0x80
10008c52:	4b1f      	ldr	r3, [pc, #124]	@ (10008cd0 <__smakebuf_r+0xe0>)
10008c54:	63eb      	str	r3, [r5, #60]	@ 0x3c
10008c56:	89a3      	ldrh	r3, [r4, #12]
10008c58:	6020      	str	r0, [r4, #0]
10008c5a:	4313      	orrs	r3, r2
10008c5c:	4642      	mov	r2, r8
10008c5e:	b21b      	sxth	r3, r3
10008c60:	81a3      	strh	r3, [r4, #12]
10008c62:	6120      	str	r0, [r4, #16]
10008c64:	6162      	str	r2, [r4, #20]
10008c66:	2f00      	cmp	r7, #0
10008c68:	d11e      	bne.n	10008ca8 <__smakebuf_r+0xb8>
10008c6a:	4333      	orrs	r3, r6
10008c6c:	81a3      	strh	r3, [r4, #12]
10008c6e:	e7ce      	b.n	10008c0e <__smakebuf_r+0x1e>
10008c70:	89a3      	ldrh	r3, [r4, #12]
10008c72:	2700      	movs	r7, #0
10008c74:	061b      	lsls	r3, r3, #24
10008c76:	d512      	bpl.n	10008c9e <__smakebuf_r+0xae>
10008c78:	2340      	movs	r3, #64	@ 0x40
10008c7a:	4698      	mov	r8, r3
10008c7c:	0028      	movs	r0, r5
10008c7e:	4641      	mov	r1, r8
10008c80:	2600      	movs	r6, #0
10008c82:	f7fe ff75 	bl	10007b70 <_malloc_r>
10008c86:	2800      	cmp	r0, #0
10008c88:	d1e2      	bne.n	10008c50 <__smakebuf_r+0x60>
10008c8a:	220c      	movs	r2, #12
10008c8c:	5ea3      	ldrsh	r3, [r4, r2]
10008c8e:	059a      	lsls	r2, r3, #22
10008c90:	d4bd      	bmi.n	10008c0e <__smakebuf_r+0x1e>
10008c92:	2203      	movs	r2, #3
10008c94:	4393      	bics	r3, r2
10008c96:	2202      	movs	r2, #2
10008c98:	4313      	orrs	r3, r2
10008c9a:	81a3      	strh	r3, [r4, #12]
10008c9c:	e7b1      	b.n	10008c02 <__smakebuf_r+0x12>
10008c9e:	2380      	movs	r3, #128	@ 0x80
10008ca0:	00db      	lsls	r3, r3, #3
10008ca2:	4698      	mov	r8, r3
10008ca4:	2600      	movs	r6, #0
10008ca6:	e7cd      	b.n	10008c44 <__smakebuf_r+0x54>
10008ca8:	0028      	movs	r0, r5
10008caa:	230e      	movs	r3, #14
10008cac:	5ee1      	ldrsh	r1, [r4, r3]
10008cae:	f000 f825 	bl	10008cfc <_isatty_r>
10008cb2:	2800      	cmp	r0, #0
10008cb4:	d102      	bne.n	10008cbc <__smakebuf_r+0xcc>
10008cb6:	220c      	movs	r2, #12
10008cb8:	5ea3      	ldrsh	r3, [r4, r2]
10008cba:	e7d6      	b.n	10008c6a <__smakebuf_r+0x7a>
10008cbc:	2203      	movs	r2, #3
10008cbe:	89a3      	ldrh	r3, [r4, #12]
10008cc0:	4393      	bics	r3, r2
10008cc2:	2201      	movs	r2, #1
10008cc4:	4313      	orrs	r3, r2
10008cc6:	b21b      	sxth	r3, r3
10008cc8:	e7cf      	b.n	10008c6a <__smakebuf_r+0x7a>
10008cca:	46c0      	nop			@ (mov r8, r8)
10008ccc:	ffffe000 	.word	0xffffe000
10008cd0:	10007699 	.word	0x10007699

10008cd4 <_fstat_r>:
10008cd4:	2300      	movs	r3, #0
10008cd6:	b570      	push	{r4, r5, r6, lr}
10008cd8:	4d07      	ldr	r5, [pc, #28]	@ (10008cf8 <_fstat_r+0x24>)
10008cda:	0004      	movs	r4, r0
10008cdc:	0008      	movs	r0, r1
10008cde:	0011      	movs	r1, r2
10008ce0:	602b      	str	r3, [r5, #0]
10008ce2:	f7fb fb3c 	bl	1000435e <_fstat>
10008ce6:	1c43      	adds	r3, r0, #1
10008ce8:	d000      	beq.n	10008cec <_fstat_r+0x18>
10008cea:	bd70      	pop	{r4, r5, r6, pc}
10008cec:	682b      	ldr	r3, [r5, #0]
10008cee:	2b00      	cmp	r3, #0
10008cf0:	d0fb      	beq.n	10008cea <_fstat_r+0x16>
10008cf2:	6023      	str	r3, [r4, #0]
10008cf4:	e7f9      	b.n	10008cea <_fstat_r+0x16>
10008cf6:	46c0      	nop			@ (mov r8, r8)
10008cf8:	20005ea8 	.word	0x20005ea8

10008cfc <_isatty_r>:
10008cfc:	2300      	movs	r3, #0
10008cfe:	b570      	push	{r4, r5, r6, lr}
10008d00:	4d06      	ldr	r5, [pc, #24]	@ (10008d1c <_isatty_r+0x20>)
10008d02:	0004      	movs	r4, r0
10008d04:	0008      	movs	r0, r1
10008d06:	602b      	str	r3, [r5, #0]
10008d08:	f7fb fb2c 	bl	10004364 <_isatty>
10008d0c:	1c43      	adds	r3, r0, #1
10008d0e:	d000      	beq.n	10008d12 <_isatty_r+0x16>
10008d10:	bd70      	pop	{r4, r5, r6, pc}
10008d12:	682b      	ldr	r3, [r5, #0]
10008d14:	2b00      	cmp	r3, #0
10008d16:	d0fb      	beq.n	10008d10 <_isatty_r+0x14>
10008d18:	6023      	str	r3, [r4, #0]
10008d1a:	e7f9      	b.n	10008d10 <_isatty_r+0x14>
10008d1c:	20005ea8 	.word	0x20005ea8

10008d20 <_fini>:
10008d20:	b5f8      	push	{r3, r4, r5, r6, r7, lr}
10008d22:	46c0      	nop			@ (mov r8, r8)
10008d24:	0000      	movs	r0, r0
	...

10008d28 <__flash_do_cmd_veneer>:
10008d28:	b401      	push	{r0}
10008d2a:	4802      	ldr	r0, [pc, #8]	@ (10008d34 <__flash_do_cmd_veneer+0xc>)
10008d2c:	4684      	mov	ip, r0
10008d2e:	bc01      	pop	{r0}
10008d30:	4760      	bx	ip
10008d32:	bf00      	nop
10008d34:	200002f5 	.word	0x200002f5

10008d38 <__mutex_exit_veneer>:
10008d38:	b401      	push	{r0}
10008d3a:	4802      	ldr	r0, [pc, #8]	@ (10008d44 <__mutex_exit_veneer+0xc>)
10008d3c:	4684      	mov	ip, r0
10008d3e:	bc01      	pop	{r0}
10008d40:	4760      	bx	ip
10008d42:	bf00      	nop
10008d44:	20000205 	.word	0x20000205

10008d48 <____aeabi_ldiv0_veneer>:
10008d48:	b401      	push	{r0}
10008d4a:	4802      	ldr	r0, [pc, #8]	@ (10008d54 <____aeabi_ldiv0_veneer+0xc>)
10008d4c:	4684      	mov	ip, r0
10008d4e:	bc01      	pop	{r0}
10008d50:	4760      	bx	ip
10008d52:	bf00      	nop
10008d54:	20000c01 	.word	0x20000c01

10008d58 <__reset_non_control_endpoints_veneer>:
10008d58:	b401      	push	{r0}
10008d5a:	4802      	ldr	r0, [pc, #8]	@ (10008d64 <__reset_non_control_endpoints_veneer+0xc>)
10008d5c:	4684      	mov	ip, r0
10008d5e:	bc01      	pop	{r0}
10008d60:	4760      	bx	ip
10008d62:	bf00      	nop
10008d64:	200003e1 	.word	0x200003e1

10008d68 <____aeabi_idiv0_veneer>:
10008d68:	b401      	push	{r0}
10008d6a:	4802      	ldr	r0, [pc, #8]	@ (10008d74 <____aeabi_idiv0_veneer+0xc>)
10008d6c:	4684      	mov	ip, r0
10008d6e:	bc01      	pop	{r0}
10008d70:	4760      	bx	ip
10008d72:	bf00      	nop
10008d74:	20000c01 	.word	0x20000c01

10008d78 <__mutex_try_enter_veneer>:
10008d78:	b401      	push	{r0}
10008d7a:	4802      	ldr	r0, [pc, #8]	@ (10008d84 <__mutex_try_enter_veneer+0xc>)
10008d7c:	4684      	mov	ip, r0
10008d7e:	bc01      	pop	{r0}
10008d80:	4760      	bx	ip
10008d82:	bf00      	nop
10008d84:	200000c1 	.word	0x200000c1

10008d88 <__mutex_enter_timeout_ms_veneer>:
10008d88:	b401      	push	{r0}
10008d8a:	4802      	ldr	r0, [pc, #8]	@ (10008d94 <__mutex_enter_timeout_ms_veneer+0xc>)
10008d8c:	4684      	mov	ip, r0
10008d8e:	bc01      	pop	{r0}
10008d90:	4760      	bx	ip
10008d92:	bf00      	nop
10008d94:	200001c9 	.word	0x200001c9

10008d98 <__spi_write_blocking_veneer>:
10008d98:	b401      	push	{r0}
10008d9a:	4802      	ldr	r0, [pc, #8]	@ (10008da4 <__spi_write_blocking_veneer+0xc>)
10008d9c:	4684      	mov	ip, r0
10008d9e:	bc01      	pop	{r0}
10008da0:	4760      	bx	ip
10008da2:	bf00      	nop
10008da4:	20000bc7 	.word	0x20000bc7

10008da8 <__spi_write_read_blocking_veneer>:
10008da8:	b401      	push	{r0}
10008daa:	4802      	ldr	r0, [pc, #8]	@ (10008db4 <__spi_write_read_blocking_veneer+0xc>)
10008dac:	4684      	mov	ip, r0
10008dae:	bc01      	pop	{r0}
10008db0:	4760      	bx	ip
10008db2:	bf00      	nop
10008db4:	20000b85 	.word	0x20000b85

10008db8 <__mutex_try_enter_block_until_veneer>:
10008db8:	b401      	push	{r0}
10008dba:	4802      	ldr	r0, [pc, #8]	@ (10008dc4 <__mutex_try_enter_block_until_veneer+0xc>)
10008dbc:	4684      	mov	ip, r0
10008dbe:	bc01      	pop	{r0}
10008dc0:	4760      	bx	ip
10008dc2:	bf00      	nop
10008dc4:	20000195 	.word	0x20000195

10008dc8 <__hw_endpoint_start_next_buffer_veneer>:
10008dc8:	b401      	push	{r0}
10008dca:	4802      	ldr	r0, [pc, #8]	@ (10008dd4 <__hw_endpoint_start_next_buffer_veneer+0xc>)
10008dcc:	4684      	mov	ip, r0
10008dce:	bc01      	pop	{r0}
10008dd0:	4760      	bx	ip
10008dd2:	bf00      	nop
10008dd4:	200008b9 	.word	0x200008b9

10008dd8 <__hw_endpoint_reset_transfer_veneer>:
10008dd8:	b401      	push	{r0}
10008dda:	4802      	ldr	r0, [pc, #8]	@ (10008de4 <__hw_endpoint_reset_transfer_veneer+0xc>)
10008ddc:	4684      	mov	ip, r0
10008dde:	bc01      	pop	{r0}
10008de0:	4760      	bx	ip
10008de2:	bf00      	nop
10008de4:	20000861 	.word	0x20000861

10008de8 <__e15_is_critical_frame_period_veneer>:
10008de8:	b401      	push	{r0}
10008dea:	4802      	ldr	r0, [pc, #8]	@ (10008df4 <__e15_is_critical_frame_period_veneer+0xc>)
10008dec:	4684      	mov	ip, r0
10008dee:	bc01      	pop	{r0}
10008df0:	4760      	bx	ip
10008df2:	bf00      	nop
10008df4:	2000078d 	.word	0x2000078d

10008df8 <__e15_is_bulkin_ep_veneer>:
10008df8:	b401      	push	{r0}
10008dfa:	4802      	ldr	r0, [pc, #8]	@ (10008e04 <__e15_is_bulkin_ep_veneer+0xc>)
10008dfc:	4684      	mov	ip, r0
10008dfe:	bc01      	pop	{r0}
10008e00:	4760      	bx	ip
10008e02:	bf00      	nop
10008e04:	20000761 	.word	0x20000761

10008e08 <___hw_endpoint_buffer_control_update32_veneer>:
10008e08:	b401      	push	{r0}
10008e0a:	4802      	ldr	r0, [pc, #8]	@ (10008e14 <___hw_endpoint_buffer_control_update32_veneer+0xc>)
10008e0c:	4684      	mov	ip, r0
10008e0e:	bc01      	pop	{r0}
10008e10:	4760      	bx	ip
10008e12:	bf00      	nop
10008e14:	2000086d 	.word	0x2000086d

10008e18 <__pre_init_runtime_init_early_resets>:
10008e18:	10002171                                q!..

10008e1c <__pre_init_runtime_init_usb_power_down>:
10008e1c:	1000219d 10002331 10003169 100029d5     .!..1#..i1...)..
10008e2c:	10003039                                90..

10008e30 <__pre_init_runtime_init_clocks>:
10008e30:	10002265                                e"..

10008e34 <__pre_init_runtime_init_post_clock_resets>:
10008e34:	100021b9                                .!..

10008e38 <__pre_init_runtime_init_rp2040_gpio_ie_disable>:
10008e38:	100021d9                                .!..

10008e3c <__pre_init_runtime_init_spin_locks_reset>:
10008e3c:	100021ed                                .!..

10008e40 <__pre_init_runtime_init_mutex>:
10008e40:	10001479                                y...

10008e44 <__pre_init_runtime_init_install_ram_vector_table>:
10008e44:	100021f5                                .!..

10008e48 <__pre_init_runtime_init_default_alarm_pool>:
10008e48:	10001c95                                ....

10008e4c <__pre_init_first_per_core_initializer>:
10008e4c:	1000214d                                M!..

10008e50 <__pre_init_runtime_init_per_core_irq_priorities>:
10008e50:	10000d8d                                ....

10008e54 <__init_array_start>:
10008e54:	10004cc1 	.word	0x10004cc1

10008e58 <__frame_dummy_init_array_entry>:
10008e58:	100002b1                                ....

Disassembly of section .data:

200000c0 <mutex_try_enter>:
200000c0:	0003      	movs	r3, r0
200000c2:	6800      	ldr	r0, [r0, #0]
200000c4:	f3ef 8c10 	mrs	ip, PRIMASK
200000c8:	b672      	cpsid	i
200000ca:	6802      	ldr	r2, [r0, #0]
200000cc:	2a00      	cmp	r2, #0
200000ce:	d0fc      	beq.n	200000ca <mutex_try_enter+0xa>
200000d0:	f3bf 8f5f 	dmb	sy
200000d4:	2204      	movs	r2, #4
200000d6:	569a      	ldrsb	r2, [r3, r2]
200000d8:	2a00      	cmp	r2, #0
200000da:	db0b      	blt.n	200000f4 <mutex_try_enter+0x34>
200000dc:	2900      	cmp	r1, #0
200000de:	d010      	beq.n	20000102 <mutex_try_enter+0x42>
200000e0:	600a      	str	r2, [r1, #0]
200000e2:	2000      	movs	r0, #0
200000e4:	681b      	ldr	r3, [r3, #0]
200000e6:	f3bf 8f5f 	dmb	sy
200000ea:	2200      	movs	r2, #0
200000ec:	601a      	str	r2, [r3, #0]
200000ee:	f38c 8810 	msr	PRIMASK, ip
200000f2:	4770      	bx	lr
200000f4:	22d0      	movs	r2, #208	@ 0xd0
200000f6:	0612      	lsls	r2, r2, #24
200000f8:	7812      	ldrb	r2, [r2, #0]
200000fa:	b252      	sxtb	r2, r2
200000fc:	711a      	strb	r2, [r3, #4]
200000fe:	2001      	movs	r0, #1
20000100:	e7f0      	b.n	200000e4 <mutex_try_enter+0x24>
20000102:	2000      	movs	r0, #0
20000104:	e7ee      	b.n	200000e4 <mutex_try_enter+0x24>
	...

20000108 <mutex_enter_block_until>:
20000108:	b5f8      	push	{r3, r4, r5, r6, r7, lr}
2000010a:	46ce      	mov	lr, r9
2000010c:	4647      	mov	r7, r8
2000010e:	b580      	push	{r7, lr}
20000110:	0004      	movs	r4, r0
20000112:	0017      	movs	r7, r2
20000114:	4698      	mov	r8, r3
20000116:	6803      	ldr	r3, [r0, #0]
20000118:	2b00      	cmp	r3, #0
2000011a:	d020      	beq.n	2000015e <mutex_enter_block_until+0x56>
2000011c:	23d0      	movs	r3, #208	@ 0xd0
2000011e:	061b      	lsls	r3, r3, #24
20000120:	781b      	ldrb	r3, [r3, #0]
20000122:	b25b      	sxtb	r3, r3
20000124:	4699      	mov	r9, r3
20000126:	6826      	ldr	r6, [r4, #0]
20000128:	f3ef 8c10 	mrs	ip, PRIMASK
2000012c:	b672      	cpsid	i
2000012e:	6835      	ldr	r5, [r6, #0]
20000130:	2d00      	cmp	r5, #0
20000132:	d0fc      	beq.n	2000012e <mutex_enter_block_until+0x26>
20000134:	f3bf 8f5f 	dmb	sy
20000138:	2504      	movs	r5, #4
2000013a:	5765      	ldrsb	r5, [r4, r5]
2000013c:	2d00      	cmp	r5, #0
2000013e:	db14      	blt.n	2000016a <mutex_enter_block_until+0x62>
20000140:	6823      	ldr	r3, [r4, #0]
20000142:	f3bf 8f5f 	dmb	sy
20000146:	2200      	movs	r2, #0
20000148:	601a      	str	r2, [r3, #0]
2000014a:	f38c 8810 	msr	PRIMASK, ip
2000014e:	0038      	movs	r0, r7
20000150:	4641      	mov	r1, r8
20000152:	f000 fd91 	bl	20000c78 <__best_effort_wfe_or_timeout_veneer>
20000156:	2800      	cmp	r0, #0
20000158:	d0e5      	beq.n	20000126 <mutex_enter_block_until+0x1e>
2000015a:	2000      	movs	r0, #0
2000015c:	e00f      	b.n	2000017e <mutex_enter_block_until+0x76>
2000015e:	4b0a      	ldr	r3, [pc, #40]	@ (20000188 <mutex_enter_block_until+0x80>)
20000160:	4a0a      	ldr	r2, [pc, #40]	@ (2000018c <mutex_enter_block_until+0x84>)
20000162:	21a6      	movs	r1, #166	@ 0xa6
20000164:	480a      	ldr	r0, [pc, #40]	@ (20000190 <mutex_enter_block_until+0x88>)
20000166:	f000 fd4f 	bl	20000c08 <____assert_func_veneer>
2000016a:	464b      	mov	r3, r9
2000016c:	7123      	strb	r3, [r4, #4]
2000016e:	6823      	ldr	r3, [r4, #0]
20000170:	f3bf 8f5f 	dmb	sy
20000174:	2200      	movs	r2, #0
20000176:	601a      	str	r2, [r3, #0]
20000178:	f38c 8810 	msr	PRIMASK, ip
2000017c:	2001      	movs	r0, #1
2000017e:	bcc0      	pop	{r6, r7}
20000180:	46b9      	mov	r9, r7
20000182:	46b0      	mov	r8, r6
20000184:	bdf8      	pop	{r3, r4, r5, r6, r7, pc}
20000186:	46c0      	nop			@ (mov r8, r8)
20000188:	10009598 	.word	0x10009598
2000018c:	100095f0 	.word	0x100095f0
20000190:	10009550 	.word	0x10009550

20000194 <mutex_try_enter_block_until>:
20000194:	b570      	push	{r4, r5, r6, lr}
20000196:	b082      	sub	sp, #8
20000198:	0006      	movs	r6, r0
2000019a:	0015      	movs	r5, r2
2000019c:	001c      	movs	r4, r3
2000019e:	a901      	add	r1, sp, #4
200001a0:	f7ff ff8e 	bl	200000c0 <mutex_try_enter>
200001a4:	2800      	cmp	r0, #0
200001a6:	d107      	bne.n	200001b8 <mutex_try_enter_block_until+0x24>
200001a8:	9b01      	ldr	r3, [sp, #4]
200001aa:	b25b      	sxtb	r3, r3
200001ac:	22d0      	movs	r2, #208	@ 0xd0
200001ae:	0612      	lsls	r2, r2, #24
200001b0:	7812      	ldrb	r2, [r2, #0]
200001b2:	b252      	sxtb	r2, r2
200001b4:	4293      	cmp	r3, r2
200001b6:	d101      	bne.n	200001bc <mutex_try_enter_block_until+0x28>
200001b8:	b002      	add	sp, #8
200001ba:	bd70      	pop	{r4, r5, r6, pc}
200001bc:	002a      	movs	r2, r5
200001be:	0023      	movs	r3, r4
200001c0:	0030      	movs	r0, r6
200001c2:	f7ff ffa1 	bl	20000108 <mutex_enter_block_until>
200001c6:	e7f7      	b.n	200001b8 <mutex_try_enter_block_until+0x24>

200001c8 <mutex_enter_timeout_ms>:
200001c8:	b5f8      	push	{r3, r4, r5, r6, r7, lr}
200001ca:	0006      	movs	r6, r0
200001cc:	000f      	movs	r7, r1
200001ce:	f000 fd3b 	bl	20000c48 <__time_us_64_veneer>
200001d2:	0004      	movs	r4, r0
200001d4:	000d      	movs	r5, r1
200001d6:	22fa      	movs	r2, #250	@ 0xfa
200001d8:	0092      	lsls	r2, r2, #2
200001da:	2300      	movs	r3, #0
200001dc:	0038      	movs	r0, r7
200001de:	2100      	movs	r1, #0
200001e0:	f000 fd62 	bl	20000ca8 <____wrap___aeabi_lmul_veneer>
200001e4:	0022      	movs	r2, r4
200001e6:	002b      	movs	r3, r5
200001e8:	1812      	adds	r2, r2, r0
200001ea:	414b      	adcs	r3, r1
200001ec:	2b00      	cmp	r3, #0
200001ee:	db03      	blt.n	200001f8 <mutex_enter_timeout_ms+0x30>
200001f0:	0030      	movs	r0, r6
200001f2:	f7ff ff89 	bl	20000108 <mutex_enter_block_until>
200001f6:	bdf8      	pop	{r3, r4, r5, r6, r7, pc}
200001f8:	2201      	movs	r2, #1
200001fa:	4252      	negs	r2, r2
200001fc:	4b00      	ldr	r3, [pc, #0]	@ (20000200 <mutex_enter_timeout_ms+0x38>)
200001fe:	e7f7      	b.n	200001f0 <mutex_enter_timeout_ms+0x28>
20000200:	7fffffff 	.word	0x7fffffff

20000204 <mutex_exit>:
20000204:	b510      	push	{r4, lr}
20000206:	6802      	ldr	r2, [r0, #0]
20000208:	f3ef 8110 	mrs	r1, PRIMASK
2000020c:	b672      	cpsid	i
2000020e:	6813      	ldr	r3, [r2, #0]
20000210:	2b00      	cmp	r3, #0
20000212:	d0fc      	beq.n	2000020e <mutex_exit+0xa>
20000214:	f3bf 8f5f 	dmb	sy
20000218:	2304      	movs	r3, #4
2000021a:	56c3      	ldrsb	r3, [r0, r3]
2000021c:	2b00      	cmp	r3, #0
2000021e:	db0a      	blt.n	20000236 <mutex_exit+0x32>
20000220:	23ff      	movs	r3, #255	@ 0xff
20000222:	7103      	strb	r3, [r0, #4]
20000224:	6803      	ldr	r3, [r0, #0]
20000226:	f3bf 8f5f 	dmb	sy
2000022a:	2200      	movs	r2, #0
2000022c:	601a      	str	r2, [r3, #0]
2000022e:	f381 8810 	msr	PRIMASK, r1
20000232:	bf40      	sev
20000234:	bd10      	pop	{r4, pc}
20000236:	4b03      	ldr	r3, [pc, #12]	@ (20000244 <mutex_exit+0x40>)
20000238:	4a03      	ldr	r2, [pc, #12]	@ (20000248 <mutex_exit+0x44>)
2000023a:	21d5      	movs	r1, #213	@ 0xd5
2000023c:	4803      	ldr	r0, [pc, #12]	@ (2000024c <mutex_exit+0x48>)
2000023e:	f000 fce3 	bl	20000c08 <____assert_func_veneer>
20000242:	46c0      	nop			@ (mov r8, r8)
20000244:	100095ac 	.word	0x100095ac
20000248:	100095e4 	.word	0x100095e4
2000024c:	10009550 	.word	0x10009550

20000250 <flash_init_boot2_copyout>:
20000250:	4b09      	ldr	r3, [pc, #36]	@ (20000278 <flash_init_boot2_copyout+0x28>)
20000252:	781b      	ldrb	r3, [r3, #0]
20000254:	2b00      	cmp	r3, #0
20000256:	d008      	beq.n	2000026a <flash_init_boot2_copyout+0x1a>
20000258:	e00c      	b.n	20000274 <flash_init_boot2_copyout+0x24>
2000025a:	009a      	lsls	r2, r3, #2
2000025c:	2180      	movs	r1, #128	@ 0x80
2000025e:	0549      	lsls	r1, r1, #21
20000260:	1851      	adds	r1, r2, r1
20000262:	6808      	ldr	r0, [r1, #0]
20000264:	4905      	ldr	r1, [pc, #20]	@ (2000027c <flash_init_boot2_copyout+0x2c>)
20000266:	5050      	str	r0, [r2, r1]
20000268:	3301      	adds	r3, #1
2000026a:	2b3f      	cmp	r3, #63	@ 0x3f
2000026c:	ddf5      	ble.n	2000025a <flash_init_boot2_copyout+0xa>
2000026e:	4b02      	ldr	r3, [pc, #8]	@ (20000278 <flash_init_boot2_copyout+0x28>)
20000270:	2201      	movs	r2, #1
20000272:	701a      	strb	r2, [r3, #0]
20000274:	4770      	bx	lr
20000276:	46c0      	nop			@ (mov r8, r8)
20000278:	20006525 	.word	0x20006525
2000027c:	20001d30 	.word	0x20001d30

20000280 <flash_enable_xip_via_boot2>:
20000280:	b510      	push	{r4, lr}
20000282:	4b02      	ldr	r3, [pc, #8]	@ (2000028c <flash_enable_xip_via_boot2+0xc>)
20000284:	3301      	adds	r3, #1
20000286:	4798      	blx	r3
20000288:	bd10      	pop	{r4, pc}
2000028a:	46c0      	nop			@ (mov r8, r8)
2000028c:	20001d30 	.word	0x20001d30

20000290 <flash_save_hardware_state>:
20000290:	2300      	movs	r3, #0
20000292:	e005      	b.n	200002a0 <flash_save_hardware_state+0x10>
20000294:	009a      	lsls	r2, r3, #2
20000296:	4904      	ldr	r1, [pc, #16]	@ (200002a8 <flash_save_hardware_state+0x18>)
20000298:	1851      	adds	r1, r2, r1
2000029a:	6849      	ldr	r1, [r1, #4]
2000029c:	5011      	str	r1, [r2, r0]
2000029e:	3301      	adds	r3, #1
200002a0:	2b05      	cmp	r3, #5
200002a2:	d9f7      	bls.n	20000294 <flash_save_hardware_state+0x4>
200002a4:	4770      	bx	lr
200002a6:	46c0      	nop			@ (mov r8, r8)
200002a8:	40020000 	.word	0x40020000

200002ac <flash_restore_hardware_state>:
200002ac:	b510      	push	{r4, lr}
200002ae:	2200      	movs	r2, #0
200002b0:	e006      	b.n	200002c0 <flash_restore_hardware_state+0x14>
200002b2:	0093      	lsls	r3, r2, #2
200002b4:	5819      	ldr	r1, [r3, r0]
200002b6:	4c04      	ldr	r4, [pc, #16]	@ (200002c8 <flash_restore_hardware_state+0x1c>)
200002b8:	46a4      	mov	ip, r4
200002ba:	4463      	add	r3, ip
200002bc:	6059      	str	r1, [r3, #4]
200002be:	3201      	adds	r2, #1
200002c0:	2a05      	cmp	r2, #5
200002c2:	d9f6      	bls.n	200002b2 <flash_restore_hardware_state+0x6>
200002c4:	bd10      	pop	{r4, pc}
200002c6:	46c0      	nop			@ (mov r8, r8)
200002c8:	40020000 	.word	0x40020000

200002cc <flash_cs_force>:
200002cc:	2800      	cmp	r0, #0
200002ce:	d00a      	beq.n	200002e6 <flash_cs_force+0x1a>
200002d0:	2303      	movs	r3, #3
200002d2:	021b      	lsls	r3, r3, #8
200002d4:	4a05      	ldr	r2, [pc, #20]	@ (200002ec <flash_cs_force+0x20>)
200002d6:	6812      	ldr	r2, [r2, #0]
200002d8:	4053      	eors	r3, r2
200002da:	22c0      	movs	r2, #192	@ 0xc0
200002dc:	0092      	lsls	r2, r2, #2
200002de:	4013      	ands	r3, r2
200002e0:	4a03      	ldr	r2, [pc, #12]	@ (200002f0 <flash_cs_force+0x24>)
200002e2:	6013      	str	r3, [r2, #0]
200002e4:	4770      	bx	lr
200002e6:	2302      	movs	r3, #2
200002e8:	e7f3      	b.n	200002d2 <flash_cs_force+0x6>
200002ea:	46c0      	nop			@ (mov r8, r8)
200002ec:	4001800c 	.word	0x4001800c
200002f0:	4001900c 	.word	0x4001900c

200002f4 <flash_do_cmd>:
200002f4:	b5f0      	push	{r4, r5, r6, r7, lr}
200002f6:	46d6      	mov	lr, sl
200002f8:	464f      	mov	r7, r9
200002fa:	4646      	mov	r6, r8
200002fc:	b5c0      	push	{r6, r7, lr}
200002fe:	b086      	sub	sp, #24
20000300:	0007      	movs	r7, r0
20000302:	000e      	movs	r6, r1
20000304:	0015      	movs	r5, r2
20000306:	2318      	movs	r3, #24
20000308:	469a      	mov	sl, r3
2000030a:	881b      	ldrh	r3, [r3, #0]
2000030c:	2214      	movs	r2, #20
2000030e:	4690      	mov	r8, r2
20000310:	8810      	ldrh	r0, [r2, #0]
20000312:	492d      	ldr	r1, [pc, #180]	@ (200003c8 <flash_do_cmd+0xd4>)
20000314:	4798      	blx	r3
20000316:	4681      	mov	r9, r0
20000318:	4653      	mov	r3, sl
2000031a:	881b      	ldrh	r3, [r3, #0]
2000031c:	4642      	mov	r2, r8
2000031e:	8810      	ldrh	r0, [r2, #0]
20000320:	492a      	ldr	r1, [pc, #168]	@ (200003cc <flash_do_cmd+0xd8>)
20000322:	4798      	blx	r3
20000324:	0004      	movs	r4, r0
20000326:	4653      	mov	r3, sl
20000328:	881b      	ldrh	r3, [r3, #0]
2000032a:	4642      	mov	r2, r8
2000032c:	8810      	ldrh	r0, [r2, #0]
2000032e:	4928      	ldr	r1, [pc, #160]	@ (200003d0 <flash_do_cmd+0xdc>)
20000330:	4798      	blx	r3
20000332:	4680      	mov	r8, r0
20000334:	464b      	mov	r3, r9
20000336:	2b00      	cmp	r3, #0
20000338:	d00f      	beq.n	2000035a <flash_do_cmd+0x66>
2000033a:	2c00      	cmp	r4, #0
2000033c:	d00d      	beq.n	2000035a <flash_do_cmd+0x66>
2000033e:	2800      	cmp	r0, #0
20000340:	d00b      	beq.n	2000035a <flash_do_cmd+0x66>
20000342:	f7ff ff85 	bl	20000250 <flash_init_boot2_copyout>
20000346:	4668      	mov	r0, sp
20000348:	f7ff ffa2 	bl	20000290 <flash_save_hardware_state>
2000034c:	47c8      	blx	r9
2000034e:	47a0      	blx	r4
20000350:	2000      	movs	r0, #0
20000352:	f7ff ffbb 	bl	200002cc <flash_cs_force>
20000356:	002a      	movs	r2, r5
20000358:	e010      	b.n	2000037c <flash_do_cmd+0x88>
2000035a:	218a      	movs	r1, #138	@ 0x8a
2000035c:	4b1d      	ldr	r3, [pc, #116]	@ (200003d4 <flash_do_cmd+0xe0>)
2000035e:	4a1e      	ldr	r2, [pc, #120]	@ (200003d8 <flash_do_cmd+0xe4>)
20000360:	0049      	lsls	r1, r1, #1
20000362:	481e      	ldr	r0, [pc, #120]	@ (200003dc <flash_do_cmd+0xe8>)
20000364:	f000 fc50 	bl	20000c08 <____assert_func_veneer>
20000368:	2b00      	cmp	r3, #0
2000036a:	d007      	beq.n	2000037c <flash_do_cmd+0x88>
2000036c:	2a00      	cmp	r2, #0
2000036e:	d005      	beq.n	2000037c <flash_do_cmd+0x88>
20000370:	23c0      	movs	r3, #192	@ 0xc0
20000372:	055b      	lsls	r3, r3, #21
20000374:	6e1b      	ldr	r3, [r3, #96]	@ 0x60
20000376:	7033      	strb	r3, [r6, #0]
20000378:	3a01      	subs	r2, #1
2000037a:	3601      	adds	r6, #1
2000037c:	002b      	movs	r3, r5
2000037e:	4313      	orrs	r3, r2
20000380:	d012      	beq.n	200003a8 <flash_do_cmd+0xb4>
20000382:	23c0      	movs	r3, #192	@ 0xc0
20000384:	055b      	lsls	r3, r3, #21
20000386:	6a9c      	ldr	r4, [r3, #40]	@ 0x28
20000388:	2308      	movs	r3, #8
2000038a:	4023      	ands	r3, r4
2000038c:	07a1      	lsls	r1, r4, #30
2000038e:	d5eb      	bpl.n	20000368 <flash_do_cmd+0x74>
20000390:	2d00      	cmp	r5, #0
20000392:	d0e9      	beq.n	20000368 <flash_do_cmd+0x74>
20000394:	1b51      	subs	r1, r2, r5
20000396:	290d      	cmp	r1, #13
20000398:	d8e6      	bhi.n	20000368 <flash_do_cmd+0x74>
2000039a:	7838      	ldrb	r0, [r7, #0]
2000039c:	21c0      	movs	r1, #192	@ 0xc0
2000039e:	0549      	lsls	r1, r1, #21
200003a0:	6608      	str	r0, [r1, #96]	@ 0x60
200003a2:	3d01      	subs	r5, #1
200003a4:	3701      	adds	r7, #1
200003a6:	e7df      	b.n	20000368 <flash_do_cmd+0x74>
200003a8:	2001      	movs	r0, #1
200003aa:	f7ff ff8f 	bl	200002cc <flash_cs_force>
200003ae:	47c0      	blx	r8
200003b0:	f7ff ff66 	bl	20000280 <flash_enable_xip_via_boot2>
200003b4:	4668      	mov	r0, sp
200003b6:	f7ff ff79 	bl	200002ac <flash_restore_hardware_state>
200003ba:	b006      	add	sp, #24
200003bc:	bce0      	pop	{r5, r6, r7}
200003be:	46ba      	mov	sl, r7
200003c0:	46b1      	mov	r9, r6
200003c2:	46a8      	mov	r8, r5
200003c4:	bdf0      	pop	{r4, r5, r6, r7, pc}
200003c6:	46c0      	nop			@ (mov r8, r8)
200003c8:	00004649 	.word	0x00004649
200003cc:	00005845 	.word	0x00005845
200003d0:	00004346 	.word	0x00004346
200003d4:	1000a120 	.word	0x1000a120
200003d8:	1000a170 	.word	0x1000a170
200003dc:	10009fd8 	.word	0x10009fd8

200003e0 <reset_non_control_endpoints>:
200003e0:	b510      	push	{r4, lr}
200003e2:	2300      	movs	r3, #0
200003e4:	e008      	b.n	200003f8 <reset_non_control_endpoints+0x18>
200003e6:	3301      	adds	r3, #1
200003e8:	00da      	lsls	r2, r3, #3
200003ea:	2100      	movs	r1, #0
200003ec:	4808      	ldr	r0, [pc, #32]	@ (20000410 <reset_non_control_endpoints+0x30>)
200003ee:	5011      	str	r1, [r2, r0]
200003f0:	4684      	mov	ip, r0
200003f2:	4462      	add	r2, ip
200003f4:	6051      	str	r1, [r2, #4]
200003f6:	b2db      	uxtb	r3, r3
200003f8:	2b0e      	cmp	r3, #14
200003fa:	d9f4      	bls.n	200003e6 <reset_non_control_endpoints+0x6>
200003fc:	22f0      	movs	r2, #240	@ 0xf0
200003fe:	0092      	lsls	r2, r2, #2
20000400:	2100      	movs	r1, #0
20000402:	4804      	ldr	r0, [pc, #16]	@ (20000414 <reset_non_control_endpoints+0x34>)
20000404:	f000 fc28 	bl	20000c58 <____wrap_memset_veneer>
20000408:	4b03      	ldr	r3, [pc, #12]	@ (20000418 <reset_non_control_endpoints+0x38>)
2000040a:	4a04      	ldr	r2, [pc, #16]	@ (2000041c <reset_non_control_endpoints+0x3c>)
2000040c:	601a      	str	r2, [r3, #0]
2000040e:	bd10      	pop	{r4, pc}
20000410:	50100000 	.word	0x50100000
20000414:	20005ef4 	.word	0x20005ef4
20000418:	200062b8 	.word	0x200062b8
2000041c:	50100180 	.word	0x50100180

20000420 <hw_handle_buff_status>:
20000420:	b5f0      	push	{r4, r5, r6, r7, lr}
20000422:	46ce      	mov	lr, r9
20000424:	4647      	mov	r7, r8
20000426:	b580      	push	{r7, lr}
20000428:	b085      	sub	sp, #20
2000042a:	4b23      	ldr	r3, [pc, #140]	@ (200004b8 <hw_handle_buff_status+0x98>)
2000042c:	6d9f      	ldr	r7, [r3, #88]	@ 0x58
2000042e:	2400      	movs	r4, #0
20000430:	2601      	movs	r6, #1
20000432:	e003      	b.n	2000043c <hw_handle_buff_status+0x1c>
20000434:	43b7      	bics	r7, r6
20000436:	0076      	lsls	r6, r6, #1
20000438:	3401      	adds	r4, #1
2000043a:	b2e4      	uxtb	r4, r4
2000043c:	2f00      	cmp	r7, #0
2000043e:	d036      	beq.n	200004ae <hw_handle_buff_status+0x8e>
20000440:	2c1f      	cmp	r4, #31
20000442:	d834      	bhi.n	200004ae <hw_handle_buff_status+0x8e>
20000444:	423e      	tst	r6, r7
20000446:	d0f6      	beq.n	20000436 <hw_handle_buff_status+0x16>
20000448:	4b1c      	ldr	r3, [pc, #112]	@ (200004bc <hw_handle_buff_status+0x9c>)
2000044a:	659e      	str	r6, [r3, #88]	@ 0x58
2000044c:	0863      	lsrs	r3, r4, #1
2000044e:	4699      	mov	r9, r3
20000450:	2301      	movs	r3, #1
20000452:	4063      	eors	r3, r4
20000454:	2201      	movs	r2, #1
20000456:	401a      	ands	r2, r3
20000458:	4690      	mov	r8, r2
2000045a:	464b      	mov	r3, r9
2000045c:	005d      	lsls	r5, r3, #1
2000045e:	4445      	add	r5, r8
20000460:	016d      	lsls	r5, r5, #5
20000462:	4b17      	ldr	r3, [pc, #92]	@ (200004c0 <hw_handle_buff_status+0xa0>)
20000464:	18ed      	adds	r5, r5, r3
20000466:	0028      	movs	r0, r5
20000468:	f000 fa6a 	bl	20000940 <hw_endpoint_xfer_continue>
2000046c:	2800      	cmp	r0, #0
2000046e:	d0e1      	beq.n	20000434 <hw_handle_buff_status+0x14>
20000470:	464b      	mov	r3, r9
20000472:	005b      	lsls	r3, r3, #1
20000474:	4443      	add	r3, r8
20000476:	015b      	lsls	r3, r3, #5
20000478:	4a11      	ldr	r2, [pc, #68]	@ (200004c0 <hw_handle_buff_status+0xa0>)
2000047a:	18d3      	adds	r3, r2, r3
2000047c:	789a      	ldrb	r2, [r3, #2]
2000047e:	4691      	mov	r9, r2
20000480:	8adb      	ldrh	r3, [r3, #22]
20000482:	4698      	mov	r8, r3
20000484:	220c      	movs	r2, #12
20000486:	2100      	movs	r1, #0
20000488:	a801      	add	r0, sp, #4
2000048a:	f000 fbe5 	bl	20000c58 <____wrap_memset_veneer>
2000048e:	2307      	movs	r3, #7
20000490:	466a      	mov	r2, sp
20000492:	7153      	strb	r3, [r2, #5]
20000494:	466b      	mov	r3, sp
20000496:	464a      	mov	r2, r9
20000498:	721a      	strb	r2, [r3, #8]
2000049a:	4643      	mov	r3, r8
2000049c:	9303      	str	r3, [sp, #12]
2000049e:	2101      	movs	r1, #1
200004a0:	a801      	add	r0, sp, #4
200004a2:	f000 fa6d 	bl	20000980 <dcd_event_handler>
200004a6:	0028      	movs	r0, r5
200004a8:	f000 f9da 	bl	20000860 <hw_endpoint_reset_transfer>
200004ac:	e7c2      	b.n	20000434 <hw_handle_buff_status+0x14>
200004ae:	b005      	add	sp, #20
200004b0:	bcc0      	pop	{r6, r7}
200004b2:	46b9      	mov	r9, r7
200004b4:	46b0      	mov	r8, r6
200004b6:	bdf0      	pop	{r4, r5, r6, r7, pc}
200004b8:	50110000 	.word	0x50110000
200004bc:	50113000 	.word	0x50113000
200004c0:	20005eb4 	.word	0x20005eb4

200004c4 <dcd_rp2040_irq>:
200004c4:	b5f0      	push	{r4, r5, r6, r7, lr}
200004c6:	46ce      	mov	lr, r9
200004c8:	4647      	mov	r7, r8
200004ca:	b580      	push	{r7, lr}
200004cc:	b085      	sub	sp, #20
200004ce:	4a7f      	ldr	r2, [pc, #508]	@ (200006cc <dcd_rp2040_irq+0x208>)
200004d0:	2398      	movs	r3, #152	@ 0x98
200004d2:	58d5      	ldr	r5, [r2, r3]
200004d4:	2380      	movs	r3, #128	@ 0x80
200004d6:	029b      	lsls	r3, r3, #10
200004d8:	002f      	movs	r7, r5
200004da:	401f      	ands	r7, r3
200004dc:	421d      	tst	r5, r3
200004de:	d048      	beq.n	20000572 <dcd_rp2040_irq+0xae>
200004e0:	4b7b      	ldr	r3, [pc, #492]	@ (200006d0 <dcd_rp2040_irq+0x20c>)
200004e2:	6a9a      	ldr	r2, [r3, #40]	@ 0x28
200004e4:	4b7b      	ldr	r3, [pc, #492]	@ (200006d4 <dcd_rp2040_irq+0x210>)
200004e6:	601a      	str	r2, [r3, #0]
200004e8:	2400      	movs	r4, #0
200004ea:	2600      	movs	r6, #0
200004ec:	e009      	b.n	20000502 <dcd_rp2040_irq+0x3e>
200004ee:	4b7a      	ldr	r3, [pc, #488]	@ (200006d8 <dcd_rp2040_irq+0x214>)
200004f0:	1899      	adds	r1, r3, r2
200004f2:	313c      	adds	r1, #60	@ 0x3c
200004f4:	2300      	movs	r3, #0
200004f6:	700b      	strb	r3, [r1, #0]
200004f8:	f000 f9de 	bl	200008b8 <hw_endpoint_start_next_buffer>
200004fc:	003e      	movs	r6, r7
200004fe:	3401      	adds	r4, #1
20000500:	b2e4      	uxtb	r4, r4
20000502:	2c0f      	cmp	r4, #15
20000504:	d817      	bhi.n	20000536 <dcd_rp2040_irq+0x72>
20000506:	01a2      	lsls	r2, r4, #6
20000508:	0010      	movs	r0, r2
2000050a:	3020      	adds	r0, #32
2000050c:	4b72      	ldr	r3, [pc, #456]	@ (200006d8 <dcd_rp2040_irq+0x214>)
2000050e:	18c0      	adds	r0, r0, r3
20000510:	189b      	adds	r3, r3, r2
20000512:	333b      	adds	r3, #59	@ 0x3b
20000514:	781b      	ldrb	r3, [r3, #0]
20000516:	2b02      	cmp	r3, #2
20000518:	d1f1      	bne.n	200004fe <dcd_rp2040_irq+0x3a>
2000051a:	4b6f      	ldr	r3, [pc, #444]	@ (200006d8 <dcd_rp2040_irq+0x214>)
2000051c:	189b      	adds	r3, r3, r2
2000051e:	333a      	adds	r3, #58	@ 0x3a
20000520:	781f      	ldrb	r7, [r3, #0]
20000522:	2f00      	cmp	r7, #0
20000524:	d0eb      	beq.n	200004fe <dcd_rp2040_irq+0x3a>
20000526:	4b6c      	ldr	r3, [pc, #432]	@ (200006d8 <dcd_rp2040_irq+0x214>)
20000528:	189b      	adds	r3, r3, r2
2000052a:	333c      	adds	r3, #60	@ 0x3c
2000052c:	781b      	ldrb	r3, [r3, #0]
2000052e:	2b00      	cmp	r3, #0
20000530:	d1dd      	bne.n	200004ee <dcd_rp2040_irq+0x2a>
20000532:	003e      	movs	r6, r7
20000534:	e7e3      	b.n	200004fe <dcd_rp2040_irq+0x3a>
20000536:	2e00      	cmp	r6, #0
20000538:	d108      	bne.n	2000054c <dcd_rp2040_irq+0x88>
2000053a:	4b68      	ldr	r3, [pc, #416]	@ (200006dc <dcd_rp2040_irq+0x218>)
2000053c:	781b      	ldrb	r3, [r3, #0]
2000053e:	2b00      	cmp	r3, #0
20000540:	d104      	bne.n	2000054c <dcd_rp2040_irq+0x88>
20000542:	4a67      	ldr	r2, [pc, #412]	@ (200006e0 <dcd_rp2040_irq+0x21c>)
20000544:	3390      	adds	r3, #144	@ 0x90
20000546:	2180      	movs	r1, #128	@ 0x80
20000548:	0289      	lsls	r1, r1, #10
2000054a:	50d1      	str	r1, [r2, r3]
2000054c:	4b5f      	ldr	r3, [pc, #380]	@ (200006cc <dcd_rp2040_irq+0x208>)
2000054e:	6c9c      	ldr	r4, [r3, #72]	@ 0x48
20000550:	0564      	lsls	r4, r4, #21
20000552:	0d64      	lsrs	r4, r4, #21
20000554:	ae01      	add	r6, sp, #4
20000556:	220c      	movs	r2, #12
20000558:	2100      	movs	r1, #0
2000055a:	0030      	movs	r0, r6
2000055c:	f000 fb7c 	bl	20000c58 <____wrap_memset_veneer>
20000560:	2303      	movs	r3, #3
20000562:	7073      	strb	r3, [r6, #1]
20000564:	9402      	str	r4, [sp, #8]
20000566:	2101      	movs	r1, #1
20000568:	0030      	movs	r0, r6
2000056a:	f000 fa09 	bl	20000980 <dcd_event_handler>
2000056e:	2780      	movs	r7, #128	@ 0x80
20000570:	02bf      	lsls	r7, r7, #10
20000572:	06eb      	lsls	r3, r5, #27
20000574:	d406      	bmi.n	20000584 <dcd_rp2040_irq+0xc0>
20000576:	03eb      	lsls	r3, r5, #15
20000578:	d555      	bpl.n	20000626 <dcd_rp2040_irq+0x162>
2000057a:	2380      	movs	r3, #128	@ 0x80
2000057c:	025b      	lsls	r3, r3, #9
2000057e:	431f      	orrs	r7, r3
20000580:	2400      	movs	r4, #0
20000582:	e019      	b.n	200005b8 <dcd_rp2040_irq+0xf4>
20000584:	2310      	movs	r3, #16
20000586:	431f      	orrs	r7, r3
20000588:	f7ff ff4a 	bl	20000420 <hw_handle_buff_status>
2000058c:	e7f3      	b.n	20000576 <dcd_rp2040_irq+0xb2>
2000058e:	2302      	movs	r3, #2
20000590:	4698      	mov	r8, r3
20000592:	e01e      	b.n	200005d2 <dcd_rp2040_irq+0x10e>
20000594:	4b53      	ldr	r3, [pc, #332]	@ (200006e4 <dcd_rp2040_irq+0x220>)
20000596:	4642      	mov	r2, r8
20000598:	661a      	str	r2, [r3, #96]	@ 0x60
2000059a:	4b4c      	ldr	r3, [pc, #304]	@ (200006cc <dcd_rp2040_irq+0x208>)
2000059c:	6e5b      	ldr	r3, [r3, #100]	@ 0x64
2000059e:	4642      	mov	r2, r8
200005a0:	4013      	ands	r3, r2
200005a2:	4598      	cmp	r8, r3
200005a4:	d1f9      	bne.n	2000059a <dcd_rp2040_irq+0xd6>
200005a6:	e018      	b.n	200005da <dcd_rp2040_irq+0x116>
200005a8:	464b      	mov	r3, r9
200005aa:	015a      	lsls	r2, r3, #5
200005ac:	4b4a      	ldr	r3, [pc, #296]	@ (200006d8 <dcd_rp2040_irq+0x214>)
200005ae:	189b      	adds	r3, r3, r2
200005b0:	2201      	movs	r2, #1
200005b2:	70da      	strb	r2, [r3, #3]
200005b4:	3401      	adds	r4, #1
200005b6:	b2e4      	uxtb	r4, r4
200005b8:	2c01      	cmp	r4, #1
200005ba:	d820      	bhi.n	200005fe <dcd_rp2040_irq+0x13a>
200005bc:	46a1      	mov	r9, r4
200005be:	0163      	lsls	r3, r4, #5
200005c0:	4e45      	ldr	r6, [pc, #276]	@ (200006d8 <dcd_rp2040_irq+0x214>)
200005c2:	199e      	adds	r6, r3, r6
200005c4:	7eb3      	ldrb	r3, [r6, #26]
200005c6:	2b00      	cmp	r3, #0
200005c8:	d0ee      	beq.n	200005a8 <dcd_rp2040_irq+0xe4>
200005ca:	2c00      	cmp	r4, #0
200005cc:	d0df      	beq.n	2000058e <dcd_rp2040_irq+0xca>
200005ce:	2301      	movs	r3, #1
200005d0:	4698      	mov	r8, r3
200005d2:	f000 fb49 	bl	20000c68 <__rp2040_chip_version_veneer>
200005d6:	2801      	cmp	r0, #1
200005d8:	d8dc      	bhi.n	20000594 <dcd_rp2040_irq+0xd0>
200005da:	22c0      	movs	r2, #192	@ 0xc0
200005dc:	0192      	lsls	r2, r2, #6
200005de:	2100      	movs	r1, #0
200005e0:	0030      	movs	r0, r6
200005e2:	f000 f943 	bl	2000086c <_hw_endpoint_buffer_control_update32>
200005e6:	0030      	movs	r0, r6
200005e8:	f000 f93a 	bl	20000860 <hw_endpoint_reset_transfer>
200005ec:	f000 fb3c 	bl	20000c68 <__rp2040_chip_version_veneer>
200005f0:	2801      	cmp	r0, #1
200005f2:	d9d9      	bls.n	200005a8 <dcd_rp2040_irq+0xe4>
200005f4:	4b3a      	ldr	r3, [pc, #232]	@ (200006e0 <dcd_rp2040_irq+0x21c>)
200005f6:	4642      	mov	r2, r8
200005f8:	665a      	str	r2, [r3, #100]	@ 0x64
200005fa:	661a      	str	r2, [r3, #96]	@ 0x60
200005fc:	e7d4      	b.n	200005a8 <dcd_rp2040_irq+0xe4>
200005fe:	ac01      	add	r4, sp, #4
20000600:	220c      	movs	r2, #12
20000602:	2100      	movs	r1, #0
20000604:	0020      	movs	r0, r4
20000606:	f000 fb27 	bl	20000c58 <____wrap_memset_veneer>
2000060a:	2306      	movs	r3, #6
2000060c:	7063      	strb	r3, [r4, #1]
2000060e:	4a36      	ldr	r2, [pc, #216]	@ (200006e8 <dcd_rp2040_irq+0x224>)
20000610:	ab02      	add	r3, sp, #8
20000612:	ca03      	ldmia	r2!, {r0, r1}
20000614:	c303      	stmia	r3!, {r0, r1}
20000616:	2101      	movs	r1, #1
20000618:	0020      	movs	r0, r4
2000061a:	f000 f9b1 	bl	20000980 <dcd_event_handler>
2000061e:	4b30      	ldr	r3, [pc, #192]	@ (200006e0 <dcd_rp2040_irq+0x21c>)
20000620:	2280      	movs	r2, #128	@ 0x80
20000622:	0292      	lsls	r2, r2, #10
20000624:	651a      	str	r2, [r3, #80]	@ 0x50
20000626:	04eb      	lsls	r3, r5, #19
20000628:	d40a      	bmi.n	20000640 <dcd_rp2040_irq+0x17c>
2000062a:	046b      	lsls	r3, r5, #17
2000062c:	d421      	bmi.n	20000672 <dcd_rp2040_irq+0x1ae>
2000062e:	042b      	lsls	r3, r5, #16
20000630:	d432      	bmi.n	20000698 <dcd_rp2040_irq+0x1d4>
20000632:	42af      	cmp	r7, r5
20000634:	d144      	bne.n	200006c0 <dcd_rp2040_irq+0x1fc>
20000636:	b005      	add	sp, #20
20000638:	bcc0      	pop	{r6, r7}
2000063a:	46b9      	mov	r9, r7
2000063c:	46b0      	mov	r8, r6
2000063e:	bdf0      	pop	{r4, r5, r6, r7, pc}
20000640:	2380      	movs	r3, #128	@ 0x80
20000642:	015b      	lsls	r3, r3, #5
20000644:	431f      	orrs	r7, r3
20000646:	4b21      	ldr	r3, [pc, #132]	@ (200006cc <dcd_rp2040_irq+0x208>)
20000648:	2200      	movs	r2, #0
2000064a:	601a      	str	r2, [r3, #0]
2000064c:	f7ff fec8 	bl	200003e0 <reset_non_control_endpoints>
20000650:	ac01      	add	r4, sp, #4
20000652:	220c      	movs	r2, #12
20000654:	2100      	movs	r1, #0
20000656:	0020      	movs	r0, r4
20000658:	f000 fafe 	bl	20000c58 <____wrap_memset_veneer>
2000065c:	2301      	movs	r3, #1
2000065e:	7063      	strb	r3, [r4, #1]
20000660:	2101      	movs	r1, #1
20000662:	0020      	movs	r0, r4
20000664:	f000 f98c 	bl	20000980 <dcd_event_handler>
20000668:	4b1d      	ldr	r3, [pc, #116]	@ (200006e0 <dcd_rp2040_irq+0x21c>)
2000066a:	2280      	movs	r2, #128	@ 0x80
2000066c:	0312      	lsls	r2, r2, #12
2000066e:	651a      	str	r2, [r3, #80]	@ 0x50
20000670:	e7db      	b.n	2000062a <dcd_rp2040_irq+0x166>
20000672:	2380      	movs	r3, #128	@ 0x80
20000674:	01db      	lsls	r3, r3, #7
20000676:	431f      	orrs	r7, r3
20000678:	ac01      	add	r4, sp, #4
2000067a:	220c      	movs	r2, #12
2000067c:	2100      	movs	r1, #0
2000067e:	0020      	movs	r0, r4
20000680:	f000 faea 	bl	20000c58 <____wrap_memset_veneer>
20000684:	2304      	movs	r3, #4
20000686:	7063      	strb	r3, [r4, #1]
20000688:	2101      	movs	r1, #1
2000068a:	0020      	movs	r0, r4
2000068c:	f000 f978 	bl	20000980 <dcd_event_handler>
20000690:	4b13      	ldr	r3, [pc, #76]	@ (200006e0 <dcd_rp2040_irq+0x21c>)
20000692:	2210      	movs	r2, #16
20000694:	651a      	str	r2, [r3, #80]	@ 0x50
20000696:	e7ca      	b.n	2000062e <dcd_rp2040_irq+0x16a>
20000698:	2380      	movs	r3, #128	@ 0x80
2000069a:	021b      	lsls	r3, r3, #8
2000069c:	431f      	orrs	r7, r3
2000069e:	ac01      	add	r4, sp, #4
200006a0:	220c      	movs	r2, #12
200006a2:	2100      	movs	r1, #0
200006a4:	0020      	movs	r0, r4
200006a6:	f000 fad7 	bl	20000c58 <____wrap_memset_veneer>
200006aa:	2305      	movs	r3, #5
200006ac:	7063      	strb	r3, [r4, #1]
200006ae:	2101      	movs	r1, #1
200006b0:	0020      	movs	r0, r4
200006b2:	f000 f965 	bl	20000980 <dcd_event_handler>
200006b6:	4b0a      	ldr	r3, [pc, #40]	@ (200006e0 <dcd_rp2040_irq+0x21c>)
200006b8:	2280      	movs	r2, #128	@ 0x80
200006ba:	0112      	lsls	r2, r2, #4
200006bc:	651a      	str	r2, [r3, #80]	@ 0x50
200006be:	e7b8      	b.n	20000632 <dcd_rp2040_irq+0x16e>
200006c0:	0039      	movs	r1, r7
200006c2:	4069      	eors	r1, r5
200006c4:	4809      	ldr	r0, [pc, #36]	@ (200006ec <dcd_rp2040_irq+0x228>)
200006c6:	f000 fab7 	bl	20000c38 <__panic_veneer>
200006ca:	46c0      	nop			@ (mov r8, r8)
200006cc:	50110000 	.word	0x50110000
200006d0:	40054000 	.word	0x40054000
200006d4:	20005ea4 	.word	0x20005ea4
200006d8:	20005eb4 	.word	0x20005eb4
200006dc:	20006523 	.word	0x20006523
200006e0:	50113000 	.word	0x50113000
200006e4:	50112000 	.word	0x50112000
200006e8:	50100000 	.word	0x50100000
200006ec:	1000a240 	.word	0x1000a240

200006f0 <prepare_ep_buffer>:
200006f0:	b5f8      	push	{r3, r4, r5, r6, r7, lr}
200006f2:	0004      	movs	r4, r0
200006f4:	000f      	movs	r7, r1
200006f6:	8a83      	ldrh	r3, [r0, #20]
200006f8:	8b02      	ldrh	r2, [r0, #24]
200006fa:	1c1e      	adds	r6, r3, #0
200006fc:	4293      	cmp	r3, r2
200006fe:	d900      	bls.n	20000702 <prepare_ep_buffer+0x12>
20000700:	1c16      	adds	r6, r2, #0
20000702:	b2b6      	uxth	r6, r6
20000704:	1b9b      	subs	r3, r3, r6
20000706:	82a3      	strh	r3, [r4, #20]
20000708:	2580      	movs	r5, #128	@ 0x80
2000070a:	00ed      	lsls	r5, r5, #3
2000070c:	4335      	orrs	r5, r6
2000070e:	78e3      	ldrb	r3, [r4, #3]
20000710:	2b00      	cmp	r3, #0
20000712:	d013      	beq.n	2000073c <prepare_ep_buffer+0x4c>
20000714:	2280      	movs	r2, #128	@ 0x80
20000716:	0192      	lsls	r2, r2, #6
20000718:	4315      	orrs	r5, r2
2000071a:	2201      	movs	r2, #1
2000071c:	4053      	eors	r3, r2
2000071e:	70e3      	strb	r3, [r4, #3]
20000720:	7863      	ldrb	r3, [r4, #1]
20000722:	2b00      	cmp	r3, #0
20000724:	d00c      	beq.n	20000740 <prepare_ep_buffer+0x50>
20000726:	8aa3      	ldrh	r3, [r4, #20]
20000728:	2b00      	cmp	r3, #0
2000072a:	d102      	bne.n	20000732 <prepare_ep_buffer+0x42>
2000072c:	2380      	movs	r3, #128	@ 0x80
2000072e:	01db      	lsls	r3, r3, #7
20000730:	431d      	orrs	r5, r3
20000732:	2f00      	cmp	r7, #0
20000734:	d000      	beq.n	20000738 <prepare_ep_buffer+0x48>
20000736:	042d      	lsls	r5, r5, #16
20000738:	0028      	movs	r0, r5
2000073a:	bdf8      	pop	{r3, r4, r5, r6, r7, pc}
2000073c:	2200      	movs	r2, #0
2000073e:	e7eb      	b.n	20000718 <prepare_ep_buffer+0x28>
20000740:	01b8      	lsls	r0, r7, #6
20000742:	68e3      	ldr	r3, [r4, #12]
20000744:	469c      	mov	ip, r3
20000746:	4460      	add	r0, ip
20000748:	0032      	movs	r2, r6
2000074a:	6921      	ldr	r1, [r4, #16]
2000074c:	f000 fa9c 	bl	20000c88 <__unaligned_memcpy_veneer>
20000750:	6923      	ldr	r3, [r4, #16]
20000752:	469c      	mov	ip, r3
20000754:	4466      	add	r6, ip
20000756:	6126      	str	r6, [r4, #16]
20000758:	2380      	movs	r3, #128	@ 0x80
2000075a:	021b      	lsls	r3, r3, #8
2000075c:	431d      	orrs	r5, r3
2000075e:	e7e2      	b.n	20000726 <prepare_ep_buffer+0x36>

20000760 <e15_is_bulkin_ep>:
20000760:	4b09      	ldr	r3, [pc, #36]	@ (20000788 <e15_is_bulkin_ep+0x28>)
20000762:	6c1b      	ldr	r3, [r3, #64]	@ 0x40
20000764:	079b      	lsls	r3, r3, #30
20000766:	d40c      	bmi.n	20000782 <e15_is_bulkin_ep+0x22>
20000768:	7883      	ldrb	r3, [r0, #2]
2000076a:	09db      	lsrs	r3, r3, #7
2000076c:	2b01      	cmp	r3, #1
2000076e:	d001      	beq.n	20000774 <e15_is_bulkin_ep+0x14>
20000770:	2000      	movs	r0, #0
20000772:	e007      	b.n	20000784 <e15_is_bulkin_ep+0x24>
20000774:	7ec3      	ldrb	r3, [r0, #27]
20000776:	2b02      	cmp	r3, #2
20000778:	d001      	beq.n	2000077e <e15_is_bulkin_ep+0x1e>
2000077a:	2000      	movs	r0, #0
2000077c:	e002      	b.n	20000784 <e15_is_bulkin_ep+0x24>
2000077e:	2001      	movs	r0, #1
20000780:	e000      	b.n	20000784 <e15_is_bulkin_ep+0x24>
20000782:	2000      	movs	r0, #0
20000784:	4770      	bx	lr
20000786:	46c0      	nop			@ (mov r8, r8)
20000788:	50110000 	.word	0x50110000

2000078c <e15_is_critical_frame_period>:
2000078c:	b510      	push	{r4, lr}
2000078e:	f7ff ffe7 	bl	20000760 <e15_is_bulkin_ep>
20000792:	2800      	cmp	r0, #0
20000794:	d009      	beq.n	200007aa <e15_is_critical_frame_period+0x1e>
20000796:	4b06      	ldr	r3, [pc, #24]	@ (200007b0 <e15_is_critical_frame_period+0x24>)
20000798:	6a9b      	ldr	r3, [r3, #40]	@ 0x28
2000079a:	4a06      	ldr	r2, [pc, #24]	@ (200007b4 <e15_is_critical_frame_period+0x28>)
2000079c:	6812      	ldr	r2, [r2, #0]
2000079e:	1a9b      	subs	r3, r3, r2
200007a0:	4a05      	ldr	r2, [pc, #20]	@ (200007b8 <e15_is_critical_frame_period+0x2c>)
200007a2:	4694      	mov	ip, r2
200007a4:	4463      	add	r3, ip
200007a6:	2bc6      	cmp	r3, #198	@ 0xc6
200007a8:	d800      	bhi.n	200007ac <e15_is_critical_frame_period+0x20>
200007aa:	bd10      	pop	{r4, pc}
200007ac:	2000      	movs	r0, #0
200007ae:	e7fc      	b.n	200007aa <e15_is_critical_frame_period+0x1e>
200007b0:	40054000 	.word	0x40054000
200007b4:	20005ea4 	.word	0x20005ea4
200007b8:	fffffce0 	.word	0xfffffce0

200007bc <sync_ep_buffer>:
200007bc:	b570      	push	{r4, r5, r6, lr}
200007be:	0004      	movs	r4, r0
200007c0:	6883      	ldr	r3, [r0, #8]
200007c2:	681b      	ldr	r3, [r3, #0]
200007c4:	2900      	cmp	r1, #0
200007c6:	d000      	beq.n	200007ca <sync_ep_buffer+0xe>
200007c8:	0c1b      	lsrs	r3, r3, #16
200007ca:	059d      	lsls	r5, r3, #22
200007cc:	0dad      	lsrs	r5, r5, #22
200007ce:	7862      	ldrb	r2, [r4, #1]
200007d0:	2a00      	cmp	r2, #0
200007d2:	d111      	bne.n	200007f8 <sync_ep_buffer+0x3c>
200007d4:	041b      	lsls	r3, r3, #16
200007d6:	d409      	bmi.n	200007ec <sync_ep_buffer+0x30>
200007d8:	8ae3      	ldrh	r3, [r4, #22]
200007da:	195b      	adds	r3, r3, r5
200007dc:	82e3      	strh	r3, [r4, #22]
200007de:	8b23      	ldrh	r3, [r4, #24]
200007e0:	42ab      	cmp	r3, r5
200007e2:	d901      	bls.n	200007e8 <sync_ep_buffer+0x2c>
200007e4:	2300      	movs	r3, #0
200007e6:	82a3      	strh	r3, [r4, #20]
200007e8:	0028      	movs	r0, r5
200007ea:	bd70      	pop	{r4, r5, r6, pc}
200007ec:	4b0e      	ldr	r3, [pc, #56]	@ (20000828 <sync_ep_buffer+0x6c>)
200007ee:	4a0f      	ldr	r2, [pc, #60]	@ (2000082c <sync_ep_buffer+0x70>)
200007f0:	21e8      	movs	r1, #232	@ 0xe8
200007f2:	480f      	ldr	r0, [pc, #60]	@ (20000830 <sync_ep_buffer+0x74>)
200007f4:	f000 fa08 	bl	20000c08 <____assert_func_veneer>
200007f8:	041b      	lsls	r3, r3, #16
200007fa:	d50e      	bpl.n	2000081a <sync_ep_buffer+0x5e>
200007fc:	0189      	lsls	r1, r1, #6
200007fe:	68e3      	ldr	r3, [r4, #12]
20000800:	469c      	mov	ip, r3
20000802:	4461      	add	r1, ip
20000804:	002a      	movs	r2, r5
20000806:	6920      	ldr	r0, [r4, #16]
20000808:	f000 fa3e 	bl	20000c88 <__unaligned_memcpy_veneer>
2000080c:	8ae3      	ldrh	r3, [r4, #22]
2000080e:	195b      	adds	r3, r3, r5
20000810:	82e3      	strh	r3, [r4, #22]
20000812:	6923      	ldr	r3, [r4, #16]
20000814:	195b      	adds	r3, r3, r5
20000816:	6123      	str	r3, [r4, #16]
20000818:	e7e1      	b.n	200007de <sync_ep_buffer+0x22>
2000081a:	4b06      	ldr	r3, [pc, #24]	@ (20000834 <sync_ep_buffer+0x78>)
2000081c:	4a03      	ldr	r2, [pc, #12]	@ (2000082c <sync_ep_buffer+0x70>)
2000081e:	21ee      	movs	r1, #238	@ 0xee
20000820:	4803      	ldr	r0, [pc, #12]	@ (20000830 <sync_ep_buffer+0x74>)
20000822:	f000 f9f1 	bl	20000c08 <____assert_func_veneer>
20000826:	46c0      	nop			@ (mov r8, r8)
20000828:	1000a2c0 	.word	0x1000a2c0
2000082c:	1000a3dc 	.word	0x1000a3dc
20000830:	1000a2e0 	.word	0x1000a2e0
20000834:	1000a33c 	.word	0x1000a33c

20000838 <_hw_endpoint_xfer_sync>:
20000838:	b510      	push	{r4, lr}
2000083a:	0004      	movs	r4, r0
2000083c:	6883      	ldr	r3, [r0, #8]
2000083e:	681b      	ldr	r3, [r3, #0]
20000840:	2100      	movs	r1, #0
20000842:	f7ff ffbb 	bl	200007bc <sync_ep_buffer>
20000846:	6863      	ldr	r3, [r4, #4]
20000848:	681b      	ldr	r3, [r3, #0]
2000084a:	005b      	lsls	r3, r3, #1
2000084c:	d502      	bpl.n	20000854 <_hw_endpoint_xfer_sync+0x1c>
2000084e:	8b23      	ldrh	r3, [r4, #24]
20000850:	4283      	cmp	r3, r0
20000852:	d000      	beq.n	20000856 <_hw_endpoint_xfer_sync+0x1e>
20000854:	bd10      	pop	{r4, pc}
20000856:	2101      	movs	r1, #1
20000858:	0020      	movs	r0, r4
2000085a:	f7ff ffaf 	bl	200007bc <sync_ep_buffer>
2000085e:	e7f9      	b.n	20000854 <_hw_endpoint_xfer_sync+0x1c>

20000860 <hw_endpoint_reset_transfer>:
20000860:	2300      	movs	r3, #0
20000862:	7683      	strb	r3, [r0, #26]
20000864:	8283      	strh	r3, [r0, #20]
20000866:	82c3      	strh	r3, [r0, #22]
20000868:	6103      	str	r3, [r0, #16]
2000086a:	4770      	bx	lr

2000086c <_hw_endpoint_buffer_control_update32>:
2000086c:	b510      	push	{r4, lr}
2000086e:	2900      	cmp	r1, #0
20000870:	d002      	beq.n	20000878 <_hw_endpoint_buffer_control_update32+0xc>
20000872:	6883      	ldr	r3, [r0, #8]
20000874:	681b      	ldr	r3, [r3, #0]
20000876:	4019      	ands	r1, r3
20000878:	2a00      	cmp	r2, #0
2000087a:	d010      	beq.n	2000089e <_hw_endpoint_buffer_control_update32+0x32>
2000087c:	4311      	orrs	r1, r2
2000087e:	0553      	lsls	r3, r2, #21
20000880:	d50d      	bpl.n	2000089e <_hw_endpoint_buffer_control_update32+0x32>
20000882:	6882      	ldr	r2, [r0, #8]
20000884:	6813      	ldr	r3, [r2, #0]
20000886:	055b      	lsls	r3, r3, #21
20000888:	d40c      	bmi.n	200008a4 <_hw_endpoint_buffer_control_update32+0x38>
2000088a:	4b08      	ldr	r3, [pc, #32]	@ (200008ac <_hw_endpoint_buffer_control_update32+0x40>)
2000088c:	400b      	ands	r3, r1
2000088e:	6013      	str	r3, [r2, #0]
20000890:	4b07      	ldr	r3, [pc, #28]	@ (200008b0 <_hw_endpoint_buffer_control_update32+0x44>)
20000892:	6c1b      	ldr	r3, [r3, #64]	@ 0x40
20000894:	079b      	lsls	r3, r3, #30
20000896:	d402      	bmi.n	2000089e <_hw_endpoint_buffer_control_update32+0x32>
20000898:	230c      	movs	r3, #12
2000089a:	3b03      	subs	r3, #3
2000089c:	d2fd      	bcs.n	2000089a <_hw_endpoint_buffer_control_update32+0x2e>
2000089e:	6883      	ldr	r3, [r0, #8]
200008a0:	6019      	str	r1, [r3, #0]
200008a2:	bd10      	pop	{r4, pc}
200008a4:	7881      	ldrb	r1, [r0, #2]
200008a6:	4803      	ldr	r0, [pc, #12]	@ (200008b4 <_hw_endpoint_buffer_control_update32+0x48>)
200008a8:	f000 f9c6 	bl	20000c38 <__panic_veneer>
200008ac:	fffffbff 	.word	0xfffffbff
200008b0:	50110000 	.word	0x50110000
200008b4:	1000a35c 	.word	0x1000a35c

200008b8 <hw_endpoint_start_next_buffer>:
200008b8:	b570      	push	{r4, r5, r6, lr}
200008ba:	0004      	movs	r4, r0
200008bc:	6843      	ldr	r3, [r0, #4]
200008be:	681e      	ldr	r6, [r3, #0]
200008c0:	2100      	movs	r1, #0
200008c2:	f7ff ff15 	bl	200006f0 <prepare_ep_buffer>
200008c6:	2580      	movs	r5, #128	@ 0x80
200008c8:	016d      	lsls	r5, r5, #5
200008ca:	4305      	orrs	r5, r0
200008cc:	4b19      	ldr	r3, [pc, #100]	@ (20000934 <hw_endpoint_start_next_buffer+0x7c>)
200008ce:	6c1b      	ldr	r3, [r3, #64]	@ 0x40
200008d0:	2202      	movs	r2, #2
200008d2:	0011      	movs	r1, r2
200008d4:	4019      	ands	r1, r3
200008d6:	421a      	tst	r2, r3
200008d8:	d102      	bne.n	200008e0 <hw_endpoint_start_next_buffer+0x28>
200008da:	78a3      	ldrb	r3, [r4, #2]
200008dc:	09db      	lsrs	r3, r3, #7
200008de:	d006      	beq.n	200008ee <hw_endpoint_start_next_buffer+0x36>
200008e0:	2900      	cmp	r1, #0
200008e2:	d006      	beq.n	200008f2 <hw_endpoint_start_next_buffer+0x3a>
200008e4:	78a3      	ldrb	r3, [r4, #2]
200008e6:	065b      	lsls	r3, r3, #25
200008e8:	d116      	bne.n	20000918 <hw_endpoint_start_next_buffer+0x60>
200008ea:	2300      	movs	r3, #0
200008ec:	e002      	b.n	200008f4 <hw_endpoint_start_next_buffer+0x3c>
200008ee:	2301      	movs	r3, #1
200008f0:	e000      	b.n	200008f4 <hw_endpoint_start_next_buffer+0x3c>
200008f2:	2300      	movs	r3, #0
200008f4:	8aa2      	ldrh	r2, [r4, #20]
200008f6:	2a00      	cmp	r2, #0
200008f8:	d001      	beq.n	200008fe <hw_endpoint_start_next_buffer+0x46>
200008fa:	2b00      	cmp	r3, #0
200008fc:	d00e      	beq.n	2000091c <hw_endpoint_start_next_buffer+0x64>
200008fe:	4b0e      	ldr	r3, [pc, #56]	@ (20000938 <hw_endpoint_start_next_buffer+0x80>)
20000900:	401e      	ands	r6, r3
20000902:	2380      	movs	r3, #128	@ 0x80
20000904:	059b      	lsls	r3, r3, #22
20000906:	4333      	orrs	r3, r6
20000908:	6862      	ldr	r2, [r4, #4]
2000090a:	6013      	str	r3, [r2, #0]
2000090c:	002a      	movs	r2, r5
2000090e:	2100      	movs	r1, #0
20000910:	0020      	movs	r0, r4
20000912:	f7ff ffab 	bl	2000086c <_hw_endpoint_buffer_control_update32>
20000916:	bd70      	pop	{r4, r5, r6, pc}
20000918:	2301      	movs	r3, #1
2000091a:	e7eb      	b.n	200008f4 <hw_endpoint_start_next_buffer+0x3c>
2000091c:	2101      	movs	r1, #1
2000091e:	0020      	movs	r0, r4
20000920:	f7ff fee6 	bl	200006f0 <prepare_ep_buffer>
20000924:	4305      	orrs	r5, r0
20000926:	4b05      	ldr	r3, [pc, #20]	@ (2000093c <hw_endpoint_start_next_buffer+0x84>)
20000928:	401e      	ands	r6, r3
2000092a:	23a0      	movs	r3, #160	@ 0xa0
2000092c:	05db      	lsls	r3, r3, #23
2000092e:	4333      	orrs	r3, r6
20000930:	e7ea      	b.n	20000908 <hw_endpoint_start_next_buffer+0x50>
20000932:	46c0      	nop			@ (mov r8, r8)
20000934:	50110000 	.word	0x50110000
20000938:	afffffff 	.word	0xafffffff
2000093c:	dfffffff 	.word	0xdfffffff

20000940 <hw_endpoint_xfer_continue>:
20000940:	b570      	push	{r4, r5, r6, lr}
20000942:	0004      	movs	r4, r0
20000944:	7e85      	ldrb	r5, [r0, #26]
20000946:	2d00      	cmp	r5, #0
20000948:	d006      	beq.n	20000958 <hw_endpoint_xfer_continue+0x18>
2000094a:	f7ff ff75 	bl	20000838 <_hw_endpoint_xfer_sync>
2000094e:	8aa3      	ldrh	r3, [r4, #20]
20000950:	2b00      	cmp	r3, #0
20000952:	d105      	bne.n	20000960 <hw_endpoint_xfer_continue+0x20>
20000954:	0028      	movs	r0, r5
20000956:	bd70      	pop	{r4, r5, r6, pc}
20000958:	7881      	ldrb	r1, [r0, #2]
2000095a:	4808      	ldr	r0, [pc, #32]	@ (2000097c <hw_endpoint_xfer_continue+0x3c>)
2000095c:	f000 f96c 	bl	20000c38 <__panic_veneer>
20000960:	0020      	movs	r0, r4
20000962:	f7ff ff13 	bl	2000078c <e15_is_critical_frame_period>
20000966:	1e05      	subs	r5, r0, #0
20000968:	d003      	beq.n	20000972 <hw_endpoint_xfer_continue+0x32>
2000096a:	2301      	movs	r3, #1
2000096c:	7723      	strb	r3, [r4, #28]
2000096e:	2500      	movs	r5, #0
20000970:	e7f0      	b.n	20000954 <hw_endpoint_xfer_continue+0x14>
20000972:	0020      	movs	r0, r4
20000974:	f7ff ffa0 	bl	200008b8 <hw_endpoint_start_next_buffer>
20000978:	e7ec      	b.n	20000954 <hw_endpoint_xfer_continue+0x14>
2000097a:	46c0      	nop			@ (mov r8, r8)
2000097c:	1000a37c 	.word	0x1000a37c

20000980 <dcd_event_handler>:
20000980:	b570      	push	{r4, r5, r6, lr}
20000982:	b086      	sub	sp, #24
20000984:	0005      	movs	r5, r0
20000986:	000e      	movs	r6, r1
20000988:	7843      	ldrb	r3, [r0, #1]
2000098a:	2b06      	cmp	r3, #6
2000098c:	d812      	bhi.n	200009b4 <dcd_event_handler+0x34>
2000098e:	009b      	lsls	r3, r3, #2
20000990:	4a73      	ldr	r2, [pc, #460]	@ (20000b60 <dcd_event_handler+0x1e0>)
20000992:	58d3      	ldr	r3, [r2, r3]
20000994:	469f      	mov	pc, r3
20000996:	4b73      	ldr	r3, [pc, #460]	@ (20000b64 <dcd_event_handler+0x1e4>)
20000998:	781a      	ldrb	r2, [r3, #0]
2000099a:	2101      	movs	r1, #1
2000099c:	438a      	bics	r2, r1
2000099e:	701a      	strb	r2, [r3, #0]
200009a0:	781a      	ldrb	r2, [r3, #0]
200009a2:	3101      	adds	r1, #1
200009a4:	438a      	bics	r2, r1
200009a6:	701a      	strb	r2, [r3, #0]
200009a8:	2200      	movs	r2, #0
200009aa:	705a      	strb	r2, [r3, #1]
200009ac:	781a      	ldrb	r2, [r3, #0]
200009ae:	3102      	adds	r1, #2
200009b0:	438a      	bics	r2, r1
200009b2:	701a      	strb	r2, [r3, #0]
200009b4:	4b6c      	ldr	r3, [pc, #432]	@ (20000b68 <dcd_event_handler+0x1e8>)
200009b6:	681c      	ldr	r4, [r3, #0]
200009b8:	6962      	ldr	r2, [r4, #20]
200009ba:	f3ef 8110 	mrs	r1, PRIMASK
200009be:	b672      	cpsid	i
200009c0:	6813      	ldr	r3, [r2, #0]
200009c2:	2b00      	cmp	r3, #0
200009c4:	d0fc      	beq.n	200009c0 <dcd_event_handler+0x40>
200009c6:	f3bf 8f5f 	dmb	sy
200009ca:	61a1      	str	r1, [r4, #24]
200009cc:	0029      	movs	r1, r5
200009ce:	0020      	movs	r0, r4
200009d0:	f000 f962 	bl	20000c98 <__tu_fifo_write_veneer>
200009d4:	6962      	ldr	r2, [r4, #20]
200009d6:	69a3      	ldr	r3, [r4, #24]
200009d8:	f3bf 8f5f 	dmb	sy
200009dc:	2100      	movs	r1, #0
200009de:	6011      	str	r1, [r2, #0]
200009e0:	f383 8810 	msr	PRIMASK, r3
200009e4:	2800      	cmp	r0, #0
200009e6:	d100      	bne.n	200009ea <dcd_event_handler+0x6a>
200009e8:	e0b2      	b.n	20000b50 <dcd_event_handler+0x1d0>
200009ea:	7869      	ldrb	r1, [r5, #1]
200009ec:	7828      	ldrb	r0, [r5, #0]
200009ee:	0032      	movs	r2, r6
200009f0:	f000 f912 	bl	20000c18 <__tud_event_hook_cb_veneer>
200009f4:	b006      	add	sp, #24
200009f6:	bd70      	pop	{r4, r5, r6, pc}
200009f8:	4b5a      	ldr	r3, [pc, #360]	@ (20000b64 <dcd_event_handler+0x1e4>)
200009fa:	781b      	ldrb	r3, [r3, #0]
200009fc:	07db      	lsls	r3, r3, #31
200009fe:	d5f9      	bpl.n	200009f4 <dcd_event_handler+0x74>
20000a00:	4a58      	ldr	r2, [pc, #352]	@ (20000b64 <dcd_event_handler+0x1e4>)
20000a02:	7813      	ldrb	r3, [r2, #0]
20000a04:	2104      	movs	r1, #4
20000a06:	430b      	orrs	r3, r1
20000a08:	7013      	strb	r3, [r2, #0]
20000a0a:	e7d3      	b.n	200009b4 <dcd_event_handler+0x34>
20000a0c:	4b55      	ldr	r3, [pc, #340]	@ (20000b64 <dcd_event_handler+0x1e4>)
20000a0e:	781b      	ldrb	r3, [r3, #0]
20000a10:	07db      	lsls	r3, r3, #31
20000a12:	d5ef      	bpl.n	200009f4 <dcd_event_handler+0x74>
20000a14:	4a53      	ldr	r2, [pc, #332]	@ (20000b64 <dcd_event_handler+0x1e4>)
20000a16:	7813      	ldrb	r3, [r2, #0]
20000a18:	2104      	movs	r1, #4
20000a1a:	438b      	bics	r3, r1
20000a1c:	7013      	strb	r3, [r2, #0]
20000a1e:	e7c9      	b.n	200009b4 <dcd_event_handler+0x34>
20000a20:	1ad2      	subs	r2, r2, r3
20000a22:	0152      	lsls	r2, r2, #5
20000a24:	4b51      	ldr	r3, [pc, #324]	@ (20000b6c <dcd_event_handler+0x1ec>)
20000a26:	189b      	adds	r3, r3, r2
20000a28:	e00d      	b.n	20000a46 <dcd_event_handler+0xc6>
20000a2a:	3401      	adds	r4, #1
20000a2c:	b2e4      	uxtb	r4, r4
20000a2e:	4b50      	ldr	r3, [pc, #320]	@ (20000b70 <dcd_event_handler+0x1f0>)
20000a30:	781b      	ldrb	r3, [r3, #0]
20000a32:	1c59      	adds	r1, r3, #1
20000a34:	0022      	movs	r2, r4
20000a36:	42a1      	cmp	r1, r4
20000a38:	db10      	blt.n	20000a5c <dcd_event_handler+0xdc>
20000a3a:	42a3      	cmp	r3, r4
20000a3c:	d9f0      	bls.n	20000a20 <dcd_event_handler+0xa0>
20000a3e:	4b4d      	ldr	r3, [pc, #308]	@ (20000b74 <dcd_event_handler+0x1f4>)
20000a40:	681b      	ldr	r3, [r3, #0]
20000a42:	0162      	lsls	r2, r4, #5
20000a44:	189b      	adds	r3, r3, r2
20000a46:	2b00      	cmp	r3, #0
20000a48:	d0ef      	beq.n	20000a2a <dcd_event_handler+0xaa>
20000a4a:	69db      	ldr	r3, [r3, #28]
20000a4c:	2b00      	cmp	r3, #0
20000a4e:	d0ec      	beq.n	20000a2a <dcd_event_handler+0xaa>
20000a50:	7828      	ldrb	r0, [r5, #0]
20000a52:	6869      	ldr	r1, [r5, #4]
20000a54:	4798      	blx	r3
20000a56:	e7e8      	b.n	20000a2a <dcd_event_handler+0xaa>
20000a58:	2400      	movs	r4, #0
20000a5a:	e7e8      	b.n	20000a2e <dcd_event_handler+0xae>
20000a5c:	4b41      	ldr	r3, [pc, #260]	@ (20000b64 <dcd_event_handler+0x1e4>)
20000a5e:	781b      	ldrb	r3, [r3, #0]
20000a60:	075b      	lsls	r3, r3, #29
20000a62:	d52e      	bpl.n	20000ac2 <dcd_event_handler+0x142>
20000a64:	4a3f      	ldr	r2, [pc, #252]	@ (20000b64 <dcd_event_handler+0x1e4>)
20000a66:	7813      	ldrb	r3, [r2, #0]
20000a68:	2104      	movs	r1, #4
20000a6a:	438b      	bics	r3, r1
20000a6c:	7013      	strb	r3, [r2, #0]
20000a6e:	220c      	movs	r2, #12
20000a70:	2100      	movs	r1, #0
20000a72:	a803      	add	r0, sp, #12
20000a74:	f000 f8f0 	bl	20000c58 <____wrap_memset_veneer>
20000a78:	782b      	ldrb	r3, [r5, #0]
20000a7a:	aa02      	add	r2, sp, #8
20000a7c:	7113      	strb	r3, [r2, #4]
20000a7e:	2305      	movs	r3, #5
20000a80:	7153      	strb	r3, [r2, #5]
20000a82:	4b39      	ldr	r3, [pc, #228]	@ (20000b68 <dcd_event_handler+0x1e8>)
20000a84:	681c      	ldr	r4, [r3, #0]
20000a86:	6962      	ldr	r2, [r4, #20]
20000a88:	f3ef 8110 	mrs	r1, PRIMASK
20000a8c:	b672      	cpsid	i
20000a8e:	6813      	ldr	r3, [r2, #0]
20000a90:	2b00      	cmp	r3, #0
20000a92:	d0fc      	beq.n	20000a8e <dcd_event_handler+0x10e>
20000a94:	f3bf 8f5f 	dmb	sy
20000a98:	61a1      	str	r1, [r4, #24]
20000a9a:	a903      	add	r1, sp, #12
20000a9c:	0020      	movs	r0, r4
20000a9e:	f000 f8fb 	bl	20000c98 <__tu_fifo_write_veneer>
20000aa2:	6962      	ldr	r2, [r4, #20]
20000aa4:	69a3      	ldr	r3, [r4, #24]
20000aa6:	f3bf 8f5f 	dmb	sy
20000aaa:	2100      	movs	r1, #0
20000aac:	6011      	str	r1, [r2, #0]
20000aae:	f383 8810 	msr	PRIMASK, r3
20000ab2:	2800      	cmp	r0, #0
20000ab4:	d038      	beq.n	20000b28 <dcd_event_handler+0x1a8>
20000ab6:	ab03      	add	r3, sp, #12
20000ab8:	7859      	ldrb	r1, [r3, #1]
20000aba:	7818      	ldrb	r0, [r3, #0]
20000abc:	0032      	movs	r2, r6
20000abe:	f000 f8ab 	bl	20000c18 <__tud_event_hook_cb_veneer>
20000ac2:	4b28      	ldr	r3, [pc, #160]	@ (20000b64 <dcd_event_handler+0x1e4>)
20000ac4:	78db      	ldrb	r3, [r3, #3]
20000ac6:	07db      	lsls	r3, r3, #31
20000ac8:	d400      	bmi.n	20000acc <dcd_event_handler+0x14c>
20000aca:	e793      	b.n	200009f4 <dcd_event_handler+0x74>
20000acc:	220c      	movs	r2, #12
20000ace:	2100      	movs	r1, #0
20000ad0:	a803      	add	r0, sp, #12
20000ad2:	f000 f8c1 	bl	20000c58 <____wrap_memset_veneer>
20000ad6:	782b      	ldrb	r3, [r5, #0]
20000ad8:	aa02      	add	r2, sp, #8
20000ada:	7113      	strb	r3, [r2, #4]
20000adc:	2303      	movs	r3, #3
20000ade:	7153      	strb	r3, [r2, #5]
20000ae0:	686b      	ldr	r3, [r5, #4]
20000ae2:	9301      	str	r3, [sp, #4]
20000ae4:	9304      	str	r3, [sp, #16]
20000ae6:	4b20      	ldr	r3, [pc, #128]	@ (20000b68 <dcd_event_handler+0x1e8>)
20000ae8:	681c      	ldr	r4, [r3, #0]
20000aea:	6962      	ldr	r2, [r4, #20]
20000aec:	f3ef 8110 	mrs	r1, PRIMASK
20000af0:	b672      	cpsid	i
20000af2:	6813      	ldr	r3, [r2, #0]
20000af4:	2b00      	cmp	r3, #0
20000af6:	d0fc      	beq.n	20000af2 <dcd_event_handler+0x172>
20000af8:	f3bf 8f5f 	dmb	sy
20000afc:	61a1      	str	r1, [r4, #24]
20000afe:	a903      	add	r1, sp, #12
20000b00:	0020      	movs	r0, r4
20000b02:	f000 f8c9 	bl	20000c98 <__tu_fifo_write_veneer>
20000b06:	6962      	ldr	r2, [r4, #20]
20000b08:	69a3      	ldr	r3, [r4, #24]
20000b0a:	f3bf 8f5f 	dmb	sy
20000b0e:	2100      	movs	r1, #0
20000b10:	6011      	str	r1, [r2, #0]
20000b12:	f383 8810 	msr	PRIMASK, r3
20000b16:	2800      	cmp	r0, #0
20000b18:	d00d      	beq.n	20000b36 <dcd_event_handler+0x1b6>
20000b1a:	ab03      	add	r3, sp, #12
20000b1c:	7859      	ldrb	r1, [r3, #1]
20000b1e:	7818      	ldrb	r0, [r3, #0]
20000b20:	0032      	movs	r2, r6
20000b22:	f000 f879 	bl	20000c18 <__tud_event_hook_cb_veneer>
20000b26:	e765      	b.n	200009f4 <dcd_event_handler+0x74>
20000b28:	22ad      	movs	r2, #173	@ 0xad
20000b2a:	0052      	lsls	r2, r2, #1
20000b2c:	4912      	ldr	r1, [pc, #72]	@ (20000b78 <dcd_event_handler+0x1f8>)
20000b2e:	4813      	ldr	r0, [pc, #76]	@ (20000b7c <dcd_event_handler+0x1fc>)
20000b30:	f000 f87a 	bl	20000c28 <____wrap_printf_veneer>
20000b34:	e7c5      	b.n	20000ac2 <dcd_event_handler+0x142>
20000b36:	22ad      	movs	r2, #173	@ 0xad
20000b38:	0052      	lsls	r2, r2, #1
20000b3a:	490f      	ldr	r1, [pc, #60]	@ (20000b78 <dcd_event_handler+0x1f8>)
20000b3c:	480f      	ldr	r0, [pc, #60]	@ (20000b7c <dcd_event_handler+0x1fc>)
20000b3e:	f000 f873 	bl	20000c28 <____wrap_printf_veneer>
20000b42:	e757      	b.n	200009f4 <dcd_event_handler+0x74>
20000b44:	4a0e      	ldr	r2, [pc, #56]	@ (20000b80 <dcd_event_handler+0x200>)
20000b46:	7813      	ldrb	r3, [r2, #0]
20000b48:	3301      	adds	r3, #1
20000b4a:	b2db      	uxtb	r3, r3
20000b4c:	7013      	strb	r3, [r2, #0]
20000b4e:	e731      	b.n	200009b4 <dcd_event_handler+0x34>
20000b50:	22ad      	movs	r2, #173	@ 0xad
20000b52:	0052      	lsls	r2, r2, #1
20000b54:	4908      	ldr	r1, [pc, #32]	@ (20000b78 <dcd_event_handler+0x1f8>)
20000b56:	4809      	ldr	r0, [pc, #36]	@ (20000b7c <dcd_event_handler+0x1fc>)
20000b58:	f000 f866 	bl	20000c28 <____wrap_printf_veneer>
20000b5c:	e74a      	b.n	200009f4 <dcd_event_handler+0x74>
20000b5e:	46c0      	nop			@ (mov r8, r8)
20000b60:	1000a444 	.word	0x1000a444
20000b64:	20001958 	.word	0x20001958
20000b68:	200019b0 	.word	0x200019b0
20000b6c:	1000a560 	.word	0x1000a560
20000b70:	20006522 	.word	0x20006522
20000b74:	200017ac 	.word	0x200017ac
20000b78:	1000a528 	.word	0x1000a528
20000b7c:	1000a3ec 	.word	0x1000a3ec
20000b80:	20006524 	.word	0x20006524

20000b84 <spi_write_read_blocking>:
20000b84:	b5f0      	push	{r4, r5, r6, r7, lr}
20000b86:	0007      	movs	r7, r0
20000b88:	0018      	movs	r0, r3
20000b8a:	001d      	movs	r5, r3
20000b8c:	001c      	movs	r4, r3
20000b8e:	e008      	b.n	20000ba2 <spi_write_read_blocking+0x1e>
20000b90:	2c00      	cmp	r4, #0
20000b92:	d006      	beq.n	20000ba2 <spi_write_read_blocking+0x1e>
20000b94:	68fe      	ldr	r6, [r7, #12]
20000b96:	0773      	lsls	r3, r6, #29
20000b98:	d503      	bpl.n	20000ba2 <spi_write_read_blocking+0x1e>
20000b9a:	68bb      	ldr	r3, [r7, #8]
20000b9c:	7013      	strb	r3, [r2, #0]
20000b9e:	3c01      	subs	r4, #1
20000ba0:	3201      	adds	r2, #1
20000ba2:	0026      	movs	r6, r4
20000ba4:	432e      	orrs	r6, r5
20000ba6:	d00d      	beq.n	20000bc4 <spi_write_read_blocking+0x40>
20000ba8:	2d00      	cmp	r5, #0
20000baa:	d0f1      	beq.n	20000b90 <spi_write_read_blocking+0xc>
20000bac:	68fe      	ldr	r6, [r7, #12]
20000bae:	07b3      	lsls	r3, r6, #30
20000bb0:	d5ee      	bpl.n	20000b90 <spi_write_read_blocking+0xc>
20000bb2:	002b      	movs	r3, r5
20000bb4:	3308      	adds	r3, #8
20000bb6:	42a3      	cmp	r3, r4
20000bb8:	d9ea      	bls.n	20000b90 <spi_write_read_blocking+0xc>
20000bba:	780b      	ldrb	r3, [r1, #0]
20000bbc:	60bb      	str	r3, [r7, #8]
20000bbe:	3d01      	subs	r5, #1
20000bc0:	3101      	adds	r1, #1
20000bc2:	e7e5      	b.n	20000b90 <spi_write_read_blocking+0xc>
20000bc4:	bdf0      	pop	{r4, r5, r6, r7, pc}

20000bc6 <spi_write_blocking>:
20000bc6:	b510      	push	{r4, lr}
20000bc8:	0004      	movs	r4, r0
20000bca:	0010      	movs	r0, r2
20000bcc:	2200      	movs	r2, #0
20000bce:	e005      	b.n	20000bdc <spi_write_blocking+0x16>
20000bd0:	68e3      	ldr	r3, [r4, #12]
20000bd2:	079b      	lsls	r3, r3, #30
20000bd4:	d5fc      	bpl.n	20000bd0 <spi_write_blocking+0xa>
20000bd6:	5c8b      	ldrb	r3, [r1, r2]
20000bd8:	60a3      	str	r3, [r4, #8]
20000bda:	3201      	adds	r2, #1
20000bdc:	4282      	cmp	r2, r0
20000bde:	d3f7      	bcc.n	20000bd0 <spi_write_blocking+0xa>
20000be0:	e000      	b.n	20000be4 <spi_write_blocking+0x1e>
20000be2:	68a3      	ldr	r3, [r4, #8]
20000be4:	68e3      	ldr	r3, [r4, #12]
20000be6:	075b      	lsls	r3, r3, #29
20000be8:	d4fb      	bmi.n	20000be2 <spi_write_blocking+0x1c>
20000bea:	68e3      	ldr	r3, [r4, #12]
20000bec:	06db      	lsls	r3, r3, #27
20000bee:	d4fc      	bmi.n	20000bea <spi_write_blocking+0x24>
20000bf0:	e000      	b.n	20000bf4 <spi_write_blocking+0x2e>
20000bf2:	68a3      	ldr	r3, [r4, #8]
20000bf4:	68e3      	ldr	r3, [r4, #12]
20000bf6:	075b      	lsls	r3, r3, #29
20000bf8:	d4fb      	bmi.n	20000bf2 <spi_write_blocking+0x2c>
20000bfa:	2301      	movs	r3, #1
20000bfc:	6223      	str	r3, [r4, #32]
20000bfe:	bd10      	pop	{r4, pc}

20000c00 <__aeabi_idiv0>:
20000c00:	4770      	bx	lr
20000c02:	46c0      	nop			@ (mov r8, r8)
20000c04:	0000      	movs	r0, r0
	...

20000c08 <____assert_func_veneer>:
20000c08:	b401      	push	{r0}
20000c0a:	4802      	ldr	r0, [pc, #8]	@ (20000c14 <____assert_func_veneer+0xc>)
20000c0c:	4684      	mov	ip, r0
20000c0e:	bc01      	pop	{r0}
20000c10:	4760      	bx	ip
20000c12:	bf00      	nop
20000c14:	10004379 	.word	0x10004379

20000c18 <__tud_event_hook_cb_veneer>:
20000c18:	b401      	push	{r0}
20000c1a:	4802      	ldr	r0, [pc, #8]	@ (20000c24 <__tud_event_hook_cb_veneer+0xc>)
20000c1c:	4684      	mov	ip, r0
20000c1e:	bc01      	pop	{r0}
20000c20:	4760      	bx	ip
20000c22:	bf00      	nop
20000c24:	100053d1 	.word	0x100053d1

20000c28 <____wrap_printf_veneer>:
20000c28:	b401      	push	{r0}
20000c2a:	4802      	ldr	r0, [pc, #8]	@ (20000c34 <____wrap_printf_veneer+0xc>)
20000c2c:	4684      	mov	ip, r0
20000c2e:	bc01      	pop	{r0}
20000c30:	4760      	bx	ip
20000c32:	bf00      	nop
20000c34:	100046e1 	.word	0x100046e1

20000c38 <__panic_veneer>:
20000c38:	b401      	push	{r0}
20000c3a:	4802      	ldr	r0, [pc, #8]	@ (20000c44 <__panic_veneer+0xc>)
20000c3c:	4684      	mov	ip, r0
20000c3e:	bc01      	pop	{r0}
20000c40:	4760      	bx	ip
20000c42:	bf00      	nop
20000c44:	10000bed 	.word	0x10000bed

20000c48 <__time_us_64_veneer>:
20000c48:	b401      	push	{r0}
20000c4a:	4802      	ldr	r0, [pc, #8]	@ (20000c54 <__time_us_64_veneer+0xc>)
20000c4c:	4684      	mov	ip, r0
20000c4e:	bc01      	pop	{r0}
20000c50:	4760      	bx	ip
20000c52:	bf00      	nop
20000c54:	10001d45 	.word	0x10001d45

20000c58 <____wrap_memset_veneer>:
20000c58:	b401      	push	{r0}
20000c5a:	4802      	ldr	r0, [pc, #8]	@ (20000c64 <____wrap_memset_veneer+0xc>)
20000c5c:	4684      	mov	ip, r0
20000c5e:	bc01      	pop	{r0}
20000c60:	4760      	bx	ip
20000c62:	bf00      	nop
20000c64:	10003179 	.word	0x10003179

20000c68 <__rp2040_chip_version_veneer>:
20000c68:	b401      	push	{r0}
20000c6a:	4802      	ldr	r0, [pc, #8]	@ (20000c74 <__rp2040_chip_version_veneer+0xc>)
20000c6c:	4684      	mov	ip, r0
20000c6e:	bc01      	pop	{r0}
20000c70:	4760      	bx	ip
20000c72:	bf00      	nop
20000c74:	10000ba1 	.word	0x10000ba1

20000c78 <__best_effort_wfe_or_timeout_veneer>:
20000c78:	b401      	push	{r0}
20000c7a:	4802      	ldr	r0, [pc, #8]	@ (20000c84 <__best_effort_wfe_or_timeout_veneer+0xc>)
20000c7c:	4684      	mov	ip, r0
20000c7e:	bc01      	pop	{r0}
20000c80:	4760      	bx	ip
20000c82:	bf00      	nop
20000c84:	10001b51 	.word	0x10001b51

20000c88 <__unaligned_memcpy_veneer>:
20000c88:	b401      	push	{r0}
20000c8a:	4802      	ldr	r0, [pc, #8]	@ (20000c94 <__unaligned_memcpy_veneer+0xc>)
20000c8c:	4684      	mov	ip, r0
20000c8e:	bc01      	pop	{r0}
20000c90:	4760      	bx	ip
20000c92:	bf00      	nop
20000c94:	100050d1 	.word	0x100050d1

20000c98 <__tu_fifo_write_veneer>:
20000c98:	b401      	push	{r0}
20000c9a:	4802      	ldr	r0, [pc, #8]	@ (20000ca4 <__tu_fifo_write_veneer+0xc>)
20000c9c:	4684      	mov	ip, r0
20000c9e:	bc01      	pop	{r0}
20000ca0:	4760      	bx	ip
20000ca2:	bf00      	nop
20000ca4:	10007105 	.word	0x10007105

20000ca8 <____wrap___aeabi_lmul_veneer>:
20000ca8:	b401      	push	{r0}
20000caa:	4802      	ldr	r0, [pc, #8]	@ (20000cb4 <____wrap___aeabi_lmul_veneer+0xc>)
20000cac:	4684      	mov	ip, r0
20000cae:	bc01      	pop	{r0}
20000cb0:	4760      	bx	ip
20000cb2:	bf00      	nop
20000cb4:	10003005 	.word	0x10003005

20000cb8 <tx_buf.5>:
20000cb8:	ffffff41                                 A....

20000cbd <striped_spin_lock_num>:
20000cbd:	                                         ...

20000cc0 <irq_handler_chain_slots>:
20000cc0:	00000000 	.word	0x00000000
20000cc4:	00010000 	.word	0x00010000
	...
20000cd0:	00020000 	.word	0x00020000
	...
20000cdc:	00030000 	.word	0x00030000
	...
20000ce8:	00ff0000 	.word	0x00ff0000
20000cec:	00000000 	.word	0x00000000

20000cf0 <irq_handler_chain_first_slot>:
20000cf0:	b501      	push	{r0, lr}
20000cf2:	6848      	ldr	r0, [r1, #4]
20000cf4:	3101      	adds	r1, #1
20000cf6:	468e      	mov	lr, r1
20000cf8:	4700      	bx	r0

20000cfa <irq_handler_chain_remove_tail>:
20000cfa:	4670      	mov	r0, lr
20000cfc:	3809      	subs	r0, #9
20000cfe:	4901      	ldr	r1, [pc, #4]	@ (20000d04 <irq_handler_chain_remove_tail+0xa>)
20000d00:	4788      	blx	r1
20000d02:	bd01      	pop	{r0, pc}
20000d04:	10001315 	.word	0x10001315

20000d08 <default_alarm_pool>:
	...
20000d1c:	200015c8                                ... 

20000d20 <aeabi_bits_funcs>:
20000d20:	00003350 	.word	0x00003350
20000d24:	0000334c 	.word	0x0000334c
20000d28:	00003354 	.word	0x00003354
20000d2c:	00003352 	.word	0x00003352

20000d30 <aeabi_bits_funcs_end>:
20000d30:	0000534d 	.word	0x0000534d
20000d34:	0000434d 	.word	0x0000434d
20000d38:	00003453 	.word	0x00003453
20000d3c:	00003443 	.word	0x00003443

20000d40 <stdio_usb>:
20000d40:	10004b5d 1000482d 10004ac5 10004819     ]K..-H...J...H..
20000d50:	00000000 00000100                       ........

20000d58 <_usbd_qdef>:
20000d58:	200019b4 000c0010 00000000 00000000     ... ............
	...

20000d74 <_usbd_rhport>:
20000d74:	000000ff                                ....

20000d78 <_impure_ptr>:
20000d78:	20000d80 00000000                       ... ....

20000d80 <impure_data>:
20000d80:	00000000 2000106c 200010d4 2000113c     ....l.. ... <.. 
	...
20000e28:	00000001 00000000 abcd330e e66d1234     .........3..4.m.
20000e38:	0005deec 0000000b 00000000 00000000     ................
	...

200011a8 <__malloc_av_>:
	...
200011b0:	200011a8 200011a8 200011b0 200011b0     ... ... ... ... 
200011c0:	200011b8 200011b8 200011c0 200011c0     ... ... ... ... 
200011d0:	200011c8 200011c8 200011d0 200011d0     ... ... ... ... 
200011e0:	200011d8 200011d8 200011e0 200011e0     ... ... ... ... 
200011f0:	200011e8 200011e8 200011f0 200011f0     ... ... ... ... 
20001200:	200011f8 200011f8 20001200 20001200     ... ... ... ... 
20001210:	20001208 20001208 20001210 20001210     ... ... ... ... 
20001220:	20001218 20001218 20001220 20001220     ... ...  ..  .. 
20001230:	20001228 20001228 20001230 20001230     (.. (.. 0.. 0.. 
20001240:	20001238 20001238 20001240 20001240     8.. 8.. @.. @.. 
20001250:	20001248 20001248 20001250 20001250     H.. H.. P.. P.. 
20001260:	20001258 20001258 20001260 20001260     X.. X.. `.. `.. 
20001270:	20001268 20001268 20001270 20001270     h.. h.. p.. p.. 
20001280:	20001278 20001278 20001280 20001280     x.. x.. ... ... 
20001290:	20001288 20001288 20001290 20001290     ... ... ... ... 
200012a0:	20001298 20001298 200012a0 200012a0     ... ... ... ... 
200012b0:	200012a8 200012a8 200012b0 200012b0     ... ... ... ... 
200012c0:	200012b8 200012b8 200012c0 200012c0     ... ... ... ... 
200012d0:	200012c8 200012c8 200012d0 200012d0     ... ... ... ... 
200012e0:	200012d8 200012d8 200012e0 200012e0     ... ... ... ... 
200012f0:	200012e8 200012e8 200012f0 200012f0     ... ... ... ... 
20001300:	200012f8 200012f8 20001300 20001300     ... ... ... ... 
20001310:	20001308 20001308 20001310 20001310     ... ... ... ... 
20001320:	20001318 20001318 20001320 20001320     ... ...  ..  .. 
20001330:	20001328 20001328 20001330 20001330     (.. (.. 0.. 0.. 
20001340:	20001338 20001338 20001340 20001340     8.. 8.. @.. @.. 
20001350:	20001348 20001348 20001350 20001350     H.. H.. P.. P.. 
20001360:	20001358 20001358 20001360 20001360     X.. X.. `.. `.. 
20001370:	20001368 20001368 20001370 20001370     h.. h.. p.. p.. 
20001380:	20001378 20001378 20001380 20001380     x.. x.. ... ... 
20001390:	20001388 20001388 20001390 20001390     ... ... ... ... 
200013a0:	20001398 20001398 200013a0 200013a0     ... ... ... ... 
200013b0:	200013a8 200013a8 200013b0 200013b0     ... ... ... ... 
200013c0:	200013b8 200013b8 200013c0 200013c0     ... ... ... ... 
200013d0:	200013c8 200013c8 200013d0 200013d0     ... ... ... ... 
200013e0:	200013d8 200013d8 200013e0 200013e0     ... ... ... ... 
200013f0:	200013e8 200013e8 200013f0 200013f0     ... ... ... ... 
20001400:	200013f8 200013f8 20001400 20001400     ... ... ... ... 
20001410:	20001408 20001408 20001410 20001410     ... ... ... ... 
20001420:	20001418 20001418 20001420 20001420     ... ...  ..  .. 
20001430:	20001428 20001428 20001430 20001430     (.. (.. 0.. 0.. 
20001440:	20001438 20001438 20001440 20001440     8.. 8.. @.. @.. 
20001450:	20001448 20001448 20001450 20001450     H.. H.. P.. P.. 
20001460:	20001458 20001458 20001460 20001460     X.. X.. `.. `.. 
20001470:	20001468 20001468 20001470 20001470     h.. h.. p.. p.. 
20001480:	20001478 20001478 20001480 20001480     x.. x.. ... ... 
20001490:	20001488 20001488 20001490 20001490     ... ... ... ... 
200014a0:	20001498 20001498 200014a0 200014a0     ... ... ... ... 
200014b0:	200014a8 200014a8 200014b0 200014b0     ... ... ... ... 
200014c0:	200014b8 200014b8 200014c0 200014c0     ... ... ... ... 
200014d0:	200014c8 200014c8 200014d0 200014d0     ... ... ... ... 
200014e0:	200014d8 200014d8 200014e0 200014e0     ... ... ... ... 
200014f0:	200014e8 200014e8 200014f0 200014f0     ... ... ... ... 
20001500:	200014f8 200014f8 20001500 20001500     ... ... ... ... 
20001510:	20001508 20001508 20001510 20001510     ... ... ... ... 
20001520:	20001518 20001518 20001520 20001520     ... ...  ..  .. 
20001530:	20001528 20001528 20001530 20001530     (.. (.. 0.. 0.. 
20001540:	20001538 20001538 20001540 20001540     8.. 8.. @.. @.. 
20001550:	20001548 20001548 20001550 20001550     H.. H.. P.. P.. 
20001560:	20001558 20001558 20001560 20001560     X.. X.. `.. `.. 
20001570:	20001568 20001568 20001570 20001570     h.. h.. p.. p.. 
20001580:	20001578 20001578 20001580 20001580     x.. x.. ... ... 
20001590:	20001588 20001588 20001590 20001590     ... ... ... ... 
200015a0:	20001598 20001598 200015a0 200015a0     ... ... ... ... 

200015b0 <__malloc_sbrk_base>:
200015b0:	ffffffff                                ....

200015b4 <__malloc_trim_threshold>:
200015b4:	00020000                                ....

200015b8 <malloc_mutex>:
	...

200015c0 <print_mutex>:
	...
