:020000041000EA
:1000000000B5324B212058609868022188439860DF
:10001000D860186158612E4B002199600221596106
:100020000121F02299502B49196001219960352056
:1000300000F044F80222904214D00621196600F024
:1000400034F8196E01211966002018661A6600F04E
:100050002CF8196E196E196E052000F02FF8012189
:100060000842F9D1002199601B49196000215960AB
:100070001A491B48016001219960EB211966A021F2
:10008000196600F012F800219960164914480160C1
:100090000121996001BC002800D000471248134993
:1000A000086003C880F30888084703B5996A0420EC
:1000B0000142FBD001200142F8D103BD02B5186610
:1000C0001866FFF7F2FF186E186E02BD00000240BE
:1000D000000000180000070000035F00212200005C
:1000E000F4000018222000A00001001008ED00E03C
:1000F00000000000000000000000000074B24E7A12
:1001000000200420F7010010CB010010CD010010E9
:10011000C9010010C9010010C9010010C901001077
:10012000C9010010C9010010C9010010CF01001061
:10013000C9010010C9010010D1010010D301001045
:10014000C1010010C1010010C1010010C101001067
:10015000C1010010C1010010C1010010C101001057
:10016000C1010010C1010010C1010010C101001047
:10017000C1010010C1010010C1010010C101001037
:10018000C1010010C1010010C1010010C101001027
:10019000C1010010C1010010C1010010C101001017
:1001A000C1010010C1010010C1010010C101001007
:1001B000C1010010C1010010C1010010C1010010F7
:1001C000EFF30580103800BE00BE00BE00BE00BECA
:1001D00000BE00BEF2EB88717C9A00109C9A001061
:1001E0003802001090A31AE71E481F49086006C88D
:1001F00081F3088810471D480068002801D019487D
:10020000F3E70DA40ECC002902D000F012F8F9E7B4
:100210001749184A002000E001C19142FCD116495B
:100220008847164988471649884700BEFDE701C937
:1002300001C29A42FBD370479C9A0010C000002074
:10024000C8150020A4AF0010000004200000042006
:10025000A4AF0010001004200010042000000000D3
:10026000704700000000000008ED00E0000000D032
:10027000C815002030A50020154600102D080010DC
:10028000D3450010F8B5C04610B5064C2378002BB6
:1002900007D1054B002B02D0044800E000BF01232A
:1002A000237010BD58170020000000001C810010B2
:1002B000044B10B5002B03D00349044800E000BFF5
:1002C00010BDC046000000005C1700201C8100101B
:1002D00010B53C4B1A683C4B0C2A65D83B490B4087
:1002E000D20213430C22934308210B4338490B409D
:1002F00038490B4038490B4001210B4337490B402B
:1003000002218B439343364A134080221203134346
:10031000102293431343103293432A4A1168314AFF
:100320008901A020C00584466144002008604A601D
:10033000053088600B612C4B1968234B0C293AD887
:1003400022480340C9020B430C218B43082003437E
:100350001F4803401F4803401F4803400120034338
:100360001E480340022083438B431D490B408821D4
:1003700009030B4310218B4310318B430B431A4964
:1003800009688901A020C005844661440A600022F2
:100390004A6005328A600B61144B043A0421032041
:1003A00000F0ACFC30BF10BD2A21114B114AFF31C7
:1003B000114804F011F92A210D4B0E4AFF310E4865
:1003C00004F00AF908A5002010801F00FF87FFFF36
:1003D0003FF8FFFFFFFFBFFFFFFFDFFFFFFF7FFFD4
:1003E000FF7FE0FF08C00340F4A2002039040010A2
:1003F00020810010D88300104081001070B582B0B9
:10040000040007F0F7FC0600FF256B461D715871CC
:10041000022201A9012007F01BFD2A003240210021
:10042000012007F015FD034B1B68986807F030FAB0
:1004300002B070BD780D0020F0B595B001F050FD10
:1004400004000D00714B1A68501C1860FA218900D5
:1004500002F06CF8002900D173E06D4B1C605D6008
:10046000D0231B0620229A616A4C23689B01A0229C
:10047000D20594466344684A1A60684B1A6893012F
:1004800063446749596001231D00954060468621F9
:10049000C90045502468A34043509301A021C905D9
:1004A0008C4663441B69DB01F7D45A4B1A689301ED
:1004B000A021C9058C4663441B69DB01F7D4D02316
:1004C0001B0620225A61554B1B689B016344DC6864
:1004D000C023DB051C4252D1524B1C680434640417
:1004E000640C514B1A68EFF3108672B61368002B38
:1004F000FCD0BFF35F8F4D4B1B68A34200D16EE071
:10050000474B5D782F091F2D5FD8404B1868FA21A3
:10051000890002F00BF8002945D0424D2868444B71
:10052000C0183F490422013102F04EFF2C603E4BBF
:100530001B68BFF35F8F00221A6086F3108815B026
:10054000F0BD334B1A685B6826002F00B61A9F4136
:100550003000390002F00CFB02000B00002035498E
:1005600002F031FA0290039100960197324A40213D
:1005700004A803F0C3FF04A8FFF740FF6DE72300C2
:100580002E4A402104A803F0B9FF04A8FFF736FF64
:10059000224B1B682A4A14409B01A022D205944694
:1005A0006344DC60CBE71E4B9A78D9781B790393C0
:1005B0000291019200953B00224A402104A803F0D9
:1005C0009DFF04A8FFF71AFFA7E73B001E4A402142
:1005D00004A803F093FF04A8FFF710FFA7E71B4A46
:1005E000136801331360094B1868FA21890001F080
:1005F0009DFF00299BD1154B1B68154A403104A86B
:1006000003F07CFF04A8FFF7F9FE90E7741E0020BA
:100610005017002008A50020B80C0020F4A20020EC
:10062000ECA2002020A50020301E0020E0A2002027
:10063000781E002080842E4194810010BC8100101F
:10064000FFFFFF9FDC81001000820010A49E0020AD
:1006500018820010F0B583B00C00800041231843CD
:100660006B46D91D0870144B1B886A469380002383
:100670009371124B1A88684602809B788370D0254C
:100680002D062026AE610E4F0122380007F0E4FC53
:10069000230001AA6946380007F0E6FC6E610022DB
:1006A000002005E0000201AB9B5C18430132D2B28E
:1006B000A242F7D303B0F0BDD48300102C82001007
:1006C00000C00340F0B5D6464F464646C0B594B08C
:1006D00080460D0016008300422213434F226A44D5
:1006E00013700A0C13AB1A700A0A5A709970052716
:1006F00004E0A54231D0013F002F2EDDD024240696
:1007000020239946A3611E4B9A4601224F2169443A
:10071000180007F0A1FC0321891B13AB9C46614420
:100720003200504607F098FC4B466361642000217C
:1007300001F0C0FA31004046FFF78CFF040085420B
:10074000D7D00190009543460E4A402103A803F0FC
:10075000D5FE03A8FFF752FECBE7002F05D014B05B
:10076000E0BCBA46B146A846F0BD4346064A402121
:1007700003A803F0C3FE03A8FFF740FEEFE7C0465F
:1007800000C00340308200106082001000B591B0BC
:1007900001210120FFF75EFF03001F4A4021684648
:1007A00003F0ACFE6846FFF729FE01210220FFF7A7
:1007B00051FF0300194A4021684603F09FFE684636
:1007C000FFF71CFE01210320FFF744FF0300144A3A
:1007D0004021684603F092FE6846FFF70FFE0121B4
:1007E0000420FFF737FF03000E4A4021684603F05C
:1007F00085FE6846FFF702FE03210720FFF72AFF68
:100800000300094A4021684603F078FE6846FFF776
:10081000F5FD11B000BDC04688820010AC8200100A
:10082000D0820010F482001018830010F0B5DE466C
:1008300057464E464546E0B5A24CA54404F04CF858
:100840000021A14804F04CF8A049A14806F066FE3A
:10085000002803D19F48FFF7D1FDFEE79C4B586865
:10086000022210409C49C024A4010C1922601A687D
:1008700007246240CF252A4080256D01AC466344A1
:100880001A6080239B019C4661440860012104207A
:1008900000F0B2F90121062000F0AEF9012120009C
:1008A00000F0AAF9052000F03DFAD0242406202308
:1008B00063626361032000F035FA0825A562002217
:1008C0000121032000F0B2F9280000F02BFA802368
:1008D0005B00A36200220121280000F0A7F9642038
:1008E00001F0FAF9012006F05FFE7C4C2060012047
:1008F00006F05AFE7A4B18602368002B01DB0028B3
:1009000003DA7848FFF77AFDFEE7012000F0BAFA33
:1009100000F0D8FA744B18600122A5210D20FFF7D2
:10092000D1FE012200210220FFF7CCFE0122062188
:100930000520FFF7C7FE032211000720FFF7C2FEC4
:100940000122F0210420FFF7BDFEFFF71FFF6748DB
:1009500006F0B6FE01F0C4FA06000F002CE0644B6E
:100960001C68644B1B68E41A80231B029C46644489
:1009700037E0604B984619685F4BC918220012A8EF
:1009800002F022FD43461B681B195B045B0C4246C8
:10099000136063E00094594A402102A803F0AEFDC1
:1009A00002A8FFF72BFD6AE0554B1B68002B00D017
:1009B0007AE0012001F090F94B4B1A68EFF31081B7
:1009C00072B61368002BFCD0BFF35F8F484B1A68D8
:1009D000484B1B689A42C2D3454B1C68454B1B6869
:1009E000E41A414B1B68BFF35F8F00221A6081F34A
:1009F00010888023DB009C42D6D300D91C0003233F
:100A00009C43394B1A68EFF3108572B61368002BBC
:100A1000FCD0BFF35F8F374B1B681B19802212027B
:100A20009342A6D9334B99461B689846D31A9B46E6
:100A30004B461968304B9A4651445A4612A802F068
:100A4000C3FC304B9C46E044A04412A858444246A4
:100A5000514602F0B9FC4B4642461A60224B1B68D5
:100A6000BFF35F8F00221A6085F31088220012A95D
:100A7000012007F0EDF90300844200D08AE701F07D
:100A80002FFA801BB941002904DC95D11E4B9842F6
:100A900000D891E71D4B1B68986806F0F9FE01F03D
:100AA0001FFA06000F0087E7154C2368184A4021FB
:100AB00012A803F023FD12A8FFF7A0FC0023236077
:100AC00077E7C046B4FBFFFF400D0020002D310149
:100AD00000C003403C83001004C0034008A5002070
:100AE000F4A2002058830010301E0020D102001014
:100AF00020A50020E0A20020781E00207C830010AA
:100B0000A49E00200080FFFF3F420F00780D0020D0
:100B1000A8830010F8B5CE46474680B5D0231B0603
:100B20001F68BA00204BD3589846002F03D01F4BA4
:100B3000994600262AE01E4B9946FAE7EB4012E060
:100B400024090135002C20D033000833AB421CD9D6
:100B50000F23190021402342F2D0BB00154A9B58B5
:100B6000202DEBD40023DB07EAD407222A40920091
:100B7000EB08080090403C339B000F4A98504346D6
:100B8000002BDDD02800C047DAE708361D2E06D836
:100B9000F30808339B004A469C583500D2E7C0BC96
:100BA000B946B046F8BDC046341E00203041014071
:100BB00000410140D8A200200040014030B5072488
:100BC0000440A400C008A14004003C34A400094D26
:100BD000615180001818002A05D080239B019C4693
:100BE0006044016030BDC0239B019C4660440160AD
:100BF000F8E7C0460040014010B58300084A9A1843
:100C0000126840245440C0222240064CA44663444B
:100C10001A60C000044B9C466044416010BDC04651
:100C200004C0014004D001400040014080000C4B52
:100C30009C46604400290ED00823002A0DD00422CF
:100C40001343026853400C22134080225201944601
:100C50006044036070470023EFE70022F0E7C046DE
:100C600004C0014070B506000D00141E0BD1D02346
:100C70001B061B68002B11D0094B220029003000F5
:100C8000FFF79CFF70BD0D2000F0E4F90028EED1C5
:100C9000044B054ABD21054803F09EFC044BECE7DC
:100CA00030410140F483001064840010208400105F
:100CB0000041014070B50400D0231B061D68AA0046
:100CC0000C4BD358002B0AD0002803D0AD00094BA1
:100CD000EC5070BD08490D2000F012FBF6E700282B
:100CE000F7D0AD00034BE850002203490D2000F07F
:100CF000EBF9EEE7341E0020150B001070B505006F
:100D00000E0014001800FFF7D5FF22003100280064
:100D1000FFF7A8FF002C00D170BD01210D2000F0CD
:100D200071F9F9E710B501238340D02212069362CE
:100D300093610521FFF760FF10BD000010B580230F
:100D4000DB0518680205120D030B1B041B0C094977
:100D50008A4203D1022B07D1000F10BD064B074A70
:100D60001321074803F038FC064B044A14210448B9
:100D700003F032FC270900007C840010F884001086
:100D8000A0840010E48400100FB400B583B00848BC
:100D900003F0AEFD049B002B07D005A901911800BC
:100DA00003F0B6FD034803F0A3FD012003F0CAFBE6
:100DB0000C85001038830010EFF3108072B6034BDF
:100DC0001B68002BFBD0BFF35F8F70472C0100D056
:100DD000BFF35F8F024B00221A6080F310887047C8
:100DE0002C0100D0F8B506000C001500FFF7E4FF59
:100DF000E308F718F15C07222240012393400B42DD
:100E000005D1DBB20B433B70FFF7E2FFF8BD2100D9
:100E10002800FFF7B9FFF0B583B006000191140078
:100E20001F00FFF7C9FF00E00134BC420CD8E30803
:100E3000F518F35C0721214001228A401A42F3D1C0
:100E4000D2B21A432A7001E001246442FFF7C0FFC6
:100E5000002C02DB200003B0F0BD019B002BF9D079
:100E60000898FFF791FF0000054A1078431CDBB299
:100E70001370172B02D9130010221A707047C04646
:100E8000BD0C002000B583B00100044B00931F236C
:100E900018220348FFF7BFFF03B000BD1C850010F8
:100EA000441E0020002307E0054A9A189200BFF371
:100EB0005F8F0021116001331F2BF5D97047C046A9
:100EC0004000003410B51F2808D8074B9C466044EA
:100ED0008000BFF35F8F0023036010BD034B044A03
:100EE0000F21044803F078FB4000003438850010DF
:100EF000AC85001054850010074B9B6810308000B3
:100F00001950BFF35F8FBFF35F8F044B002119604F
:100F100082F310887047C04600ED00E0240100D045
:100F20000048704700E400E010B5FFF7F9FF002328
:100F300002E0034A04C00133072BFAD910BDC046B2
:100F40008080808010B5091A081F0B4B9C466144B5
:100F50000A4A914208D8C30706D440104005400D04
:100F6000074B184380B210BD8721064B064A490043
:100F7000064803F031FBC046FC070000FE0F0000EE
:100F800000E0FFFFBC85001038880010EC850010E1
:100F900010B5091A04394C08090B08D14905490D47
:100FA000064A11430180064B2343438010BD8B2129
:100FB000044B054A4900054803F00EFB00F0FFFF13
:100FC00000F8FFFF3086001014880010EC85001038
:100FD00001238340034A10681840431E9841C0B261
:100FE0007047C04600E100E0002A05D0044BC02253
:100FF0005200995019607047014A8023D150FAE796
:1010000000E100E010B50A001F23034001219940D0
:101010004009FFF7E9FF10BD01238340014A136037
:101020007047C04600E200E0024B9B681030800031
:10103000C058704700ED00E010B5FFF7F5FF044B16
:10104000C31A00202F229A424041C0B210BDC046B0
:10105000C00C002010B5FFF7E7FF002806D0044BB6
:10106000984201D0012010BD0020FCE70020FAE7E3
:10107000C101001070B504000D00EFF3108672B6C8
:101080000C4B1B68002BFBD0BFF35F8F2000FFF7DA
:10109000CBFF094B984201D0A84205D1320029006C
:1010A0002000FFF729FF70BD044B054AED210548DC
:1010B00003F092FA240100D0C10100104086001014
:1010C0006C880010EC850010F0B5DE4657464E46A1
:1010D0004546E0B589B0814601911500EFF3108BCC
:1010E00072B6754B1B68002BFBD0BFF35F8F734B41
:1010F0000027DF57002F3FDB7C00E419A400704875
:1011000024180622A2566D4B1A706E4B9A684B46F5
:1011100010339B00D35898461B1A2F2B3AD96A4B91
:10112000984530D105AE694B33807B009A46D8197B
:101130008000634B9846404402306549FFF702FF48
:101140007080644BB380FF23B371F571019B0793EB
:101150005744BF0047440ECE0EC701231C43A04690
:101160005A4641464846FFF7C7FE09B0F0BCBB46A9
:10117000B246A946A046F0BDBE21574B574A49008A
:10118000574803F029FA8421564B544AFF315448FA
:1011900003F022FA012342469A439246101A0C2188
:1011A00001F0C4F900290FD153460026DA79AA428A
:1011B00012D90621595600290DDB4A005218920017
:1011C0001E003F4B9B18F1E7CA21474B434A490099
:1011D000434803F001FA1E00002E3BD005AB434A02
:1011E0001A80813A5A800623F3560293002B17DAAD
:1011F0003F4805AB9A469880029A9A71DD71019A30
:101200000792301D2100FFF79DFEB080B7717B0073
:10121000DB199B002A4FFF18534607CB07C79FE7F0
:101220007800C0198000264BC0180430321DB388E6
:10123000D90A1C2907D15B055915023149005118FB
:10124000FFF780FED5E78E212A4B2B4A4900244820
:1012500003F0C2F905AE1D4B33807B000293D81911
:101260008000174A9046020042440392901C18499D
:10127000FFF768FE7080039A101D5146FFF762FE6B
:10128000B0801E4B52464146521A524153431B0DE9
:10129000B371F571019A0792029B9C466744BF00A7
:1012A00047440ECE0EC7114B52461380813B5380EC
:1012B00001231C43A04653E7240100D02AA50020A7
:1012C000C00C002000ED00E0C101001000A1FFFFF4
:1012D000F00C002001BDFFFF78860010548800103C
:1012E000EC850010A0860010C886001001480000A0
:1012F00001BD00004C87001044880010AAAA00001D
:10130000F0B5CE46474680B583B006000D00EFF33A
:10131000108872B6564B1B68002BFBD0BFF35F8F53
:10132000544B9A6834001034A300D758524B9F4254
:1013300007D0AF4200D198E00197504BFB1A2F2BFA
:1013400009D9424639003000FFF7D6FD03B0C0BCD2
:10135000B946B046F0BD3000FFF73AFE81460021A5
:101360003000FFF74FFEBFF35F8FEFF305810029D9
:1013700001D08C4211D10123019C9C430022A3681F
:101380009D4211D00622A256002A0CDB53009B1866
:101390009B002200394CE418F1E7394B394A3A49AD
:1013A0003A4803F019F922009D4257D106256557A6
:1013B000002D39DB6B005B199A00304B9B189A6843
:1013C000A260DA79E27106229A56A2719B795BB229
:1013D000002B0FDA2E48A0806B005B199B00274A78
:1013E000D3182C4A11789971157049463000FFF7CF
:1013F00009FEA6E7201D6B005B199B001F4A9B1886
:101400001A1D9B88D90A1C2907D15B055B1502337D
:1014100059005118FFF796FDDDE78E211E4B1F4A3C
:1014200049001A4803F0D8F8002912D1002A0ED03A
:10143000FF2393711A4B9380164A1378A371194BAB
:101440000E49641A644163431B0D1370CDE70A4FC4
:10145000F2E7201D1449FFF79BFDC6E79121134BCE
:10146000084A8900094803F0B7F8034F69E7C04606
:10147000240100D000ED00E0C1010010C00C0020EC
:10148000648700102488001002020000EC85001020
:1014900001BD00002AA500204C87001044880010E0
:1014A00001BDFFFFAAAA0000FA0C002098870010D7
:1014B00070B5012101432C4BCB1A2F2B28D8EFF309
:1014C0000583002B2AD0EFF3108C72B6274A1268DE
:1014D000002AFBD0BFF35F8F254A0400224D641B16
:1014E00064416243120D54B2224A92689B00D25862
:1014F0008A4219D00022032A30D853009B189B003F
:101500001949CB189B795BB2A3421DD00132F2E797
:10151000194B1A4A1A491B4803F05EF81A4B174A2E
:101520001A49184803F058F8124A92681849D150DD
:10153000184B1A7882711C70BFF35F8F0B4B00221F
:101540001A608CF3108870BD0D0053009918890043
:101550006918FF268E71104A8A80E9E70F4B074A07
:101560000F49084803F038F8C00C0020240100D0CF
:10157000AAAA000000ED00E0A0870010F887001084
:101580007F020000EC850010C88700108202000076
:10159000C10100102AA5002001BDFFFFD487001063
:1015A0009302000000B583B00100064B00930523B1
:1015B00000220548FFF72FFC002801DB1F23181A23
:1015C00003B000BDDC8700102EA50020024B9C4616
:1015D00061448900016070474000003410B5040088
:1015E000FFF742FC01002000FFF7F0FFFF2323710B
:1015F000BFF35F8F10BD10B50400FFF735FC01008D
:101600002000FFF7E3FFFF23237100236371BFF383
:101610005F8F10BD10B50D4C09E00D4B0D4A1A211E
:101620000D4802F0D9FF2000FFF7D8FF08340B4B1C
:101630009C4209D22368002BF5D0012BEDD120006C
:10164000FFF7D9FF0834F2E710BDC046B8150020F7
:101650008888001060890010A8880010C815002034
:10166000034B9C46614489000160BFF35F8F704764
:101670004000003410B504000120FFF703FC010016
:101680002000FFF7EDFF10BD000408437047000085
:101690000A4B1A68EFF3108172B61368002BFCD066
:1016A000BFF35F8F054B1B68BFF35F8F00221A608B
:1016B00081F3108840BF002000217047FCA4002067
:1016C000F0B5DE4657464E464546E0B585B0EFF3E9
:1016D000058303221A4093469200B34BD358984691
:1016E0001B785B4507D101235A4693401A000393A8
:1016F000AE4B1A6015E1AE4BAE4A9221AE4802F0F5
:101700006BFF5B004B44DB004246526992469A44B1
:1017100053469E68DF68A94800F0B0FB801BB941C2
:10172000002900DA07E1002F60DB53461C69A44B57
:101730009C4244D043460820185E5346598889B2DB
:10174000FFF7A2FF53465969A04704000D0023008C
:101750002B434BD0002D3CDA30003900001BA9414F
:10176000009001915346009801999860D960002536
:101770005D5F002D00DADEE043465C696B005B19BB
:10178000DB00E3189A68DB68801A9941002900DAC7
:10179000D1E043461D81474608370023FE5E002EF8
:1017A0001FDB7500AD19ED006519009A019BA86853
:1017B000E968121A8B41002B13DB2F00EDE753462B
:1017C0005C6920002369984700280FD06568246869
:1017D000BDE77A4800F052FB001969410090019181
:1017E000C0E753461E804B463B80A4E05346002290
:1017F0009B5E424613811269EFF3108372B6116843
:101800000029FCD0BFF35F8F42460221525E514651
:101810000A804246494651801269BFF35F8F00211A
:10182000116083F3108886E043461A69EFF3108154
:1018300072B61368002BFCD0BFF35F8F43469B88C2
:101840001BB2994601235B42424693801369BFF362
:101850005F8F00221A6081F3108818E026000023B1
:10186000F55E002D0BDB6C006419E4003C19009A56
:10187000019BA068E168121A8B41002BEEDA4B46FF
:101880003380634600229B5E994663461D804B462B
:10189000002B56DB43465F694B465B004B44DB0045
:1018A0009C46BC446346DC689B68009301944646B2
:1018B0000836D4E700234246937141460831434637
:1018C0000820185E11E001225242D317A260E360A3
:1018D000434608229B5E834206D00D804346082281
:1018E0009B5E2380434618812800431C2DD043462D
:1018F0005A6943001B18DB00D418D55E63881BB2FD
:10190000002BE0DB2100EFE75B4604339B002B4A12
:101910009C502A4800F0B2FA241A8D41002D3ADC7E
:1019200037D0264B039A5A63434608229B5E99465A
:10193000002B00DBE5E643469B881BB2002B00DB57
:1019400072E743469B79002BB4D1434608229A5E46
:10195000002A20DB53009B18DB0042465269944664
:1019600063449C68DD68631C01D16B1CD1D0134BB0
:10197000996A601A5A4604329200D3585B1A984208
:10198000C2D30E4B1A6A012359468B401342C0D171
:10199000BAE7002CC5D040BF05B0F0BCBB46B2468C
:1019A000A946A046F0BDC046C8A200203C70054034
:1019B00074890010688A0010A0890010004005405A
:1019C000C1160010F8B5CE46474680B506008846D9
:1019D00091461F00C160FFF747FA1B4B9C466044CD
:1019E000800030614B463370BBB27381D022120647
:1019F00012787270012252423281B2809B18738039
:101A0000002406E0631E65002D19ED007269535332
:101A10000134BC42F6D34B469A000C4BD6500124FD
:101A20004B469C4043461C6209494846FFF722FB4F
:101A300001214846FFF7E6FA064941440C60C0BC64
:101A4000B946B046F8BDC04640000034C8A20020E8
:101A5000C11600103820000010B5064B1B69002B82
:101A600001D0044810BD044B044A6521044802F02B
:101A7000B3FDC046080D0020DC890010508A00101C
:101A8000A0890010F0B5C64600B504000069EFF368
:101A9000108C72B601680029FCD0BFF35F8F022161
:101AA000665E7500AD19ED00616988464544002EFB
:101AB00002DB0020295E61802169BFF35F8F002077
:101AC00008608CF31088002E2EDB06992961079997
:101AD0006961AA60EB606B8801335B04590C002BD1
:101AE00000D1012169803000FFF7CEFD2269EFF3BC
:101AF000108172B61368002BFCD0BFF35F8FA388F0
:101B00002B80A6802369BFF35F8F00221A6081F3C8
:101B10001088E368217801328A4005498C46634485
:101B20001A6080BCB846F0BD01204042F9E7C046CB
:101B30003C20000070B582B0060014001D0008AB08
:101B40001B78002B07D100F0CBF922002B00121AD2
:101B50008B41002B0ADB079B0193069B009322001D
:101B60002B003000FFF78EFF02B070BD0020FBE7B6
:101B700010B5030008145A8990422FDA4200121857
:101B8000D2005869844662441C69EFF3108C72B627
:101B900020680028FCD0BFF35F8F508880B2090412
:101BA000090C884212D000201A69BFF35F8F002110
:101BB00011608CF31088002811D0DA681B7801318D
:101BC0009940074B9C466244116008E00549084370
:101BD00080B2508001229A710120E5E7002010BDFB
:101BE0003C2000000080FFFF40787047F0B585B0D2
:101BF00006000F00EFF30583002B1AD10624644280
:101C0000E517A4197D418D4202D803D1844201D940
:101C10000024002500F064F922002B00121A8B41E9
:101C2000002B0BDC08D03000390000F06BF905B058
:101C3000F0BD1C48FFF7A8F8002AF4D0FFF70CFF0E
:101C4000002302930193184B009322002B00FFF70F
:101C500071FF002818DAE6E7002300E00023002BDC
:101C6000E1D1124B1A68EFF3108172B61368002BA2
:101C7000FCD0BFF35F8F0D4B1B68BFF35F8F00225B
:101C80001A6081F3108820BF094B5B6A9D42E5D83A
:101C90000749896AA14203D29D42DDD00123DEE7D4
:101CA0000123DCE7008A001091160010FCA400203C
:101CB0000040054070B504000D0000F011F9001956
:101CC0006941002902DBFFF791FF70BD012040420E
:101CD0000049F8E7FFFFFF7F10B5FA2292000023CA
:101CE000002101F0B1FAFFF7E5FF10BDF0B5CE46D7
:101CF000474680B585B005000C00EFF30583002B47
:101D000015D0474B5B6A8B4209D3454A926A82429F
:101D10000BD28B4201D0012002E0002000E0002025
:101D200005B0C0BCB946B046F0BD0120F8E7FFF7EA
:101D300093FEC3689946037898462E0027004846CC
:101D400000F09CF802000B00B61A9F414346043392
:101D50009B004A469B58181A0023BB420FDC0CD04C
:101D600020BF2F4B5B6A9C4224D82D4A926AAA421C
:101D700022D29C421CD00120D2E7B042F0D9FFF71A
:101D80006BFE002302930193264B00932A0023004D
:101D9000FFF7D0FE061E11DD214B5B6A9C4221D865
:101DA0001F4A926AAA4232D29C4219D001231AE0F9
:101DB0000020B5E70020B3E70120B1E7184B5B6ACC
:101DC0009C4209D8164A926AAA4207D29C4201D084
:101DD0000120A5E70020A3E70020A1E701209FE75D
:101DE000002300E00023002B00D120BFFFF734FECA
:101DF0003100FFF7BDFE0A4B5B6A9C420BD8084AD4
:101E0000926AAA4209D29C4203D0012088E70123AA
:101E1000E9E7002084E7002082E7012080E7C04650
:101E200000400540911600100048704700400540F2
:101E300010B50B4B1B69002B04D00A210948FFF792
:101E4000C5FB10BDFFF7F0FF0400032100F00CF804
:101E50001023032221000248FFF7B4FDEDE7C0463E
:101E6000080D0020FCA4002010B5024A0248FEF72D
:101E7000B9FF10BD888A0010481E00200200436A86
:101E8000906A1900536A9942FAD17047416A00E09A
:101E9000416A9942FCD300E0416A994202D1816AC9
:101EA0009142F9D37047F0B5C64600B5804614009C
:101EB0001D00FFF7E3FF06000F0022002B00921920
:101EC0007B41994202D804D1904202D90122524268
:101ED000D3174046FFF7DAFF80BCB846F0BD0000DC
:101EE00010B50248FFF7CAFF10BDC04600400540CC
:101EF00010B502000B000248FFF7D5FF10BDC04629
:101F00000040054010B502000B000248FFF7BEFF7D
:101F100010BDC04600400540F8B5D646474680B5DE
:101F200006000D001700984644002418A400294B11
:101F30009C4664446368089A934200D26260331FEF
:101F4000DBB29A46012B2ED980221201C0239B01BD
:101F5000E3181A60B300204A9958002907D0506945
:101F600000F0E4FA431C5800C0180338FDD27F018A
:101F700022685740E022174080235B01E3181F606E
:101F80005246012A1AD980239B01E31880221201AC
:101F90001A60089B6360B6000F4B4246F250C0BC0B
:101FA000BA46B046F8BD012DCED10322C0239B0115
:101FB000E3181A60A368DB07FCD5D8E721686940FD
:101FC00003220A401A60A3680122AA401A42FAD0EA
:101FD000D9E7C046008000404C1E0020F0B583B019
:101FE00005000E0017001800089900F09FFA030082
:101FF000089A140200943A0031002800FFF78CFF81
:1020000003B0F0BD10B582B0802464000094FFF7E7
:1020100083FF02B010BD00008000014BC058704724
:102020004C1E0020F0B5C64600B504000E00170097
:102030001D00364800F07AFA8046354BFA18354BC9
:102040009A4238D80100380000F070FA0200103AC5
:1020500098235B009A4234D86B1E062B37D8069B18
:10206000013B062B33D83F09474536D32D04069B49
:102070001A0315432368002B35DB274B9C4243D0C2
:102080000C2301229A40254B1A60254B1A60254BE0
:102090001B6811009943FAD12660A060224BE21818
:1020A000212313602368002BFCDAE560082313600A
:1020B00080BCB846F0BD1D4B1D4A11211D4802F0E1
:1020C0008BFA1D4B1A4A19211A4802F085FA1B4B4C
:1020D000174A1C21174802F07FFA194B144A232192
:1020E000144802F079FA22683F231340B342C4D166
:1020F000A3681B051B0D8342BFD1E368EE22D20209
:102100001340AB42B9D1D3E70D23BAE7001BB700A8
:1021100080E84BD380F8A93200C0024000E00040C4
:1021200000F0004008C0004004300000AC8A0010FD
:10213000C48B0010FC8A0010408B00105C8B0010D8
:10214000A88B0010024B1A68024B5A607047C046B9
:10215000B8A200200080054010B50200164B802078
:10216000C0051860154B1648186000290AD0154B99
:10217000E021C9041960002A09D1124B80221206FD
:102180001A6010BD0C4BE021C9041960F3E753013C
:102190009B1A9800801800010B4B186080235B0489
:1021A000984202D3084B094A1A60FFF7CBFF054B50
:1021B0008022D2051A60E4E700B005400820014003
:1021C000FCFF010000A00540B8A20020FFFFFF00B7
:1021D00010B5030010000C4A8024E4051460002BA5
:1021E0000DD001221343094A094CD461094C5C40CB
:1021F0001462516293620021FFF7AEFF10BD034BE2
:102200000022DA61F7E7C04600B0054000800540D3
:10221000D3C007B02D3FF84F80239B000B43014AEA
:10222000D36270470080054010B5010018231B8859
:1022300014221088984710BD10B5010018231B8880
:1022400016221088984710BDF0B5C64600B50700A5
:102250000E0000250123984600E00135B5420AD260
:10226000AC003C192068FFF7DFFF20600028F4D1A4
:1022700000239846F1E7404680BCB846F0BD000018
:1022800070B504000D000648FFF7CEFF0300002CD8
:1022900003DB0120A040290098470020FBE7C0464F
:1022A00055420000074BAA2212011A608D225200EB
:1022B000DA60054B054A1A60024B5B68002BFBDABB
:1022C0007047C046004002400060024000B0FA0083
:1022D00010B5040001E008CC9847024B9C42FAD3A9
:1022E00010BDC046148100107047000010B50248B0
:1022F000FFF7EEFF10BDC046D880001010B50248B1
:10230000FFF7E6FF10BDC0460C810010054B064AE2
:102310001A60064B064A1A60064B1A68044B934330
:10232000FAD1704700E00040BFCDFBFE00F0004056
:10233000FE7F3C0008C00040044BDB6C002B03D147
:10234000034B8022D2021A607047C0460000115031
:102350004C201150044B054A1A60054B1B68DB43A7
:10236000DB01FAD17047C04600F00040FFFFFF01DB
:1023700008C00040034B40229A675A671A67DA6622
:102380007047C04600F0014010B5FEF78BFD10BD50
:1023900010B50C4A0C4BD21A92101400302A00D9F6
:1023A000302292000849094801F00EF804E0A2002A
:1023B0000749064BD15001342F2CF8D9034A054B5D
:1023C0009A6010BDC0010010000100100000002044
:1023D000C101001000ED00E070B50420FFF71CFE05
:1023E000064900F0A3F805000024002C00DD70BDB4
:1023F000E0B22900FFF710FF0134F6E740420F007A
:1024000030B583B0274B00229A67FFF74BFF264B6E
:1024100001221A60234B5B6C012BFBD1234B03225F
:102420001A60204B9B6B012BFBD1013300930433CB
:102430001F4A01211F48FFF7F5FD052300931E4A9F
:1024400001211E48FFF7EEFD1D4B00220221042052
:10245000FFF7D8FD1B4D2B00002201210520FFF7BF
:10246000D1FD194C2300002200210720FFF7CAFDEF
:102470002300002200210820FFF7C4FD8023DB0099
:1024800000932300002200210920FFF7A7FD2B0065
:10249000002200210620FFF7B5FDFFF79DFF03B0E6
:1024A00030BDC046008000403CB0004030B000402D
:1024B000002F685900800240008C864700C002400F
:1024C000001BB70040597307006CDC02014804216F
:1024D000014B1847200D002049220010124A936F2B
:1024E0009B0815D29066D166002905D0FFE7FFE76B
:1024F000FFE7516F106F704704B580210906C217BE
:102500005140002800D0C84305F08EFD002104BDD5
:10251000F0B5146E556E576F166FFFF7E3FF146634
:10252000556657671667F0BD000000D0114A936FDB
:102530009B0813D210665166002905D0FFE7FFE71C
:10254000FFE7516F106F704704B5002801D00020DD
:10255000C04305F069FD002104BDC046F0B5146E0E
:10256000556E576F166FFFF7E5FF14665566576790
:102570001667F0BD000000D094464A4A926F920858
:10258000624601D228E0C046F0B5464E346E756E04
:10259000776F366F00F020F89446424A146655660D
:1025A000576716676246F0BD94463E4A926F92089E
:1025B000624601D254E0C046F0B53A4E346E756EB4
:1025C000776F366F00F04CF89446364A14665566BD
:1025D000576716676246F0BD002B24DB11D0002937
:1025E0003EDA00B5C943404200D1013100F038F86D
:1025F000C943404200D10131DB43524200D1013393
:1026000000BD002AEBD1002801D1002905D000200F
:10261000C90FC90701D1C043410800B505F0FCFC52
:102620000022002300BD00B500290ADBDB43524233
:1026300000D1013300F014F8C943404200D1013108
:1026400000BDC943404200D10131DB43524200D1B9
:10265000013300F005F8DB43524200D1013300BDE5
:10266000002923D1002B18D1002A0CD0BC460D4FD5
:1026700038667A6600210023FFE7FFE7FFE77A6FFD
:10268000386F67467047002801D00748010000B541
:1026900005F0C2FC0022002300BD02000B00002058
:1026A00000217047000000D0FFFFFFFF002B00D08B
:1026B000BFE0130C28D1002AE7D080B4114F39664F
:1026C0007A66FFE7FFE730B4040C7B6F396F1B04B9
:1026D00023433B667A66FFE7FFE7FFE7C04684B225
:1026E0007B6F3D6F1B0423433B667A66FFE7FFE782
:1026F000C04600232C042D0C7A6F386F00196941F5
:10270000B0BC7047000000D0F0B594460025140E10
:1027100001D112020835140F01D112010435940FB2
:1027200001D192000235D40F01D152000135D40BF2
:102730000134254F7C66254C3C660E0C93B2FFE7B6
:10274000FFE7FFE73C6F6643360C7703BE467343F3
:10275000DF0B5B04C01AB941130C7343DB18C91AB1
:10276000CE086643360CB64493B273431F0F1B0169
:10277000C01AB941130C73431F0B1B05C01AB94192
:10278000860D8F023E436643360C092D24DB520A28
:102790007243801A7703460A6643360C16235B1B86
:1027A000DE40DF40BF1964466643821B7046043535
:1027B00006330100D940A840C01900D30131A2421C
:1027C00006D20023F0BD0000000000D0FFFFFFFF95
:1027D000121B0130F3D3F1E709277F1BFE4064464B
:1027E000A2B27243801A00D20139220C7243130C38
:1027F0001204821A99410B00704604351337010008
:10280000F940A840801900D30131002B02D1A24227
:102810000AD2F0BD013000D30131121BFAD2013BC4
:10282000F8D1A24200D2F0BD013000D30131121B19
:10283000F7E7F0B51C0C00D080E00CB400251C0AB2
:1028400004D11B02160E3343120208351C0B04D1AF
:102850001B01160F3343120104359C0B04D19B005E
:10286000960F334392000235DC0B02D192185B4184
:1028700001351C00971864410134464F7C66464C74
:102880003C660E0CFFE7FFE7FFE7C0463C6F664380
:10289000360C7703BE4697B27743C01B00D201398E
:1028A000C01B00D201399FB27743C91BC91B170C4B
:1028B00077437E04FF0B801BB941CE086643360C7C
:1028C0000C2D33DBB644120B1F053A431B0B97B29A
:1028D0007743C01B00D201399FB27743C91B170C45
:1028E00077433E043F0C801BB941860D8F023E4367
:1028F000664329277F1BFE400C3D7746AF40BF193A
:1029000030BCA2B2ABB272437343801A9941220C1D
:102910007243130C1204801A994102000B00013714
:10292000001BA941F9D2781E0021F0BD0C277F1BA6
:10293000FE4077467F0BAF40FF19E0E700245D1CA7
:1029400007D0144F7D663966FFE7FFE7FFE7FFE733
:102950003C6F95B29EB265436643401BB141150C76
:102960001E0C6543664336042F0C3E432D04401B6A
:10297000B141994204D202000B0020000021F0BDB9
:1029800001D19042F7D3801A994101349942F2D390
:10299000F6E70000000000D0FFFFFFFF4840414085
:1029A000484018B41B4B5B68FC46019308BD04DF2C
:1029B0008B2C001018B4174B1B68FC46019308BD04
:1029C00000DF952C00109446134A926F920809D2AA
:1029D000624618B40F4BDB68FC46019308BD0CDF60
:1029E0004D2F00100C4AF0B5146E556E576F166FD0
:1029F0006246FFF7EEFF084A14665566576716678A
:102A0000F0BD18B4034B9B68FC46019308BD08DF7A
:102A1000F12D0010F8A20020000000D0FFB55040BA
:102A20004240504059404B40594000E0FFB5154FDF
:102A30004C00640D03D0BC4204D10C0314D8002018
:102A4000090D09055C00640D03D0BC4204D11C03D0
:102A50000AD800221B0D1B0501264B4009D44B4010
:102A600003D58B4200D18242FFBD9942FCD19042F6
:102A7000FFBD0B43DB1803431343F5D0C94349188B
:102A8000FFBD0000FF07000000B5FFF7CFFF80414A
:102A900000BDC04600B5FFF7C9FF01D9002000BD49
:102AA000012000BD00B5FFF7B9FF01D9002000BD2E
:102AB000012000BD00B5FFF7B1FF804100BD01203E
:102AC00040054A00121804D85A00121801D80020F4
:102AD00070470120704700000021002805D1704791
:102AE000C1174840401AFAD0C90713B5064B1B68F6
:102AF00098470CBC441CA2401005120B0349091B4B
:102B000009051943114310BDF8A300201F0400005C
:102B100010B54C00620D8023D218DB00D21A5B0581
:102B20007E2A10DD9E3A13DACC17090349081943AF
:102B30005242D140640001341532202A05DAD040D7
:102B40000843604310BD002010BD0846604310BD1F
:102B5000C80FC018013810BD18B4044B5B6AFC469E
:102B6000019308BD24DFFD3000100000F8A2002012
:102B700018B4044B5B6EFC46019308BD64DF8D31D5
:102B800000100000F8A2002070B513231C78012C5F
:102B900014D0012C14DC022C02DC1F4A1F4B9A6457
:102BA0001F48FFF741FB1F4B186070BD99001A4882
:102BB0001A4A885001331F2BF8D9EAE70023FAE7B5
:102BC0001948FFF739FB05001848FFF735FB0238B5
:102BD00003789B007F2B19DD802229000F4800F02D
:102BE000F3FB022CD7D1124B1A88B5231B029A4251
:102BF00009D1104B1A88104B9A4204D10F4B1A88F6
:102C00000F4B9A42C7D00020FEF7BEF80D4B0E4A7C
:102C100033210E4801F0E0FC512C0010F8A20020F6
:102C20004C330000F8A3002053440000534600003A
:102C300054380000D8380000494600009C38000095
:102C400059460000D08B0010688C0010148C0010C6
:102C500007B56046002800D100BE01880A0A02308C
:102C6000DF2AFAD1C9B2820804D30288408800045E
:102C7000104300E00068024A5050039007BD000076
:102C8000F8A200200FB403BC0CBCF0B50124E4078B
:102C9000634000E0F0B50C0DCF0F661E3605891BB2
:102CA000640503D3C943404200D30131640D03D00E
:102CB000661CF60A07D0E41B00207F00791C8907F8
:102CC0008912803C24031D0DDF0F6E1E36059B1BF1
:102CD0006D0503D3DB43524200D301336D0D03D0A6
:102CE0006E1CF60A07D0ED1B00227F007B1C9B07A1
:102CF0009B12803D2D032F1B661B58D4A446202E0B
:102D000046DA20371400BC401D00BD40F24033417C
:102D10002A4380185941CB0F05D0C943C043002234
:102D200064425041514162464D0D28D10D0D07D1ED
:102D300000281FD0241940414941013A0D0DF9D016
:102D4000640006D3013000D30131002C01D14008CA
:102D50004000013A0BD4941CE40A04D1120511443A
:102D6000DB071944F0BDD907204B194300E0D90710
:102D70000020F0BD0029DDD1002CDBD1F0BD0132F7
:102D8000C6074008CD0728434908002EE1D0D9E7FF
:102D90003C2E29DA203E40371400BC4000D00124EC
:102DA000F24014431A00BB401C43D317ACE7AC46B7
:102DB000202F08DA20360400B4400D00B540F8405A
:102DC00039412843A5E73C2F0CDA203F4036040068
:102DD000B44000D00124F84004430800B1400C4343
:102DE000C117EAE710001900002494E70000F07F03
:102DF000F0B50C0D661E3605891BE60A6405640DE8
:102E000002D0651CED0A04D0002001210905803C98
:102E10002403A4461C0D671E3F05DB1BE70A64055F
:102E2000640D02D0651CED0A04D0002201231B05AD
:102E3000803C24037740644497B484B296B27443D0
:102E4000070C7E43150C6F4380B26843361802D3DB
:102E5000012000043F183004350C00197D418446E0
:102E600088B29AB250430C0C62431F0C7C438EB262
:102E70007E43921902D301263604A4191604170CB6
:102E80003618674101BC81B29AB25143040C6243C7
:102E90001B0C5C4380B25843121802D3012000047B
:102EA00024181004130C401863412D185E410020B3
:102EB000474106BC88B293B258430C0C6343120CD2
:102EC000544389B251435B1802D3012109046418A9
:102ED00019041A0C091862416D1856410020474127
:102EE00018BCF902720D1143F0026A0D1043ED0295
:102EF0000A0D03D16D1940414941013B124E9B1B04
:102F00007600B3420ED26D0007D301300026714126
:102F10006646354301D1400840001B05C918E40747
:102F20002144F0BD0BDA013306D1013004D1013167
:102F30004F0D01D04908F2E7E1070020F0BD01364E
:102F400031050020EBE70000FF030000F0B51C0D89
:102F5000671E3F05DB1BE70A6405640D02D0661C93
:102F6000F60A04D0002201231B05803C2403D0254F
:102F70002D060026F6432E661E096E66CE0FF61944
:102F8000B44649004F0D02D07E1CF60A03D0002043
:102F90000021403F3F033E1BB600B444013F7F0584
:102FA000C91B49082E6F013676089C02950D2543F2
:102FB0007543ED137543AD1301356D10F603761BA4
:102FC0000CB4CC02450D2C43A2B2B3B25A43270C29
:102FD0007B43350C6F43A4B26C431B1902D301240D
:102FE00024043F191C041D0CA4187D4124196D41B3
:102FF000009A91B2ACB26143170C7C432B0C5F4337
:1030000092B25A43A41802D301221204BF18220418
:10301000230C52187B41019C6C431B19520ED901A1
:103020000A434401A01A81B2B2B2514303145A4375
:10303000360C734387B27743D617D21900277E41E7
:1030400036049B191704160C7F185E417316ED1891
:10305000F301002680337541A90F06D16400690A87
:10306000E8055B0A184309D22FE004229444803318
:103070007541A90AA8059B0A184326D34041494136
:103080002404009A019B0D005543641B4343E41A3A
:1030900095B286B27543170C7E43030C5F4392B220
:1030A0005A43B61802D301221204BF183204330C5B
:1030B00052197B4152429C41002C02D40022013023
:1030C00051414008CA071043490802B06246D70779
:1030D0009210084BD218084B9A4203D21205891855
:1030E000C919F0BD0020002A01DC3900F0BD013310
:1030F0001905F5E7FD030000FE070000002200B5FA
:10310000203200F004F8080000BD000000220B157A
:103110000AD410B5944600F079F81414013400DA9A
:103120000021CB17144C2047002000217047624437
:10313000343A0CD40C2A07DA0400914090405242F1
:103140002032D440214310BDD843D94310BD203292
:1031500007D40C469440524220321141D0402043C3
:1031600010BD0800C917203203D45242203210414A
:1031700010BD1800190010BD2F31001000210A00E9
:10318000002104E000210A00C11704E0002200230E
:1031900006E0C0460022CB1758405940C01A99415A
:1031A00030B5184CA21A002903D1010010D000201C
:1031B000203A4C1512D104D2013A001849414C0D65
:1031C000FAD3114CA24204D212058918DB07C918A0
:1031D00030BDD243520D00200021F5E703D4013A5F
:1031E00000184941FBD50B324405C00A4D05284360
:1031F000C90A640003D0002460416141E1E7E0D3E3
:103200004408F8E732040000FE0700000A0DCC0F66
:10321000531E1B05C91A520503D3C943404200D3AC
:103220000131520D03D0531CDB0A07D0121B0020C2
:103230006400611C89078912803A1203014BD21A7B
:1032400070470000FF03000051434343C9188C46F8
:10325000110C83B24B4310B4040C614392B280B2A0
:10326000504362431C041B0C001910BC5941130449
:10327000120CC018514161447047000070B513230F
:103280001D782A48FEF7D8FF0400012D11D0012D2A
:1032900009DDA31E1B789B007F2B40DD80222100CF
:1032A000234800F091F82348FEF7BEFF224B186038
:1032B00070BD542201001E4800F086F81F4B1A888A
:1032C0001F4B9A421CD1A7239B011A881D4B9A427F
:1032D00016D11D4B1A881D4B9A4211D11C4B1A88CE
:1032E00094239B019A420BD11A4B1A881A4B9A428B
:1032F00006D11A4B1A681A4B9A4201D1152307E0DE
:103300001848FDF741FD99001748094A88500133D4
:103310001F2BF8D9144A064B1A62DA61B7E7134B30
:10332000134A4221134801F057F9C04653460000A2
:10333000FCA300204C330000F8A30020EE2900007D
:10334000C40F0000C20D0000962B0000C0B50000A5
:10335000182B0000CC2A000010B50000FC2C000047
:1033600051ED8764CC820010793300107C8C001002
:10337000048D0010B08C001007B56046002800D105
:1033800000BE01880A0A0230DF2AFAD1C9B28208D7
:1033900004D3028840880004104300E00068024A19
:1033A0005050039007BD0000FCA3002001480421F9
:1033B000014B1847300D002049220010014B1B68BB
:1033C00018470000300D0020014B5B6818470000D3
:1033D000300D00209A4200D288547047704710B5D3
:1033E000002802D00B684968984710BD01000020F2
:1033F00007E083001B185B00501C08601078C018A1
:1034000030380A681378303BDBB2092BF1D97047AA
:10341000F0B5DE4657464E464546E0B583B0934686
:103420001F000C9B9A460D9C0E9B99460F9B9B0779
:1034300003D0B8460F00060022E00192A34688465A
:103440004E46B9460700B44207D2551C4B4641468A
:103450002020B84701342A00F5E73D004F465C467E
:10346000019B9B46B1464646B84637002E0007E012
:10347000013C551C5346185D43463900B0472A00AD
:10348000002CF5D135003E0047460F9B9B0707D423
:10349000100003B0F0BCBB46B246A946A046F0BD42
:1034A000B0464E46B9462F005D46531BB342EFD29D
:1034B000541C4B4641462020B8472200F5E7F0B5A2
:1034C000CE46474680B585B0944698460C9D0D9CE7
:1034D0000EAB1B789946109A119B129EB7071CD40D
:1034E000002B0CD0F7070AD54F46002F02D10C371E
:1034F000374204D0013B02E030272F55013494427B
:1035000001D21F2CF8D9F70707D59C4205D21F2CF2
:1035100003D830272F550134F5E7F70615D5770581
:1035200005D4002C03D0944224D09C4222D00F9A80
:10353000102A2BD00F9A102A30D00F9A022A35D099
:103540001F2C02D830222A5501341F2C05D84A4698
:10355000002A31D02D222A5501340396029301947A
:10356000009543466246FFF753FF05B0C0BCB9461D
:10357000B046F0BD621E012C06D00F9F102F01D067
:103580001400D4E7023CD2E71400D0E7B206D1D44D
:103590001F2CCFD878222A550134D1E7B206CCD5DA
:1035A0001F2CCAD858222A550134C9E71F2CC7D866
:1035B00060322A550134C3E7720703D52B222A55FE
:1035C0000134CAE73207C8D520222A550134C4E79E
:1035D000F0B5DE4657464E464546E0B593B08146C7
:1035E0008A46089209931CAB10CB1B789B461E9D04
:1035F000219B9846002C03D1102342469A439046C3
:103600008023DB0046461E4042461A4212D0002C60
:1036100022D000260EE03033D9B2771C0AAB995580
:1036200029002000FEF782FFAC4216D31F2F14D8CA
:103630003E00040029002000FEF778FFCBB2092BE2
:10364000E9D94246920605D54121C918C9B20A39BD
:10365000C9B2E2E76121F8E7270043460693209BC1
:1036600005931F9B049303955B46029301970AAB56
:103670000093099B089A51464846FFF720FF13B074
:10368000F0BCBB46B246A946A046F0BDF0B5DE464A
:1036900057464E464546E0B595B0089009910A92C6
:1036A0000B931E9E1F9C20AB1B789B46229B99462A
:1036B000239D269B9A463300234303D11033524661
:1036C0009A4392468023DB0057461F4052461A42D7
:1036D00019D0330023432DD0002714E03033DAB261
:1036E0007B1C98460CABDA554A462B003000210073
:1036F000FEF75AFFA5421FD819D043461F2B1BD8EF
:10370000474606000C004A462B0030002100FEF719
:103710004BFFD3B2092BE1D95246920605D541227F
:10372000D218D2B20A3AD2B2DAE76122F8E7B1454A
:10373000E3D901E00023984653460693259B059361
:10374000249B04934B4603935B46029343460193A9
:103750000CAB00930B9B0A9A09990898FFF7AFFEF0
:1037600015B0F0BCBB46B246A946A046F0BD00006D
:10377000F0B5DE4657464E464546E0B591B0834625
:103780008A460C9298461A9C08941B9D0995220023
:103790002B0020002900FFF792F9002800D0E5E077
:1037A00001225242D74B20002900FFF783F900285D
:1037B00000D0DBE001225242D34B20002900FFF76A
:1037C00063F9002800D0D1E000220023089E3000D9
:1037D000099D2900FFF758F9002800D0DDE008987E
:1037E0000999069007918023DB001E9A1A400D92DA
:1037F0001E9A1A4201D106231C93069807990400C9
:103800000D000A000600024300D1D1E0080D40057A
:10381000400DBE4CA44660440A03120BBC4B13433C
:103820001F00FFF75DF9BB4ABB4BFFF7EAF8BB4A45
:10383000BB4BFFF7BFF804000D000022B94B30006E
:103840003900FFF7AEF8B84AB84BFFF7DAF80200D4
:103850000B0020002900FFF7ADF8FFF759F981466A
:10386000FFF73EF904000D00B14AB24BFFF7C9F86B
:103870000022B14BFFF79EF8FFF74AF90600AF4A66
:10388000AF4B20002900FFF7BCF804000D0030000A
:10389000FFF726F9AB4AAC4BFFF7B3F802000B0079
:1038A00020002900FFF77DF804000D0002000B0046
:1038B000FFF7A7F80A900B91A44BF31800261F05F9
:1038C00022002B0020002900FFF774F80E900F91C2
:1038D00022002B0000208021C905FFF762F80400B8
:1038E0000D0000229A4B0A980B99FFF76CF8002202
:1038F000984BFFF75FF802000B000A980B99FFF74F
:1039000062F80022944BFFF755F802000B000A986A
:103910000B99FFF758F802000B0020002900FFF771
:1039200049F802000B000E980F99FFF74CF800229F
:10393000774BFFF73FF832003B00FFF762F80600D5
:103940000F0004000D00069A079BFFF7B3F800284C
:1039500030D001235B429C46E14400227D4B300085
:103960003900FFF730F804000D0023E01E9B04939C
:103970001D9B03931C9B0293089A099B0092019341
:1039800043460C9A5146584600F0FCF811B0F0BC82
:10399000BB46B246A946A046F0BD002300240693CC
:1039A0000794069680231B069C46654407951AE7F4
:1039B000002399464B466333C62B1ED804261E9B14
:1039C0001B0526D52B0023430FD0644A644B069871
:1039D0000799FFF767F8002879D00022614B069815
:1039E0000799FFF751F8002871D01C9B4B4506DD65
:1039F0004A46981A431E1C9303E00526DFE700237E
:103A00001C938023DB001E9A1A431E92002600237B
:103A100099461D9B9E4264D29F1B02231E9A1A4008
:103A20000A921E9A134202D0002E00D000274B4665
:103A3000002B07D022002B0006980799FEF7C3FF42
:103A4000069007910022002308980999FFF71CF8B7
:103A5000002848D1444B1E9A1340049303971C9BA3
:103A60000293069B079C0093019443460C9A51468F
:103A7000584600F087F8002E00D187E71E9B9B0672
:103A80003DD54525441C4346020051462800D847F1
:103A90004B46DA179B18534005220592013E0496C7
:103AA000002203920A3202924A46D00F01900093FC
:103AB0004346220051465846FFF78AFD0A9B002BD9
:103AC00000D163E702005F460C9E1D9D54E01C9BE5
:103AD000002B9ED00D9B002B9BD01C9B013B1C936D
:103AE00097E7002799E7069C079D22002900802080
:103AF0000006844661440B0006920793AAE76525F9
:103B0000C0E7C046FFFFEF7FFFFFEFFF01FCFFFFB5
:103B10000000F03FFB799F501344D33FB3C8608B44
:103B2000288AC63F0000F83F61436F63A787D23FF2
:103B300071A379094F930A400000E03F1655B5BBC9
:103B4000B16B0240EF39FAFE422EE63FFF03000060
:103B500000002C4000002440000018402D431CEBC6
:103B6000E2361A3F80842E41FFF7FFFF541C434684
:103B700051462020B8472200931BAB42F6D31000D9
:103B800004E7C046F0B5DE4657464E464546E0B52A
:103B900095B00690079193469946209F1E9A1F9BC9
:103BA00010001900FEF78BFF002831D1012252428C
:103BB000BF4B1E981F99FEF767FF002837D10122DF
:103BC0005242BC4B1E981F99FEF774FF00283DD14E
:103BD0000022B94B1E981F99FEF76CFF002850D1A8
:103BE0000022B64B1E981F99FEF74EFF002848D1C1
:103BF000002200231E981F99FEF746FF002850D18F
:103C000000239846229B5B0500D4B6E0002458E0D0
:103C1000229B0393219B029303230193A84B0093C0
:103C20004B465A4607990698FFF7F2FB0EE1229B96
:103C30000393219B029304230193A24B00934B46D1
:103C40005A4607990698FFF7E3FBFFE00423229A00
:103C50001A4022990B4210D09B4B002A0FD004220D
:103C60002299039121990291019200934B465A4661
:103C700007990698FFF7CCFBE8E0944BEDE70322A9
:103C8000EEE7229B0493219B039302971E9B1F9CAC
:103C9000009301944B465A4607990698FFF768FD32
:103CA000D4E01E9A1F9B00200021FEF77AFE1E9092
:103CB0001F9101239846A5E70CAB30221A55013F0E
:103CC00001341F2C01D8092FF6D81E981F99FEF732
:103CD0001FFF0500FEF704FF02000B001E981F994E
:103CE000FEF75FFEFA007A4B9B181A685B680A922F
:103CF0000B93FEF786FE08900991FEF72DFF060054
:103D0000FEF7EAFE02000B0008980999FEF749FE4B
:103D10000890099100226F4BFEF7CCFE00282ED0B0
:103D200001363000FEF7D8FE02000B000A980B990E
:103D3000FEF7B0FE002801D001350026002F2CD15F
:103D40002800FEF7CDFE02000B001E981F99FEF71B
:103D500028FE06000F0000225E4BFEF795FE0028AD
:103D600046D100225B4B30003900FEF7A3FE00284D
:103D70003ED1EB073CD501353AE0062746E7002265
:103D8000544B08980999FEF77FFE0028D6D1002EE3
:103D900001D0F307D2D50136D0E7AA461F2C11D89F
:103DA000013F0A213000FEF7C1FB651C30310CAB2E
:103DB00019550A213000FEF7B9FB092E0ED906006D
:103DC0002C00EBE755461F2C0CD87B1E002F09D08A
:103DD0000CAA302111551F000134F4E72B00554681
:103DE0001C00F0E71F2C03D80CAB2E221A5501340F
:103DF0001F2C10D80A212800FEF770FB661C3031FA
:103E00000CAB19550A212800FEF768FB051E01D0EE
:103E10003400EDE734000323229A1340012B1CD019
:103E20001F2C06D84346002B32D00CAB2D221A553E
:103E30000134229B0393219B029301940CAB0093CA
:103E40004B465A4607990698FFF7E2FA15B0F0BCC0
:103E5000BB46B246A946A046F0BD219B002B13D01D
:103E60004346002B02D10C3313420FD0219B013B60
:103E70002193190003E00CAB30221A5501348C4217
:103E8000CED21F2CF7D9CBE72199F8E72199F6E795
:103E9000229B5B0704D50CAB2B221A550134C8E7D3
:103EA000229B1B07C5D50CAB20221A550134C0E755
:103EB000FFFFEFFFFFFFEF7F65CDCD4165CDCDC1AA
:103EC000BC8D0010C08D0010B48D0010B08D00109E
:103ED000A88F00100000E03FF0B5DE4657464E4682
:103EE0004546E0B593B082468B4690461193002933
:103EF00000D1EBE200275546119B1878002800D12D
:103F0000E7E2252809D07C1C43463A005946A847D9
:103F1000119B013311932700EEE701331193002425
:103F2000119A11780B00203BD8B2102803D88300D7
:103F3000D048C3589F460B00303BDBB2092B2CD92D
:103F40002A292FD000230A93119B1A782E2A39D0C0
:103F500000239A46119A1378683BD9B2122976D871
:103F60008B00C549CB589F4601231C430132119257
:103F7000D6E702231C4301321192D1E704231C43EC
:103F800001321192CCE708231C4301321192C7E79A
:103F900010231C4301321192C2E711A8FFF726FA41
:103FA0000A90D1E71C9B1A1D1C921868002804DB9C
:103FB0000A90119B01331193C6E702231C4343422D
:103FC0000A93F6E78022D20014435A1C11925A78C1
:103FD0001300303BDBB2092B04D92A2A07D0002377
:103FE0009A46B7E711A8FFF701FA8246B2E71C9B91
:103FF0001A1D1C921868002804DB8246119B0133AD
:104000001193A7E70020F8E780235B002343511CAE
:10401000119152786C2A01D01C0018E0C0239B003B
:104020001C430131119112E080232343511C119153
:104030005278682A01D01C0009E0C0231C430131DA
:10404000119104E080235B001C4301321192119B0B
:1040500018780300253BDAB2532A00D92CE29300EA
:10406000864AD3589F4680239B001C4301321192FD
:10407000EDE780235B001C4301321192E7E77828CB
:1040800009D0582838D06F2838D0622838D010236B
:104090009C430A2600E01026582833D0692803D014
:1040A000642801D00C229443630501D50122944376
:1040B00069282AD0642828D0A30500D59FE0E3050D
:1040C00000D5B8E0630600D4CAE01C9A111D1C910B
:1040D0001168FF220A4005940A9B049353460393F8
:1040E000029600230193009243463A005946280065
:1040F000FFF76EFA070027E01026CDE70826CBE78A
:104100000226C9E720221443C8E7A30520D4E3050B
:1041100050D4630666D51C9A111D1C911168FF22AC
:104120000A40D317D118594005940A9B049353466B
:1041300003930296D20F0192009143463A005946EA
:104140002800FFF745FA0700119B01331193D3E6CE
:104150001C9BDA1D07218A43110008311C9111684C
:1041600053689C46DB170C930D930C9A0D9B100023
:1041700048400E90624653400F930E980F990C9A48
:104180000D9B801A99410E900F9108940A9B0793FA
:10419000534606930496002305936346DA0F029272
:1041A0000090019143463A0059462800FFF76EFA05
:1041B0000700C9E71C9A111D1C911268D317D1186A
:1041C000594005940A9B0493534603930296D20FD9
:1041D0000192009143463A0059462800FFF7F8F94A
:1041E0000700B1E7230605D51C9A111D1C91002379
:1041F000D25E96E71C9A111D1C91126891E71C9BD8
:10420000DA1D07218A43110008311C9108940A9B8A
:10421000079353460693049600230593029313686D
:1042200054680093019443463A0059462800FFF72A
:104230002DFA070088E71C9A111D1C9105940A9B12
:10424000049353460393029600230193136800934B
:1042500043463A0059462800FFF7BAF9070073E7CA
:1042600023060DD51C9A111D1C9112681204120C04
:1042700031E7C046C88D00100C8E0010588E00101B
:104280001C9A111D1C91126825E746281AD01C9B08
:104290000733072293431A0008321C9204940A9AA7
:1042A0000392524602925C681B6800930194434655
:1042B0003A0059462800FFF765FC0700119B0133BF
:1042C000119319E620231C43E1E7672801D0472812
:1042D00002D180231B011C43452801D0472801D16E
:1042E00020231C431C9B0733072293431A000832E8
:1042F0001C9204940A9A0392524602925C681B68CC
:104300000093019443463A0059462800FFF730FADB
:104310000700119B01331193EEE502231A0022409E
:10432000924623421FD001241C9B1A1D1C927A1C0A
:104330009146187843463A005946A8475346002B01
:1043400016D1119B013311934F46D5E5561C4346B8
:1043500059462020B847230032005C1C9D42F5D806
:104360003D001700E0E701233A002F000A9DF4E723
:104370004A46A9460A9D06E0571C43465946202056
:10438000C84734003A00661CA542F5D84D46914610
:10439000D7E71C9B1A1D1C921B6899465346002B9D
:1043A00000D1013B4E4601E0013613003278002A6D
:1043B00002D05A1E002BF7D14B46F21A10928023DE
:1043C000DB0026001E401C4203D0524501D9534653
:1043D000109302231A0022400B92234205D03A0088
:1043E00037004C46A946554620E03A00109B5F46F0
:1043F000B3462E0006E0551C434639002020B04746
:1044000023002A005C1C0A999942F4D835005E46C4
:10441000BB46109437004C46A946554606E01D00A1
:104420000134561C43465946C847320020780028BC
:1044300004D0002FF4D06B1E002DF0D117004D4694
:104440000B9B002B03D1119B0133119354E50A9F61
:10445000109B06E0561C434659462020A8472300DF
:1044600032005C1C9F42F5D81700ECE721231C4367
:104470001C9B1A1D1C921B6800930594082304932F
:1044800053460393102302930023019343463A00BB
:1044900059462800FFF79CF80700119B0133119340
:1044A0002AE57C1C43463A0059462520A847119B23
:1044B0000133119327001FE57C1C43463A005946FF
:1044C000A847119B01331193270015E50A4B9A4623
:1044D00010E5AA46474502D343465A1E00E03A007B
:1044E000434659460020D047380013B0F0BCBB46C5
:1044F000B246A946A046F0BDDD3300100CB410B59D
:1045000084B00A0006AC08CC03940094010004486F
:10451000FFF7E2FC04B010BC08BC02B01847C0466C
:10452000D533001000B585B00290039101210093AE
:1045300013004A4202A90248FFF7CEFC05B000BDB5
:10454000DF33001000BEFDE703000A4A1268002AAC
:1045500008D0084A1068C318074A9A4206D3054A89
:1045600013607047034A05491160F2E70120404299
:10457000F7E7C046B49E00200000042030A50020CC
:1045800010B5030008001100002B05D1044B1A6878
:104590005B6800F037F910BD01204042FBE7C046E0
:1045A000808A001010B5030008001400013B012BA5
:1045B00006D801230022210000F0DAF8200010BD07
:1045C00001204042FBE70120404270470120404269
:1045D000704710B5FFF7B6FF10B582B00C00190098
:1045E000002A0CD0084B002A0BD001920093230024
:1045F0000200064800F0ACF90120FFF7A3FF044BCE
:10460000F1E7034AF1E7C046F88F00100890001068
:10461000CC82001010B5EFF30583002B00D000BE54
:10462000FDF764FE034C01E008CC9847024B9C4226
:10463000FAD310BD148100101C81001010B50300C6
:10464000080011001B68984710BD0000F8B507006E
:104650000D001600437D002B02D0002400200CE04A
:1046600003681100280098472DE03B7D10E00221EF
:1046700015483B689847601C0134B44214DA002C9A
:10468000F3DD2B19013B1B780D3B5A425341DBB242
:104690002A5D0A2AF0D1002BEED1A042E7DA211AD6
:1046A00028183B689847E2E7B04203DA311A281825
:1046B0003B689847002E06DDAD19013D2B780D3B78
:1046C0005A4253413B75F8BD3890001070B5050053
:1046D0000368002B16D00C4B1C6805E0290004C9A8
:1046E0002000FFF7B3FF2469002C09D02368002BBA
:1046F000F9D0064B1B68002BF0D0A342F3D1EDE7B5
:1047000000232B6070BDC046A09E0020B09E0020FC
:1047100070B505000C000B68802B05D021684B1C80
:1047200023606418257170BD0800FFF7CFFFF5E71F
:1047300010B5FDF7D5FB074A002312184B41002B9B
:1047400003DB054803F098FC10BD01225242034BE5
:10475000F7E7C04640420F00C0150020FFFFFF7F73
:1047600010B5024803F050FC10BDC046C015002033
:10477000F0B5CE46474680B583B006000D009046A2
:104780001C00FFF7D5FF81466B1C05D0002C08D01C
:10479000184F194B1C6807E0300003F02BFB050095
:1047A000F4E7164FF5E72469002C17D02368002B97
:1047B000F9D0134B1B68002B01D0A342F3D12A0080
:1047C00031002000B8474346002BECD06B46D91D82
:1047D0000A230B7001222000B847E4E74B46002B68
:1047E00005D1280003B0C0BCB946B046F0BDFFF704
:1047F000B7FFF6E74D460010A09E00203D46001092
:10480000B09E0020F0B5CE4600B582B006000F0085
:104810009146019328E0A368002B04D039003000B2
:104820009847002827DC2469002C06D0144D2D68F9
:10483000002DF0D0A542F6D1EDE701990A00114B09
:104840005B6A994209D80F49896A49450FD29A4251
:1048500001D0012302E0002300E00023002B08D157
:1048600001200021FDF744FB074B1C68DCE7012316
:10487000F4E70220404202B080BCB946F0BDC04619
:10488000B09E002000400540A09E0020094A01E0A3
:1048900010331A001368002B08D08342F8D1002986
:1048A00007D1036913600023036102E0002900D0EF
:1048B00010607047A09E002010B5064B1C6801E0F8
:1048C00098472469002C03D06368002BF8D1F8E7DF
:1048D00010BDC046A09E002010B500F0A7F910BD85
:1048E000002903D0437D002B00D10375417570472B
:1048F00070B5050003F07EFA0400012301220100D7
:104900002800FFF735FFFFF7D7FF200070BD00003C
:1049100070B5A2B004000E00FFF70AFF05000023E7
:1049200001933300220001A90848FFF7FBFD0400B2
:1049300001A8FFF7CBFEFFF7BFFF002D02D120003B
:1049400022B070BDFFF70CFFF9E7C0461147001019
:104950000FB400B583B004A901C90191FFF7D8FFD6
:1049600003B008BC04B0184770470000014B002298
:104970001A7070472BA500204B79FF2B0CD18B7937
:10498000002B0BD1CB79012B0AD1082A0AD98A78BE
:10499000054B1A70092000E0002070470020FCE75A
:1049A0000020FAE70020F8E72BA50020012070473F
:1049B00010B5012928D1117953791B020B431349F2
:1049C00009788B4201D000201FE05378012B03D0DF
:1049D000022B12D0002018E09178D3781B021943E3
:1049E000DB0507D5480A4A0A01231A407E331940DD
:1049F000FDF746FC01204042F5E76422002100203B
:104A0000FDF7E6FB012000E0012010BD2BA50020F2
:104A1000004870475C90001010B51400012910D1B7
:104A20005378012B0FD1127963791B021343072BA3
:104A300001D0002006E09F33044A210001F026FB4C
:104A400000E0012010BD0020FCE7C046809000106F
:104A500001230370004870473C90001010B50B789C
:104A60004878000218438A7812041043CB781B065A
:104A700003439622D200934200D010BD01200022B1
:104A800011004042FDF7FCFB024B1860024B19601D
:104A90007047C0463C1E0020401E002010B5FDF7A8
:104AA0001FFA0E4A002312184B41002B12DB0C4850
:104AB00003F0E2FA00280CD001200021404201F06E
:104AC000AFF9002001F05AFC0028F5D1044803F0AA
:104AD0009BFA10BD01225242024BE8E740420F0010
:104AE00000A50020FFFFFF7F10B5024B1878FCF7F0
:104AF00093FA10BD2CA5002070B5164B1B68002B37
:104B00001FD0EFF3108272B619680029FCD0BFF3F2
:104B10005F8F10494A6000230F4803700968BFF394
:104B20005F8F0B6082F31088002400250B4B1878F0
:104B3000FCF74EFA002808D10024002520002900A7
:104B400070BDFA24A4000025F0E7044B1878FCF7A8
:104B500063FAF3E7C0A200202DA500202CA50020B9
:104B600010B584B000212A4803F066FA00281FD14E
:104B7000284B1B68002B19D0EFF3108272B619680E
:104B80000029FCD0BFF35F8F22494A602248037896
:104B900001246340DBB2012404700968BFF35F8F16
:104BA0000020086082F31088002B17D104B010BDDC
:104BB00001200021404201F033F9002001F0AEFB5A
:104BC0000400134803F020FA002CEFD0134B1B68AD
:104BD000002BEBD0124A10689847E7E7FCF73CFF40
:104BE0000400FDF77DF9FA229200002312184B41D0
:104BF000002B09DB0121029100210191094900915B
:104C00002000FCF797FFD1E701225242064BF1E763
:104C100000A50020C0A200202DA500203C1E0020E1
:104C2000401E0020F94A0010FFFFFF7F10B584B03E
:104C3000D0231B061C68FCF70FFFFCF7D5FFA04232
:104C40002CD12D4B1B7802F0B5F82C4B1B68002B98
:104C50002AD00120FCF7A6FCC0B2294C20702949BB
:104C6000FCF708FA20780121FCF7CCF90520FCF7C5
:104C7000E3F9041E1CD00120FCF704F901002248CE
:104C8000FCF7EEFC002221490520FCF71DFA01216A
:104C90001F48FFF7FBFD200004B010BD1D4B1E4A4E
:104CA000C6211E48FFF798FC1448FCF797FCD0E794
:104CB000082200211448FEF781FBFCF7CDFE04001A
:104CC000FDF70EF9FA229200002312184B41002B37
:104CD0000DDB012102910021019111490091200079
:104CE000FCF728FFC043C40F0028D4DACFE7012225
:104CF00052420C4BEDE7C046989A001000A50020E8
:104D00002CA50020614B0010C0A20020E94A001031
:104D1000400D0020988700109491001028910010F9
:104D2000F94A0010FFFFFF7F10B5002001F0D2FA12
:104D300010BD000070B505000C00FFF7F5FF00285E
:104D400034D0002001F0EAFA002832D0FDF7C8F88C
:104D50001B4A002312184B41002B19DB194803F0A2
:104D60008BF9002828D0FFF7DFFF002804D00020AF
:104D700001F0D4FA00280FD101200021404201F0B7
:104D80004FF8032464420F4803F03EF9200070BD41
:104D9000012252420C4BE1E722002900002001F0E1
:104DA000CDFA041EEFD103246442ECE703246442ED
:104DB000ECE703246442E9E703246442E6E7C046E3
:104DC00040420F0000A50020FFFFFF7FF0B5C64660
:104DD00000B580460C00FDF783F8314A0023121815
:104DE0004B41002B07DB2F4803F046F9002806D182
:104DF00080BCB846F0BD012252422B4BF3E7FFF7CF
:104E000093FF002849D1294B0020002118605960E8
:104E1000244803F0F9F8EBE701200021404200F0BC
:104E2000FFFF002001F0AAFAFFF77EFF0028EFD075
:104E3000002001F037FB002820D0A542E8DA661BED
:104E4000002001F02FFB0200864200DC3200002A25
:104E5000E2D043465919002001F0FEFA0600012075
:104E60000021404200F0DCFF002001F087FAAD197C
:104E7000FDF736F80D4B18605960DEE7FDF730F8A6
:104E80000A4B1E685F680A4A002392197B419942C7
:104E9000BED8D2D19042D0D9BAE70025CDE7C046DE
:104EA00040420F0000A50020FFFFFF7F48170020B1
:104EB00020A1070000487047249200100048704766
:104EC000D091001010B50400154B1B78002B0ED0AC
:104ED000002C11D1134B144A5A80012301335B007B
:104EE0001BB2C022920013430E48038010BD112153
:104EF0000B4800F025F8EBE7052C0ED8A4000B4B6F
:104F0000E4580023122BE9D8E25C002AE6D00133F2
:104F1000590004484252DBB2F4E70020E6E7C046FD
:104F20000CA50020789E0020090400003892001093
:104F300010B5024800F034F810BDC046E4A20020CD
:104F400010B5002901D000230AE0114B114A3B3172
:104F50001148FFF741FB00240DE03732C254013302
:104F60004A1E9A420FD90F2B0DD85A080B4CA25C3F
:104F7000DC07F0D40424224114000F222240092A25
:104F8000EBDC3032EAE7C0180023037010BDC046E6
:104F900050920010A492001058920010E4A2002039
:104FA00070B588B0040004AD0026049609220021E3
:104FB00005A8FEF703FA00960922002101A8FEF7D2
:104FC000FDF94B232B700D226946280003F00CF8E5
:104FD000002304E05A1D69468A5CE2540133072B22
:104FE000F8DD08B070BD000010B5038B3F333F22E1
:104FF0009343022915D0124C2268C260D318236053
:105000009C0610D10F4C6240634080246401A3428F
:105010000FD88906114380231B0619434368196082
:1050200010BD5B00E7E7084B084A51210848FFF72D
:10503000D3FA084B054A53210548FFF7CDFAC0467D
:10504000BCA2002000001050D8940010F895001069
:10505000089500106495001070B504007F2303408C
:10506000C509580040194001264E801984706C42D1
:105070006C4144700024C4700183C276012D1DD0A0
:10508000DE0021498C4666445900491949011D4CEE
:1050900061188E605C00641964011A490C19A168DA
:1050A00000240C60002B0FD15B005B195B01154DD8
:1050B000EB1800225A60154ADA6070BDDE00144910
:1050C0008C4666448660E5E7012D0ED0591EC90066
:1050D000104CA44661445B005B195B01094CE3186A
:1050E00059601100FFF780FFE7E7591EC9000A4C1D
:1050F000A44661445B005B195B01024DEB185960EB
:10510000EFE7C046B89E0020840010500001105008
:10511000800010500C0010500800105010B5040012
:105120007F202040E409400000194001024BC018D4
:1051300000F032F910BDC046B89E002010B500281E
:1051400004D101210520FBF75DFF10BDD421034BE5
:10515000034A49000348FFF73FFAC046AC950010E8
:10516000E89500100895001010B5002805D1002220
:1051700000218020FFF7D2FF10BDD921024B034A46
:1051800049000348FFF728FAAC950010D8950010A5
:1051900008950010024B80225202DA647047C04624
:1051A0000020115070B5041E26D100F0D3F8164D22
:1051B0000C23AB67FF2215490520FBF785FF402232
:1051C00000211348FEF7FAF8002240210020FFF7E3
:1051D00043FF002240218020FFF73EFF02F00CFF3A
:1051E00001232B6480239B05EB649023094AEA503A
:1051F0002000FFF7CFFF70BD7621074B074AFF3134
:105200000748FFF7E9F9C04600001150C504002027
:10521000B89E002010D00100AC9500100C96001034
:1052200008950010044B1970002904D0034A9023FC
:1052300080218902D150704727A5002000201150FD
:105240000B785B0602D14B78052B00D070478A782B
:10525000014B1A60FAE7C0460000115010B50C006F
:1052600000280DD1097963791B020B435B05590DA9
:10527000E2789207920FA078FFF7EEFE012010BDB2
:10528000F021034B034AFF310348FFF7A5F9C0465D
:10529000AC950010C89500100895001010B502F0EC
:1052A000ABFE10BD10B50400080011001A00002C60
:1052B00003D1FFF733FF012010BDFE21024B034A4B
:1052C00049000348FFF788F9AC950010B895001025
:1052D0000895001010B57F2213000B400A4205D13B
:1052E000CA09012A0ED00220074A9066C90958004F
:1052F000401840010549401880221201002102F0A7
:10530000E3FE10BD0120EFE700201150B89E002001
:1053100010B57F22100008400A4200D110BDC90913
:10532000400040184001044940180023C370002287
:10533000024902F0C9FEF1E7B89E0020FFF7FFFF27
:1053400004E00A780270013101301A00531E002A6D
:10535000F7D1704710B580235B040A4A13600A4AEC
:1053600013600A4B1A6880235B049343F9D18022AF
:10537000520100210648FEF721F8064B09225A6720
:1053800010BDC04600E0004000F0004008C00040F2
:10539000000010500000115070B504000D00160000
:1053A000837E002B17D1A6820023E3820133A376EC
:1053B0002561200002F080FE002804D00C4A9023D2
:1053C00080218902D150200002F06EFE00280AD010
:1053D0000123237770BD81780648FFF7B9FA2000D2
:1053E00002F05AFEDFE7200002F04EFEF2E7C04670
:1053F00000201150FC96001070B5050000240AE052
:10540000D21A5201164B9B18002B11D0DB682800D2
:1054100098470134E4B2134B1B78591C2200A14277
:105420000CDBA342ECD9104B1B6862019B18EBE725
:105430000E4A0F490F48FFF78BFA10E00E4C54222A
:1054400000212000FDF7BAFF201D1022FF21FDF7EB
:10545000B5FF200014302022FF21FDF7AFFF70BD03
:10546000B898001026A50020AC17002016020000F6
:105470001C980010449700105819002010B5FFF731
:10548000BBFF00F057FE10BD70B505000C00160004
:10549000486900F059FE63693200012128009847ED
:1054A00070BD0000F0B5DE4657464E464546E0B5B5
:1054B00083B082460139C8B2FFF700FD002803D04F
:1054C00043780193022B0CD0514A52495248FFF7BE
:1054D0003FFA002003B0F0BCBB46B246A946A04646
:1054E000F0BDC5796A1101234C491A4014010A78AC
:1054F0001026B24322430A70AD112B405B01D2B299
:105500002024A24313430B70060009368278C37827
:105510001B02134383469B445E4577D273780B2B63
:105520000AD0012399467378042B0AD15B469B1B52
:105530009BB2984600243DE0F37899463378F618FC
:10554000F1E7374A33493448FFF702FA0020C1E750
:105550007D1B6D01334B5D1938E0334A2D492E48D0
:10556000FFF7F6F90020B5E72A69304B9A423CD1A3
:10557000019B994639E02E4A26492748FFF7E8F96A
:105580000020A7E725482300009C220031001430AA
:1055900001F0BEFCA4466644264B1B7801339F42B3
:1055A000BADD254A1B491C48FFF7D2F9002091E7D4
:1055B0000134E4B21F4B1D786B1C2700A342EBDBC8
:1055C000A542C5D91D4B1D686301ED18002DC4D03F
:1055D0004246310050462B69984700900828E7D989
:1055E0008045E5D34B46012BBED000218945C9D962
:1055F000B3785B18DBB2094AD2181279FF2ABAD104
:10560000064AD3181C710131C9B2EFE7012061E7E6
:10561000C7030000A49800104497001058190020F8
:10562000E2030000B8980010EB0300007166001060
:105630000A04000026A5002019040000AC17002071
:1056400070477047002070470020704770B5050014
:105650000C00CB7888780F2B53D89A002E498A58A3
:105660009746FFF727FC021E05D0122321002800D1
:1056700000F00CFD46E0294A29492A48FFF768F95D
:1056800000203FE0FFF7C4F9021E3CD08178C378C8
:105690001B020B432100280000F0F8FC32E0022B33
:1056A0000CD0FFF7D1FF021E2FD09178D3781B02C8
:1056B0000B432100280000F0E9FC23E0FFF7FEFB8C
:1056C000021EF2D1184A16491648FFF741F9002088
:1056D00018E02379617909021943FFF7F3FB021EF1
:1056E00015D003782100280000F0D0FC0AE0FFF775
:1056F000A9FF021E0DD003782100280000F0C6FC8F
:1057000000E0002070BD0020FCE70020FAE7002048
:10571000F8E70020F6E7C0465C9700102B04000075
:105720008C98001044970010520400007047704796
:1057300070477047024B5878431E9841C0B270477B
:1057400058190020024B18784007C00F7047C04618
:1057500058190020034B1878FF38431E9841C0B2F7
:105760007047C046740D002070B50500FFF7F2FFCA
:10577000061E01D0300070BD542200212448FDF7E0
:105780001DFE244B00221A70234C2000FBF726FF3D
:10579000224B1C60224C20001430FBF76BFF2000D2
:1057A00001F01FFE1F4B1C601F4B002B04D01F4835
:1057B000FFF74EF91E4B186000240BE0D21A52017D
:1057C0001C4B9B18002B12D05B68002B0FD0984706
:1057D0000134E4B2154B1B78591C2200A1420DDBA9
:1057E000A342EBD9124B1B6862019B18EAE7F12236
:1057F000520011491148FFF7ABF8BBE7104B1D7081
:105800002800FFF7CFFC2800FFF798FC0126B1E73E
:105810005819002028A5002010190020AC190020DC
:10582000580D0020B0190020514A001026A5002074
:10583000AC170020B8980010409800104497001052
:10584000740D002070B50D00104B1E788B787022FF
:105850001A420DD10E4B9978280001F003FB041E6B
:105860000DD029003000FFF7F9FC0400200070BDC6
:10587000084A09490948FFF76BF80024F6E7084A87
:1058800005490648FFF764F8F0E7C046740D0020AC
:1058900058190020FD0400005C9800104497001087
:1058A000FE040000F0B5D6464F464646C0B58146D8
:1058B0000C0017009846089B9A46002516E0184AE7
:1058C00018491948FFF744F800263000E0BCBA46F2
:1058D000B146A846F0BD154A12491348FFF738F8FB
:1058E000F3E7099A13702378E4180135AF4214DD09
:1058F0006378052BE3D1E1788907890F4145DED133
:1059000021004846FFF79EFF061EE4D0A378DA097F
:10591000012AE6D052461370E5E70126D5E7C046D6
:10592000D90400006C98001044970010DA040000BD
:1059300010B57F200840C9094000401830300449A4
:1059400008180430034B196801F046FA10BDC04630
:1059500058190020AC19002010B57F200840C90953
:10596000400040183030044908180430034B1968CF
:1059700001F05AFA10BDC04658190020AC19002099
:10598000F0B5C64600B582B001931A4800787F256D
:105990000D40CE096F00184CE419A4193034247955
:1059A000E4071DD46F00144CE419A4193034237992
:1059B0000127BC4667463B432371019BFFF772FCFE
:1059C000002813D16D000C4B5D19AE1930363379B8
:1059D000012293433371337903329343337105E0EA
:1059E000064A07490748FEF7B3FF002002B080BC13
:1059F000B846F0BD740D0020581900202B0500009A
:105A00004C9800104497001070B50A4B18787F240A
:105A10000C40CD09FFF75EFC6400074B1B195B19B6
:105A200030331A7902210A431A711A7901210A4383
:105A30001A7170BD740D00205819002070B50A4B02
:105A400018787F240C40CD09FFF762FC6400074BF7
:105A50001B195B1930331A7902218A431A711A799A
:105A600001398A431A7170BD740D00205819002045
:105A70007F220A40CB09520003498918C9183031E6
:105A800008798007C00F704758190020F0B5C64646
:105A900000B582B004000D00002000F055FB2B780B
:105AA00060221A40602A12D0402A17D02B78DB06D9
:105AB000DB0E012B00D1DAE0022B00D11AE1002B22
:105AC00016D00026300002B080BCB846F0BDC94AEE
:105AD000C949CA48FEF73CFF0026F3E7C84800F072
:105AE00033FB2A0001212000FEF796FF0600E9E7BC
:105AF000202A0AD0002A00D06EE16B78092B00D949
:105B00006CE19B00BF4AD3589F462B790F2B00D9DD
:105B10005CE1BD4AD3181B79BC4A11788B420CD288
:105B2000BB4A126859015118002900D152E12A00DC
:105B30002000FFF7A9FC0600C4E74A1C9A4200DADD
:105B400046E1591A4901B34B5918EDE7280000F016
:105B500001FBA9782000FFF707FBAB4A137802216D
:105B60000B4313700126ADE7A74B5B786A460632FC
:105B7000137001232900200000F088FA0126A1E714
:105B8000AE78A14B5B78DBB2B3422BD09E4B5B78F7
:105B9000002B0CD19C4B5E70002E21D031002000D8
:105BA000FFF780FC061E12D0FFF7C0FD1AE00021AF
:105BB0002000FFF737FB2000FFF770FB924FBB7808
:105BC00098462000FFF718FC4346BB70E2E7924A74
:105BD00089498A48FEF7BCFE8B4B00225A7071E758
:105BE000FFF7A5FD2900200000F034FA012669E73F
:105BF00029002000FFF72AFD060063E7A978EB786B
:105C00001B020B43012B01D000265BE77E4A137871
:105C100008210B4313702900200000F01BFA012615
:105C200050E7A978EB781B020B43012B01D000262B
:105C300048E7754A137808218B4313702900200028
:105C400000F008FA01263DE76F4B1A7851099208D7
:105C500001230B4002210A4013436A460632138097
:105C600002232900200000F011FA01262AE72B79EF
:105C70000F2B00D9B4E0644AD3181B79634A11781A
:105C80008B4223D2624A126859015118002900D16F
:105C9000AAE02A002000FFF7F7FB061E00D011E75C
:105CA0002B7860221A4200D00CE76B780A3B012B5C
:105CB00000D907E7002000F047FA6B780A2B0ED0D6
:105CC0002900200000F0C6F90126FBE64A1C9A4292
:105CD00000DA87E0591A49014E4B5918D6E76B464E
:105CE0009A1D0023137001332900200000F0CEF923
:105CF0000136E7E629797F230B40CE097020084260
:105D000017D15B004048C3189B191B7D3F480078A2
:105D1000834215D23E4806685B01F618002A19D066
:105D2000002E63D02A0031002000FFF7ADFB0600F3
:105D3000C8E63A4A30493148FEF70AFE0026C1E675
:105D4000461C9E4204DB1B1A5B01324EF618E5E747
:105D50000026E3E76A78012A12D0032A10D0002A2D
:105D600001D00026AEE62000FFF782FE6B469A1DAA
:105D7000108002232900200000F088F90126A1E606
:105D8000A878EB781B02034304D1012A1AD0200023
:105D9000FFF73AFE002E2BD02A0031002000FFF73B
:105DA00073FB002000F0D0F9174A3523D35CDB07E2
:105DB000DE0F002B00D085E62900200000F04AF914
:105DC00001267FE62000FFF739FEE3E7002679E6AB
:105DD000002677E6002675E6002673E6002671E6C3
:105DE00000266FE600266DE600266BE6002669E6D3
:105DF000012667E6C50200000498001044970010D1
:105E0000194A0010B89700105819002026A5002044
:105E1000AC170020B898001015030000860300009E
:105E200030B585B0FFF796FC002808D105B030BD2D
:105E300001AC2078FFF722FB2279634B9A70634B09
:105E40001C686269EFF3108172B61368002BFCD0F6
:105E5000BFF35F8FA16101A9200001F065FA6269BB
:105E6000A369BFF35F8F0021116083F310880028BE
:105E7000DCD001AB5B78082BE1D89B00544AD358A7
:105E80009F4601AB1878FFF7F9FAFFF750FCD6E709
:105E9000504B1B78002B2DD04E4A1378013BDBB2C0
:105EA00013701378002BCAD1474B1A7801240121B3
:105EB0000A431A703422995CA1439954995C0420D6
:105EC000814399540132995CA1439954995C81436F
:105ED000995401AB187802A9FFF7D8FD0028AED17C
:105EE00001AC20780021FFF7F5F920788021FFF739
:105EF000F1F9A4E7384A39493948FEF729FD95E711
:105F000001AB19797F220A40CC0950002E4B1B1897
:105F10001B19303318790125A843187118790335F6
:105F2000A8431871002A15D05200274B9A1812194D
:105F3000137D2C4A1278934213D22B4A12685B01CC
:105F4000D318002B15D09C6901A84279039B0078D7
:105F5000A04774E701A84279039B007800F008F994
:105F60006DE7501C984204DB9B1A5B011F4AD31853
:105F7000E7E71F4A19491A48FEF7EAFC56E7124BB1
:105F80001B78DB0700D45AE70F4B18780007C00FC7
:105F9000FFF7CEFB53E70C4B1B78DB0700D44EE733
:105FA000FFF7C7FB4BE7029B002B00D147E70398A5
:105FB000984744E7044BDB78DB0700D43FE70298BF
:105FC000FFF73FFB3BE7C04658190020B0190020FF
:105FD000E097001028A5002056020000309800101D
:105FE0004497001026A50020AC170020B898001098
:105FF00081020000F8B50500144B9F89DE89BB1BA8
:106000009BB21C1C402B00D94024A4B20F4B1B7820
:106010005BB2002B08DB0021B74213D00C4A2300EF
:106020002800FFF7ADFCF8BDB74209D0074B9968CF
:10603000402C09D822000648FDF7C6F98021EBE77D
:106040008021E9E70022EAE70020ECE7FC180020C5
:106050001819002070B506000C000B4D082228000E
:10606000FDF7B2F90023AB60EB81AB810023E3566F
:10607000002B06DB8021002300223000FFF780FC8C
:1060800070BD0021F7E7C046FC180020F0B5C646F9
:1060900000B580460C0016001D00234F0822380072
:1060A000FDF792F9BE600023FB81A379E179090233
:1060B00019430B1CA94200D92B1C99B21A4A93818F
:1060C000A279E3791B02134319D0002901D0002ED5
:1060D00008D04046FFF78EFF041E0AD0200080BC87
:1060E000B846F0BD772211491148FEF731FC002473
:1060F000F4E77D220D490E48FEF72AFCEEE7002367
:10610000E356002B0DDB8021002300224046FFF7E1
:1061100037FC041EE2D1802204490548FEF718FC32
:10612000DCE70021F0E7C046FC18002010990010C1
:106130004497001010B5142200210248FDF73EF9E3
:1061400010BDC046FC180020014B18617047C046C6
:10615000FC18002010B50100044C08222000FDF7B7
:1061600033F90023A360E381A38110BDFC18002054
:1061700070B505001C00C909364B1B78DB098B4242
:1061800016D0002C07D0A72233493448FEF7E0FB95
:106190000024200070BD2F4C2100FFF751F8236927
:1061A000002B03D02B4A0321280098470124F0E755
:1061B000284B1B785BB2002B07DB264B9868002826
:1061C00045D022002649FDF7FFF8A2B22149CB892C
:1061D000D3189BB2CB818A6812198A60CA8893420D
:1061E00001D03F2C28D81B4B1B69002B05D0194A26
:1061F000022128009847002814D0164B1B785BB268
:10620000002B0DDB8021002300222800FFF7B8FBC4
:10621000041EBED1D02210491048FEF799FBB8E702
:106220000021F0E700212800FFF754F88021280022
:10623000FFF750F80124ACE72800FFF7DBFE041E4F
:10624000A7D1D82204490548FEF782FBA1E7002424
:106250009FE7C046FC180020F898001044970010F3
:106260001819002070B50400FFF764FA002807D160
:106270000020002803D0E378002B09D1002070BD56
:10628000FFF760FA002801D10130F2E70020F0E7C3
:1062900025001035280001F031F83F2801D80020F2
:1062A000EDE7E1780020FFF743FB0028E7D0280066
:1062B00001F024F83F2807D92200C832E1784023B2
:1062C0000020FFF75DFBDAE7E1780020FFF744FBF1
:1062D0000020D4E710B50400FFF72CFA00280ED1F7
:1062E0000023002B13D0A0000019C0000019C0002B
:1062F000094B18180379DB070BD5012008E0FFF7DD
:1063000021FA002801D10123EBE70023E9E700206F
:1063100010BD0020FCE7C046B417002010B50200F5
:1063200083001B18D8008018C0001030024BC01822
:1063300000F0B3FF10BDC046B417002070B5840054
:106340002418E3001C18E400094D64191B18DB0035
:1063500010335819074B9A4208D892B201F005F849
:1063600005002000FFF77EFF280070BD024AF5E718
:10637000B4170020FEFF0000FFFF000070B505000D
:10638000FFF7D8F9002804D10023002B09D1002001
:1063900070BDFFF7D7F9002801D10123F5E70023ED
:1063A000F3E7AC006419E4006419E4002034274BDF
:1063B000E4180434200000F070FF002801D1002010
:1063C000E6E7AB005B19DB005B19DB001F4AD31863
:1063D00099780020FFF7ACFA002801D10020D7E718
:1063E000AE007619F6007619F6000936FF36174B1F
:1063F000F61840223100200000F0B7FF041E17D02D
:10640000A8004019C0004519ED0010484519A978A9
:10641000230032000020FFF7B3FA002801D020004B
:10642000B6E7CD220A490B48FEF792FA0020AFE703
:10643000A8004019C0004519ED00044B5D19A9786A
:106440000020FFF789FA0020A2E7C046B417002019
:10645000409900104497001070B50500840024187E
:10646000E4002418E40020340B4BE41804340B4BF4
:106470009A420BD892B2200000F0AEFF0600200036
:1064800000F00BFF3F2803D8300070BD044AF2E74C
:106490002800FFF773FFF7E7B4170020FEFF0000A6
:1064A000FFFF000010B5020083001B18D800801801
:1064B000C0002030024BC018043000F01FFF10BD98
:1064C000B4170020F0B5D6464F464646C0B582B058
:1064D000A422520000212B48FCF770FF2A4B002217
:1064E0001A700024002C05D002B0E0BCBA46B146B8
:1064F000A846F0BD234FA5002D19ED002B19DE0095
:10650000BE19FF237371E1235B02B3600023984639
:10651000337373730833B3732B19D9003831C91926
:10652000D8001030C019434600930133402200F0D8
:1065300076FE2B19D9007831C919D8002030C0193E
:10654000043001230093402200F069FE2A19D30091
:10655000B8339A46BA445046FBF740F82A19D3009C
:10656000C0339946B9444846FBF738F84346F361CF
:10657000534633624B463363434673630134E4B29C
:10658000B0E7C046B4170020B017002030B5002394
:10659000002B01D0012030BD18009A00D218D20083
:1065A000D218D1000F4A5218116A156B002909D070
:1065B0009900C918C900C918CC000A4A121900214B
:1065C000D1611162002D09D0064982001218D20053
:1065D0001518EC000C190025256365630133DBB247
:1065E000D6E7C046B417002070B50024002C00D0B8
:1065F00070BD2500A3001B19DB001B19D8001A4B26
:10660000C01805220021FCF7D9FE184B1B78DB07C8
:1066100012D5164B1B789B0719D5AB005B19DB0015
:106620005B19D8002030104BC0180430012100F055
:10663000F7FE0134E4B2D9E7A3001B19DB001B19F4
:10664000D8001030084BC01800F0CBFEE1E7AB00DB
:106650005B19DB005B19D8002030034BC0180430F5
:1066600000F0BFFED9E7C046B4170020B0170020E5
:10667000F0B583B006004B79022B6FD18B79022BDA
:1066800000D06FE00023002B08D00027002F19D086
:106690008B783B700C780C1909251FE09800C01806
:1066A000C000C018C000304D28188078002802D0E3
:1066B0000133DBB2E7E79F00FF18FF00FF18FF0080
:1066C0007F19E3E79A22520028492948FEF740F94A
:1066D000002544E021784D19ADB264186378242B6D
:1066E00001D19542F6D9052B09D06378042B02D14C
:1066F00063790A2B18D03800FFF7B4FD2FE0210092
:106700003000FFF79FF8002806D0A3787B7022782E
:106710005519ADB2A418E8E7A32252001349144852
:10672000FEF716F900251AE021784D19ADB261186F
:10673000BB1C0193FB1C0093022302223000FFF7D5
:10674000B1F8002802D00E35ADB2D4E75622FF32A0
:1067500006490748FEF7FCF8002500E00025280060
:1067600003B0F0BD0025FAE7B417002034990010FB
:1067700044970010F8B51400127860231340202BC2
:106780007ED1444A0025002D00D07BE01678277981
:1067900063791B023B439E4204D00135EDB249327E
:1067A000FF32F0E76378222B32D009D8202B11D0AA
:1067B000212B03D1012924D0012062E0002060E0D8
:1067C000232B05D101294AD003294DD0012058E0BF
:1067D000002056E0012903D0032908D0012050E011
:1067E000083207232100FFF751FC012049E02A4B22
:1067F000002B49D0083211002800FEF72FF90120A4
:106800003FE0083207232100FFF740FC012038E079
:10681000012903D0032906D0012032E02100FFF72F
:1068200019FC01202DE0A178E3781B020B43012025
:10683000190001400E005C08044013714B4259419D
:10684000C9B22432100000F0EBFD144B002B1DD018
:1068500022003100280000E000BF012011E02100EB
:10686000FFF7F8FB01200CE00D4B002B10D0A378B4
:10687000E17809021943280000E000BF012000E090
:106880000020F8BD0020FCE70120FAE70120F8E72E
:106890000120F6E7B41700205D4A00100000000058
:1068A00000000000F0B5D64600B582B001900E00A1
:1068B00000930027002F0DD0002F1BD1E378B342A7
:1068C00020D0A378B34253D00125280002B080BC69
:1068D000BA46F0BDBC00E419E400E419E4003B4B07
:1068E000E418E378B342E7D0A378B342E4D00137A9
:1068F000FFB2DFE7B622FF3235493648FEF728F807
:106900000025E2E710239A46A2442100C8316B46D5
:106910001A88504600F060FD2F4B002B18D0637989
:10692000FF2B15D0002500E00135009B9D420FD2C2
:1069300062796319C8331B789A42F5D1504600F04A
:10694000C1FC0028F0D16179380000E000BFEBE71E
:10695000224B002B04D0504600F0B4FC002803D09A
:106960002000FFF77FFCACE7380000E000BFF7E74E
:106970001B4B002B02D0380000E000BF3800FFF7AF
:10698000FDFC002801D001259FE72000243000F005
:1069900084FC002815D1009B002B14D09B0601D04D
:1069A000012592E7A1780198FEF7C2FF051E01D1EB
:1069B00001258AE7A178002300220198FEF7E0FF75
:1069C00083E7012581E701257FE7C046B417002052
:1069D00024990010449700100000000000000000FF
:1069E0000000000010B5040081780020FEF7A0FF31
:1069F000002800D110BD201D00F080FC3F2809D9DF
:106A00008F239B00E218A178FD3BFF3B0020FEF79F
:106A1000B7FFEFE7A1780020FEF79EFFEAE700004E
:106A200070B50500FEF786FE002804D10023002B78
:106A300009D1002070BDFEF785FE002801D1012399
:106A4000F5E70023F3E7AF24A4006C431834244B8C
:106A5000E418200000F021FC002801D10020E9E723
:106A6000AF2292006A431E4B9B1859780020FEF714
:106A70005FFF002801D10020DCE7AF26B6006E439F
:106A80009E239B009C466644154BF6180436402214
:106A90003100200000F069FC041E15D0AF208000FA
:106AA00045430F4840194178230032000020FEF78B
:106AB00067FF002801D02000BCE79B2209490A4853
:106AC000FDF746FF0020B5E7AF20800045430448AE
:106AD000401941780020FEF73FFF0020AAE7C0469A
:106AE000741A00206899001044970010F0B5CE4643
:106AF000474680B583B0AF22920000212248FCF7C0
:106B00005DFC0025002D04D003B0C0BCB946B046E2
:106B1000F0BDAF24A4006C43210028311A4B9946E4
:106B20004944043180267600E718381D0023984632
:106B300000930133320000F072FB21002931FF3154
:106B4000494404312000183048444346009301333F
:106B5000320000F064FB8A239B00E6184E440436A2
:106B60003000FAF73BFD8C239B009C4664444C4468
:106B700004342000FAF732FD43463B617E617C62BB
:106B8000BB620135EDB2BDE7741A002010B50023D9
:106B9000002B01D0012010BD1800AF2189005943FE
:106BA0000D4A52185169546A002907D0AF22920049
:106BB0005A430949891800220A614A61002C07D00A
:106BC000AF2292005043044A121800215162916290
:106BD0000133DBB2DCE7C046741A0020F8B50025AB
:106BE000002D00D0F8BDAF24A4006C43084FE61977
:106BF000042200213000FCF7E1FB301D00F0F1FB26
:106C000020001830C01900F0ECFB0135EDB2E7E7C9
:106C1000741A0020F0B583B00D004B79FF2B57D1CB
:106C20000C780C19A3180022002A0AD00027002F84
:106C300051D0AA783A702A79002A1BD1601B80B201
:106C400047E0AF27BF0057432449C91949780029B5
:106C500007D1AF27BF0057432049C91989780029B8
:106C600002D00132D2B2DFE73A001C4FD719DEE77B
:106C7000217864186178052901D09C42F8D37B1CE7
:106C80000193BB1C009302232100FEF70BFE00289A
:106C900012D02A79D3009B1AE418BB78002B13D1A9
:106CA0007B78002BCAD00D48381A80100C4F7843DF
:106CB000C0B2FFF7B5FEC1E78222520009490A4877
:106CC000FDF746FE002004E03800FFF78BFEE7E703
:106CD000002003B0F0BD0020FBE7C046741A00207E
:106CE0004F56CB1B5899001044970010F8B505007B
:106CF0001E002D4F0024002C4FD1BB788B4209D0B1
:106D00007A788A4206D00134E4B2AF239B009C46D5
:106D10006744F0E78B4204D07B788B4213D0012488
:106D20003CE08F239B00F918B2B2381D00F054FBF1
:106D30001E4B002B02D0200000E000BF3800FFF700
:106D400051FE01242AE01A4B002B04D03104090C17
:106D5000200000E000BF2000FFF762FE002801D005
:106D600001241BE03800183000F097FA002817D1F2
:106D7000002E17D0B30601D001240FE07978280047
:106D8000FEF7D6FD041E01D1012407E07978002327
:106D90001A002800FEF7F4FD00E000242000F8BDF2
:106DA0000124FBE70124F9E7741A00200000000029
:106DB0000000000010B50020FEF7D6FC041E01D034
:106DC000200010BD312202490248FDF7C1FDF7E75E
:106DD000989900104497001070B504000D000378D6
:106DE000DB07DE0F002B1CD103785B071AD40121CF
:106DF0004942280001F028F92378DB0704D42378DE
:106E00005B070CD5002600E00026002E03D0237877
:106E1000042213432370280001F0F6F802E0012653
:106E2000F3E70026300070BD70B504000E000121AC
:106E30004942300001F008F923785B070BD40025A4
:106E4000002D03D02378042293432370300001F0F7
:106E5000DBF8280070BD2378DB0701D50025EFE7BC
:106E60000125EDE710B5047943791B0223435B0547
:106E70005B0DC2789207920F022A16D0032A2FD0F8
:106E8000012A01D0002010BD022904D01D4A9A42D7
:106E900004D30120F7E78022D200F8E790221A49B4
:106EA0001A48FDF755FD0020EDE7022903D0402BDD
:106EB0000FD80120E7E780229200934201D1012000
:106EC000E1E76A3AFF3A10491048FDF741FD00201A
:106ED000D9E79A220C490D48FDF73AFD0020D2E788
:106EE000022904D040229A4204D30120CBE7802219
:106EF000D200F8E7A02204490448FDF729FD00204C
:106F0000C1E7C046FF0300008499001044970010B9
:106F100030B58A1801E00C78091991420AD24C78F0
:106F2000052CF8D18D787A342C4064000419ED09D1
:106F30006355F0E730BD03008A1890B2814202D851
:106F40005A00904203DB5B009BB2C01A80B27047CC
:106F500070B505000800AC889A420BD3D11A89B2EB
:106F600000291ED08C4210D2944209D8131B9BB228
:106F70006B810AE0D11A89B26600891989B2EFE7FC
:106F8000A21893B2F4E71B1B9BB29C42FBD9296861
:106F9000EA885204520C5343C918FCF715FA012031
:106FA00070BD0020FCE7F8B5CE46474680B5050029
:106FB000884608A909788488E01A80B21C1B141935
:106FC000A4B2EF887F047E0C07007743BFB27443FE
:106FD000A4B2A14673432C68A4466344002906D199
:106FE000904208D3724319004046FCF7EDF9C0BC4B
:106FF000B946B046F8BD3A00190044464046FCF791
:10700000E3F92968E0194A46FCF7DEF9EFE7F0B545
:10701000C64600B582B01E0008AB1B8809AC2778B5
:1070200084889E420FD3F51AADB2002D1FD0AC421A
:1070300005D2B44210D8331B9BB243812500954240
:107040000FD315000DE0F51AADB2A8466500AC46A9
:1070500045466544ADB2E8E7A619B3B2EDE71B1BA0
:107060009BB29C42FBD900972A00FFF79CFF2800A7
:1070700002B080BCB846F0BDF0B583B004000D008E
:1070800016001F000069002803D00121494200F0CA
:10709000DBFF23899BB262890197009232002900AD
:1070A0002000FFF7B4FF0500618989B2A0882A009B
:1070B000FFF741FF60812069002801D000F0A4FFA4
:1070C000280003B0F0BDF8B5CE46474680B50500B0
:1070D000884608A90878AC88E11A89B21C1B1419E3
:1070E000A4B2EF887F047E0C0F007743BFB27443D5
:1070F000A4B2A14673432C68A4466344002806D179
:10710000914208D3724341461800FCF75DF9C0BCB8
:10711000B946B046F8BD3A00444641461800FCF76F
:1071200053F92868E1194A46FCF74EF9EFE7F0B544
:1071300085B006000391151E029300D16DE0C06872
:10714000002803D00121494200F07EFF3489A4B217
:10715000718989B2F379DB091AD1B3888C420FD3D4
:10716000611A89B28B4211D95B1A9BB22F1C9D42C6
:1071700000D91F1CBFB2002F47D0B288230035E0D2
:10718000611A89B25A00891889B2EBE70023EDE74A
:10719000B788AF420ED8029B002B21D1ED1BF3889C
:1071A0005B045A0C6A43039B9C46944463460393D6
:1071B0000C00E0E78C420DD3631A9BB25B197A0096
:1071C00093420FDB7A1B92B23800FFF7B4FE040043
:1071D0002F00D0E7631A9BB27A009B189BB2EDE7B1
:1071E0000C00C8E72F00C6E79B1A9BB29A42FBD956
:1071F000029A00923A0003993000FFF764FFB088CA
:107200003A002100FFF797FE3081F068002801D096
:1072100000F0FAFE380005B0F0BD1700FAE7F0B54F
:1072200083B00400019116001D0008AB1F78802375
:107230001B029A422DD8C068002803D00121494280
:1072400000F002FF2069002803D00121494200F02C
:10725000FBFE019B2360A6806D046B0CE288D20BC1
:10726000D5031D43E580FB01E2797F2717401F43CB
:10727000E771002363812381E068002801D000F0DA
:10728000C3FE2069002806D000F0BEFE012003B036
:10729000F0BD0020FBE70120F9E7818803899BB25C
:1072A000428992B2934207D39B1A9BB2081C99421F
:1072B00000D9181C80B270479B1A9BB24A009B18D9
:1072C0009BB2F3E7030000895B89C01A434258412F
:1072D000C0B27047818803899BB2428992B29342BF
:1072E00006D39B1A9BB200208B424041C0B270472C
:1072F0009B1A9BB24A009B189BB2F4E782880389D1
:107300009BB2408980B2834206D31B1A9BB29A4239
:1073100008D9D31A98B270471B1A9BB250001B1899
:107320009BB2F4E70020F6E770B504000D00006999
:10733000002803D00121494200F086FE228992B242
:1073400063899BB229002000FFF702FE05006189D6
:1073500089B282B2A088FFF7EEFD60812069002823
:1073600001D000F051FE280070BD10B50023FFF7DA
:1073700083FE10BDF8B504000E00C068002803D0DD
:107380000121494200F060FE2589ADB22000FFF7DF
:10739000A1FF002802D0E779FF0916D0A2882B00B0
:1073A00001E09B1A9BB29A42FBD9E2885204520C2C
:1073B00053432168C8183100FCF706F8A088012261
:1073C0002900FFF7B8FD20810127E068002801D0DF
:1073D00000F01AFE3800F8BD10B50023FFF7A7FE35
:1073E00010BD10B50400C068002803D00121494237
:1073F00000F02AFE2069002803D00121494200F054
:1074000023FE002363812381E068002801D000F07F
:10741000FBFD2069002801D000F0F6FD012010BD21
:1074200070B504000D00C068002803D00121494256
:1074300000F00AFE2069002803D00121494200F033
:1074400003FEED01E3797F2119402943E171E068F2
:10745000002801D000F0D8FD2069002801D000F0FC
:10746000D3FD012070BD0000F8B5DE4657464E46FC
:107470004546E0B581460E000620FAF7CDFD804670
:107480004B465A6802231A40934604224A449246C5
:10749000214A4A441360022400E00234FE2C1AD828
:1074A00000252002320000230021FBF7CDFE002939
:1074B00003D1A942F1D14045EFD980277F00012FA8
:1074C0000CD97D1E210069434046FBF72FF8B042DE
:1074D00004D82F00F3E780277F00F0E74B461C61BC
:1074E0007B1E1B024A4612685340FF2212021340C1
:1074F000802040014844036080239B0153445A4646
:107500001A60390061434046FBF710F8F0BCBB46F7
:10751000B246A946A046F8BD0430000070B504008C
:107520001A4B98422DD0112201239340184A136020
:10753000164B9C4227D0112301229A40154B1A600A
:10754000154B1B6810009843FAD12000FFF78CFF01
:10755000626802231A40114961180B6021680725EF
:107560004D40CF21294080256D01651929600C49C6
:1075700061180A600B4A94466444032222600B603F
:1075800070BD1022D0E71023D6E7C04600C00340EC
:1075900000E0004000F0004008C00040043000005F
:1075A000042000002420000000B583B00100044B3B
:1075B00000930B2300220348F9F72DFC03B000BD14
:1075C000A499001024A5002003BD10B50400FAF70B
:1075D00095FEA04710BDD0231B061B6D9B07FAD557
:1075E000D0231B06586540BF704700E020BFD02362
:1075F0001B061B6DDB07F9D5D0231B06986D704762
:10760000F0B587B004000D0017000F20F9F7E0FC7B
:10761000060000210F20F9F7F5FC002300930193E9
:1076200001330293039704950594002500E000259B
:10763000AB006A469C58002C12D02000FFF7CBFF0D
:10764000FFF7D3FF8442F2D10135052DF0D9310087
:107650000F20F9F7D7FC07B0F0BDD0231B069B6DB8
:10766000D0231B061B6DDB07F7D440BFE5E7000006
:1076700010B50C00930711D103239A438B181900FE
:107680000C39094A92680860180008380460043B05
:10769000064818600648FFF7B3FF10BD054B064AC1
:1076A0008E210648FCF798FF00ED00E0CB75001036
:1076B000C9750010389A0010549A0010EC99001007
:1076C00010B5064A064B9A4205D3110080221201DA
:1076D000FFF7CEFF10BD01214942F7E70008042063
:1076E00000000420F0B5C6460C0000B5A289804613
:1076F0000C23C95E13074CD4802362681B010B4323
:10770000A381002A66DDA66A002E3ED0424641468D
:10771000156800220A609AB2DB0460D401230022BB
:107720004046E169B047431C68D0A289A66A530766
:1077300006D56368C01A236B002B01D0E36BC01A17
:1077400000230200E1694046B047431C49D143464B
:107750001B68002B45D01D2B01D0162B57D1A389B8
:107760002F4A1340A38100236360236923604346AB
:10777000216B1D60002908D023004033994202D0BC
:10778000404600F0B7F900232363002080BCB846D0
:10779000F0BD2669002EF8D0236826609D1B0023CB
:1077A000920700D16369A360002D04DCEDE7361871
:1077B0002D1A002DE9DD2B0032004046E169676A91
:1077C000B8470028F3DC40220120A389404213433C
:1077D000A381DBE7E26B002A00DD94E7D5E7206DAB
:1077E000A5E7A3890E4A13400022626022691BB2FA
:1077F000A3812260DB04BAD52065B8E743461B6845
:10780000002B00D191E71D2B06D0162B04D040226F
:10781000A3891343A381B9E7434600201D60B5E760
:10782000FFF7FFFF70B505000C00002802D0836B46
:10783000002B15D00C22A35E002B17D0626ED2074E
:1078400001D49B0514D528002100FFF74BFF636E80
:107850000500DB0702D4A3899B0515D5280070BD60
:1078600000F05AF80C22A35E002BE7D10025F5E7C3
:10787000A06D00F049FA28002100FFF733FF636E86
:107880000500DB07EAD4E6E7A06D00F03FFAE5E784
:1078900070B5041E2AD0194B1D68002D02D0AB6BA9
:1078A000002B17D00C22A35E002B11D0626ED207E2
:1078B00001D49B0512D528002100FFF713FF636E4A
:1078C0000500DB0702D4A3899B050BD5280070BDFA
:1078D0000025FBE7280000F01FF8E3E7A06D00F0AB
:1078E00013FAE8E7A06D00F011FAEFE7044B054941
:1078F000186800F0E1F90500E8E7C046780D0020BF
:10790000789A00102578001010B5024900F0D4F9DB
:1079100010BDC046B57E0010F8B5DE4657464E464F
:107920004546E0B506003C4F380000F0EDF9B46B79
:10793000002C68D1394B0322F363B8239B00F45029
:1079400004337568F2500833F218043BF2502800F3
:10795000042308220021EB606C662C606C60AC6034
:107960002C616C61AC615C30FBF728FD28002C4B6E
:10797000ED619B462B622B4B58309A466B622A4B2B
:107980009946AB62294BEB62984600F0B9F9B568AD
:10799000274B280008220021EB606C662C606C608D
:1079A000AC602C616C61AC615C30FBF707FD5B4641
:1079B0002B6253466B624B462800AB624346ED6137
:1079C000EB62583000F09CF9F5681A4B2800082249
:1079D0000021EB606C662C606C60AC602C616C61AB
:1079E000AC615C30FBF7EAFC5B462B6253466B6292
:1079F0004B462800AB624346ED61EB62583000F025
:107A00007FF90123B363380000F080F9F0BCBB4676
:107A1000B246A946A046F8BD7C170020097900109F
:107A2000557D00107D7D0010BD7D0010E97D0010AA
:107A3000090001001200020010B5024800F064F9CC
:107A400010BDC0467817002010B5024800F05EF95E
:107A500010BDC04678170020F8B50C00050000F0F6
:107A600057F9204FBB685E6803239E431E4B341BAF
:107A70009C466444240B013C113324039C4207DBE5
:107A80000021280000F054F9BB689B19984204D0EB
:107A9000280000F045F90020F8BD2800614200F000
:107AA00047F9431C0DD00122BB68361B16435E60AC
:107AB0000E4B28001A68141B1C6000F031F90120DD
:107AC000EAE70021280000F033F9BA68831A0F2B87
:107AD000DEDD07490968401A0449086001210B43AB
:107AE0005360D5E7A8110020EF0F00008017002099
:107AF000B0150020F0B5C64605000C0000B5002901
:107B00004FD000F005F9210008394C680126220009
:107B10000320B2438F187B6883436248984683688A
:107B2000BB426AD043467B6026421ED108239C4656
:107B30000C688444091B12198C6864454FD0CB68CB
:107B4000E3609C604346FC186468344211D1BB6812
:107B5000554C4244A34200D17EE0FC68DC60A36047
:107B6000012313434B608A5006E0FC1864683442DA
:107B7000EDD016434E603A6080239B009A4213D2A8
:107B80005409D3080122A2404468DB00224342602A
:107B900018188368C8608B608160D960280000F085
:107BA000BFF880BCB846F0BD530A042B3ED89409F8
:107BB000260039343836E40004192368083C0327CA
:107BC0009C4242D05868B843904202D99B689C427C
:107BD000F8D1DC68CC608B60A160D960DEE74346F9
:107BE000F8184068304257D1FB68B86842441643E1
:107BF000C36098604E608A50D0E713004344264229
:107C000006D10A68891A8C689B18CA68E260946079
:107C100001221A434A60254A816012689A42BDD8FF
:107C2000234B28001968FFF717FFB7E7142B07D974
:107C3000542B1AD8140B26006F346E36E400BBE7C1
:107C40001E005C335B36DC00B6E70122B610B240A2
:107C5000466832434260BDE7D9609960CB608B6073
:107C6000012313434B608A5098E7AA246400A3427F
:107C700005D8D40B260078347736E4009CE70D4C09
:107C8000A34205D8940C26007D347C36E40093E7AB
:107C9000FE247E26A4008FE7330013434B603A6036
:107CA0007CE7C046A8110020B0110020B4150020C8
:107CB000A817002054050000F8B54746CE4680B509
:107CC000B827804689460026BF0047447B68BC68C9
:107CD0005D1E0DD4A389012B07D90E22A35E0133AB
:107CE00003D021004046C84706436834013DF1D225
:107CF0003F68002FEAD13000C0BCB946B046F8BD9D
:107D00007047C0467047C0467047C0467047C0467F
:107D100010B50248FFF7F8FF10BDC04674170020E9
:107D200010B50248FFF7F2FF10BDC04674170020DF
:107D3000002370B5064D040008002B60FCF704FC1E
:107D4000431C00D070BD2B68002BFBD02360F9E7EB
:107D5000AC9E002070B50C000E25495F00F02CF998
:107D6000002803DB236D1B18236570BDA389024A1D
:107D70001340A381F9E7C046FFEFFFFFF8B50C0001
:107D80001F000C23C95E05001600CB050AD40A4B60
:107D9000320019402800A1810E23E15E3B0000F073
:107DA00063F8F8BD0E23E15E0022022300F0F0F834
:107DB0000C23E15EEBE7C046FFEFFFFF70B50C0060
:107DC0000E25495F00F0E4F8431C06D08023A28909
:107DD0005B011343A381206570BDA389014A134051
:107DE000A381F9E7FFEFFFFF10B50E23C95E00F096
:107DF0004FF810BD10B583070AD00300032102E03D
:107E000001330B4205D01A78002AF9D1181A10BD97
:107E1000030019680C4A0D4C8A188A4322420FD17C
:107E20005968094A04338A188A43224208D159689A
:107E3000054A04338A188A432242F1D000E0013314
:107E40001A78002AFBD1E1E7FFFEFEFE80808080E9
:107E500010B504001300034A10680A00210000F066
:107E600003F810BD780D002070B504000800110063
:107E70001A000023054D2B60FCF794FB431C00D037
:107E800070BD2B68002BFBD02360F9E7AC9E00206F
:107E9000002370B5064D040008002B60FCF793FB2F
:107EA000431C00D070BD2B68002BFBD02360F9E78A
:107EB000AC9E0020F8B506000C1E4DD0002802D064
:107EC000836B002B4AD00127636E3B4235D00C22D6
:107ED000A35E002B40D021003000FFF703FCE36AD3
:107EE0000500002B04D03000E169984700283CDBF6
:107EF000A3891B063ED4216B002908D02300403300
:107F0000994202D03000FFF7F5FD00232363616C36
:107F1000002904D03000FFF7EDFD00236364FFF774
:107F20008BFD0023A381636EDB072CD5A06DFFF7CB
:107F3000E9FEFFF789FD2800F8BDA3899B05CAD497
:107F4000A06DFFF7E1FE0C22A35E002BC3D1636E90
:107F50001D003D403B4212D00025ECE70127FFF712
:107F6000DBFC636E3B42B2D1E7E70125A3896D429A
:107F70001B06C0D530002169FFF7BCFDBBE7A06D33
:107F8000FFF7C4FED7E7A06DFFF7C0FECEE7C046FF
:107F900070B50400080011001A000023054D2B6085
:107FA000FCF714FB431C00D070BD2B68002BFBD0EA
:107FB0002360F9E7AC9E002070B5040008001100B2
:107FC0001A000023054D2B60FCF7DAFA431C00D0A1
:107FD00070BD2B68002BFBD02360F9E7AC9E00201E
:107FE000F8B5C0460000000001B40248844601BC58
:107FF000604700BFF502002001B40248844601BC7E
:10800000604700BFE103002001B40248844601BC80
:10801000604700BF0502002001B40248844601BC4D
:10802000604700BF010C002001B40248844601BC37
:10803000604700BF010C002001B40248844601BC27
:10804000604700BFC100002001B40248844601BC63
:10805000604700BFC901002001B40248844601BC4A
:10806000604700BFC70B002001B40248844601BC32
:10807000604700BF850B002001B40248844601BC64
:10808000604700BF9501002001B40248844601BC4E
:10809000604700BFB908002001B40248844601BC13
:1080A000604700BF6108002001B40248844601BC5B
:1080B000604700BF8D07002001B40248844601BC20
:1080C000604700BF6107002001B40248844601BC3C
:1080D000604700BF6D0800200D23001039230010F9
:1080E000CD240010AD330010892B00107D3200101C
:1080F000012400105523001075230010892300105F
:108100001516001091230010311E0010E9220010F6
:0C811000290F0010314F0010B1020010C8
:10812000636861696E5F746F203C3D204E554D5F02
:10813000444D415F4348414E4E454C5300000000C2
:108140002F686F6D652F616369642F436C6F6E6577
:10815000732F7069636F2F7069636F2D73646B2F5A
:108160007372632F7270325F636F6D6D6F6E2F6805
:10817000617264776172655F646D612F696E636CB3
:108180007564652F68617264776172652F646D61D3
:108190002E6800004452445920696E7465727661FD
:1081A0006C3A20256C6C752075732C206672657195
:1081B0003A20252E316620487A0A0000444D41209D
:1081C0005258206572726F723A20737461747573BD
:1081D000203078253038580A0000000043482564D4
:1081E0002C2073616D706C653A20307825303258E0
:1081F0002530325825303258253032580A000000D8
:10820000496E76616C6964206368616E6E656C208E
:1082100049443A2025750A0044726F7070656420E5
:1082200025752073616D706C65730A00FFFFFF0098
:10823000577269746520726567203078255820660A
:1082400061696C65643A2077726F746520307825B7
:10825000582C207265616420307825580A0000008F
:108260004661696C656420746F207772697465205B
:1082700072656720307825582061667465722072B7
:108280006574726965730A00434F4E464947303A38
:108290002030782530325820286578706563746501
:1082A000642030783633290A00000000434F4E46E0
:1082B0004947313A20307825303258202865787087
:1082C00065637465642030783430290A000000004A
:1082D000434F4E464947323A2030782530325820B5
:1082E0002865787065637465642030783838290AA9
:1082F00000000000434F4E464947333A203078256E
:108300003032582028657870656374656420307851
:108310004630290A000000005343414E3A2030788D
:108320002530365820286578706563746564203080
:1083300078303030303033290A0000005350492063
:10834000696E697469616C697A6174696F6E2066BF
:1083500061696C65640A00004661696C656420743B
:108360006F20616C6C6F6361746520444D412063C4
:1083700068616E6E656C730A000000005553422000
:108380007772697465206572726F723A20257A641B
:10839000206F662025752062797465732077726975
:1083A0007474656E0A00000044726F70706564201A
:1083B00025752073616D706C65732064756520741C
:1083C0006F20627566666572206F766572666C6F87
:1083D000770A0000000000006368616E6E656C5FE4
:1083E000636F6E6669675F7365745F636861696E0A
:1083F0005F746F0021656E61626C6564207C7C2017
:108400006972715F6861735F68616E646C65722820
:10841000494F5F4952515F42414E4B3029000000A5
:108420002F686F6D652F616369642F436C6F6E6594
:10843000732F7069636F2F7069636F2D73646B2F77
:108440007372632F7270325F636F6D6D6F6E2F6822
:10845000617264776172655F6770696F2F677069B9
:108460006F2E63006770696F5F7365745F69727107
:108470005F656E61626C6564000000006D616E7521
:108480006661637475726572203D3D204D414E55A5
:1084900046414354555245525F5250490000000036
:1084A0002F686F6D652F616369642F436C6F6E6514
:1084B000732F7069636F2F7069636F2D73646B2FF7
:1084C0007372632F7270323034302F7069636F5F54
:1084D000706C6174666F726D2F706C6174666F7210
:1084E0006D2E630070617274203D3D2050415254E6
:1084F0005F525032000000007270323034305F63DF
:108500006869705F76657273696F6E000A2A2A2A3D
:108510002050414E4943202A2A2A0A004E6F2073D8
:1085200070696E6C6F636B73206172652061766138
:10853000696C61626C6500006C6F636B5F6E756D7A
:10854000203C204E554D5F5350494E5F4C4F434B9E
:10855000530000002F686F6D652F616369642F43BE
:108560006C6F6E65732F7069636F2F7069636F2D09
:1085700073646B2F7372632F7270325F636F6D6DF4
:108580006F6E2F68617264776172655F73796E6375
:108590005F7370696E5F6C6F636B2F73796E635F6F
:1085A0007370696E5F6C6F636B2E63007370696EBE
:1085B0005F6C6F636B5F696E6974000064656C74F7
:1085C00061203E3D202D323034382026262064653F
:1085D0006C7461203C3D2032303436202626202128
:1085E0002864656C74612026203129002F686F6D26
:1085F000652F616369642F436C6F6E65732F7069BB
:10860000636F2F7069636F2D73646B2F7372632FA9
:108610007270325F636F6D6D6F6E2F686172647719
:108620006172655F6972712F6972712E630000005B
:10863000212864656C7461203E3E2031317529002B
:1086400063757272656E74203D3D205F5F756E6864
:10865000616E646C65645F757365725F69727120C9
:108660007C7C2063757272656E74203D3D2068616C
:108670006E646C65720000006972715F68616E649F
:108680006C65725F636861696E5F667265655F7372
:108690006C6F745F68656164203E3D2030000000AF
:1086A000767461626C655F68616E646C6572203DB2
:1086B0003D205F5F756E68616E646C65645F7573A5
:1086C00065725F6972710000212828282875696E1B
:1086D000747074725F742972656D6F76655F74680B
:1086E000756D625F62697428767461626C655F683B
:1086F000616E646C65722929202D20282875696EA9
:10870000747074725F74296972715F68616E646CF1
:1087100065725F636861696E5F736C6F747329293A
:1087200020252073697A656F662873747275637487
:10873000206972715F68616E646C65725F63686105
:10874000696E5F736C6F74292900000030783163A3
:10875000203D3D20282A696E7374293E3E313175D3
:108760000000000021657863657074696F6E207C7D
:108770007C20657863657074696F6E203D3D206E66
:10878000756D202B20565441424C455F464952534B
:10879000545F49525100000066616C73650000002F
:1087A00069735F7368617265645F6972715F72613A
:1087B000775F68616E646C657228736C6F745F6854
:1087C000616E646C65722900657863657074696FA9
:1087D0006E000000666F756E640000004E6F2075BD
:1087E0007365722049525173206172652061766110
:1087F000696C61626C6500006972715F6164645FDD
:108800007461696C5F746F5F667265655F6C6973D4
:1088100074000000696E736572745F626C5F33325E
:10882000000000006972715F72656D6F76655F6848
:10883000616E646C657200006D616B655F6A5F31CB
:10884000360000007265736F6C76655F6A5F313663
:10885000000000006972715F6164645F7368617237
:1088600065645F68616E646C657200006972715F57
:108870007365745F6578636C75736976655F68614D
:108880006E646C657200000031203D3D20287569E2
:108890006E747074725F74296C2D3E7370696E5FB4
:1088A0006C6F636B000000002F686F6D652F616354
:1088B00069642F436C6F6E65732F7069636F2F70DF
:1088C00069636F2D73646B2F7372632F636F6D6DAC
:1088D0006F6E2F7069636F5F73796E632F6D757440
:1088E00065782E6300000000746F74616C000000F6
:1088F0006D74782D3E636F72652E7370696E5F6C58
:108900006F636B006C6F636B5F69735F6F776E652E
:10891000725F69645F76616C6964286D74782D3E5E
:108920006F776E65722900006D74782D3E656E74E8
:1089300065725F636F756E74000000006D7574651D
:10894000785F6578697400006D757465785F656E31
:108950007465725F626C6F636B5F756E74696C00D7
:1089600072756E74696D655F696E69745F6D75743B
:1089700065780000706F6F6C2D3E74696D65725F75
:10898000616C61726D5F6E756D203D3D2074696D27
:1089900065725F616C61726D5F6E756D00000000E5
:1089A0002F686F6D652F616369642F436C6F6E650F
:1089B000732F7069636F2F7069636F2D73646B2FF2
:1089C0007372632F636F6D6D6F6E2F7069636F5F6E
:1089D00074696D652F74696D652E630064656661E9
:1089E000756C745F616C61726D5F706F6F6C5F69E5
:1089F0006E697469616C697A6564282900000000F9
:108A0000417474656D7074656420746F20736C6557
:108A1000657020696E73696465206F6620616E20E1
:108A2000657863657074696F6E2068616E646C65EB
:108A3000723B2075736520627573795F7761697425
:108A400020696620796F75206D75737400000000D1
:108A5000616C61726D5F706F6F6C5F6765745F648E
:108A6000656661756C740000616C61726D5F706F3A
:108A70006F6C5F6972715F68616E646C6572000033
:108A8000FFFFFFFFFFFFFF7F486172647761726540
:108A900020616C61726D20256420616C7265616477
:108AA0007920636C61696D656400000076636F5FB7
:108AB00066726571203E3D205049434F5F504C4CDB
:108AC0005F56434F5F4D494E5F465245515F485A8E
:108AD0002026262076636F5F66726571203C3D20FC
:108AE0005049434F5F504C4C5F56434F5F4D415888
:108AF0005F465245515F485A000000002F686F6D75
:108B0000652F616369642F436C6F6E65732F7069A5
:108B1000636F2F7069636F2D73646B2F7372632F94
:108B20007270325F636F6D6D6F6E2F686172647704
:108B30006172655F706C6C2F706C6C2E630000004E
:108B40006662646976203E3D203136202626206606
:108B500062646976203C3D203332300028706F73A8
:108B6000745F64697631203E3D20312026262070D6
:108B70006F73745F64697631203C3D20372920266D
:108B8000262028706F73745F64697632203E3D2022
:108B90003120262620706F73745F64697632203C22
:108BA0003D203729000000007265665F66726571BE
:108BB000203C3D202876636F5F66726571202F2010
:108BC00031362900706C6C5F696E697400000000BA
:108BD0002A282875696E74385F74202A2928282865
:108BE000766F6964202A29726F6D5F7461626C65AB
:108BF0005F666C6F6174292D322929202A20342068
:108C00003E3D2053465F5441424C455F56325F53D0
:108C1000495A45002F686F6D652F616369642F4362
:108C20006C6F6E65732F7069636F2F7069636F2D42
:108C300073646B2F7372632F7270325F636F6D6D2D
:108C40006F6E2F7069636F5F646F75626C652F6400
:108C50006F75626C655F696E69745F726F6D5F726C
:108C600070323034302E63005F5F61656162695F2E
:108C7000646F75626C655F696E6974002A28287577
:108C8000696E74385F74202A29726F6D5F74616237
:108C90006C652D3229202A2034203E3D2053465F2A
:108CA0005441424C455F56325F53495A45000000DB
:108CB0002F686F6D652F616369642F436C6F6E65FC
:108CC000732F7069636F2F7069636F2D73646B2FDF
:108CD0007372632F7270325F636F6D6D6F6E2F7082
:108CE00069636F5F666C6F61742F666C6F61745F30
:108CF000696E69745F726F6D5F7270323034302EDE
:108D0000630000005F5F61656162695F666C6F614F
:108D1000745F696E697400004465627567000000E5
:108D2000626F6F74325F7732357130383000000017
:108D3000322E322E300000007069636F0000000098
:108D40004A6F686E2D4144432D476974000000004E
:108D50004F637420203720323032350005005250E6
:108D6000DE65F468A4AF0010060052505422A29DA4
:108D7000508D001006005250861C0302408D0010DA
:108D800006005250BBFF3CB6388D00100600525012
:108D9000ABB36053308D001006005250E182887FE3
:108DA000208D001006005250D3F07542188D00102F
:108DB000666E6900666E692B000000006E616E00D1
:108DC000666E692D00000000863F0010363F0010DF
:108DD000363F0010903F0010363F0010363F001025
:108DE000363F0010363F0010363F0010363F00106F
:108DF000363F00107C3F0010363F0010723F0010DD
:108E0000363F0010363F0010683F00102840001029
:108E10004E400010664000104E4000100840001008
:108E20004E4000104E4000104E4000104E400010CA
:108E30004E4000104E4000104E40001044400010C4
:108E40004E4000104E4000104E4000104E400010AA
:108E50004E40001072400010A2440010B8440010B0
:108E6000B8440010B8440010B8440010B8440010D2
:108E7000B8440010B8440010B8440010B8440010C2
:108E8000B8440010B8440010B8440010B8440010B2
:108E9000B8440010B8440010B8440010B8440010A2
:108EA000B8440010B8440010B8440010B844001092
:108EB000B8440010B8440010B8440010B844001082
:108EC000B8440010B8440010B8440010B844001072
:108ED000B8440010B8440010CA4200108A42001082
:108EE000CA420010B8440010B8440010B844001042
:108EF000B8440010B8440010B8440010B844001042
:108F0000B8440010B8440010B8440010B844001031
:108F1000B8440010B8440010B8440010B844001021
:108F2000B84400107E400010B8440010B84400104F
:108F3000B8440010B8440010B8440010B844001001
:108F4000B8440010B8440010B84400107E4000102F
:108F50001A4300107E400010CA4200108A420010DE
:108F6000CA420010B84400107E400010B8440010FF
:108F7000B8440010B8440010B8440010B8440010C1
:108F80007E4000106C440010B8440010B84400103B
:108F900092430010B84400107E400010B844001006
:108FA000B84400107E400010000000000000F03FB8
:108FB00000000000000024400000000000005940B4
:108FC0000000000000408F40000000000088C34007
:108FD00000000000006AF8400000000080842E417C
:108FE00000000000D01263410000000084D79741C8
:108FF0000000000065CDCD412C2066756E6374695C
:109000006F6E3A2000000000617373657274696FBF
:109010006E2022257322206661696C65643A2066A1
:10902000696C6520222573222C206C696E652025D1
:1090300064257325730A00000D0A0000000000007B
:1090400069490010000000006D49001079490010C6
:10905000B1490010AD49001000000000050F2100CB
:10906000011C100500DF60DDD88945C74C9CD26526
:109070009D9E648A9F00000306A600010000000078
:109080000A00000000000306A6000800020002001B
:109090009C001400030057494E5553420000000045
:1090A00000000000000080000400010028004400CF
:1090B0006500760069006300650049006E00740079
:1090C000650072006600610063006500470055009E
:1090D0004900440000004E007B006200630037003E
:1090E000330039003800630031002D0037003300B1
:1090F000630064002D0034006300620037002D001F
:1091000039003800620038002D003900310033008A
:10911000610038006600630061003700620066008D
:1091200036007D00000000002F686F6D652F6163C1
:1091300069642F436C6F6E65732F7069636F2F7056
:1091400069636F2D73646B2F7372632F7270325F5C
:10915000636F6D6D6F6E2F7069636F5F7374646999
:109160006F5F7573622F737464696F5F7573622EBE
:109170006300000055534220737464696E202F20F1
:109180007374646F757400000600525053B4F4A1F8
:1091900074910010737464696F5F7573625F696EB8
:1091A000697400005261737062657272792050694F
:1091B000000000005069636F00000000426F6172A0
:1091C000642043444300000052657365740000004E
:1091D00009025400030100807D080B000202020016
:1091E000000904000001020200040524002001051A
:1091F000240100010424020605240600010705815C
:109200000308001009040100020A0000000705021B
:10921000024000000705820240000009040200002D
:10922000FF00010512011002EF0201408A2E0A0020
:10923000000101020301000000000000A4910010E1
:10924000B49100100CA50020BC910010C891001032
:109250006C656E203E2030002F686F6D652F616356
:1092600069642F436C6F6E65732F7069636F2F7025
:1092700069636F2D73646B2F7372632F7270325F2B
:10928000636F6D6D6F6E2F7069636F5F756E69715F
:1092900075655F69642F756E697175655F69642EA8
:1092A000630000007069636F5F6765745F756E6966
:1092B0007175655F626F6172645F69645F73747218
:1092C000696E6700636F6E6E6563745F696E746567
:1092D000726E616C5F666C6173685F66756E632049
:1092E000262620666C6173685F657869745F7869AB
:1092F000705F66756E6320262620666C6173685FFA
:10930000666C7573685F63616368655F66756E63DD
:1093100020262620666C6173685F656E7465725FD7
:10932000636D645F7869705F66756E63000000004E
:109330002F686F6D652F616369642F436C6F6E6575
:10934000732F7069636F2F7069636F2D73646B2F58
:109350007372632F7270325F636F6D6D6F6E2F6803
:10936000617264776172655F666C6173682F666CA9
:109370006173682E63000000666C6173685F6F66DE
:109380006673202B20636F756E74203C3D2050491E
:10939000434F5F464C4153485F53495A455F4259DA
:1093A00054455300636F6E6E6563745F696E7465D8
:1093B000726E616C5F666C6173685F66756E632068
:1093C000262620666C6173685F657869745F7869CA
:1093D000705F66756E6320262620666C6173685F19
:1093E00072616E67655F65726173655F66756E63F6
:1093F00020262620666C6173685F666C7573685FF3
:1094000063616368655F66756E630000636F6E6EAF
:109410006563745F696E7465726E616C5F666C61C2
:1094200073685F66756E6320262620666C617368BC
:109430005F657869745F7869705F66756E63202612
:109440002620666C6173685F72616E67655F70721B
:109450006F6772616D5F66756E6320262620666C8D
:109460006173685F666C7573685F63616368655F8D
:1094700066756E6300000000636F6E6E6563745FF7
:10948000696E7465726E616C5F666C6173685F664D
:10949000756E6320262620666C6173685F65786947
:1094A000745F7869705F66756E6320262620666C2F
:1094B0006173685F666C7573685F63616368655F3D
:1094C00066756E6300000000666C6173685F646FB0
:1094D0005F636D6400000000282875696E74707405
:1094E000725F7429206E6578745F62756666657256
:1094F0005F70747220262030623131313131317524
:1095000029203D3D203000002F686F6D652F61637D
:1095100069642F436C6F6E65732F7069636F2F7072
:1095200069636F2D73646B2F6C69622F74696E7938
:109530007573622F7372632F706F727461626C65E2
:109540002F72617370626572727970692F727032F6
:109550003034302F6463645F7270323034302E6385
:109560000000000068775F646174615F6F66667316
:109570006574286E6578745F6275666665725F7083
:10958000747229203C3D205553425F445052414D56
:109590005F4D415800000000556E68616E646C6557
:1095A000642049525120307825780A007268706F23
:1095B0007274203D3D2030006463645F65647074A4
:1095C0005F786665720000006463645F6564707450
:1095D0005F6F70656E0000006463645F7365745F45
:1095E00061646472657373006463645F696E745F61
:1095F000656E61626C6500005F68775F656E6470C0
:109600006F696E745F616C6C6F6300006463645FAC
:10961000696E69740000000021286275665F6374DA
:10962000726C2026205553425F4255465F43545288
:109630004C5F46554C4C29002F686F6D652F616358
:1096400069642F436C6F6E65732F7069636F2F7041
:1096500069636F2D73646B2F6C69622F74696E7907
:109660007573622F7372632F706F727461626C65B1
:109670002F72617370626572727970692F727032C5
:109680003034302F7270323034305F7573622E6335
:10969000000000006275665F6374726C20262055BE
:1096A00053425F4255465F4354524C5F46554C4CC3
:1096B000000000006570202530325820776173204B
:1096C000616C726561647920617661696C61626C5C
:1096D0006500000043616E277420636F6E74696ECD
:1096E00075652078666572206F6E20696E6163749F
:1096F0006976652065702025303258005741524EFA
:109700003A207374617274696E67206E6577207495
:1097100072616E73666572206F6E20616C72656136
:109720006479206163746976652065702025303224
:10973000580D0A0073796E635F65705F62756666C7
:109740006572000025732025643A20415353455229
:1097500054204641494C45440D0A00000257001070
:10976000625600109E560010D2560010025700108C
:1097700002570010EE5600109E56001002570010BF
:109780000257001002570010025700100257001035
:10979000025700100257001084560010B409002030
:1097A000B409002096090020580A0020F80900207A
:1097B0000C0A0020440B0020485C0010225C0010C2
:1097C000DC5D0010FC5B0010DC5D00104C5B0010E9
:1097D000F05B0010DC5D0010685B0010805B001027
:1097E0003E5E0010305E0010825E0010B45F00101C
:1097F0007E5F0010965F0010905E0010005F00100A
:10980000A65F001070726F636573735F636F6E7431
:10981000726F6C5F7265717565737400636F6E66ED
:10982000696775726174696F6E5F726573657400E4
:109830007475645F7461736B5F6578740000000019
:109840007475645F696E697400000000757362640A
:109850005F656470745F786665720000757362643A
:109860005F656470745F6F70656E0000757362642D
:109870005F6F70656E5F656470745F7061697200C0
:1098800071756575655F6576656E740070726F637E
:109890006573735F6765745F646573637269707421
:1098A0006F72000070726F636573735F7365745FCE
:1098B000636F6E666967000000000000C5640010F9
:1098C0008D650010E9650010716600107567001065
:1098D000A56800100000000000000000ED6A001004
:1098E0008D6B0010DD6B0010156C0010194A001014
:1098F000ED6C001000000000757362645F636F6EB2
:1099000074726F6C5F786665725F6362000000005E
:109910007475645F636F6E74726F6C5F7866657286
:1099200000000000636463645F786665725F636271
:1099300000000000636463645F6F70656E00000088
:109940007475645F6364635F6E5F77726974655F8B
:10995000666C75736800000076656E646F72645F94
:109960006F70656E000000007475645F76656E64EC
:109970006F725F6E5F77726974655F666C7573682E
:109980000000000074755F656470745F76616C69D7
:109990006461746500000000747573625F696E69CC
:1099A000740000004E6F20444D41206368616E6E6C
:1099B000656C732061726520617661696C61626CAF
:1099C000650000006D757465785F69735F696E6925
:1099D0007469616C697A656428266C6F636B6F7556
:1099E000745F6D7574657829000000002F686F6DD5
:1099F000652F616369642F436C6F6E65732F7069A7
:109A0000636F2F7069636F2D73646B2F7372632F95
:109A10007270325F636F6D6D6F6E2F7069636F5F11
:109A20006D756C7469636F72652F6D756C746963A5
:109A30006F72652E630000002128737461636B5F91
:109A400073697A655F62797465732026203375299E
:109A5000000000006D756C7469636F72655F6C6106
:109A6000756E63685F636F7265315F776974685F95
:0C9A7000737461636B000000800D002027
:109A7C005C8D0010688D0010748D0010808D0010AE
:109A8C008C8D0010988D0010A48D00108891001002
:109A9C0003000068EFF3108C72B60268002AFCD049
:109AAC00BFF35F8F04229A56002A0BDB002910D0DB
:109ABC000A6000201B68BFF35F8F00221A608CF3D2
:109ACC0010887047D0221206127852B21A710120F7
:109ADC00F0E70020EEE70000F8B5CE46474680B52B
:109AEC000400170098460368002B20D0D0231B06D7
:109AFC001B785BB299462668EFF3108C72B635680A
:109B0C00002DFCD0BFF35F8F04256557002D14DBAF
:109B1C002368BFF35F8F00221A608CF31088380023
:109B2C00414600F091FD0028E5D000200FE00A4BE3
:109B3C000A4AA6210A4800F04FFD4B4623712368C0
:109B4C00BFF35F8F00221A608CF310880120C0BC19
:109B5C00B946B046F8BDC046F088001048890010E0
:109B6C00A888001070B582B0060015001C0001A971
:109B7C00FFF78EFF002807D1019B5BB2D0221206A3
:109B8C00127852B2934201D102B070BD2A00230068
:109B9C003000FFF7A1FFF7E7F8B506000F0000F063
:109BAC005BFD04000D00FA22920000233800002116
:109BBC0000F022FD22002B0012184B41002B03DB7E
:109BCC003000FFF789FFF8BD01225242004BF7E746
:109BDC00FFFFFF7F10B50268EFF3108172B61368B8
:109BEC00002BFCD0BFF35F8F0423C356002B0ADB82
:109BFC00FF2303710368BFF35F8F00221A6081F3A8
:109C0C00108840BF10BD034B034AD521034800F018
:109C1C00E3FCC046048900103C890010A8880010A1
:109C2C00094B1B78002B08D00CE09A0080214905C9
:109C3C00511808680549505001333F2BF5DD024B94
:109C4C0001221A707047C04629A50020301D002043
:109C5C0010B5024B0133984710BDC046301D002093
:109C6C00002305E09A00044951184968115001334A
:109C7C00052BF7D97047C0460000024010B50022F2
:109C8C0006E093001958044CA44663445960013211
:109C9C00052AF6D910BDC0460000024000280AD0A3
:109CAC0003231B02054A12685340C0229200134042
:109CBC00034A136070470223F3E7C0460C8001404F
:109CCC000C900140F0B5D6464F464646C0B586B01E
:109CDC0007000E00150018239A461B881422904684
:109CEC0010882D499847814653461B884246108858
:109CFC002A499847040053461B8842461088284935
:109D0C00984780464B46002B0FD0002C0DD00028D6
:109D1C000BD0FFF785FF6846FFF7A2FFC847A047A7
:109D2C000020FFF7BBFF2A0010E08A211D4B1E4AC2
:109D3C0049001E4800F050FC002B07D0002A05D02B
:109D4C00C0235B051B6E3370013A01362B001343A5
:109D5C0012D0C0235B059C6A08232340A107EBD5D6
:109D6C00002DE9D0511B0D29E6D83878C0214905C2
:109D7C000866013D0137DFE70120FFF78FFFC04781
:109D8C00FFF766FF6846FFF779FF06B0E0BCBA46FE
:109D9C00B146A846F0BDC0464946000045580000F3
:109DAC004643000078940010C894001030930010C3
:109DBC0010B5002308E00133DA00002108481150E7
:109DCC00844662445160DBB20E2BF4D9F02292002F
:109DDC000021044800F050FC034B044A1A6010BDEB
:109DEC0000001050F89E0020BCA2002080011050F2
:109DFC00F0B5CE46474680B585B0234B9F6D002409
:109E0C00012603E0B74376000134E4B2002F36D0CC
:109E1C001F2C34D83E42F6D01C4B9E6563089946E5
:109E2C000123634001221A4090464B465D00454495
:109E3C006D01174BED18280000F06AFA0028E1D0EC
:109E4C004B465B0043445B01114AD3189A78914608
:109E5C00DB8A98460C22002101A800F00DFC072398
:109E6C006A4653716B464A461A7243460393012164
:109E7C0001A800F06DFA280000F0DAF9C2E705B08D
:109E8C00C0BCB946B046F0BD0000115000301150B6
:109E9C00B89E0020F0B5CE46474680B585B07F4AC7
:109EAC009823D55880239B022F001F401D4248D079
:109EBC007B4B9A6A7B4B1A600024002609E07A4B94
:109ECC0099183C3100230B7000F0DEF93E00013490
:109EDC00E4B20F2C17D8A20110002030724BC0181E
:109EEC009B183B331B78022BF1D16F4B9B183A33E9
:109EFC001F78002FEBD06C4B9B183C331B78002B3E
:109F0C00DDD13E00E3E7002E08D1684B1B78002B17
:109F1C0004D1674A903380218902D1505F4B9C6CED
:109F2C006405640D01AE0C220021300000F0A4FB8E
:109F3C000323737002940121300000F009FA80278A
:109F4C00BF02EB0606D4EB0355D580235B021F43FF
:109F5C00002419E010231F43FFF74AFFF3E7022305
:109F6C0098461EE0534B42461A664C4B5B6E42467B
:109F7C0013409845F9D118E04B465A014A4B9B18AF
:109F8C000122DA700134E4B2012C20D8A14663011D
:109F9C00454E9E19B37E002BEED0002CDFD0012352
:109FAC00984600F049FB0128DCD8C0229201002120
:109FBC00300000F043F9300000F03AF900F03CFBBF
:109FCC000128D9D93A4B42465A661A66D4E701ACF5
:109FDC000C220021200000F04FFB06236370364A50
:109FEC0002AB03CA03C30121200000F0B1F9304BCE
:109FFC00802292021A65EB040AD46B0421D42B0440
:10A00C0032D4AF4244D105B0C0BCB946B046F0BD65
:10A01C0080235B011F43214B00221A60FFF7C8FE0F
:10A02C0001AC0C220021200000F026FB0123637000
:10A03C000121200000F08CF91D4B802212031A65BF
:10A04C00DBE78023DB011F4301AC0C220021200045
:10A05C0000F012FB042363700121200000F078F95A
:10A06C00134B10221A65CAE780231B021F4301AC55
:10A07C000C220021200000F0FFFA0523637001215F
:10A08C00200000F065F90A4B802212011A65B8E72E
:10A09C0039006940094800F0C7FAC0460000115069
:10A0AC0000400540A89E0020B89E002027A5002057
:10A0BC0000301150002011500000105098950010E5
:10A0CC00F8B504000F00838A028B1E1C934200D942
:10A0DC00161CB6B29B1BA3828025ED003543E3789A
:10A0EC00002B13D080229201154301225340E370C0
:10A0FC006378002B0CD0A38A002B02D18023DB01C8
:10A10C001D43002F00D02D042800F8BD0022EBE7E2
:10A11C00B801E3689C4660443200216900F07CFA87
:10A12C0023699C466644266180231B021D43E2E79B
:10A13C00094B1B6C9B070CD48378DB09012B01D0DA
:10A14C00002007E0C37E022B01D0002002E001209A
:10A15C0000E000207047C0460000115010B5FFF71A
:10A16C00E7FF002809D0064B9B6A064A12689B1A27
:10A17C00054A94466344C62B00D810BD0020FCE76A
:10A18C0000400540A89E0020E0FCFFFF70B50400D5
:10A19C0083681B68002900D01B0C9D05AD0D6278EF
:10A1AC00002A11D11B0409D4E38A5B19E382238BA7
:10A1BC00AB4201D90023A382280070BD0E4B0F4A7D
:10A1CC00E8210F4800F008FA1B040ED58901E3685A
:10A1DC009C4661442A00206900F01EFAE38A5B1950
:10A1EC00E38223695B192361E1E7064B034AEE2105
:10A1FC00034800F0F1F9C04618960010349700108F
:10A20C00389600109496001010B5040083681B68F3
:10A21C000021FFF7BBFF63681B685B0002D5238B33
:10A22C00834200D010BD01212000FFF7AFFFF9E7FA
:10A23C00002383768382C3820361704710B50029A3
:10A24C0002D083681B681940002A10D011435305B3
:10A25C000DD5826813685B050CD4084B0B4013605A
:10A26C00074B1B6C9B0702D40C23033BFDD283686A
:10A27C00196010BD8178034800F0D6F9FFFBFFFF91
:10A28C0000001150B496001070B5040043681E68AD
:10A29C000021FFF715FF80256D010543194B1B6C41
:10A2AC000222110019401A4202D1A378DB0906D010
:10A2BC00002906D0A3785B0616D1002302E0012307
:10A2CC0000E00023A28A002A01D0002B0ED00E4BF6
:10A2DC001E4080239B053343626813602A000021D3
:10A2EC002000FFF7ABFF70BD0123EBE7012120003D
:10A2FC00FFF7E6FE0543054B1E40A023DB05334369
:10A30C00EAE7C04600001150FFFFFFAFFFFFFFDF81
:10A31C0070B50400857E002D06D0FFF775FFA38A6B
:10A32C00002B05D1280070BD8178084800F07CF91D
:10A33C002000FFF713FF051E03D001232377002510
:10A34C00F0E72000FFF7A0FFECE7C046D496001022
:10A35C0070B586B005000E004378062B12D89B0012
:10A36C00734AD3589F46734B1A7801218A431A704B
:10A37C001A7801318A431A7000225A701A78023105
:10A38C008A431A706C4B1C686269EFF3108172B6C9
:10A39C001368002BFCD0BFF35F8FA1612900200054
:10A3AC0000F062F96269A369BFF35F8F002111604D
:10A3BC0083F31088002800D1B2E069782878320045
:10A3CC0000F022F906B070BD5A4B1B78DB07F9D5AB
:10A3DC00584A137804210B431370D3E7554B1B7861
:10A3EC00DB07EFD5534A137804218B431370C9E76D
:10A3FC00D21A5201514B9B180DE00134E4B2504B70
:10A40C001B78591C2200A14210DBA342F0D94D4B02
:10A41C001B6862019B18002BEFD0DB69002BECD082
:10A42C00287869689847E8E70024E8E7414B1B78EF
:10A43C005B072ED53F4A137804218B4313700C22F3
:10A44C00002103A800F018F92B7802AA1371052338
:10A45C005371394B1C686269EFF3108172B6136843
:10A46C00002BFCD0BFF35F8FA16103A9200000F08B
:10A47C00FBF86269A369BFF35F8F0021116083F35E
:10A48C001088002838D003AB59781878320000F0C7
:10A49C00BBF8284BDB78DB0700D493E70C220021B8
:10A4AC0003A800F0E9F82B7802AA13710323537167
:10A4BC006B6801930493204B1C686269EFF3108165
:10A4CC0072B61368002BFCD0BFF35F8FA16103A998
:10A4DC00200000F0C9F86269A369BFF35F8F002107
:10A4EC00116083F3108800280DD003AB59781878CD
:10A4FC00320000F089F865E7AD225200124913488A
:10A50C0000F072F8C5E7AD2252000F490F4800F079
:10A51C006BF857E70E4A13780133DBB2137031E74F
:10A52C00AD2252000849094800F05EF84AE7C046DF
:10A53C009C97001058190020B0190020B8980010F2
:10A54C0026A50020AC17002080980010449700101E
:10A55C0028A50020F0B5070018001D001C0008E01D
:10A56C00002C06D0FE68730703D5BB681370013C42
:10A57C00013226002E430DD0002DF1D0FE68B3071A
:10A58C00EED52B000833A342EAD90B78BB60013D12
:10A59C000131E5E7F0BD10B504001000002205E024
:10A5AC00E3689B07FCD58B5CA36001328242F7D336
:10A5BC0000E0A368E3685B07FBD4E368DB06FCD42C
:10A5CC0000E0A368E3685B07FBD40123236210BDA2
:10A5DC007047C0460000000001B40248844601BC2C
:10A5EC00604700BFD945001001B40248844601BC45
:10A5FC00604700BF5149001001B40248844601BCB9
:10A60C00604700BF4932001001B40248844601BCC7
:10A61C00604700BF4156001001B40248844601BC9B
:10A62C00604700BF4153001001B40248844601BC8E
:10A63C00604700BF890D001001B40248844601BC7C
:10A64C00604700BF3D0D001001B40248844601BCB8
:10A65C00604700BFED1C001001B40248844601BCE9
:10A66C00604700BFE11E001001B40248844601BCE3
:10A67C00604700BF7573001001B40248844601BCEA
:10A68C00604700BFBD33001041FFFFFFFF1000000B
:10A69C0000000000000001000000000000000000AD
:10A6AC000000020000000000000000000000030099
:10A6BC0000000000000000000000FF00000000008F
:10A6CC0001B5486801318E4600477046093801498A
:10A6DC00884701BDB114001000000000000000000C
:10A6EC00000000000000000000000000C815002061
:10A6FC00503300004C330000543300005233000040
:10A70C004D5300004D43000053340000433400000F
:10A71C00CD4D00109D4A0010354D0010894A001097
:10A72C000000000000010000B419002010000C0013
:10A73C00000000000000000000000000000000000D
:10A74C0000000000FF000000800D00200000000051
:10A75C00000000006C100020D41000203C110020E0
:10A76C0000000000000000000000000000000000DD
:10A77C0000000000000000000000000000000000CD
:10A78C0000000000000000000000000000000000BD
:10A79C0000000000000000000000000000000000AD
:10A7AC00000000000000000000000000000000009D
:10A7BC00000000000000000000000000000000008D
:10A7CC00000000000000000000000000000000007D
:10A7DC00000000000000000000000000000000006D
:10A7EC00000000000000000000000000000000005D
:10A7FC00000000000000000001000000000000004C
:10A80C000E33CDAB34126DE6ECDE05000B00000010
:10A81C00000000000000000000000000000000002C
:10A82C00000000000000000000000000000000001C
:10A83C00000000000000000000000000000000000C
:10A84C0000000000000000000000000000000000FC
:10A85C0000000000000000000000000000000000EC
:10A86C0000000000000000000000000000000000DC
:10A87C0000000000000000000000000000000000CC
:10A88C0000000000000000000000000000000000BC
:10A89C0000000000000000000000000000000000AC
:10A8AC00000000000000000000000000000000009C
:10A8BC00000000000000000000000000000000008C
:10A8CC00000000000000000000000000000000007C
:10A8DC00000000000000000000000000000000006C
:10A8EC00000000000000000000000000000000005C
:10A8FC00000000000000000000000000000000004C
:10A90C00000000000000000000000000000000003B
:10A91C00000000000000000000000000000000002B
:10A92C00000000000000000000000000000000001B
:10A93C00000000000000000000000000000000000B
:10A94C0000000000000000000000000000000000FB
:10A95C0000000000000000000000000000000000EB
:10A96C0000000000000000000000000000000000DB
:10A97C0000000000000000000000000000000000CB
:10A98C0000000000000000000000000000000000BB
:10A99C0000000000000000000000000000000000AB
:10A9AC00000000000000000000000000000000009B
:10A9BC00000000000000000000000000000000008B
:10A9CC00000000000000000000000000000000007B
:10A9DC00000000000000000000000000000000006B
:10A9EC00000000000000000000000000000000005B
:10A9FC00000000000000000000000000000000004B
:10AA0C00000000000000000000000000000000003A
:10AA1C00000000000000000000000000000000002A
:10AA2C00000000000000000000000000000000001A
:10AA3C00000000000000000000000000000000000A
:10AA4C0000000000000000000000000000000000FA
:10AA5C0000000000000000000000000000000000EA
:10AA6C0000000000000000000000000000000000DA
:10AA7C0000000000000000000000000000000000CA
:10AA8C0000000000000000000000000000000000BA
:10AA9C0000000000000000000000000000000000AA
:10AAAC00000000000000000000000000000000009A
:10AABC00000000000000000000000000000000008A
:10AACC00000000000000000000000000000000007A
:10AADC00000000000000000000000000000000006A
:10AAEC00000000000000000000000000000000005A
:10AAFC00000000000000000000000000000000004A
:10AB0C000000000000000000000000000000000039
:10AB1C000000000000000000000000000000000029
:10AB2C000000000000000000000000000000000019
:10AB3C000000000000000000000000000000000009
:10AB4C0000000000000000000000000000000000F9
:10AB5C0000000000000000000000000000000000E9
:10AB6C0000000000000000000000000000000000D9
:10AB7C0000000000000000000000000000000000C9
:10AB8C00A8110020A8110020B0110020B011002045
:10AB9C00B8110020B8110020C0110020C0110020F5
:10ABAC00C8110020C8110020D0110020D0110020A5
:10ABBC00D8110020D8110020E0110020E011002055
:10ABCC00E8110020E8110020F0110020F011002005
:10ABDC00F8110020F81100200012002000120020B3
:10ABEC000812002008120020101200201012002061
:10ABFC001812002018120020201200202012002011
:10AC0C0028120020281200203012002030120020C0
:10AC1C003812002038120020401200204012002070
:10AC2C004812002048120020501200205012002020
:10AC3C0058120020581200206012002060120020D0
:10AC4C006812002068120020701200207012002080
:10AC5C007812002078120020801200208012002030
:10AC6C0088120020881200209012002090120020E0
:10AC7C009812002098120020A0120020A012002090
:10AC8C00A8120020A8120020B0120020B012002040
:10AC9C00B8120020B8120020C0120020C0120020F0
:10ACAC00C8120020C8120020D0120020D0120020A0
:10ACBC00D8120020D8120020E0120020E012002050
:10ACCC00E8120020E8120020F0120020F012002000
:10ACDC00F8120020F81200200013002000130020AE
:10ACEC00081300200813002010130020101300205C
:10ACFC00181300201813002020130020201300200C
:10AD0C0028130020281300203013002030130020BB
:10AD1C00381300203813002040130020401300206B
:10AD2C00481300204813002050130020501300201B
:10AD3C0058130020581300206013002060130020CB
:10AD4C00681300206813002070130020701300207B
:10AD5C00781300207813002080130020801300202B
:10AD6C0088130020881300209013002090130020DB
:10AD7C009813002098130020A0130020A01300208B
:10AD8C00A8130020A8130020B0130020B01300203B
:10AD9C00B8130020B8130020C0130020C0130020EB
:10ADAC00C8130020C8130020D0130020D01300209B
:10ADBC00D8130020D8130020E0130020E01300204B
:10ADCC00E8130020E8130020F0130020F0130020FB
:10ADDC00F8130020F81300200014002000140020A9
:10ADEC000814002008140020101400201014002057
:10ADFC001814002018140020201400202014002007
:10AE0C0028140020281400203014002030140020B6
:10AE1C003814002038140020401400204014002066
:10AE2C004814002048140020501400205014002016
:10AE3C0058140020581400206014002060140020C6
:10AE4C006814002068140020701400207014002076
:10AE5C007814002078140020801400208014002026
:10AE6C0088140020881400209014002090140020D6
:10AE7C009814002098140020A0140020A014002086
:10AE8C00A8140020A8140020B0140020B014002036
:10AE9C00B8140020B8140020C0140020C0140020E6
:10AEAC00C8140020C8140020D0140020D014002096
:10AEBC00D8140020D8140020E0140020E014002046
:10AECC00E8140020E8140020F0140020F0140020F6
:10AEDC00F8140020F81400200015002000150020A4
:10AEEC000815002008150020101500201015002052
:10AEFC001815002018150020201500202015002002
:10AF0C0028150020281500203015002030150020B1
:10AF1C003815002038150020401500204015002061
:10AF2C004815002048150020501500205015002011
:10AF3C0058150020581500206015002060150020C1
:10AF4C006815002068150020701500207015002071
:10AF5C007815002078150020801500208015002021
:10AF6C0088150020881500209015002090150020D1
:10AF7C009815002098150020A0150020A015002081
:10AF8C00FFFFFFFF000002000000000000000000B7
:08AF9C000000000000000000AD
:04000005100001E9FD
:00000001FF
